"id","name","deptName","isFile","isApi","isUrl","theme","downloadTimes","visits","updateTime","description"
"0039fc15-28ae-4287-8096-9fba3e0f8ebf","海路入境旅客☯海路入境旅客☯Entradas de visitantes por via marítima☯ ","統計暨普查局,统计暨普查局,Direcção dos Serviços de Estatística e Censos,Statistics and Census Service","0","1","0","System.Object[]","0","61","2025-12-01 10:48:55","通過海路入境的旅客總數。☯通过海路入境的旅客总数。☯Referem-se ao número total de entradas de visitantes por via marítima.☯ "
"00579356-57c9-43e1-be56-b9add3b319c7","非強制央積金—供款子帳戶及保留子帳戶累計數目及資產結餘☯非强制央积金—供款子帐户及保留子帐户累计数目及资产结余☯Regime de previdência central não obrigatório - Número acumulado e saldo de activos de subcontas de contribuições e de subcontas de conservação ☯Non-Mandatory Central Provident Fund — Cumulative Number and Asset Balance of Contribution Sub-Accounts and Preserved Sub-Accounts ","社會保障基金,社会保障基金,Fundo de Segurança Social,Social Security Fund","1","0","0","System.Object[]","17","39","2026-09-01 17:05:33","公積金共同計劃供款子帳戶、公積金個人計劃供款子帳戶及保留子帳戶的累計數目及累計資產結餘。☯公积金共同计划供款子帐户、公积金个人计划供款子帐户及保留子帐户的累计数目及累计资产结余。☯Número acumulado e saldo acumulado de activos de subcontas de contribuições do plano conjunto de previdência, de subcontas de contribuições do plano individual de previdência e de subcontas de conservação.☯The cumulative number and asset balance of contribution sub-accounts under joint provident fund schemes, contribution sub-accounts and preserved sub-accounts under individual provident fund schemes."
"00694742-4fd4-4348-88f4-7852ccf2b56e","澳門票據交換所統計－提交票據☯澳门票据交换所统计－提交票据☯MOVIMENTO NA CÂMARA DE COMPENSAÇÃO DE MACAU - TÍTULOS APRESENTADOS ☯MACAO CLEARING HOUSE OPERATIONS - CHEQUES AND BILLS PRESENTED","澳門金融管理局,澳門金融管理局,AMCM,AMCM","1","0","0","System.Object[]","16","49","2026-09-03 17:04:24","由1993年至今的澳門元及港元提交票據的數據，包括數目及價值，當中包括退還票據。☯由1993年至今的澳门元及港元提交票据的数据，包括数目及价值，当中包括退还票据。☯Mostram-se os dados relativos aos títulos apresentados em patacas e em dólares de Hong Kong registados de 1993 até ao presente momento, incluindo número e valor, bem como os títulos devolvidos.☯Mostram-se os dados relativos aos títulos apresentados em patacas e em dólares de Hong Kong registados de 1993 até ao presente momento, incluindo número e valor, bem como os títulos devolvidos."
"00933b5d-501f-4974-bd97-bbea4d3889bd","新成立公司註冊資本☯新成立公司注册资本☯Capital social das sociedades constituídas☯Registered capital of newly incorporated companies","統計暨普查局,统计暨普查局,Direcção dos Serviços de Estatística e Censos,Statistics and Census Service","0","1","0","System.Object[]","41","183","2024-12-30 12:50:49","公司設立時登記注入之資本總額。☯公司设立时登记注入之资本总额。☯Refere-se ao valor total de capital social registado aquando da constituição da sociedade.☯Total amount of capital registered when the companies are incorporated."
"00d591b9-781c-4583-a440-896e9e89d9fc","就業人口月工作收入中位數☯就业人口月工作收入中位数☯Mediana do rendimento mensal do emprego da população empregada☯Median monthly employment earnings of the employed","統計暨普查局,统计暨普查局,Direcção dos Serviços de Estatística e Censos,Statistics and Census Service","0","1","0","System.Object[]","448","1258","2025-11-14 15:52:04","在參考期內為賺取報酬、利潤或家庭收入而工作最少一小時的年齡在16歲及以上人士。包括沒有上班但與僱主保持正式工作聯繫的僱員，以及因某些原因而暫時沒有上班的公司東主或股東。為僱員的工作收入是指工作薪酬，包括薪金、佣金、貼士、超時工作報酬、獎金、津貼、雙糧、花紅、由僱主直接支付的獎賞等。為僱主及自僱人士的工作收入是指由生產總額扣除生產開支及資產折舊後的餘額。☯在参考期内为赚取报酬、利润或家庭收入而工作最少一小时的年龄在16岁及以上人士。包括没有上班但与雇主保持正式工作联系的雇员，以及因某些原因而暂时没有上班的公司东主或股东。为雇员的工作收入是指工作薪酬，包括薪金、佣金、贴士、超时工作报酬、奖金、津贴、双粮、花红、由雇主直接支付的奖赏等。为雇主及自雇人士的工作收入是指由生产总额扣除生产开支及资产折旧后的余额。☯Refere-se aos indivíduos com idade igual ou superior a 16 anos que, no período de referência, tinham trabalhado pelo menos uma hora, com contrapartida de remuneração, ou com vista a um lucro ou ganho familiar. Incluem-se os trabalhadores por conta de outrem que não estavam ao serviço mas mantinham um vínculo formal de emprego com o empregador, bem como os proprietários e accionistas de empresas que não se encontravam temporariamente a trabalhar por uma razão específica. No caso dos trabalhadores por conta de outrem, o rendimento do emprego coincide com a remuneração do trabalho, incluindo o salário, as comissões, as gorjetas, as remunerações por horas extraordinárias, os prémios, os subsídios, os subsídios de férias e de Natal, as participações nos lucros, os prémios distribuídos aos trabalhadores pela entidade patronal, etc. No caso dos empregadores e dos trabalhadores por conta própria, o rendimento do emprego corresponde ao montante de produção bruta menos as despesas de produção e o valor dos activos produtivos consumidos na criação desse rendimento.☯Employed population refers to individuals aged 16 and above who work for pay, profit or family gain for at least 1 hour during the reference period. It includes employees who are absent from work but have formal job attachment to employer, as well as company owners or shareholders who are temporary away from work because of particular reason. For employees, employment earnings refer to income received from employment, which include salaries, commissions, gratuities, overtime pay, bonuses, allowances, double-pay and rewards directly paid by employers, etc. For employers and own-account workers, employment earnings refer to the amount after deducting production costs and depreciation of assets from total production value."
"00eae9c4-a51d-4fa2-bd36-7e2db18374a8","酒店業場所住客☯酒店业场所住客☯Hóspedes dos estabelecimentos hoteleiros☯Guests of hotel establishments","統計暨普查局,统计暨普查局,Direcção dos Serviços de Estatística e Censos,Statistics and Census Service","0","1","0","System.Object[]","0","73","2025-11-14 17:24:49","所有在參考期開始時已入住，及在期間登記入住酒店業場所的住客總數。☯所有在参考期开始时已入住，及在期间登记入住酒店业场所的住客总数。☯Total de hóspedes que no início do período de referência já estavam hospedados e os que se registaram durante esse período.☯Refer to the total number of guests who are already staying in the hotel establishments at the start of the reference period and guests who check in during the reference period."
"01b40f82-0218-44e9-a10c-0c3a1d1dfa1c","遞交新設計計劃的住宅資料☯递交新设计计划的住宅资料☯Informações sobre os empreendimentos habitacionais com novo projecto de arquitectura☯Submit residential information for the new design plan","土地工務局,土地工務局,DSSCU,DSSCU","1","0","0","System.Object[]","41","102","2026-07-29 17:13:01","於參考期間新遞交設計計劃的住宅資料☯于参考期间新递交设计计划的住宅资料☯Informações sobre os empreendimentos habitacionais com novo projecto de arquitectura, apresentado durante o período de referência.☯Residential information of the new design plan submitted during the reference period"
"01fc3161-00c7-4c07-9137-ecde4c87534e","屬設計階段的商業單位☯属设计阶段的商业单位☯Fracções comerciais em fase de projecto☯Commercial unit at the design stage","土地工務局,土地工務局,DSSCU,DSSCU","1","0","0","System.Object[]","16","43","2026-07-29 17:13:14","於參考期間仍處於設計階段的商業單位 (設計階段指由申請人遞交申請開始至接納動工申請批示前)☯于参考期间仍处于设计阶段的商业单位 (设计阶段指由申请人递交申请开始至接纳动工申请批示前)☯Fracções comerciais que durante o período de referência se encontram ainda em fase de projecto (fase referente ao período compreendido entre a data da apresentação do pedido de aprovação do anteprojecto de arquitectura pelo requerente e a do despacho de aprovação do pedido para início da obra).☯Commercial units that are still in the design stage during the reference period (the design stage refers to the beginning of the application from the applicant to the acceptance of the approval for the construction application)"
"02143582-c973-4ba3-991a-8f12cf8b8938","工業增加值總額☯工业增加值总额☯Valor acrescentado bruto industrial☯Gross value added of industrial production","統計暨普查局,统计暨普查局,Direcção dos Serviços de Estatística e Censos,Statistics and Census Service","0","1","0","System.Object[]","0","49","2024-12-30 17:13:04","參考年內工業場所的收益減去消耗總額之金額。收益包括工業產值及其他收益，當中工業產值是指場所產品銷售（包括生產作自用的產品）之價值、為第三者提供工業服務（如加工、維修保養、安裝、研究及開發等服務）之收益，以及貨品轉售毛利，再加上產品的庫存變化；其他收益指為第三者提供非工業服務之收益，如出租工業設備或廠房、傭金、專利權、商標等收益。消耗總額是指場所營運時耗用的物料、水電與燃料、由第三者提供之加工服務的費用、其他費用（如作工業用途之樓宇、工業設備的租金，通訊等費用），再加上物料的庫存變化。☯参考年内工业场所的收益减去消耗总额之金额。收益包括工业产值及其他收益，当中工业产值是指场所产品销售（包括生产作自用的产品）之价值、为第三者提供工业服务（如加工、维修保养、安装、研究及开发等服务）之收益，以及货品转售毛利，再加上产品的库存变化；其他收益指为第三者提供非工业服务之收益，如出租工业设备或厂房、佣金、专利权、商标等收益。消耗总额是指场所营运时耗用的物料、水电与燃料、由第三者提供之加工服务的费用、其他费用（如作工业用途之楼宇、工业设备的租金，通讯等费用），再加上物料的库存变化。☯Refere-se às receitas menos consumo intermédio total do estabelecimento industrial, no ano de referência. As receitas são compostas pelo valor de produção e por outras receitas. O valor de produção é igual ao valor da venda de produtos do estabelecimento (incluindo os produtos produzidos pelo estabelecimento para uso próprio), mais receitas da prestação de serviços industriais a terceiros (incluindo os serviços de processamento, os serviços de reparação e manutenção, os serviços de instalação, os serviços de investigação e exploração, etc.), mais margem de revenda de mercadorias, mais variação de existências de produtos. As outras receitas são as receitas que resultaram da prestação de serviços não industriais a terceiros, tais como: as receitas do aluguer de equipamento industrial ou do arrendamento de edifícios industriais; as comissões recebidas; as receitas pela utilização de patentes e marcas registadas. O consumo intermédio total é igual aos custos de materiais consumidos e de água, electricidade e combustíveis adquiridos durante a exploração da actividade do estabelecimento, mais custo de serviços de processamento prestados por terceiros, mais outros custos (tais como: arrendamento de fracções autónomas destinadas à indústria; aluguer de equipamento industrial e custo de comunicações), mais variação de existências de materiais.☯Equals receipts of industrial establishments less gross consumption in the reference year. Receipts include value of production and other receipts. Value of production equals sales of goods produced by the establishment (including production for own use), plus receipts from industrial work and services rendered to other establishments (e.g. processing work, repair, maintenance and installation services rendered, research and development performed), gross margin on goods for resale, and changes in inventories of goods. Other receipts refer to receipts from non-industrial work/services rendered to others, e.g. rent from leasing industrial equipment and plant; commissions; income from patents and trademarks. Gross consumption equals costs of raw materials, water, electricity and fuels consumed in the operation of establishments, plus expenses on industrial work performed by others, as well as other expenses (e.g. rental payments incurred for the use of industrial buildings and equipment, expenses on communications) and changes in inventories of raw materials."
"021bebc0-ee89-4fe4-b4cf-c7355d1b7683","專科衛生護理範疇十大診斷和治療輔助檢查人次☯专科卫生护理范畴十大诊断和治疗辅助检查人次☯Número dos dez exames complementares de diagnóstico e tratamento mais solicitados, na área de cuidados de saúde generalizados☯專科衛生護理範疇十大診斷和治療輔助檢查人次","衛生局,卫生局,Serviços de Saúde,Health Bureau","1","0","0","System.Object[]","129","288","2024-12-19 14:59:33","專科衛生護理範疇中，十大診斷和治療輔助檢查人次☯专科卫生护理范畴中，十大诊断和治疗辅助检查人次☯Número dos dez exames complementares de diagnóstico e tratamento mais solicitados, na área de cuidados de saúde diferenciados☯專科衛生護理範疇中，十大診斷和治療輔助檢查人次"
"0231645c-6986-4cec-a31d-b1285ba47ab4","職業技能鑑定統計資料_2024年1月至12月季度統計資料☯职业技能鉴定统计资料_2024年1月至12月季度统计资料☯Estatísticas de Avaliação de Técnicas_De janeiro a dezembro de 2024☯Skills Evaluation Statistics_From January to December 2024","勞工事務局,劳工事务局,Direcção dos Serviços para os Assuntos Laborais,Labour Affairs Bureau","1","0","0","System.Object[]","16","41","2025-02-28 15:38:46","職業技能鑑定統計資料☯职业技能鉴定统计资料☯Estatísticas de Avaliação de Técnicas☯Skills Evaluation Statistics"
"023d65a7-7ade-4a2e-ac48-a5e9f9ab8bcb","不過夜個人遊中國內地入境旅客☯不过夜个人游中国内地入境旅客☯Entradas de excursionistas do Interior da China com visto individual☯ ","統計暨普查局,统计暨普查局,Direcção dos Serviços de Estatística e Censos,Statistics and Census Service","0","1","0","System.Object[]","0","48","2025-12-01 10:48:35","入境且未在旅遊地區過夜的個人遊中國內地旅客數量。☯入境且未在旅游地区过夜的个人游中国内地旅客数量。☯Referem-se ao número de visitantes do Interior da China que entraram no território visitado com visto individual, mas nele não passaram a noite.☯ "
"025edc1e-3836-4984-947b-166376b727ef","澳門區域旅遊數據 - 按來源地及統計分區的旅客平均逗留時間☯澳门区域旅游数据 - 按来源地及统计分区的旅客平均逗留时间☯Dados Turísticos Regionais de Macau - Tempo médio de permanência por local de origem e zonas estatísticas☯Macao District Tourism Data - Average Length of Stay by Place of Origin and Statistical District","旅遊局,旅游局,Direcção dos Serviços de Turismo,Macao Government Tourism Office","1","0","0","System.Object[]","75","218","2026-08-31 17:44:18","澳門區域旅遊數據 - 按來源地及統計分區的旅客平均逗留時間☯澳门区域旅游数据 - 按来源地及统计分区的旅客平均逗留时间☯Dados Turísticos Regionais de Macau - Tempo médio de permanência por local de origem e zonas estatísticas☯Macao District Tourism Data - Average Length of Stay by Place of Origin and Statistical District"
"029427cc-7ae4-4981-bb00-f929aea4a8cf","留宿入境旅客☯留宿入境旅客☯Entradas de turistas☯ ","統計暨普查局,统计暨普查局,Direcção dos Serviços de Estatística e Censos,Statistics and Census Service","0","1","0","System.Object[]","97","237","2025-11-25 17:08:36","入境並在旅遊地區至少住宿一晚的旅客，按其入境方式統計。☯Referem-se aos visitantes que entraram no território visitado e nele passaram pelo menos uma única noite. Os dados são compilados por via de entrada.☯ ☯Visitor who stays at least one night in a residential accommodation or casino in the place visited, or has accommodation arrangement with a hotel/guesthouse."
"029d653c-d7d6-4bab-a404-c1fbd2c6d34e","對中國內地的出口貨值☯对中国内地的出口货值☯Valor da exportação de mercadorias para o Interior da China☯Value of exports to mainland China","統計暨普查局,统计暨普查局,Direcção dos Serviços de Estatística e Censos,Statistics and Census Service","0","1","0","System.Object[]","0","37","2024-12-30 17:13:33","出口至中國內地的貨物價值。☯出口至中国内地的货物价值。☯Valor de mercadorias que foram exportadas para o Interior da China.☯Value of goods exported to mainland China."
"0356041c-3315-4853-b6c2-b21b3767b7c2","交通意外數目☯交通意外數目☯Total de acidentes de viação☯Total number of traffic accidents","治安警察局,治安警察局,CPSP,CPSP","1","0","0","System.Object[]","51","75","2026-02-06 15:08:24","交通意外數目☯交通意外數目☯Total de acidentes de viação☯Total number of traffic accidents"
"0356d3f0-a641-45e9-9431-7ff8479e8431","暫停營業之酒店/經濟型住宿場所/公寓式酒店列表☯暂停营业之酒店/经济型住宿场所/公寓式酒店列表☯Suspensão da actividade - hotéis/alojamento de baixo custo/hotéis-apartamentos☯Suspension of Business - hotel/low-cost accommodation/apartment hotel","旅遊局,旅游局,Direcção dos Serviços de Turismo,Macao Government Tourism Office","1","0","0","System.Object[]","29","51","2026-08-21 14:40:32","已向旅遊局提出暫停營業暫停營業 - 酒店/經濟型住宿場所/公寓式酒店,☯已向旅游局提出暂停营业暂停营业- 酒店/经济型住宿场所/公寓式酒店☯Pedido de Suspensão da actividade - hotéis/alojamento de baixo custo/hotéis-apartamentos☯Submitted Applicaion for Suspension of Business - hotel/low-cost accommodation/apartment hotel"
"0392c90b-c5a3-4fea-a66a-cb436702de4e","非高等教育教育機構職員人次數（按學校類型劃分）☯非高等教育教育机构职员人次数（按学校类型划分）☯Número de Empregados (POR FREQUÊNCIA) das Instituições Educativas (Classificação por tipo de escola) (Estatística educativa não Superior)☯-","教育及青年發展局,教育及青年发展局,Direcção dos Serviços de Educação e de Desenvolvimento da Juventude,Education and Youth Development Bureau","1","0","0","System.Object[]","23","43","2026-03-16 17:17:22","教育機構職員人次數（按學校類型劃分）
☯教育机构职员人次数（按学校类型划分）
☯Número de Empregados (POR FREQUÊNCIA) das Instituições Educativas (Classificação por tipo de escola)
☯-"
"03f5676f-8654-4fab-8c66-6a698bb45fe6","外賣店收入☯外卖店收入☯Receitas das lojas de take-away☯ ","統計暨普查局,统计暨普查局,Direcção dos Serviços de Estatística e Censos,Statistics and Census Service","0","1","0","System.Object[]","0","43","2026-01-26 12:41:31","外賣店從餐飲服務及其他相關業務中獲得的收入總額。☯外卖店从餐饮服务及其他相关业务中获得的收入总额。☯Referem-se ao valor total das receitas provenientes dos serviços de restauração e dos outros serviços correlacionados, das lojas de take-away.☯ "
"040b1dbf-54a9-436d-b51d-e9e9d6f0c48c","路氹城生態保護區物種數據☯路凼城生态保护区物种数据☯Dados de espécies da zona ecológica☯Dados de espécies da zona ecológica","環境保護局,环境保护局,Direcção dos Serviços de Protecção Ambiental,Environmental Protection Bureau","0","1","0","System.Object[]","0","236","2021-03-23 17:10:26","關於路氹城生態保護區物種數據☯关于路凼城生态保护区物种数据☯Sobre os dados de espécies da zona ecológica☯Dados de espécies da zona ecológica"
"0438959e-477b-4ec5-9e96-6f7a9ac5fc23","銀行業全職僱員平均薪酬☯银行业全职雇员平均薪酬☯Remuneração média dos trabalhadores a tempo completo do sector bancário☯Average earnings of full-time employees in banking sector","統計暨普查局,统计暨普查局,Direcção dos Serviços de Estatística e Censos,Statistics and Census Service","0","1","0","System.Object[]","113","235","2025-11-14 17:12:05","銀行業全職僱員的薪酬總額除以全職僱員人數。薪酬包括定期及超時工作報酬、非定期報酬。定期及超時工作報酬包括基本薪金、定期津貼、獎金及佣金、超時工作報酬；非定期報酬包括雙糧、年終賞金、花紅及補薪等。☯银行业全职雇员的薪酬总额除以全职雇员人数。薪酬包括定期及超时工作报酬、非定期报酬。定期及超时工作报酬包括基本薪金、定期津贴、奖金及佣金、超时工作报酬；非定期报酬包括双粮、年终赏金、花红及补薪等。☯Valor total de remunerações dos trabalhadores a tempo completo do sector bancário dividido pelo número de trabalhadores a tempo completo. As remunerações incluem as remunerações regulares, as remunerações por horas extraordinárias e as remunerações irregulares. As remunerações regulares e as remunerações por horas extraordinárias abrangem o salário base, os subsídios com carácter regular, os prémios, as comissões e as remunerações por horas extraordinárias. As remunerações irregulares englobam os subsídios de férias e de Natal, o prémio do fim do ano, as participações nos lucros, os retroactivos, etc. ☯Calculated by dividing the total amount of remuneration for full-time employees by the number of full-time employees in the banking sector. Earnings include remuneration for regular and overtime work, as well as non-periodic compensation. Remuneration for regular and overtime work includes basic salary, periodic allowances, bonuses, commissions and overtime pay. Non-periodic compensation includes double pay, year-end bonuses, profit-sharing bonuses and back pay."
"04bd6fd7-8594-41a6-9014-bb9e50de38e4","公務人員數目統計—按殘疾種類劃分的殘疾現職人員☯公务人员数目统计—按残疾种类划分的残疾现职人员☯Estatísticas do número de trabalhadores dos serviços públicos - de acordo com o tipo de deficiência☯-","行政公職局,行政公职局,Direcção dos Serviços de Administração e Função Pública,Public Administration and Civil Service Bureau","1","0","0","System.Object[]","74","162","2026-07-23 12:48:49","按殘疾種類劃分的澳門特別行政區公共行政人力資源的公務人員數目，且自2023年起包括行政長官及主要官員，以及其人員受私法制度規範的基金會及其他公共機構（澳門基金會、澳門澳門貿易投資促進局、澳門金融管理局、澳門大學、澳門理工大學及民航局）的人員數目。☯按残疾种类划分的澳门特别行政区公共行政人力资源的公务人员数目，且自2023年起包括行政长官及主要官员，以及其人员受私法制度规范的基金会及其他公共机构（澳门基金会、澳门澳门贸易投资促进局、澳门金融管理局、澳门大学、澳门理工大学及民航局）的人员数目。☯Número de trabalhadores dos serviços públicos pelos recursos humanos da Administração Pública da RAEM de acordo com o tipo de deficiência, incluindo, a partir de 2023, o Chefe do Executivo, os titulares dos principais cargos, os trabalhadores sujeitos aos regulamentos do direito privado das fundações, bem como os trabalhadores das outras entidades públicas (Fundação Macau, Instituto de Promoção do Comércio e do Investimento, Autoridade Monetária de Macau, Universidade de Macau, Universidade Politécnica de Macau e Autoridade de Aviação Civil).☯-"
"04f24e09-3c0a-450f-a689-f7ef6f00e93b","旅行社收入☯旅行社收入☯Receitas das agências de viagens☯ ","統計暨普查局,统计暨普查局,Direcção dos Serviços de Estatística e Censos,Statistics and Census Service","0","1","0","System.Object[]","0","31","2026-01-26 12:46:14","旅行社從提供旅遊相關服務中獲得的總收入，包括旅行團費、交通和住宿預訂費用等。☯旅行社从提供旅游相关服务中获得的总收入，包括旅行团费、交通和住宿预订费用等。☯Referem-se ao valor total das receitas provenientes da prestação de serviços relacionados com o turismo, das agências de viagens. Incluem-se as receitas da organização de excursões, as dos serviços de transporte, as das reservas de alojamento, etc.☯ "
"051538d9-4620-4c00-ba1f-36cb515f427d","本地生產總值 - 服務進口☯本地生产总值 - 服务进口☯Produto Interno Bruto - Importação de serviços☯Gross Domestic Product - Imports of services","統計暨普查局,统计暨普查局,Direcção dos Serviços de Estatística e Censos,Statistics and Census Service","0","1","0","System.Object[]","0","38","2025-12-04 13:13:39","服務進口表示本地居民從非本地居民取得（購買）的服務。☯服务进口表示本地居民从非本地居民取得（购买）的服务。☯A importação de serviços refere-se à aquisição de serviços aos não residentes, pelos residentes da Região Administrativa Especial de Macau. ☯ "
"053c820b-247e-40bf-8e8f-efc18e767f64","澳門高等院校教職員人數統計☯澳门高等院校教职员人数统计☯Dados estatísticos sobre o número de docentes e trabalhadores das instituições do ensino superior de Macau☯-","教育及青年發展局,教育及青年发展局,Direcção dos Serviços de Educação e de Desenvolvimento da Juventude,Education and Youth Development Bureau","1","0","0","System.Object[]","36","67","2025-12-15 16:01:18","按學年方式，提供澳門高等院校教職員總人數。☯按学年方式，提供澳门高等院校教职员总人数。☯Número de docentes e trabalhadores das instituições do ensino superior de Macau, calculado de acordo com o ano lectivo.☯-"
"054b4bb8-b2bb-42dc-8cc6-a8b210ef3965","航空作業人員執照之統計數據☯航空作业人员执照之统计数据☯Resumo da Licença de Pessoal Aeronáutico☯Aeronautical Personnel License Overview","民航局,民航局,Autoridade de Aviação Civil,Civil Aviation Authority","1","0","0","System.Object[]","198","272","2023-04-03 11:06:33","航空作業人員執照之統計數據☯航空作业人员执照之统计数据☯Número de licença de pessoal  aeronáutico☯Number of Aeronautical  Personnel License"
"056701e2-8b7e-450e-85d4-a8398ec88819","年度社會保障制度疾病津貼受領人次及金額(澳門元)☯年度社会保障制度疾病津贴受领人次及金额(澳门元)☯Número de vezes e montante (em patacas) de recebimento do subsídio de doença do regime da segurança social por ano☯Number of sickness allowance applications under the Social Security System and expenditure on sickness allowance in the year (patacas)","社會保障基金,社会保障基金,Fundo de Segurança Social,Social Security Fund","1","0","0","System.Object[]","26","46","2026-09-01 17:04:51","以年度方式提供在相關曆年內，疾病津貼的受領人次及金額☯以年度方式提供在相关历年内，疾病津贴的受领人次及金额☯Prestação anual do número de vezes e montante de recebimento do subsídio de doença durante o respectivo ano civil.☯Available on an annual basis, the number of sickness allowance applications and expenditure on sickness allowance in the relevant calendar year."
"057728d0-8b56-496e-acb4-9611faa7c701","《統計年刊 2024》社區醫療衛生範疇 - 其他 血液收集概況☯《統計年刊 2024》社區醫療衛生範疇 - 其他 血液收集概況☯CUIDADOS DE SAÚDE COMUNITÁRIOS - OUTROS Situação da recolha de sangue☯CUIDADOS DE SAÚDE COMUNITÁRIOS - OUTROS Situação da recolha de sangue","衛生局,卫生局,Serviços de Saúde,Health Bureau","1","0","0","System.Object[]","12","25","2025-10-28 17:41:16","《統計年刊 2024》社區醫療衛生範疇 - 其他 血液收集概況☯《統計年刊 2024》社區醫療衛生範疇 - 其他 血液收集概況☯CUIDADOS DE SAÚDE COMUNITÁRIOS - OUTROS Situação da recolha de sangue☯CUIDADOS DE SAÚDE COMUNITÁRIOS - OUTROS Situação da recolha de sangue"
"0594f43e-3cda-4340-b88d-36fc8da12b0c","飲食業員工支出☯饮食业员工支出☯Despesas com pessoal do ramo da restauração☯ ","統計暨普查局,统计暨普查局,Direcção dos Serviços de Estatística e Censos,Statistics and Census Service","0","1","0","System.Object[]","0","32","2026-01-26 12:45:39","飲食業場所的員工薪酬、福利和其他相關費用的支出總額。☯饮食业场所的员工薪酬、福利和其他相关费用的支出总额。☯Referem-se ao valor total das despesas em remunerações, benefícios e outras despesas correlacionadas, pagas pelos estabelecimentos do ramo da restauração aos trabalhadores.☯ "
"05c630c3-0b5d-47f2-9aea-c3ba3df4e5e3","旅行社經營費用☯旅行社经营费用☯Despesas de exploração das agências de viagens☯ ","統計暨普查局,统计暨普查局,Direcção dos Serviços de Estatística e Censos,Statistics and Census Service","0","1","0","System.Object[]","0","30","2026-01-26 12:46:19","旅行社在日常運營中發生的各項費用總額，包括租金、水電費、辦公用品等。☯旅行社在日常运营中发生的各项费用总额，包括租金、水电费、办公用品等。☯Referem-se às diversas despesas geradas pela exploração da actividade corrente das agências de viagens. Incluem-se as rendas de instalações, as despesas em água, electricidade, artigos de escritório, etc.☯ "
"06100e7b-a025-44c5-89f1-ff0da894fe02","公務人員數目統計☯公务人员数目统计☯Estatísticas do número de trabalhadores dos serviços públicos☯-","行政公職局,行政公职局,Direcção dos Serviços de Administração e Função Pública,Public Administration and Civil Service Bureau","1","0","0","System.Object[]","5273","9530","2026-07-23 12:48:42","澳門特別行政區公共行政人力資源的公務人員數目，且自2023年起包括行政長官及主要官員，以及其人員受私法制度規範的基金會及其他公共機構（澳門基金會、澳門澳門貿易投資促進局、澳門金融管理局、澳門大學、澳門理工大學及民航局）的人員數目。☯澳门特别行政区公共行政人力资源的公务人员数目，且自2023年起包括行政长官及主要官员，以及其人员受私法制度规范的基金会及其他公共机构（澳门基金会、澳门澳门贸易投资促进局、澳门金融管理局、澳门大学、澳门理工大学及民航局）的人员数目。☯Número de trabalhadores dos serviços públicos pelos recursos humanos da Administração Pública da RAEM, incluindo, a partir de 2023, o Chefe do Executivo, os titulares dos principais cargos, os trabalhadores sujeitos aos regulamentos do direito privado das fundações, bem como os trabalhadores das outras entidades públicas (Fundação Macau, Instituto de Promoção do Comércio e do Investimento, Autoridade Monetária de Macau, Universidade de Macau, Universidade Politécnica de Macau e Autoridade de Aviação Civil).☯-"
"062ad8ea-3cb6-4d21-bb1f-b33815891e11","就讀海事課程人次統計☯就读海事课程人次统计☯Estatísticas sobre o número de pessoas que frequentaram os cursos marítimos☯ Statistics on the participation in maritime training courses","海事及水務局,海事及水務局,DSAMA,DSAMA","1","0","0","System.Object[]","62","96","2026-02-09 17:01:32","航海學校2019至2025年每年就讀海事課程的人次☯航海学校2019至2025年每年就读海事课程的人次☯Número de pessoas que frequentaram os cursos marítimos da EP por ano entre 2019 e 2025☯Annual no. of participants in maritime training courses offered by the Maritime Training School between 2019 and 2025"
"0639649b-f0e1-4456-9838-0aa262e5c348","歷史檔案目錄☯历史档案目录☯Registos dos Arquivos históricos☯Historical Archives Records","文化局,文化局,Instituto Cultural,Cultural Affairs Bureau","1","0","0","System.Object[]","48","107","2024-11-19 17:34:20","現時澳門檔案館供讀者查閱的全宗/匯集檔案資料目錄。☯现时澳门档案馆供读者查阅的全宗/汇集档案数据目录。☯Registos das documentações dos fundos/colecções do Arquivo de Macau disponíveis para consulta pública.☯Records of documentation from the Macau Archive funds/collections available for public consultation."
"06414f11-9f4b-459f-8676-ac393749dbb8","飲食店舖經營費用☯饮食店铺经营费用☯Despesas de exploração dos restaurantes e estabelecimentos similares☯ ","統計暨普查局,统计暨普查局,Direcção dos Serviços de Estatística e Censos,Statistics and Census Service","0","1","0","System.Object[]","0","32","2026-01-26 12:43:10","飲食店舖在日常營運中產生的各項費用總額，包括租金、水電費、消秏品等。☯饮食店铺在日常营运中产生的各项费用总额，包括租金、水电费、消秏品等。☯Referem-se ao valor total das despesas geradas pela exploração da actividade corrente, dos restaurantes e estabelecimentos similares. Incluem-se as rendas de instalações, as despesas em água, electricidade, bens de consumo, etc.☯ "
"065bd228-c66e-4a51-873f-7258fd2053b4","濫藥人數 (中央登記)☯滥药人数 (中央登记)☯Número de toxicodependentes (Registo central)☯---","社會工作局,社會工作局,Instituto de Acção Social,Social Welfare Bureau","1","0","0","System.Object[]","156","309","2026-02-05 11:55:39","濫藥人數 (中央登記)☯滥药人数 (中央登记)☯Número de toxicodependentes (Registo central)☯---"
"069402d0-7f29-4119-a4fa-e9b7757b805c","台灣地區出境旅客☯台湾地区出境旅客☯Saídas de visitantes da região de Taiwan☯ ","統計暨普查局,统计暨普查局,Direcção dos Serviços de Estatística e Censos,Statistics and Census Service","0","1","0","System.Object[]","0","36","2025-12-01 10:48:00","從本地出發前往其他地區，且所持旅行證件由台灣簽發的旅客數量。☯从本地出发前往其他地区，且所持旅行证件由台湾签发的旅客数量。☯Referem-se ao número de visitantes com documentos de viagem emitidos pela região de Taiwan que saíram da Região Administrativa Especial de Macau para outro território/país.☯ "
"070f7d9b-f734-4269-841c-0859912a5b15","實時天氣簡報☯实时天气简报☯Tempo Presente (Brief)☯Actual Weather (Brief)","地球物理氣象局,地球物理气象局,irecção dos Serviços Meteorológicos e Geofísicos,Meteorological and Geophysical Bureau","0","0","1","System.Object[]","0","4609","2022-02-10 12:24:02","每小時整點的實況天氣，包括氣溫、濕度、風向及風速等資訊。☯每小时整点的实况天气，包括气温、湿度、风向及风速等信息。☯Informações meteorológicas horárias, incluindo temperatura, humidade, direção e velocidade do vento.☯Hourly weather information including temperature, humidity, wind direction and wind speed"
"071c58df-cff3-4c56-8bcd-f3231a16fb8d","政務服務資訊中心：轉介個案的類型及性質統計☯政务服务资讯中心：转介个案的类型及性质统计☯Centro de Informações dos Serviços Governamentais: Dados sobre o tipo e natureza dos processos encaminhados☯Government Services Information Centre: Statistics on the Types and Natures of Referred Cases","行政公職局,行政公职局,Direcção dos Serviços de Administração e Função Pública,Public Administration and Civil Service Bureau","1","0","0","System.Object[]","16","49","2026-07-01 09:19:42","按年及個案性質統計政務服務資訊中心轉介個案的數目。☯按年及个案性质统计政务服务资讯中心转介个案的数目。☯Estatística anual sobre os processos encaminhados pelo Centro de Informações dos Serviços Governamentais conforme a sua natureza.☯Statistics on the number of cases referred by the Government Services Information Centre, categorized by year and case nature."
"07228099-08a0-444c-b087-7149585c2b30","低窪地區水浸後的臨時垃圾收集點的列表☯低洼地区水浸后的临时垃圾收集点的列表☯Lista sobre os pontos provisórios de recolha de lixo nas zonas baixas após  inundações ☯List of temporary garbage collection points after flooding in low-lying areas","市政署,市政署,Instituto para os Assuntos Municipais,Municipal Affairs Bureau","0","1","0","System.Object[]","0","41","2025-06-19 14:48:26","低窪地區水浸後的臨時垃圾收集點(僅在災害應急時設置)的列表☯低洼地区水浸后的临时垃圾收集点(仅在灾害应急时设置)的列表☯Lista sobre os pontos provisórios de recolha de lixo nas zonas baixas após  inundações ☯List of temporary garbage collection points after flooding in low-lying areas"
"072e1fe0-280d-4164-9a78-c1469ed6e864","《統計年刊 2024》社區醫療衛生範疇 - 其他 公共衛生化驗所概況☯《統計年刊 2024》社區醫療衛生範疇 - 其他 公共衛生化驗所概況☯CUIDADOS DE SAÚDE COMUNITÁRIOS - OUTROS Situação das actividades realizadas pelo Laboratório de  Saúde Pública☯CUIDADOS DE SAÚDE COMUNITÁRIOS - OUTROS Situação das actividades realizadas pelo Laboratório de  Saúde Pública","衛生局,卫生局,Serviços de Saúde,Health Bureau","1","0","0","System.Object[]","12","25","2025-10-28 17:38:26","社區醫療衛生範疇 - 其他 公共衛生化驗所概況☯社區醫療衛生範疇 - 其他 公共衛生化驗所概況☯CUIDADOS DE SAÚDE COMUNITÁRIOS - OUTROS Situação das actividades realizadas pelo Laboratório de  Saúde Pública☯CUIDADOS DE SAÚDE COMUNITÁRIOS - OUTROS Situação das actividades realizadas pelo Laboratório de  Saúde Pública"
"07e36244-820d-4649-9d2c-c05bbc54cab1","旅行社盈利☯旅行社盈利☯Excedente bruto das agências de viagens☯ ","統計暨普查局,统计暨普查局,Direcção dos Serviços de Estatística e Censos,Statistics and Census Service","0","1","0","System.Object[]","0","31","2026-01-26 12:46:03","旅行社在扣除所有經營費用和成本後的淨利潤。☯旅行社在扣除所有经营费用和成本后的净利润。☯Refere-se ao valor líquido do lucro das agências de viagens, após a dedução das despesas de exploração e dos custos.☯ "
"08195a0d-eb15-4141-acf0-dbe9a4bcb84f","按年齡及性別劃分的有供款受益人數目☯按年龄及性别划分的有供款受益人数目☯Beneficiários que efectuaram contribuições por idade e sexo☯Beneficiaries who made contributions by age and sex","社會保障基金,社会保障基金,Fundo de Segurança Social,Social Security Fund","1","0","0","System.Object[]","15","42","2026-09-01 17:00:41","按年齡及性別劃分的有供款受益人數目☯按年龄及性别划分的有供款受益人数目☯Beneficiários que efectuaram contribuições por idade e sexo☯Beneficiaries who made contributions by age and sex"
"081c2f3f-d578-4456-891b-d84ef41207ad","《統計年刊 2024》疾病預防及控制中心 澳門防疫接種計劃澳門居民主要覆蓋率☯《統計年刊 2024》疾病預防及控制中心 澳門防疫接種計劃澳門居民主要覆蓋率☯CENTRO DE PREVENÇÃO E CONTROLO DA DOENÇA Taxa de Cobertura do Programa de Vacinação de Macau  (residentes de Macau)☯CENTRO DE PREVENÇÃO E CONTROLO DA DOENÇA Taxa de Cobertura do Programa de Vacinação de Macau  (residentes de Macau)","衛生局,卫生局,Serviços de Saúde,Health Bureau","1","0","0","System.Object[]","12","25","2025-10-28 17:37:53","《統計年刊 2024》疾病預防及控制中心 澳門防疫接種計劃澳門居民主要覆蓋率☯《統計年刊 2024》疾病預防及控制中心 澳門防疫接種計劃澳門居民主要覆蓋率☯CENTRO DE PREVENÇÃO E CONTROLO DA DOENÇA Taxa de Cobertura do Programa de Vacinação de Macau  (residentes de Macau)☯CENTRO DE PREVENÇÃO E CONTROLO DA DOENÇA Taxa de Cobertura do Programa de Vacinação de Macau  (residentes de Macau)"
"08767a5c-3550-481d-b0d7-e72c55098f63","公共巴士站總數☯公共巴士站总数☯Total de paragens de autocarros públicos☯Total number of public bus stops","交通事務局,交通事务局,Direcção dos Serviços para os Assuntos de Tráfego,Transport Bureau","1","0","0","System.Object[]","119","282","2026-05-27 01:00:04","公共巴士站總數☯公共巴士站总数☯Total de paragens de autocarros públicos☯Total number of public bus stops"
"08af9b02-8623-45f8-b249-e3a8e6d6baba","航機上的違法行為☯航机上的违法行为☯Infracções cometidas a bordo de aeronaves civis☯Infractions committed aboard civil aircraft","民航局,民航局,Autoridade de Aviação Civil,Civil Aviation Authority","1","0","0","System.Object[]","103","194","2026-07-03 18:15:17","按年度提供本澳航機上的違法行為數據☯按年度提供本澳航机上的违法行为数据☯Fornecer infrações cometidas a bordo de aeronaves civis por ano☯Provide Infractions committed aboard civil aircraft by year"
"08b93d6d-56c2-4959-9b80-85b11ad97cc2","《統計年刊 2024》專科醫療衛生範疇按歲組劃分的急診治療人次☯《統計年刊 2024》專科醫療衛生範疇按歲組劃分的急診治療人次☯CUIDADOS DE SAÚDE DIFERENCIADOS N.º de atendimentos no Serviço de Urgência por grupo  etário☯CUIDADOS DE SAÚDE DIFERENCIADOS N.º de atendimentos no Serviço de Urgência por grupo  etário","衛生局,卫生局,Serviços de Saúde,Health Bureau","1","0","0","System.Object[]","34","151","2025-10-28 17:41:54","《統計年刊 2024》專科醫療衛生範疇按歲組劃分的急診治療人次☯《統計年刊 2024》專科醫療衛生範疇按歲組劃分的急診治療人次☯CUIDADOS DE SAÚDE DIFERENCIADOS N.º de atendimentos no Serviço de Urgência por grupo  etário☯CUIDADOS DE SAÚDE DIFERENCIADOS N.º de atendimentos no Serviço de Urgência por grupo  etário"
"08d5d237-ea56-46f4-9336-1597512f9ef9","本地生產總值 (支出法) - 當年價格☯本地生产总值 (支出法) - 当年价格☯Produto Interno Bruto (PIB) na óptica da despesa, a preços correntes☯GDP (expenditure approach) at current prices","統計暨普查局,统计暨普查局,Direcção dos Serviços de Estatística e Censos,Statistics and Census Service","0","1","0","System.Object[]","123","264","2024-12-30 12:42:35","在核算期內，按當年購買者價格計算的私人消費支出、政府最終消費支出、固定資本形成總額、庫存變化，以及出口的總和，再減去進口值。☯在核算期内，按当年购买者价格计算的私人消费支出、政府最终消费支出、固定资本形成总额、库存变化，以及出口的总和，再减去进口值。☯Num período contabilístico, é igual ao somatório, a preços correntes de compra, da despesa de consumo privado, da despesa de consumo final do Governo, da formação bruta de capital fixo, das variações de existências e das exportações, menos as importações.☯Defined as the sum, which is valued at current purchasers' prices, of private consumption expenditure, government final consumption expenditure, gross fixed capital formation, changes in inventories and exports, minus imports, during an accounting period."
"08e79108-c9e5-484e-b89a-43d88b9d62c5","澳門高等院校註冊學生人數統計─按院校劃分☯澳门高等院校注册学生人数统计─按院校划分☯Dados estatísticos do número de estudantes matriculados nas instituições do ensino superior de Macau (classificados por tipos de instituições do ensino superior)☯-","教育及青年發展局,教育及青年发展局,Direcção dos Serviços de Educação e de Desenvolvimento da Juventude,Education and Youth Development Bureau","1","0","0","System.Object[]","84","128","2025-12-15 15:59:46","按學年方式，提供按院校劃分的澳門高等院校註冊學生人數。☯按学年方式，提供按院校划分的澳门高等院校注册学生人数。☯Número de estudantes matriculados nas instituições do ensino superior de Macau (classificados por tipos de instituições do ensino superior), calculado de acordo com o ano lectivo.☯-"
"090c30c9-86f8-4456-bb9f-faecb476af08","分層建築物管理商業業務准照☯分层建筑物管理商业业务准照☯Actividade comercial de administração de condomínios☯Actividade comercial de administração de condomínios","房屋局,房屋局,IH,IH","1","0","0","System.Object[]","73","127","2026-08-27 11:02:14","分層建築物管理商業業務准照☯分层建筑物管理商业业务准照☯Licença da actividade comercial de administração de condomínios☯Licença da actividade comercial de administração de condomínios"
"094324ef-45cb-4d5f-9004-77e6d82c1042","新成立公司☯新成立公司☯Sociedades constituídas☯Newly incorporated companies","統計暨普查局,统计暨普查局,Direcção dos Serviços de Estatística e Censos,Statistics and Census Service","0","1","0","System.Object[]","301","760","2024-12-30 16:54:24","由一名或多名股東組織而成，並按法定程序完成註冊及登記之公司。☯由一名或多名股东组织而成，并按法定程序完成注册及登记之公司。☯É toda a sociedade composta por um ou mais sócios, que concluiu o processo de inscrição e de registo, de acordo com a lei.☯Company, formed by one or more shareholders, which has completed the legal procedure for incorporation and registration."
"0943de5d-2125-406d-940d-bb28ee7169a6","房地產中介商業營業場所☯房地产中介商业营业场所☯estabelecimento comercial☯estabelecimento comercial","房屋局,房屋局,IH,IH","1","0","0","System.Object[]","21","56","2026-09-18 14:01:08","房地產中介商業營業場所☯房地产中介商业营业场所☯estabelecimento comercial☯estabelecimento comercial"
"0959c5df-9e1c-4117-911d-1e81c421d278","非高等教育各類學校、教育階段和最高學歷的教學人員人數分佈☯非高等教育各类学校、教育阶段和最高学历的教学人员人数分布☯Distribuição de Pessoal docente por tipo de escola, nível de ensino e habilitação académica máxima☯-","教育及青年發展局,教育及青年发展局,Direcção dos Serviços de Educação e de Desenvolvimento da Juventude,Education and Youth Development Bureau","1","0","0","System.Object[]","25","50","2025-12-26 18:59:30","各類學校、教育階段和最高學歷的教學人員人數分佈
☯各类学校、教育阶段和最高学历的教学人员人数分布
☯Distribuição de Pessoal docente por tipo de escola, nível de ensino e habilitação académica máxima
☯-"
"0a4cfe33-5dc6-4e4e-9dff-22228a01a0cd","公共街市攤位公開競投的資訊列表☯公共街市摊位公开竞投的信息列表☯Lista de informações sobre o Concurso Público para Bancas nos Mercados Públicos do IAM☯Information list of public tender of public market stalls","市政署,市政署,Instituto para os Assuntos Municipais,Municipal Affairs Bureau","1","0","0","System.Object[]","28","84","2026-07-28 14:47:35","公共街市攤位公開競投的資訊列表。
根據第48/2021號行政法規第七條之規定，街市攤位公開競投名單有效期在其公佈後三個月或在攤位分配完畢後終止，以期間較短者為準。就此，有關公開競投的數據資料亦應於名單終止時失效。☯公共街市摊位公开竞投的信息列表。
根据第48/2021号行政法规第七条之规定，街市摊位公开竞投名单有效期在其公布后三个月或在摊位分配完毕后终止，以期间较短者为准。就此，有关公开竞投的数据数据亦应于名单终止时失效。☯Nos termos do artigo 7.º do Regulamento Administrativo n.º 48/2021, a lista dos candidatos ao concurso público para bancas nos mercados públicos é válida por três meses após a sua publicação ou até ao fim da atribuição das bancas, conforme o período que for mais curto. Assim sendo, os dados do respectivo concurso público devem caducar aquando do termo da lista.☯In accordance with the stipulations of Article 7 of Administrative Regulation No. 48/2021, the list of public tender of market stalls is valid for three months upon its issuance or until the allocation of stalls is completed, whichever is shorter. Hence, the data of the relevant public tender should be invalid when the list becomes so."
"0a615231-4ffb-437b-b134-9cfd79c21b21","納入持續進修發展計劃資助的項目清單☯纳入持续进修发展计划资助的项目列表☯Lista de cursos de credenciação abrangidos pelo âmbito do Programa☯List of courses which were approved in Continuing Education Development Program","教育及青年發展局,教育及青年发展局,Direcção dos Serviços de Educação e de Desenvolvimento da Juventude,Education and Youth Development Bureau","0","1","0","System.Object[]","0","86","2025-08-14 11:28:42","納入持續進修發展計劃資助的項目清單☯纳入持续进修发展计划资助的项目列表☯Lista de cursos de credenciação abrangidos pelo âmbito do Programa☯List of courses which were approved in Continuing Education Development Program"
"0a9f22ac-9029-4fed-b4ad-fe8f1ca797c6","澳門高等院校畢業學生人數統計☯澳门高等院校毕业学生人数统计☯Dados estatísticos do número de estudantes graduados das instituições do ensino superior de Macau☯-","教育及青年發展局,教育及青年发展局,Direcção dos Serviços de Educação e de Desenvolvimento da Juventude,Education and Youth Development Bureau","1","0","0","System.Object[]","296","469","2025-12-15 16:00:41","按學年方式，提供澳門高等院校畢業學生總人數。☯按学年方式，提供澳门高等院校毕业学生总人数。☯Número de estudantes graduados das instituições do ensino superior de Macau, calculado de acordo com o ano lectivo.☯-"
"0a9faa53-d794-4f16-95cf-32e2a72a0aad","個人醫療保單數目☯个人医疗保单数目☯Número de apólices de seguro de saúde individuais, classificadas de acordo com categoria de residente e faixa etária  dos segurados, correspondendo aos valores acumulados ao longo do ano.☯Número de apólices de seguro de saúde individuais, classificadas de acordo com categoria de residente e faixa etária  dos segurados, correspondendo aos valores acumulados ao longo do ano.","澳門金融管理局,澳門金融管理局,AMCM,AMCM","1","0","0","System.Object[]","16","38","2026-08-31 15:06:40","按居民類別及受保人年齡分類的個人醫療保單數目，為年內累計值。☯按居民类别及受保人年龄分类的个人医疗保单数目，为年内累计值。☯Número de apólices de seguro de saúde individuais, classificadas de acordo com categoria de residente e faixa etária  dos segurados, correspondendo aos valores acumulados ao longo do ano.☯Número de apólices de seguro de saúde individuais, classificadas de acordo com categoria de residente e faixa etária  dos segurados, correspondendo aos valores acumulados ao longo do ano."
"0ae22f4b-d099-432d-b86e-97593c90a857","網上辦理親屬關係證明書申請量☯网上办理亲属关系证明书申请量☯Número de pedidos online do certificado de relação de parentesco☯Statistics on online applications for the Certificate of Kinship","身份證明局,身份证明局,Direcção dos Serviços de Identificação,Identification Bureau","1","0","0","System.Object[]","15","63","2026-01-29 11:20:50","經一戶通辦理親屬關係證明書的申請量
☯经一户通办理亲属关系证明书的申请量
☯Número de pedidos de certificado de relação de parentesco apresentados através da Conta Única de Macau☯Number of applications for Certificate of Kinship completed on Macao One Account"
"0b1bd37e-6fd9-4666-a3bd-9d77954a8724","第二組《公報》目錄☯第二组《公报》目录☯Boletim Oficial II Série Sumário☯Official Gazette Series II Contents","法務局,法务局,Direcção dos Serviços de Assuntos de Justiça,Legal Affairs Bureau","0","1","0","System.Object[]","0","45","2025-11-21 10:15:03","提供《澳門特別行政區公報》第二組目錄資料及內文連結。☯提供《澳门特别行政区公报》第二组目录数据及内文链接☯Sumário da II Série do Boletim Oficial da Região Administrativa☯Summary of the Official Gazette Series II of the Macao Special Administrative Region with hyperlinks to the text."
"0b32fe45-cfd1-4019-87aa-dd25cc886496","公共教育開支佔政府總公共開支百分比☯公共教育开支占政府总公共开支百分比☯Percentagem das despesas públicas com a Educação no total das despesas públicas do Governo☯ ","教育及青年發展局,教育及青年发展局,Direcção dos Serviços de Educação e de Desenvolvimento da Juventude,Education and Youth Development Bureau","1","0","0","System.Object[]","13","27","2025-12-15 16:03:20","提供教育財政指標：公共教育開支佔政府總公共開支百分比☯提供教育财政指标：公共教育开支占政府总公共开支百分比☯Fornecer indicadores financeiros educativos: 
Percentagem das despesas públicas com a Educação no total das despesas públicas do Governo
☯ "
"0bd1995e-b74f-49e0-896d-f9abedf483a0","一戶通電子卡證清單☯一户通电子卡证清单☯Lista dos cartões digitais da Conta Única de Macau☯Lista dos cartões digitais da Conta Única de Macau","行政公職局,行政公职局,Direcção dos Serviços de Administração e Função Pública,Public Administration and Civil Service Bureau","0","1","0","System.Object[]","0","203","2026-04-02 16:49:12","一戶通電子卡證清單☯一户通电子卡证清单☯Lista dos cartões digitais da Conta Única de Macau
☯Lista dos cartões digitais da Conta Única de Macau"
"0c181576-03e5-497a-add2-39a60cb488d1","季度社會保障制度出生津貼受領人次及金額(澳門元)☯季度社会保障制度出生津贴受领人次及金额(澳门元)☯Número de vezes e montante (em patacas) de recebimento do subsídio de nascimento do regime da segurança social por trimestre☯Number of birth allowance applications under the Social Security System and expenditure on birth allowance in the quarter (patacas)","社會保障基金,社会保障基金,Fundo de Segurança Social,Social Security Fund","1","0","0","System.Object[]","56","78","2026-07-20 17:35:03","以季度方式提供在相關季度的期間內，出生津貼的受領人次及金額☯以季度方式提供在相关季度的期间内，出生津贴的受领人次及金额☯A prestação trimestral do número de vezes e montante de recebimento do subsídio de nascimento durante o respectivo trimestre☯Available on a quarterly basis, the number of birth allowance applications and expenditure on birth allowance in the relevant quarter"
"0c3034c7-c756-4ef1-bc12-ce91bf934ef6","澳門特區居民身份證持有人統計☯澳门特区居民身份证持有人统计☯Estatística dos titulares do BIR da RAEM☯Statistics on Macao SAR resident identity card holders","身份證明局,身份证明局,Direcção dos Serviços de Identificação,Identification Bureau","1","0","0","System.Object[]","347","565","2026-01-29 11:21:24","居民身份證持證人累計數目☯居民身份证持证人累计数目☯Número cumulativo de titulares do BIR da RAEM☯Cumulative number of holders of Macao SAR resident identity card"
"0c36621b-c628-4fc7-a5c9-413b5b5f73b5","外賣店盈利與支出比率☯外卖店盈利与支出比率☯Proporção do excedente bruto pelas despesas das lojas de take-away☯ ","統計暨普查局,统计暨普查局,Direcção dos Serviços de Estatística e Censos,Statistics and Census Service","0","1","0","System.Object[]","0","32","2026-01-26 12:41:03","外賣店的盈利與支出的比例，用以評估飲食業場所的成本效益。  請問是否需要改外賣店?☯外卖店的盈利与支出的比例，用以评估饮食业场所的成本效益。  请问是否需要改外卖店?☯Refere-se à relação entre o excedente bruto e as despesas, das lojas de take-away. O indicador serve para avaliar o custo-efectividade dos estabelecimentos do ramo da restauração.☯ "
"0c3d9dff-70fd-4dfe-b9e8-c8c004fb42fe","最佳誠信店☯最佳诚信店☯Melhor Loja Certificada☯Best Certified Shops","經濟及科技發展局,经济及科技发展局,Direcção dos Serviços de Economia e Desenvolvimento Tecnológico,Macao Economic Bureau","1","0","0","System.Object[]","10","66","2026-02-26 17:27:16","最佳誠信店名單☯最佳誠信店名單☯Listas das Melhores Lojas Certificadas ☯List of Best Certified Shops"
"0c513502-ca98-489e-812d-4e5266f82ccf","交通意外受傷事故(人數)☯交通意外受傷事故(人數)☯Número de feridos em acidentes de viação (pessoas)☯Traffic injuries (no. of persons)","治安警察局,治安警察局,CPSP,CPSP","1","0","0","System.Object[]","25","49","2026-02-06 15:08:20","交通意外受傷事故(人數)☯交通意外受傷事故(人數)☯Número de feridos em acidentes de viação (pessoas)☯Traffic injuries (no. of persons)"
"0c590aa3-8152-45a5-9436-c7a05338ba54","留宿旅客平均逗留時間☯留宿旅客平均逗留时间☯Período médio de permanência dos turistas☯ ","統計暨普查局,统计暨普查局,Direcção dos Serviços de Estatística e Censos,Statistics and Census Service","0","1","0","System.Object[]","0","34","2025-12-01 10:47:52","根據留宿旅客的出入境日期及時間計算其逗留時間，並按證件簽發地統計的所有留宿旅客的平均逗留時間。☯根据留宿旅客的出入境日期及时间计算其逗留时间，并按证件签发地统计的所有留宿旅客的平均逗留时间。☯O período de permanência dum turista é calculado de acordo com as datas de entrada e de saída e o tempo de estadia. Os dados sobre o período médio de permanência dos turistas são compilados por local de emissão do documento de viagem.☯ "
"0c78b4d9-df47-4b11-85bf-bab24c6b3626","公務人員數目統計—按監督實體及其他機構劃分☯公务人员数目统计—按监督实体及其他机构划分☯Estatísticas do número de trabalhadores dos serviços públicos - de acordo com as entidades tutelares e outros órgãos☯-","行政公職局,行政公职局,Direcção dos Serviços de Administração e Função Pública,Public Administration and Civil Service Bureau","1","0","0","System.Object[]","534","601","2026-07-23 12:48:34","按監督實體及其他機構劃分的澳門特別行政區公共行政人力資源的公務人員數目，且自2023年起包括行政長官及主要官員，以及其人員受私法制度規範的基金會及其他公共機構（澳門基金會、澳門澳門貿易投資促進局、澳門金融管理局、澳門大學、澳門理工大學及民航局）的人員數目。☯按监督实体及其他机构划分的澳门特别行政区公共行政人力资源的公务人员数目，且自2023年起包括行政长官及主要官员，以及其人员受私法制度规范的基金会及其他公共机构（澳门基金会、澳门澳门贸易投资促进局、澳门金融管理局、澳门大学、澳门理工大学及民航局）的人员数目。☯Número de trabalhadores dos serviços públicos pelos recursos humanos da Administração Pública da RAEM de acordo com as entidades tutelares e outras entidades, incluindo, a partir de 2023, o Chefe do Executivo, os titulares dos principais cargos, os trabalhadores sujeitos aos regulamentos do direito privado das fundações, bem como os trabalhadores das outras entidades públicas (Fundação Macau, Instituto de Promoção do Comércio e do Investimento, Autoridade Monetária de Macau, Universidade de Macau, Universidade Politécnica de Macau e Autoridade de Aviação Civil).☯-"
"0c9d9222-a3c5-42c2-9f92-ef6d2eac9014","社區座談會年內的舉辦時間表☯社区座谈会年内的举办时间表☯Agenda de realização de colóquios sobre assuntos comunitários no ano corrente☯Timetable of Seminars on Community held this year","市政署,市政署,Instituto para os Assuntos Municipais,Municipal Affairs Bureau","1","0","0","System.Object[]","14","30","2025-05-16 09:26:20","社區座談會年內的舉辦時間表☯社区座谈会年内的举办时间表☯Agenda de realização de colóquios sobre assuntos comunitários no ano corrente☯Timetable of Seminars on Community held this year"
"0c9fa128-2979-476e-a6d0-0516e917c90d","不過夜旅客人均消費☯不过夜旅客人均消费☯Despesa per capita dos excursionistas☯Per-capita spending of same-day visitors","統計暨普查局,统计暨普查局,Direcção dos Serviços de Estatística e Censos,Statistics and Census Service","0","1","0","System.Object[]","120","215","2025-12-04 12:58:39","不過夜旅客購買作為自用或送贈他人的商品及服務之人均消費，包括由旅客或他人（如親友或僱主）支付的消費，但不包括博彩、捐款、購買資產或用作再出售商品的支出。☯不过夜旅客购买作为自用或送赠他人的商品及服务之人均消费，包括由旅客或他人（如亲友或雇主）支付的消费，但不包括博彩、捐款、购买资产或用作再出售商品的支出。☯Refere-se à despesa per capita dos excursionistas em compras de bens e serviços quer para consumo próprio, quer para oferta a outrem. Inclui-se a despesa paga pelos excursionistas ou por outras pessoas (tais como: familiares ou empregadores), mas excluem-se as despesas no jogo, os donativos e as despesas relacionadas com as aquisições de bens de capital e de bens para revenda.☯ "
"0cef88b3-f232-4e0c-9c97-11f44d5a91b7","在澳門以外地區升學的澳門學生人數統計─按性別劃分☯在澳门以外地区升学的澳门学生人数统计─按性别划分☯Dados estatísticos do número de estudantes de Macau que prosseguem os seus estudos no exterior (classificados por sexo)☯-","教育及青年發展局,教育及青年发展局,Direcção dos Serviços de Educação e de Desenvolvimento da Juventude,Education and Youth Development Bureau","1","0","0","System.Object[]","17","39","2025-12-15 16:03:15","按學年方式，提供按性別劃分的在外升學澳門學生人數。☯按学年方式，提供按性别划分的在外升学澳门学生人数。☯Número de estudantes de Macau que prossguem os seus estudos no exterior (classificados por sexo), calculado de acordo com o ano lectivo.☯-"
"0d183407-720d-4289-b1fc-680ab062f8a9","人力資源範疇按工作人員所屬系統劃分的人員分佈☯人力资源范畴按工作人员所属系统划分的人员分布☯Distribuição dos trabalhadores pelo sistema em que estão inseridos, na àrea de recursos humanos☯人力資源範疇按工作人員所屬系統劃分的人員分佈","衛生局,卫生局,Serviços de Saúde,Health Bureau","1","0","0","System.Object[]","78","67","2024-12-19 14:58:39","人力資源範疇中，以工作人員所屬系統劃分的人員分佈☯人力资源范畴中，以工作人员所属系统划分的人员分布☯Distribuição dos trabalhadores pelo sistema em que estão inseridos, na àrea de recursos humanos☯人力資源範疇中，以工作人員所屬系統劃分的人員分佈"
"0d3b4a90-4c5b-4cc8-b035-348fb2bb17f7","本地生產總值實質變動率 - 外部需求淨值☯本地生产总值实质变动率 - 外部需求净值☯Taxa de variação real do Produto Interno Bruto - Procura externa líquida☯ ","統計暨普查局,统计暨普查局,Direcção dos Serviços de Estatística e Censos,Statistics and Census Service","0","1","0","System.Object[]","0","35","2025-11-10 14:47:52","剔除價格變化因素後的外地需求淨值變動，用以衡量外部市場對本地貨物及服務淨需求的實質變動。
☯剔除价格变化因素后的外地需求净值变动，用以衡量外部市场对本地货物及服务净需求的实质变动。
☯A variação da procura externa líquida, após a eliminação dos factores que influenciam os preços, serve para medir a variação real da procura líquida do mercado externo por bens e serviços locais.
☯ "
"0d4caa09-736c-40e7-aa1b-ec2fb056d875","人力資源範疇按所屬單位劃分的藥劑師數目☯人力资源范畴按所属单位划分的药剂师数目☯Número de farmacêuticos por subunidade a que pertencem, na área de recursos humanos☯人力資源範疇按所屬單位劃分的藥劑師數目","衛生局,卫生局,Serviços de Saúde,Health Bureau","1","0","0","System.Object[]","79","70","2024-12-19 14:58:36","人力資源範疇中，以所屬單位劃分的藥劑師數目☯人力资源范畴中，以所属单位划分的药剂师数目☯Número de farmacêuticos por subunidade a que pertencem, na área de recursos humanos☯人力資源範疇中，以所屬單位劃分的藥劑師數目"
"0d56b5ed-0153-4666-864f-ac13b1e1ee31","社會重返服務跟進個案數目☯社会重返服务跟进个案数目☯Número de casos acompanhados no âmbito do serviço de reinserção social☯---","社會工作局,社會工作局,Instituto de Acção Social,Social Welfare Bureau","1","0","0","System.Object[]","31","52","2026-08-10 17:45:24","社會重返服務跟進個案數目☯社会重返服务跟进个案数目☯Número de casos acompanhados no âmbito do serviço de reinserção social☯---"
"0d6dd204-5bc0-49f3-9b7a-7d9e6eb58020","澳門垃圾焚化中心尾氣數據☯澳门垃圾焚化中心尾气数据☯Dados de estação de tratamento de resíduos especiais e perigosos de Macau - nome da estação☯Dados de estação de tratamento de resíduos especiais e perigosos de Macau - nome da estação","環境保護局,环境保护局,Direcção dos Serviços de Protecção Ambiental,Environmental Protection Bureau","0","1","0","System.Object[]","0","161","2021-03-29 17:45:43","關於澳門垃圾焚化中心尾氣數據☯关于澳门垃圾焚化中心尾气数据☯Sobre os dados de estação de tratamento de resíduos especiais e perigosos de Macau - nome da estação☯Sobre os dados de estação de tratamento de resíduos especiais e perigosos de Macau - nome da estação"
"0d73ca50-d26b-45cf-9895-77443ee6cc93","港口貨櫃總吞吐量☯港口货柜总吞吐量☯Movimento geral de contentores nos portos☯Port container throughput","統計暨普查局,统计暨普查局,Direcção dos Serviços de Estatística e Censos,Statistics and Census Service","0","1","0","System.Object[]","0","44","2025-11-14 17:18:22","從港口進出口標準貨櫃數目，以TEU（標準貨櫃單位為 20 呎 x 8 呎 x 8 呎）為單位。☯从港口进出口标准货柜数目，以TEU（标准货柜单位为 20 呎 x 8 呎 x 8 呎）为单位。☯Refere-se ao número de entradas e saídas de contentores nos portos. O TEU é a unidade padrão do contentor (20 pés x 8 pés x 8 pés).☯Number of inward and outward containers handled at ports, with the unit being TEU (Twenty-foot Equivalent Unit with standard size of 20 feet x 8 feet x 8 feet)."
"0db29bfd-cbb5-4158-adac-8c41965655a3","外賣店在職員工☯外卖店在职员工☯Pessoal ao serviço das lojas de take-away☯ ","統計暨普查局,统计暨普查局,Direcção dos Serviços de Estatística e Censos,Statistics and Census Service","0","1","0","System.Object[]","0","31","2026-01-26 12:41:47","在外賣店工作的全職及無薪員工總數。☯在外卖店工作的全职及无薪员工总数。☯Refere-se ao número total de trabalhadores remunerados a tempo completo e de trabalhadores não remunerados que laboram nas lojas de take-away.☯ "
"0de74d36-1b39-4c72-a59f-ce271f6777f7","實用專利註冊申請量☯实用专利注册申请量☯Números dos Pedidos de Registo de Patente de Utilidade☯Number of Applications of Utility Patent Registration","經濟及科技發展局,经济及科技发展局,Direcção dos Serviços de Economia e Desenvolvimento Tecnológico,Macao Economic Bureau","1","0","0","System.Object[]","50","79","2026-07-10 15:05:11","提供實用專利註冊申請統計資料☯提供实用专利注册申请统计资料☯Dados estatísticos dos pedidos de registo de patente de utilidade☯Statistics on utility patent registration applications"
"0e063666-a8c0-49dd-80ac-bb7e45a2f7dd","澳門大學圖書館館藏資源☯澳门大学图书馆馆藏资源☯Recursos da Biblioteca da Universidade de Macau☯University of Macau Library Resources","澳門大學,澳門大學,UM,UM","1","0","0","System.Object[]","160","295","2026-05-08 17:32:55","館藏資源數據包括﹕紙本圖書、期刊、古籍、視聽資料、書畫文物、檔案特藏、手稿、縮影資料、電子圖書、電子論文、電子報紙、電子期刊、電子資料庫(訂購) 。☯馆藏资源数据包括﹕纸本图书、期刊、古籍、视听数据、书画文物、档案特藏、手稿、缩影数据、电子图书、电子论文、电子报纸、电子期刊、电子数据库(订购) 。☯Os recursos da biblioteca incluem: livros em formato impresso, periódicos, livros raros, materiais audio-visuais, caligrafia e pintura, relíquias, arquivos e materiais especiais, manuscritos, microformas, livros em formato digital, teses em formato digital, jornais em formato digital, bases de dados (acesso por subscrição).☯The Library Resources include: physical books, journals, rare books, A/V materials, calligraphy and painting, and relics, archives and special materials, manuscripts, microforms, e-books, e-theses, e-newspapers, e-journals, e-databases (on subscription)."
"0e4f6d0f-0f84-4866-8123-f5fbb6557bb2","衛生範疇按根本死因組別劃分的死亡人數統計☯ 卫生范畴按根本死因组别划分的死亡人数统计☯Estatísticas de óbitos segundo os grupos de causas antecedentes de morte, na área de saúde☯衛生範疇按根本死因組別劃分的死亡人數統計","衛生局,卫生局,Serviços de Saúde,Health Bureau","1","0","0","System.Object[]","93","132","2024-12-19 14:59:14","衛生範疇中，以根本死因組別劃分之死亡人數統計☯卫生范畴中，以根本死因组别划分之死亡人数统计☯Estatísticas de óbitos segundo os grupos de causas antecedentes de morte, na área de saúde☯衛生範疇中，以根本死因組別劃分之死亡人數統計"
"0e6362e3-0b0b-4696-9bf3-fb4b2c928b09","大眾體育健身興趣班資料☯大众体育健身兴趣班资料☯ ☯Fitness and recreational classes","體育局,体育局,Instituto do Desporto,Sports Bureau","1","0","0","System.Object[]","127","232","2025-03-27 17:21:41","大眾體育健身興趣班人次☯大众体育健身兴趣班人次☯ ☯Total number of Fitness and recreational classes"
"0e9b801e-fa51-4db2-84fa-602697464df0","在囚人之輔導工作安排☯在囚人之辅导工作安排☯Serviços de aconselhamento para reclusos☯Counselling Services for Inmates","懲教管理局,懲教管理局,DSC,DSC","1","0","0","System.Object[]","26","36","2026-01-22 16:14:40","項目簡介/活動內容、合作/支持單位及在囚人參與人次統計☯项目简介/活动内容、合作/支持单位及在囚人参与人次统计☯Tipos e conteúdo das Actividades de Grupo e Workshop e Número de reclusos participando☯Types and content of Talks and Workshops and number of inmates participated"
"0eb0a7a1-ce0e-470c-8642-fcf97dabb311","本地居民總收入☯本地居民总收入☯Rendimento Nacional Bruto☯Gross National Income (GNI)","統計暨普查局,统计暨普查局,Direcção dos Serviços de Estatística e Censos,Statistics and Census Service","0","1","0","System.Object[]","0","43","2024-12-30 17:13:46","指一個國家/地區的機構及個人在境內及境外從事各類經濟活動所賺取的總收入。本地居民涵蓋個人及機構，個人是包括在該經濟體居住或將居住十二個月或以上的人士，與國籍無關；機構是包括在該經濟體營運的生產單位。☯指一个国家/地区的机构及个人在境内及境外从事各类经济活动所赚取的总收入。本地居民涵盖个人及机构，个人是包括在该经济体居住或将居住十二个月或以上的人士，与国籍无关；机构是包括在该经济体营运的生产单位。☯Refere-se ao rendimento total obtido, pelas pessoas singulares e colectivas dum país/território, na realização das suas actividades económicas dentro e fora do Território. Entendem-se por residentes tanto pessoas singulares como pessoas colectivas. Independentemente da nacionalidade, consideram-se como pessoas singulares, as que tenham permanecido ou que venham a permanecer nesse mesmo sistema económico pelo menos 12 meses, relativamente ao período de referência. Por seu turno, consideram-se como pessoas colectivas as que exercem as suas actividades económicas nesse mesmo sistema económico.☯Refers to total income earned by residents of a country/territory from engaging in various economic activities within or outside the country/territory. Residents include individuals and institutions. For an individual, it refers to a person who has stayed or intends to stay in that economy for at least 12 months, irrespective of nationality. For an institution, it refers to the producing unit that operates principally in that economy."
"0f0deaf7-613d-4527-9cbb-bec1521986d4","經旅行社購買外遊服務的居民☯经旅行社购买外游服务的居民☯Residentes que adquiriram nas agências de viagens serviços para viajarem ao exterior☯ ","統計暨普查局,统计暨普查局,Direcção dos Serviços de Estatística e Censos,Statistics and Census Service","0","1","0","System.Object[]","0","30","2025-12-01 10:46:07","本地居民通過旅行社購買外遊服務的總數量。☯本地居民通过旅行社购买外游服务的总数量。☯Referem-se ao número total de residentes que adquiriram nas agências de viagens serviços para viajarem ao exterior.☯ "
"0f377857-07de-4f43-be86-5f0cb14c28c3","蓄意自我傷害（自殺）的死亡佔比☯蓄意自我伤害（自杀）的死亡占比☯Proporção de óbitos por lesões autoprovocadas voluntariamente (suicídios)☯ ","統計暨普查局,统计暨普查局,Direcção dos Serviços de Estatística e Censos,Statistics and Census Service","0","1","0","System.Object[]","0","43","2025-11-10 14:49:43","因蓄意自我傷害（自殺）致死的人數佔全年死亡人數的比例。☯因蓄意自我伤害（自杀）致死的人数占全年死亡人数的比例。☯Percentagem de óbitos por lesões autoprovocadas voluntariamente (suicídios) em relação ao número de óbitos no ano de referência.☯ "
"0f3cc97a-b29e-42bd-aafd-0c6e1aeced0c","澳門高等院校非教學人員人數統計─按聘用方式劃分☯澳门高等院校非教学人员人数统计─按聘用方式划分☯Dados estatísticos do número de pessoal não docente das instituições do ensino superior de Macau (classificados pela forma de contratação) ☯-","教育及青年發展局,教育及青年发展局,Direcção dos Serviços de Educação e de Desenvolvimento da Juventude,Education and Youth Development Bureau","1","0","0","System.Object[]","18","39","2025-12-15 16:03:09","按學年方式，提供按聘用方式劃分的澳門高等院校非教學人員人數。☯按学年方式，提供按聘用方式划分的澳门高等院校非教学人员人数。☯Número de pessoal não docente das instituições do ensino superior de Macau (classificados pela forma de contratação), calculado de acordo com o ano lectivo.☯-"
"0f48b275-0cb9-46ab-b3fc-e3249051b621","社區醫療衛生 (衛生中心)按門診種類和衛生中心劃分的門診人次☯社区医疗卫生 (卫生中心)按门诊种类和卫生中心划分的门诊人次☯Número de consultas externas consoante o tipo de consultas e os centros de saúde, na área de cuidados de saúde comunitários (centros de saúde)☯社區醫療衛生 (衛生中心)按門診種類和衛生中心劃分的門診人次","衛生局,卫生局,Serviços de Saúde,Health Bureau","1","0","0","System.Object[]","129","123","2024-12-19 14:59:41","社區醫療衛生 (衛生中心)中，按門診種類和衛生中心劃分的門診人次☯一般卫生护理范畴(卫生中心)中，按门诊种类和卫生中心划分的门诊人次☯Número de consultas externas consoante o tipo de consultas e os centros de saúde, na área de cuidados de saúde comunitários (centros de saúde)☯社區醫療衛生 (衛生中心)中，按門診種類和衛生中心劃分的門診人次"
"0f87310e-ddb7-4f25-bee9-e6a06fd19f51","天然氣進口量☯天然气进口量☯Volume de gás natural importado☯Volume de gás natural importado","環境保護局,环境保护局,Direcção dos Serviços de Protecção Ambiental,Environmental Protection Bureau","0","1","0","System.Object[]","0","56","2025-05-26 12:52:17","天然氣進口量☯天然气进口量☯Volume de gás natural importado☯Volume de gás natural importado"
"0fc780f6-02bd-4c59-901b-8192132484af","澳門大熊貓館☯澳门大熊猫馆☯Pavilhão do Panda Gigante de Macau☯Macao Giant Panda Pavilion","市政署,市政署,Instituto para os Assuntos Municipais,Municipal Affairs Bureau","1","1","0","System.Object[]","45","245","2026-07-10 10:00:20","提供熊貓館、熊貓中心的相關資訊。☯提供熊猫馆、熊猫中心的相关资讯。☯Prestação de informações sobre o Pavilhão do Panda Gigante e o Centro do Panda Gigante.☯Provision of information about the Macao Giant Panda Pavilion and the Macao Giant Panda Information Centre."
"0fd8bd2e-fffd-49ae-8931-f2df77b11ef5","參與健康生活教育園地活動的數據☯参与健康生活教育园地活动的数据☯Dados relativos à Participação nas Actividades da Casa de Educação de Vida Sadia☯---","社會工作局,社會工作局,Instituto de Acção Social,Social Welfare Bureau","1","0","0","System.Object[]","15","56","2026-03-16 11:17:42","健康生活教育園地活動的參與數據（包括活動次數及參與人次）☯健康生活教育园地活动的参与数据（包括活动次数及参与人次）☯Dados relativos à Participação nas Actividades da Casa de Educação de Vida Sadia☯----"
"1007b48d-d9e1-4e5c-93d1-3548832c688e","用水量☯用水量☯Volume de água consumida☯Water consumption","統計暨普查局,统计暨普查局,Direcção dos Serviços de Estatística e Censos,Statistics and Census Service","0","1","0","System.Object[]","0","52","2025-11-14 17:20:56","每月收費用水量。☯每月收费用水量。☯Volume de água facturada de cada mês.☯Volume of monthly billed water consumption."
"100fcca2-19a3-4338-84e3-48121ea2b885","《統計年刊 2024》社區醫療衛生範疇 - 其他 場所准照審批概況☯《統計年刊 2024》社區醫療衛生範疇 - 其他 場所准照審批概況☯CUIDADOS DE SAÚDE COMUNITÁRIOS - OUTROS Actividades realizadas no âmbito do licenciamento dos  estabelecimentos☯CUIDADOS DE SAÚDE COMUNITÁRIOS - OUTROS Actividades realizadas no âmbito do licenciamento dos  estabelecimentos","衛生局,卫生局,Serviços de Saúde,Health Bureau","1","0","0","System.Object[]","11","24","2025-10-28 17:38:11","《統計年刊 2024》社區醫療衛生範疇 - 其他 場所准照審批概況☯《統計年刊 2024》社區醫療衛生範疇 - 其他 場所准照審批概況☯CUIDADOS DE SAÚDE COMUNITÁRIOS - OUTROS Actividades realizadas no âmbito do licenciamento dos  estabelecimentos☯CUIDADOS DE SAÚDE COMUNITÁRIOS - OUTROS Actividades realizadas no âmbito do licenciamento dos  estabelecimentos"
"1024c204-31b2-4b5c-8519-94dec6c9b0db","《統計年刊 2024》專科醫療衛生範疇診斷和治療輔助檢查人次☯《統計年刊 2024》專科醫療衛生範疇診斷和治療輔助檢查人次☯CUIDADOS DE SAÚDE DIFERENCIADOS N.º de Meios complementares de diagnóstico e terapêutica☯CUIDADOS DE SAÚDE DIFERENCIADOS N.º de Meios complementares de diagnóstico e terapêutica","衛生局,卫生局,Serviços de Saúde,Health Bureau","1","0","0","System.Object[]","13","23","2025-10-28 17:39:23","《統計年刊 2024》專科醫療衛生範疇診斷和治療輔助檢查人次☯《統計年刊 2024》專科醫療衛生範疇診斷和治療輔助檢查人次☯CUIDADOS DE SAÚDE DIFERENCIADOS N.º de Meios complementares de diagnóstico e terapêutica☯CUIDADOS DE SAÚDE DIFERENCIADOS N.º de Meios complementares de diagnóstico e terapêutica"
"103674b7-b755-44b8-81ea-0b9b7a5ee92e","澳門高等院校本地生註冊人數統計—按學科範疇劃分☯澳门高等院校本地生注册人数统计—按学科范畴划分☯Estatística do número de estudantes locais inscritos nas instituições de ensino superior de Macau – por área disciplinar☯ ","教育及青年發展局,教育及青年发展局,Direcção dos Serviços de Educação e de Desenvolvimento da Juventude,Education and Youth Development Bureau","1","0","0","System.Object[]","24","44","2025-12-15 16:02:30","按學年方式，提供按學科範疇劃分的澳門高等院校本地生註冊人數☯按学年方式，提供按学科范畴划分的澳门高等院校本地生注册人数☯Número de estudantes locais inscritos nas instituições de ensino superior de Macau, por área disciplinar e por ano lectivo☯ "
"10942b27-a394-49d6-86df-b2e60423abd4","麻醉藥品及精神藥物☯麻醉药品及精神药物☯Estupefaciente e substância psicotrópica☯Narcotic and psychotropic substance","中華人民共和國澳門特別行政區海關,中華人民共和國澳門特別行政區海關,SA,SA","1","1","0","System.Object[]","25","65","2024-07-29 11:31:45","海關檢獲之麻醉藥品及精神藥物☯海关检获之麻醉药品及精神药物☯Estupefaciente e substância psicotrópica☯Narcotic and psychotropic substance"
"111c078e-729d-47af-b5f0-edd03444590e","整體住宅樓價指數☯整体住宅楼价指数☯Índice global de preços da habitação☯Overall residential property price index","統計暨普查局,统计暨普查局,Direcção dos Serviços de Estatística e Censos,Statistics and Census Service","0","1","0","System.Object[]","301","634","2024-12-30 12:47:09","反映參考期與基期之間整體住宅單位價格的變動。☯反映參考期與基期之間整體住宅單位價格的變動。☯Reflecte a variação de preços das fracções autónomas habitacionais globais entre o período de referência e o período base. ☯Reflects the change in prices of all residential units between the reference period and the based period."
"111d7049-0d7a-40a9-ba55-8f72e18923d9","年度社會保障制度養老金受領人數及金額(澳門元)☯年度社会保障制度养老金受领人数及金额(澳门元)☯Número de beneficiários e montante (em patacas) de recebimento da pensão para idosos do regime da segurança social por ano☯Number of old-age pension recipients under the Social Security System and expenditure on old-age pension in the year (patacas)","社會保障基金,社会保障基金,Fundo de Segurança Social,Social Security Fund","1","0","0","System.Object[]","52","83","2026-09-01 17:05:05","以年度方式提供在相關曆年內，養老金受領人數及金額☯以年度方式提供在相关历年内，养老金受领人数及金额☯Prestação anual do número de beneficiários e montante de recebimento da pensão para idosos durante o respectivo ano civil☯Available on an annual basis, the number of old-age pension recipients and expenditure on old-age pension in the relevant calendar year."
"111e7b63-60aa-430e-abae-82d802326604","意見書申請宗數☯意见书申请宗数☯Número de pedidos de parecer ☯Number of cases filed as application of legal opinion ","個人資料保護局,个人资料保护局,DSPDP,DSPDP","1","0","0","System.Object[]","14","29","2025-12-04 10:41:55","個人資料保護局意見書申請宗數☯个人资料保护局意见书申请宗数☯Número de pedidos de parecer apresentados à DSPDP☯Number of cases filed as application of legal opinion at the Personal Data Protection Bureau"
"11416283-caa4-43cf-b33d-0aae77a30d50","建築工人平均日薪☯建筑工人平均日薪☯Salário diário médio dos trabalhadores da construção☯Average daily wages of construction workers","統計暨普查局,统计暨普查局,Direcção dos Serviços de Estatística e Censos,Statistics and Census Service","0","1","0","System.Object[]","101","196","2024-12-30 12:45:57","建築工人之日薪總和除以建築工人數目。☯建筑工人之日薪总和除以建筑工人數目。☯Refere-se à soma dos salários diários dos trabalhadores da construção dividida pelo número de trabalhadores da construção.☯Calculated by dividing the total amount of daily wages for construction workers by number of construction workers."
"11fc2607-5a69-4c9f-885d-431a42f414ac","行人違法過馬路☯行人違法過馬路☯Os peões atravessam as vias sem cumprirem as regras de trânsito☯Pedestrians crossing roads illegally","治安警察局,治安警察局,CPSP,CPSP","1","0","0","System.Object[]","29","51","2026-02-06 15:08:28","行人違法過馬路☯行人違法過馬路☯Os peões atravessam as vias sem cumprirem as regras de trânsito☯Pedestrians crossing roads illegally"
"1225807b-369b-4455-b6f8-20eb74444479","圖書館地點☯图书馆地点☯Localização da biblioteca☯Library locations","文化局,文化局,Instituto Cultural,Cultural Affairs Bureau","0","1","0","System.Object[]","0","131","2025-03-20 11:16:35","圖書館地點☯图书馆地点☯Localização da biblioteca☯Library locations"
"124cea73-5d50-4d05-ab21-ceb05bd1af90","旅客人均其他消費☯旅客人均其他消费☯Outras despesas per capita dos visitantes☯ ","統計暨普查局,统计暨普查局,Direcção dos Serviços de Estatística e Censos,Statistics and Census Service","0","1","0","System.Object[]","0","39","2025-12-09 11:12:50","旅客在除主要消費類別外的其他項目上的人均消費，包括由旅客或他人（如親友或僱主）支付的消費。☯旅客在除主要消费类别外的其他项目上的人均消费，包括由旅客或他人（如亲友或雇主）支付的消费。☯Referem-se às despesas per capita dos visitantes noutro tipo de consumo (excepto os principais tipos de consumo), pagas pelos próprios ou por outras pessoas (tais como: familiares ou empregadores).☯ "
"12564cf3-6534-4730-9e61-4c9d3e322baa","澳門區域旅遊數據 - 按中國内地主要省份及統計分區的旅客平均逗留時間☯澳门区域旅游数据 - 按中国内地主要省份及统计分区的旅客平均逗留时间☯Dados Turísticos Regionais de Macau - Tempo médio de permanência por principais províncias do Interior da China e zonas estatísticas☯Macao District Tourism Data - Average Length of Stay by Main Provinces in Mainland China and Statistical District","旅遊局,旅游局,Direcção dos Serviços de Turismo,Macao Government Tourism Office","1","0","0","System.Object[]","81","154","2026-08-31 17:44:16","澳門區域旅遊數據 - 按中國内地主要省份及統計分區的旅客平均逗留時間☯澳门区域旅游数据 - 按中国内地主要省份及统计分区的旅客平均逗留时间☯Dados Turísticos Regionais de Macau - Tempo médio de permanência por principais províncias do Interior da China e zonas estatísticas☯Macao District Tourism Data - Average Length of Stay by Main Provinces in Mainland China and Statistical District"
"127ea96d-aca3-4bc3-892c-fb08e4db037b","動物傷人個案統計☯动物伤人个案统计☯Estatísticas sobre os casos de animais envolvidos em agressões☯Statistics on cases of animals injuring humans","市政署,市政署,Instituto para os Assuntos Municipais,Municipal Affairs Bureau","0","1","0","System.Object[]","0","60","2025-05-30 14:36:21","為了預防及控制動物狂犬病之傳播，市政署會對曾傷害他人或動物之犬、貓進行臨床隔離檢疫觀察，以檢查相關動物是否患有狂犬病。有關數據將列出每季度本澳動物傷人個案的數量。☯为了预防及控制动物狂犬病之传播，市政署会对曾伤害他人或动物之犬、猫进行临床隔离检疫观察，以检查相关动物是否患有狂犬病。有关数据将列出每季度本澳动物伤人个案的数量。☯Com o objectivo de prevenir e controlar a propagação da raiva nos animais, o IAM irá proceder ao isolamento clínico para   inspecção sanitária de cães e gatos que tenham agredido outras pessoas ou animais, a fim de verificar se estes têm raiva.  Os dados vão indicar o número de casos de animais que causam ferimentos em Macau a cada trimestre.☯To prevent and control the spread of animal rabies, the Municipal Affairs Bureau (IAM) conducts clinical quarantine and observation to dogs and cats that hurt other people or animals to examine if they have rabies. The data lists the number of cases of animals injuring humans in Macao for each quarter."
"12916045-4895-408c-bfe5-c923af422e12","公園及花園☯公园及花园☯Jardins e Parques☯Gardens and parks","市政署,市政署,Instituto para os Assuntos Municipais,Municipal Affairs Bureau","1","1","0","System.Object[]","92","319","2026-07-24 10:00:13","提供各區公園及花園的使用及位置資訊。☯提供各区公园及花园的使用及位置资讯。☯Fornece informações relativas à utilização e localização dos jardins e parques.☯Providing information about the use and locations of gardens and parks in various districts."
"12abc4fe-612d-47fe-bce9-cb978c138843","藥物業稽查及違規個案數目☯药物业稽查及违规个案数目☯Número de inspecções da actividade farmacêutica e de casos de infracções☯-","藥物監督管理局,药物监督管理局,ISAF,ISAF","1","0","0","System.Object[]","17","46","2026-01-30 15:21:51","藥物監督管理局對本澳藥物業活動的稽查次數及違規個案概況☯药物监督管理局对本澳药物业活动的稽查次数及违规个案概况☯Número de inspecções efectuadas pelo Instituto para a Supervisão e Administração Farmacêutica à actividade farmacêutica em Macau e situação geral de casos de infracções☯-"
"12d42ec3-6d61-4daf-b713-eecbfcff5daa","智能回收機位置清單☯智能回收机位置清单☯Lista de locais de recolha de  máquina de reciclagem inteligente☯List of smart recycling machine locations","環境保護局,环境保护局,Direcção dos Serviços de Protecção Ambiental,Environmental Protection Bureau","0","1","0","System.Object[]","0","123","2025-06-13 09:22:48","智能回收機位置清單☯智能回收机位置清单☯Lista de locais de recolha de  máquina de reciclagem inteligente☯List of smart recycling machine locations"
"13281b6d-c99b-4979-91db-f05a135981c4","退休及撫卹制度-退休金訂定宗數 –按退休種類劃分☯退休及抚恤制度-退休金订定宗数 –按退休种类划分☯Regime de Aposentação e Sobrevivência – Número de pensões de aposentação fixadas – Por tipos de aposentação☯ ","退休基金會,退休基金会,Fundo de Pensões,Pension Fund","1","0","0","System.Object[]","33","85","2026-05-18 14:40:00","按退休種類統計當年退休及撫卹制度中退休金訂定宗數☯按退休种类统计当年退休及抚恤制度中退休金订定宗数☯Estatística do número de pensões de aposentação fixadas do Regime de Aposentação e Sobrevivência desse ano, de acordo com os tipos de aposentação☯ "
"13792b21-67b9-4e0a-a972-6c7a179b96a3","動物狂犬病疫苗注射統計☯动物狂犬病疫苗注射统计☯Estatísticas sobre a vacinação anti-rábica em animais☯Statistics on vaccination against rabies of animals","市政署,市政署,Instituto para os Assuntos Municipais,Municipal Affairs Bureau","0","1","0","System.Object[]","0","68","2025-05-30 14:38:58","根據《動物保護法》規定，飼主應為動物提供防治傳染病的必要措施，尤其應為犬隻定期注射狂犬病疫苗，否則將影響犬隻准照續期及可被科處罰款，同時亦建議飼主定期為貓隻注射有關疫苗。有關數據將列出每季度本澳動物注射狂犬病疫苗的數量。☯根据《动物保护法》规定，饲主应为动物提供防治传染病的必要措施，尤其应为犬隻定期注射狂犬病疫苗，否则将影响犬隻准照续期及可被科处罚款，同时亦建议饲主定期为猫隻注射有关疫苗。有关数据将列出每季度本澳动物注射狂犬病疫苗的数量。☯Nos termos da Lei de Protecção dos Animais, os donos devem fornecer aos animais as medidas necessárias à prevenção e tratamento de doenças transmissíveis, nomeadamente, deve vacinar periodicamente os cães contra a raiva, caso contrário, a renovação da licença dos cães será afectada e poderão ser aplicadas multas. Ao mesmo tempo, sugere-se que os donos vacinem regularmente os seus gatos. Os dados vão indicar o número de vacinas contra a raiva administradas aos animais em Macau por trimestre.☯In accordance with the stipulations of the “Animal Protection Law”, owners should provide the animals with necessary measures for prevention and control of infectious diseases. In particular, they should vaccinate their dogs against rabies at regular intervals, otherwise the renewal of the dog license will be affected and a fine can be imposed. In addition, owners are advised to vaccinate cats against rabies periodically. The data lists the number of animals vaccinated against rabies in Macao for each quarter."
"13b0a128-bf31-4588-8678-04d1269a493d","疾病預防控制範疇蚊的控制工作☯疾病预防控制范畴蚊的控制工作☯Trabalho de controlo de mosquitos, na área da prevenção e controlo de doenças☯疾病預防控制範疇蚊的控制工作","衛生局,卫生局,Serviços de Saúde,Health Bureau","1","0","0","System.Object[]","60","78","2024-12-19 15:00:10","疾病預防控制範疇中，蚊的控制工作☯疾病预防控制范畴中，蚊的控制工作☯Trabalho de controlo de mosquitos, na área da prevenção e controlo de doenças☯疾病預防控制範疇中，蚊的控制工作"
"13e9cbbc-6394-4f61-b582-209f0ef8c98f","服務質量滿意度統計☯服务质量满意度统计☯Pesquisa de Satisfação com a Qualidade do Serviço☯Service Satisfaction Survey Statistics","澳門保安部隊高等學校,澳門保安部隊高等學校,ESFSM,ESFSM","1","0","1","System.Object[]","27","66","2025-08-07 19:01:59","服務質量滿意度統計☯服务质量满意度统计☯Pesquisa de Satisfação com a Qualidade do Serviço☯Service Satisfaction Survey Statistics"
"141671ad-88ce-4f11-bc1d-499715fa8e03","司法警察局送交檢察院人士數量☯司法警察局送交检察院人士数量☯Número de indivíduos presentes ao Ministério Público pela PJ☯Number of persons transferred to the Public Prosecutions Office by the Judiciary Police","司法警察局,司法警察局,PJ,PJ","1","0","0","System.Object[]","26","53","2026-08-13 14:55:19","司法警察局送交檢察院人士數量☯司法警察局送交检察院人士数量☯Número de indivíduos presentes ao Ministério Público pela PJ☯Number of persons transferred to the Public Prosecutions Office by the Judiciary Police"
"1461c317-217e-4069-a77e-34cd028a47d2","投資者""一站式""服務完成跟進投資項目數量☯投资者""一站式""服务完成跟进投资项目数量☯Serviço one-stop ao investidor - projecto concluído ☯Investor's onestop serivce - complete project ","招商投資促進局,招商投资促进局,IPIM,IPIM","1","0","0","System.Object[]","29","50","2026-01-20 17:03:39","貿促局的投資者“一站式”服務，為投資者在澳落實項目的過程中提供全方位的支援和協助，除通過約見、互聯網、電話等渠道接待投資者之外，貿促局亦會委派專人由簡單的諮詢開始全程跟進項目，直至協助落實在澳投資計劃涉及的各項行政程序。☯贸促局的投资者“一站式”服务，为投资者在澳落实项目的过程中提供全方位的支持和协助，除通过约见、互联网、电话等渠道接待投资者之外，贸促局亦会委派专人由简单的咨询开始全程跟进项目，直至协助落实在澳投资计划涉及的各项行政程序。☯Os serviços “One-Stop” do IPIM prestam assistência abrangente aos investidores que implementam os seus projectos em Macau. Para além de receber investidores através de entrevistas, Internet, telefonemas, entre outros, o IPIM também designa pessoal para acompanhamento dos projectos mediante o fornecimento de informações básicas, dando auxílio na implementação de projectos de investimento em Macau, no que toca aos procedimentos administrativos envolvidos.☯IPIM offers Investor’s “One-Stop” Service, which provides investors with a full range of support and assistance for the implementation process of investor’s projects launched in Macao. In addition to appointments, e-mails and phone calls with investor, IPIM designates personnel to assist from the stage of initial enquiry, conduct comprehensive project follow-up which helps facilitate the implementation of investment project in Macao as well as the proceeding of relevant administrative procedures."
"1465d565-b008-4d5d-a5c3-6709c6e95834","社區醫療衛生 (衛生中心)衛生中心保健指標☯社区医疗卫生 (卫生中心)卫生中心保健指标☯Indicadores de saúde dos centros de saúde, na área de cuidados de saúde generalizados (centros de saúde)☯社區醫療衛生 (衛生中心)衛生中心保健指標","衛生局,卫生局,Serviços de Saúde,Health Bureau","1","0","0","System.Object[]","84","69","2024-12-19 14:58:23","一般衛生護理範疇(衛生中心)中，衛生中心保健指標☯一般卫生护理范畴(卫生中心)中，卫生中心保健指标☯Indicadores de saúde dos centros de saúde, na área de cuidados de saúde generalizados (centros de saúde) ☯一般衛生護理範疇(衛生中心)中，衛生中心保健指標"
"148a87c5-1d24-4554-8bba-6c017a120be7","酒店業員工支出☯酒店业员工支出☯Despesas com pessoal dos hotéis e similares☯ ","統計暨普查局,统计暨普查局,Direcção dos Serviços de Estatística e Censos,Statistics and Census Service","0","1","0","System.Object[]","0","32","2026-01-26 12:47:35","酒店業場所支付給所有員工的薪金、津貼及其他相關費用的總額。☯酒店业场所支付给所有员工的薪金、津贴及其他相关费用的总额。☯Referem-se ao valor total das despesas em remunerações, subsídios e outras despesas correlacionadas, pagas pelos hotéis e similares a todos os trabalhadores.☯ "
"14ce0964-4c64-4c90-9211-48e695ac9f00","經旅行社購買非隨團外遊服務的居民☯经旅行社购买非随团外游服务的居民☯Residentes que adquiriram nas agências de viagens serviços para viajarem individualmente ao exterior☯Residents purchasing outbound services for travelling under own arrangements through travel agencies","統計暨普查局,统计暨普查局,Direcção dos Serviços de Estatística e Censos,Statistics and Census Service","0","1","0","System.Object[]","0","37","2025-11-14 17:24:11","經旅行社購買交通及住宿等套票或單項產品的本地居民。☯经旅行社购买交通及住宿等套票或单项产品的本地居民。☯Residentes que adquiriram na agência de viagem de Macau um pacote de diferentes serviços, tais como o transporte e o alojamento, ou um único serviço.☯Local residents who purchase travel package that includes transport and accommodation or a single item of service through travel agencies."
"1503cd84-60bd-473f-825f-bdfc9905aef8","退休及撫卹制度-撫卹金份數☯退休及抚恤制度-抚恤金份数☯Regime de Aposentação e Sobrevivência – Número de pensões de sobrevivência☯ ","退休基金會,退休基金会,Fundo de Pensões,Pension Fund","1","0","0","System.Object[]","60","85","2026-05-18 14:39:31","按年統計退休及撫卹制度中領取撫卹金之數目☯按年统计退休及抚恤制度中领取抚恤金之数目☯Estatística do número de pensões de sobrevivência recebidas do Regime de Aposentação e Sobrevivência por ano☯ "
"15044781-1752-4f98-b87e-508208d70408","熱帶氣旋信號☯热带气旋信号☯Sinais de Tempestade☯Tropical	Tropical Cyclone Signal","地球物理氣象局,地球物理气象局,irecção dos Serviços Meteorológicos e Geofísicos,Meteorological and Geophysical Bureau","0","0","1","System.Object[]","0","754","2023-12-05 17:11:09","提供熱帶氣旋警告信號、熱帶氣旋概況及未來動態等資訊。☯提供热带气旋警告信号、热带气旋概况及未来动态等信息。☯Avisos de tempestades tropicais, incluindo situação presente e informações de previsão.☯Provide Tropical Cyclone warning signal, present situation and forecast information."
"15466db1-07dd-4938-9f28-0da6e1f75484","工作意外統計數據 - 按意外原因統計工作意外受害人數☯工作意外统计数据 - 按意外原因统计工作意外受害人数☯Dados estatísticos dos acidentes de trabalho - Vítimas de acidentes de trabalho segundo as causas ☯Statistics on occupational accidents - Number of occupational accident victims by cause of accident","勞工事務局,劳工事务局,Direcção dos Serviços para os Assuntos Laborais,Labour Affairs Bureau","1","0","0","System.Object[]","20","43","2026-07-31 16:25:30","按意外原因統計工作意外受害人數☯按意外原因统计工作意外受害人数☯Vítimas de acidentes de trabalho segundo as causas☯Number of occupational accident victims by cause of accident"
"1563ed32-cb0e-49a5-a5ef-96dbb799905a","車輛檢驗☯车辆检验☯Inspecção de veículos ☯Vehicle Inspection","交通事務局,交通事务局,Direcção dos Serviços para os Assuntos de Tráfego,Transport Bureau","1","0","0","System.Object[]","19","34","2026-05-22 01:01:11","車輛檢驗☯车辆检验☯Inspecção de veículos ☯Vehicle Inspection"
"15912d2e-b578-4f56-8ea1-6e5436177984","客運碼頭統計數據☯客运码头统计数据☯ Estatísticas do Terminal Marítimo☯Ferry Terminal Statistics","海事及水務局,海事及水務局,DSAMA,DSAMA","1","0","0","System.Object[]","89","151","2026-02-09 17:10:05","客運碼頭統計數據☯客运码头统计数据☯ Estatísticas do Terminal Marítimo☯Ferry Terminal Statistics"
"15a38022-6d40-4cde-9559-ace9b4e34f15","澳門小一學生體重過輕率☯澳门小一学生超重（包括肥胖）率☯Os alunos do primeiro ciclo do ensino básico em Macau estão abaixo do peso☯Primary One students in Macau are underweight","衛生局,卫生局,Serviços de Saúde,Health Bureau","1","0","0","System.Object[]","18","32","2024-12-31 12:24:51","衛生局自2012年起，運用衛生中心醫護人員為全澳小學一年級學生進行常規體格檢查的數據資料，針對肥胖問題和發展趨勢進行統計監測，自2019年起增加對視力不良情況的監測。☯卫生局自2012年起，运用卫生中心医护人员为全澳小学一年级学生进行常规体格检查的数据数据，针对肥胖问题和发展趋势进行统计监测，自2019年起增加对视力不良情况的监测。☯Desde 2012, os Serviços de Saúde têm vindo a utilizar os dados dos exames físicos de rotina realizados pelo pessoal médico dos centros de saúde para alunos do ensino primário em Macau para realizar a monitorização estatística dos problemas de obesidade e tendências de desenvolvimento e, desde 2019, a monitorização da baixa visão tem vindo a aumentar.☯Since 2012, the Health Bureau has been using the data from routine physical examinations conducted by medical staff of health centres for primary school students in Macao to conduct statistical monitoring of obesity problems and development trends, and since 2019, the monitoring of poor vision has been increased."
"15a9a693-6ea0-429a-be1e-59e0c5fa0685","不過夜旅客平均逗留時間☯不过夜旅客平均逗留时间☯Período médio de permanência dos excursionistas☯ ","統計暨普查局,统计暨普查局,Direcção dos Serviços de Estatística e Censos,Statistics and Census Service","0","1","0","System.Object[]","0","29","2025-12-01 10:47:49","根據不過夜旅客的出入境日期及時間計算其逗留時間，並按證件簽發地統計的所有不過夜旅客的平均逗留時間。☯根据不过夜旅客的出入境日期及时间计算其逗留时间，并按证件签发地统计的所有不过夜旅客的平均逗留时间。☯O período de permanência dum excursionista é calculado de acordo com as datas de entrada e de saída e o tempo de estadia. Os dados sobre o período médio de permanência dos excursionistas são compilados por local de emissão do documento de viagem.☯ "
"15ab3029-5885-4609-8273-e48803422078","疾病預防控制範疇十大強制性申報疾病個案☯疾病预防控制范畴十大强制性申报疾病个案☯ Dez primeiros casos de doenças de declaração obrigatória, na área de prevenção e controlo de doenças☯疾病預防控制範疇十大強制性申報疾病個案","衛生局,卫生局,Serviços de Saúde,Health Bureau","1","0","0","System.Object[]","50","67","2024-12-19 14:58:55","疾病預防控制範疇中，以性別區分十大強制性申報疾病個案☯疾病预防控制范畴中，以性别区分十大强制性申报疾病个案☯ Dez primeiros casos de doenças de declaração obrigatória, na área de prevenção e controlo de doenças☯疾病預防控制範疇中，以性別區分十大強制性申報疾病個案"
"161a090a-c6b5-4ba7-a6fe-f4c81540bb93","每千人口中註冊醫生☯每千人口中注册医生☯Médicos por 1.000 habitantes☯ ","統計暨普查局,统计暨普查局,Direcção dos Serviços de Estatística e Censos,Statistics and Census Service","0","1","0","System.Object[]","0","62","2025-11-10 14:50:26","年終醫生數目 / 年終人口 *1000☯年终医生数目 / 年终人口 *1000☯Número de médicos no fim do ano / população no fim do ano *1.000☯ "
"16979135-3728-41bb-9630-be07cf82d06e","酒店住客平均留宿時間☯酒店住客平均留宿时间☯Período médio de permanência dos hóspedes dos hotéis☯ ","統計暨普查局,统计暨普查局,Direcção dos Serviços de Estatística e Censos,Statistics and Census Service","0","1","0","System.Object[]","0","30","2025-12-01 10:46:29","所有酒店住客的總留宿時間除以這些住客的數目。☯所有酒店住客的总留宿时间除以这些住客的数目。☯Tempo total de permanência dos hóspedes de todos os hotéis dividido pelo número de hóspedes destes estabelecimentos.☯ "
"173ade17-8ad6-4336-83b1-5fb38c7b9a89","公共開支（年初至當期累計）☯公共开支（年初至当期累计）☯Despesas públicas (valor acumulado do início do ano até ao período de referência)☯Public expenditure (year-to-date data)","統計暨普查局,统计暨普查局,Direcção dos Serviços de Estatística e Censos,Statistics and Census Service","0","1","0","System.Object[]","0","176","2025-08-25 10:23:08","公共開支(年初至當期累計數值)表示從當年年初到參考期內特區政府實際錄得的總支出，包括經常開支及資本開支。☯公共开支(年初至当期累计数值)表示从当年年初到参考期内特区政府实际录得的总支出，包括经常开支及资本开支。☯As despesas públicas (valor acumulado do início do ano até ao período de referência) referem-se ao valor total das despesas efectivas do Governo da Região Administrativa Especial de Macau, registado desde o início do ano até ao período de referência, incluindo as despesas correntes e as despesas de capital. ☯ "
"174dc8bf-1cc4-48fd-905c-5dacb3f46b9a","澳門出版物（期刊）統計數據（年度）☯澳门出版物（期刊）统计数据（年度）☯Estatísticas das Publicações (Periódico) de Macau (Anual)☯Estatísticas das Publicações (Periódico) de Macau (Anual)","文化局,文化局,Instituto Cultural,Cultural Affairs Bureau","1","0","0","System.Object[]","33","74","2026-05-07 17:19:54","澳門出版物統計- 年度澳門期刊的出版數量及清單☯澳门出版物统计-年度澳门期刊的出版数量及清单☯Número e lista dos periódicos anuais publicados em Macau☯Número e lista dos periódicos anuais publicados em Macau"
"1763bb45-860f-4ceb-855e-67012ddf4702","收取經濟援助的家庭數目及人數☯收取经济援助的家庭数目及人数☯Número de famílias e indivíduos que recebem o apoio económico☯---","社會工作局,社會工作局,Instituto de Acção Social,Social Welfare Bureau","1","0","0","System.Object[]","39","55","2026-08-10 17:44:55","收取經濟援助的家庭數目及人數☯收取经济援助的家庭数目及人数☯Número de famílias e indivíduos que recebem o apoio económico☯---"
"177c51b0-64bc-4d9a-9148-e4969f57af10","侵犯人身罪案件☯侵犯人身罪案件☯Processos de crimes contra a pessoa☯ ","統計暨普查局,统计暨普查局,Direcção dos Serviços de Estatística e Censos,Statistics and Census Service","0","1","0","System.Object[]","0","36","2025-11-10 14:48:06","侵犯人身罪案數目。☯侵犯人身罪案数目。☯Referem-se ao número de processos de crimes contra a pessoa.☯ "
"17b23af1-5131-486c-8a8c-178c31c46dad","陸路出境旅客☯陆路出境旅客☯Saídas de visitantes por via terrestre☯ ","統計暨普查局,统计暨普查局,Direcção dos Serviços de Estatística e Censos,Statistics and Census Service","0","1","0","System.Object[]","0","36","2025-12-01 10:48:14","通過陸路方式從本地出發前往其他地區的旅客數量。☯通过陆路方式从本地出发前往其他地区的旅客数量。☯Referem-se ao número total de visitantes que saíram da Região Administrativa Especial de Macau para outro território/país por via terrestre.☯ "
"17b69e97-2c9a-42d3-a878-001cec6140dc","生產電量☯生产电量☯Volume de energia eléctrica produzida☯Volume de energia eléctrica produzida","環境保護局,环境保护局,Direcção dos Serviços de Protecção Ambiental,Environmental Protection Bureau","0","1","0","System.Object[]","0","126","2024-06-11 10:19:03","生產電量☯生产电量☯Volume de energia eléctrica produzida☯Volume de energia eléctrica produzida"
"18017be6-489c-4b94-b7b7-33ea10554b73","接受短期食物補助服務的人次及涉及金額☯接受短期食物补助服务的人次及涉及金额☯Número de pessoas por vezes que recebem o serviço de apoio alimentar de curto prazo e o respectivo montante envolvido☯---","社會工作局,社會工作局,Instituto de Acção Social,Social Welfare Bureau","1","0","0","System.Object[]","40","77","2026-09-10 17:43:08","接受短期食物補助服務的人次及涉及金額☯接受短期食物补助服务的人次及涉及金额☯Número de pessoas por vezes que recebem o serviço de apoio alimentar de curto prazo e o respectivo montante envolvido☯---"
"1809d23c-7a36-48be-87b2-d5d35332daf1","定期海上客運准照☯定期海上客运准照☯Licença para Transporte Marítimo Regular de Passageiros☯Operating Licence of Regular Maritime Passenger Transport","海事及水務局,海事及水務局,DSAMA,DSAMA","1","0","0","System.Object[]","56","77","2024-11-12 16:29:34","定期海上客運准照☯定期海上客运准照☯Licença para Transporte Marítimo Regular de Passageiros☯Operating Licence of Regular Maritime Passenger Transport"
"18201599-8c1d-43b5-b8b9-ddf344647db3","長者關懷服務網絡獨居長者服務數據☯长者关怀服务网络独居长者服务数据☯Dados relativos aos serviços de apoio aos idosos isolados da Rede de Serviços de Carinho a Idosos☯---","社會工作局,社會工作局,Instituto de Acção Social,Social Welfare Bureau","1","0","0","System.Object[]","33","61","2026-02-05 11:55:50","長者關懷服務網絡獨居長者服務數據☯长者关怀服务网络独居长者服务数据☯Dados relativos aos serviços de apoio aos idosos isolados da Rede de Serviços de Carinho a Idosos☯---"
"185c912f-cd09-48b8-9293-1b6403626838","科研及創新資助計劃－需求牽引類項目統計☯科研及创新资助计划－需求牵引类项目统计☯Estatísticas de Plano de Financiamento para Investigação Científica e Inovação - Categoria de Projectos Orientados pelas Necessidades☯Statistics of Funding Scheme for Scientific Research and Innovation - Demand Driving","經濟及科技發展局,经济及科技发展局,Direcção dos Serviços de Economia e Desenvolvimento Tecnológico,Macao Economic Bureau","1","0","0","System.Object[]","13","31","2025-12-09 09:11:49","科研及創新資助計劃－需求牽引類項目統計☯科研及创新资助计划－需求牵引类项目统计☯Estatísticas de Plano de Financiamento para Investigação Científica e Inovação - Categoria de Projectos Orientados pelas Necessidades☯Statistics of Funding Scheme for Scientific Research and Innovation - Demand Driving"
"1876bb93-887f-434f-8033-235091e5b7af","不過夜旅客人均交通消費☯不过夜旅客人均交通消费☯Despesa per capita dos excursionistas em transporte☯ ","統計暨普查局,统计暨普查局,Direcção dos Serviços de Estatística e Censos,Statistics and Census Service","0","1","0","System.Object[]","0","37","2025-12-09 11:12:25","不過夜旅客在交通方面的消費，包括公共交通、出租車和其他交通工具的支出。☯不过夜旅客在交通方面的消费，包括公共交通、出租车和其他交通工具的支出。☯Refere-se à despesa dos excursionistas em transporte. Incluem-se as despesas em transportes públicos, táxis, entre outros veículos.☯ "
"1884a264-aa87-4ec1-a1c4-3bd70d7347be","房地產經紀准照 ☯房地产经纪准照☯licença de agente imobiliário☯licença de agente imobiliário","房屋局,房屋局,IH,IH","1","0","0","System.Object[]","21","54","2026-09-18 14:00:16","房地產經紀准照☯房地产经纪准照☯licença de agente imobiliário☯licença de agente imobiliário"
"189ad69e-aab1-479b-be7e-9d1320376954","公共財政最初預算收入☯公共财政最初预算收入☯Orçamento inicial das receitas das finanças públicas☯Original budgetary revenue in public finance","統計暨普查局,统计暨普查局,Direcção dos Serviços de Estatística e Censos,Statistics and Census Service","0","1","0","System.Object[]","0","53","2025-08-25 10:23:19","最初預算收入表示澳門特別行政區政府在制定財政年度預算案時預計的總收入。☯最初预算收入表示澳门特别行政区政府在制定财政年度预算案时预计的总收入。☯O orçamento inicial das receitas refere-se ao valor total das receitas estimadas pelo Governo da Região Administrativa Especial de Macau aquando da elaboração da Lei do Orçamento dum ano económico.☯ "
"18ee53ce-f8b1-4f8a-a20a-9b1fb63d00cd","臨時交通許可審批數量☯临时交通许可审批数量☯N.º de casos com trânsito condicionado autorizados☯N.º de casos com trânsito condicionado autorizados","交通事務局,交通事务局,Direcção dos Serviços para os Assuntos de Tráfego,Transport Bureau","1","0","0","System.Object[]","11","28","2026-05-27 01:00:42","道路臨時交通許可審批數量☯道路临时交通许可审批数量☯Número de autorizações provisórias de trânsito☯Número de autorizações provisórias de trânsito"
"190885f5-b2e4-481a-bd48-20f98cefdeb0","社區醫療衛生 (衛生中心)尋求初級衛生保健的首十個求診原因☯社区医疗卫生 (卫生中心)寻求初级卫生保健的首十个求诊原因☯As primeiras dez causas de procura dos cuidados de saúde primários, na área de cuidados de saúde comunitários (centros de saúde)☯社區醫療衛生 (衛生中心)尋求初級衛生保健的首十個求診原因","衛生局,卫生局,Serviços de Saúde,Health Bureau","1","0","0","System.Object[]","106","82","2024-12-19 14:59:44","社區醫療衛生 (衛生中心)尋求初級衛生保健的首十個求診原因☯社区医疗卫生 (卫生中心)寻求初级卫生保健的首十个求诊原因☯As primeiras dez causas de procura dos cuidados de saúde primários, na área de cuidados de saúde comunitários (centros de saúde)☯社區醫療衛生 (衛生中心)尋求初級衛生保健的首十個求診原因"
"195f8471-373c-444f-b2d7-4e8ca80e74ba","隨團入境旅客☯随团入境旅客☯Visitantes que chegaram em excursões a Macau☯Inbound package tour visitors","統計暨普查局,统计暨普查局,Direcção dos Serviços de Estatística e Censos,Statistics and Census Service","0","1","0","System.Object[]","0","45","2025-11-14 17:23:02","是指參與當地旅行社組織的赴澳旅行團，並跟隨領隊來澳，由本澳旅行社接待、供應食宿及安排行程的旅客。☯是指参与当地旅行社组织的赴澳旅行团，并跟随领队来澳，由本澳旅行社接待、供应食宿及安排行程的旅客。☯Visitantes que viajaram até Macau em excursão, com o acompanhante turístico, que foi organizada pela agência de viagem do exterior. A agência de viagem de Macau recebeu-os e arranjou-lhes as refeições, o alojamento e o itinerário.☯Inbound visitors who travel to Macao on a package tour with a tour leader that is organised by overseas travel agencies, and travel agencies in Macao receive the tour groups and arranges for their meals, accommodation and itinerary."
"1967ef12-4c13-46c5-9df0-c0ef4833a751","升級率☯升级率☯Taxa de transição☯ ","教育及青年發展局,教育及青年发展局,Direcção dos Serviços de Educação e de Desenvolvimento da Juventude,Education and Youth Development Bureau","1","0","0","System.Object[]","14","31","2025-12-15 16:01:58","提供教育效益指標：按非高等教育階段劃分的升級率☯提供教育效益指标：按非高等教育阶段划分的升级率☯Fornecer indicadores da eficiência educativa: Taxa de transição por nível de ensino não superior☯ "
"19838a47-7ccb-4a94-8522-2fca28104354","身份證明局接收的建議、投訴和異議統計☯身份证明局接收的建议、投诉和异议统计☯Estatística de Sugestões, Queixas e Reclamações, recebidas pela DSI☯Statistics on suggestions, complaints and objections received by the Identification Services Bureau","身份證明局,身份证明局,Direcção dos Serviços de Identificação,Identification Bureau","1","0","0","System.Object[]","51","92","2026-01-29 11:21:10","身份證明局接收的建議、投訴和異議概況☯身份证明局接收的建议、投诉和异议概况☯Resumo de Sugestões, Queixas e Reclamações, recebidas pela DSI☯Overview of suggestions, complaints and objections received by the Identification Services Bureau"
"198dcaab-0d87-44dd-b5a5-29f7487af02b","年度社會保障制度喪葬津貼受領人次及金額(澳門元)☯年度社会保障制度丧葬津贴受领人次及金额(澳门元)☯Número de vezes e montante (em patacas) de recebimento do subsídio de funeral do regime da segurança social por ano☯Number of funeral allowance applications under the Social Security System and expenditure on funeral allowance in the year (patacas)","社會保障基金,社会保障基金,Fundo de Segurança Social,Social Security Fund","1","0","0","System.Object[]","22","44","2026-09-01 17:04:53","以年度方式提供在相關曆年內，喪葬津貼的受領人次及金額☯以年度方式提供在相关历年内，丧葬津贴的受领人次及金额☯Prestação anual do número de vezes e montante de recebimento do subsídio de funeral durante o respectivo ano civil.☯Available on an annual basis, the number of funeral allowance applications and expenditure on funeral allowance in the relevant calendar year"
"19c732b8-67b6-4736-8505-3924c6b59fba","中國內地出境旅客☯中国内地出境旅客☯Saídas de visitantes do Interior da China☯ ","統計暨普查局,统计暨普查局,Direcção dos Serviços de Estatística e Censos,Statistics and Census Service","0","1","0","System.Object[]","0","40","2025-12-01 10:48:06","出境旅客所持旅行證件由中國內地簽發。☯出境旅客所持旅行证件由中国内地签发。☯Referem-se ao número de saídas de visitantes com documentos de viagem emitidos pelo Interior da China.☯ "
"19d18f13-8b96-4889-bf51-928d92663891","財務管理範疇按預算項目劃分的實際開支☯财务管理范畴按预算项目划分的实际开支☯Montantes despendidos por rubrica orçamental, na área de gestão financeira☯財務管理範疇按預算項目劃分的實際開支","衛生局,卫生局,Serviços de Saúde,Health Bureau","1","0","0","System.Object[]","51","73","2024-12-19 14:58:31","財務管理範疇中，按預算項目劃分的實際開支☯财务管理范畴中，按预算项目划分的实际开支☯Montantes despendidos por rubrica orçamental na área de gestão financeira☯財務管理範疇中，按預算項目劃分的實際開支"
"19d59d68-784d-4129-ab00-0303d9b350b7","有關的士駕駛員繳交違規罰款個案統計數據☯有关的士驾驶员缴交违规罚款个案统计数据☯Dados estatísticos sobre o número de casos de multas por infracções pagas por condutores de táxis☯Dados estatísticos sobre o número de casos de multas por infracções pagas por condutores de táxis","交通事務局,交通事务局,Direcção dos Serviços para os Assuntos de Tráfego,Transport Bureau","1","0","0","System.Object[]","14","32","2026-05-23 01:00:27","有關的士駕駛員繳交違規罰款個案統計數據☯有关的士驾驶员缴交违规罚款个案统计数据☯Dados estatísticos sobre o número de casos de multas por infracções pagas por condutores de táxis☯Dados estatísticos sobre o número de casos de multas por infracções pagas por condutores de táxis"
"1a255b4e-ce65-47d8-9a68-cb814007cdd6","公務人員招聘－統一管理制度的綜合能力評估開考的數據資料☯公务人员招聘－统一管理制度的综合能力评估开考的数据资料☯Dados sobre concursos de avaliação de competências integradas no regime de gestão uniformizada - Recrutamento dos tabalhadores dos serviços públicos☯Recruitment of public servants – data on the Assessment Test on Integrated Skills under the Unified Management System","行政公職局,行政公职局,Direcção dos Serviços de Administração e Função Pública,Public Administration and Civil Service Bureau","1","0","0","System.Object[]","164","323","2026-06-30 17:21:05","有關公務人員招聘統一管理制度的綜合能力評估開考的數據資料☯有关公务人员招聘统一管理制度的综合能力评估开考的数据资料☯Dados sobre o o recrutamento dos tabalhadores dos serviços públicos, referentes aos concursos  de avaliação de competências integradas do regime de gestão uniformizada.☯Data on the Assessment Test on Integrated Skills under the Unified Management System for the recruitment of public servants"
"1a5ffe48-4933-4d32-b7fa-07afa5a6d587","飲食業收入☯饮食业收入☯Receitas do ramo da restauração☯ ","統計暨普查局,统计暨普查局,Direcção dos Serviços de Estatística e Censos,Statistics and Census Service","0","1","0","System.Object[]","0","34","2026-01-26 12:45:29","飲食業場所從餐飲服務及其他相關業務中獲得的收入總額。☯饮食业场所从餐饮服务及其他相关业务中获得的收入总额。☯Referem-se ao valor total das receitas provenientes dos serviços de restauração e dos outros serviços correlacionados, dos estabelecimentos do ramo da restauração.☯ "
"1ac80d7a-89c2-4de9-a4e3-f471ee420842","澳門大學持續進修中心熱門課程☯澳门大学持续进修中心热门课程☯Cursos Populares do Centro de Educação Contínua da Universidade de Macau☯Popular Courses in Centre for Continuing Education of University of Macau","澳門大學,澳門大學,UM,UM","1","0","0","System.Object[]","357","626","2026-04-23 17:00:54","由澳門大學持續進修中心所開辦之熱門課程。☯由澳门大学持续进修中心所开办之热门课程。☯Cursos populares ministrados pelo Centro de Educação Contínua da Universidade de Macau.☯Popular courses offered by Centre for Continuing Education of University of Macau."
"1ad29f2a-e952-44bd-aafc-33479574f78a","非強制央積金—公積金個人計劃人數☯非强制央积金—公积金个人计划人数☯Regime de previdência central não obrigatório - Número de indivíduos do plano individual de previdência☯Non-mandatory central provident fund system - the number of people of the individual provident fund scheme","社會保障基金,社会保障基金,Fundo de Segurança Social,Social Security Fund","1","0","0","System.Object[]","86","144","2026-07-21 11:48:00","由2018年非強制央積金實施起, 累計設立公積金個人計劃人數。☯由2018年非强制央积金实施起, 累计设立公积金个人计划人数。☯Desde a implementação do regime de previdência central não obrigatório em 2018, o número acumulado de indivíduos que criaram o plano individual de previdência.☯Since the implementation of non-mandatory central provident fund system in 2018, the cumulative number of people who have set up an individual provident fund scheme."
"1ba58ea9-9441-4bf4-9e33-ee6334e42a7e","對美國的出口貨值☯对美国的出口货值☯Valor da exportação de mercadorias para os Estados Unidos da América☯Value of exports to the United States","統計暨普查局,统计暨普查局,Direcção dos Serviços de Estatística e Censos,Statistics and Census Service","0","1","0","System.Object[]","0","38","2024-12-30 17:13:26","出口至美國的貨物價值。☯出口至美国的货物价值。☯Valor de mercadorias que foram exportadas para os Estados Unidos da América.☯Value of goods exported to the United States."
"1bb5d90c-ed97-40de-9772-e21a79138177","第三產業比重☯第三产业比重☯Peso do sector terciário☯Relative importance of the tertiary sector","統計暨普查局,统计暨普查局,Direcção dos Serviços de Estatística e Censos,Statistics and Census Service","0","1","0","System.Object[]","0","47","2024-12-30 17:13:49","產業結構(比重)的計算是加總各行業的增加值得出增加值總額後，再計算當中各行業增加值的占比。第三產業包括批發及零售業、酒店業、飲食業、運輸、倉儲及通訊業、金融業、不動產業務、租賃及工商服務業、公共行政、教育、醫療衛生及社會福利、博彩業，以及其他服務業。☯产业结构(比重)的计算是加总各行业的增加值得出增加值总额后，再计算当中各行业增加值的占比。第三产业包括批发及零售业、酒店业、饮食业、运输、仓储及通讯业、金融业、不动产业务、租赁及工商服务业、公共行政、教育、医疗卫生及社会福利、博彩业，以及其他服务业。☯A estrutura sectorial (peso do sector) reflecte o peso do valor acrescentado de cada ramo de actividade económica, em relação ao valor acrescentado bruto, que é o somatório dos valores acrescentados de todos os ramos. O sector terciário abrange os seguintes ramos: comércio por grosso e a retalho; hotéis e similares; restaurantes e similares; transportes, armazenagem e comunicações; actividades financeiras; actividades imobiliárias; alugueres e serviços prestados às empresas; administração pública; educação; saúde e acção social; lotarias e outros jogos de aposta, bem como outras actividades de serviços.☯Industrial structure (relative importance of industries) reflects the proportions of value added of various industries in Gross Value Added, which is the sum of value added of all industries. The tertiary sector covers Wholesale & Retail Trade; Hotels & Similar Activities; Restaurants & Similar Activities; Transport, Storage & Communications; Financial Activities; Real Estate Activities; Renting & Business Activities; Public Administration; Education; Health & Social Work; Gaming & Junket Activities; and other service activities."
"1bd5236a-cca2-4e32-bc07-8db86867e57f","澳門特區旅行證件發出數量統計☯澳门特区旅行证件发出数量统计☯Estatística da emissão dos documentos de viagem da RAEM☯Statistics on issuance of Macao SAR travel documents","身份證明局,身份证明局,Direcção dos Serviços de Identificação,Identification Bureau","1","0","0","System.Object[]","141","334","2026-01-29 11:48:14","特區護照、特區旅行證及往港旅遊證的累計發出數量☯特区护照、特区旅行证及往港旅游证的累计发出数量☯Número cumulativo de emissão do passaporte da RAEM, título de viagem da RAEM e título de visita☯Cumulative number of Macao SAR Passports, Macao SAR Travel Permits and Visit Permits to Hong Kong issued"
"1c1f1003-f723-4595-b4d5-915d3375131b","導遊名單 ☯导游名单☯Lista dos guias turísticos ☯List of tour guides","旅遊局,旅游局,Direcção dos Serviços de Turismo,Macao Government Tourism Office","1","0","0","System.Object[]","299","669","2026-09-18 07:53:03","導遊名單☯导游名单☯Lista dos guias turísticos☯List of tour guides"
"1c552456-aa47-4e5e-afbd-74e4014e14a0","季度有繳納任意性制度供款的受益人數目☯季度有缴纳任意性制度供款的受益人数目☯Número de beneficiários com contribuições do regime facultativo por trimestre☯Number of beneficiaries who have paid contributions under the arbitrary system in the quarter","社會保障基金,社会保障基金,Fundo de Segurança Social,Social Security Fund","1","0","0","System.Object[]","38","65","2026-07-20 16:59:39","以季度方式提供在相關季度的期間內，有繳納任意性制度供款的受益人數目。☯以季度方式提供在相关季度的期间内，有缴纳任意性制度供款的受益人数目。☯A prestação trimestral do número de beneficiários com contribuições do regime facultativo durante o respectivo trimestre.☯Available on a quarterly basis, the number of beneficiaries who have paid contributions under the arbitrary system in the relevant quarter."
"1c69bcc4-f471-41e8-a5c4-5bd4713f7f19","澳門高等院校教學人員人數統計─按聘用方式劃分☯澳门高等院校教学人员人数统计─按聘用方式划分☯Dados estatísticos do número de docentes das instituições do ensino superior de Macau (classificados pela forma de contratação)☯-","教育及青年發展局,教育及青年发展局,Direcção dos Serviços de Educação e de Desenvolvimento da Juventude,Education and Youth Development Bureau","1","0","0","System.Object[]","19","36","2025-12-15 16:03:05","按學年方式，提供按聘用方式劃分的澳門高等院校教學人員人數。☯按学年方式，提供按聘用方式划分的澳门高等院校教学人员人数。☯Número de docentes das instituições do ensino superior de Macau (classificados pela forma de contratação), calculado de acordo com o ano lectivo.☯-"
"1c75d98a-b11e-47d2-b0c2-0a6910915dd6","本地生產總值實質變動率 - 進口☯本地生产总值实质变动率 - 进口☯Taxa de variação real do Produto Interno Bruto - Importação☯ ","統計暨普查局,统计暨普查局,Direcção dos Serviços de Estatística e Censos,Statistics and Census Service","0","1","0","System.Object[]","0","33","2025-11-10 14:47:33","剔除價格變化因素後的進口總額變動，用以衡量貨物及服務進口的實質變動。☯剔除价格变化因素后的进口总额变动，用以衡量货物及服务进口的实质变动。☯A variação do valor total da importação, após a eliminação dos factores que influenciam os preços, serve para medir a variação real da importação de bens e serviços.☯ "
"1c7bf2ad-4756-46f3-b8ca-0ccbbff25df5","參團旅客☯参团旅客☯Visitantes em excursões☯ ","統計暨普查局,统计暨普查局,Direcção dos Serviços de Estatística e Censos,Statistics and Census Service","0","1","0","System.Object[]","0","33","2025-12-01 10:46:17","參加由旅行社組織的旅行團的旅客總數。☯参加由旅行社组织的旅行团的旅客总数。☯Referem-se ao número total de visitantes em excursões organizadas pelas agências de viagens.☯ "
"1c9b2eba-d8d9-4ee2-8f77-1037da647f1d","高中畢業生升大率 ☯高中毕业生升大率☯Taxa de acesso ao ensino superior dos finalistas do ensino secundário complementar☯ ","教育及青年發展局,教育及青年发展局,Direcção dos Serviços de Educação e de Desenvolvimento da Juventude,Education and Youth Development Bureau","1","0","0","System.Object[]","23","36","2025-12-15 16:02:35","提供教育效益指標：高中畢業生的升大率☯提供教育效益指标：高中毕业生的升大率☯Fornecer indicadores da eficiência educativa: Taxa de acesso ao ensino superior dos finalistas do ensino secundário complementar☯ "
"1ca16b9e-aec7-4042-aba6-d854184ebe9d","耗電量☯耗电量☯Volume de electricidade consumida☯Electricity consumption","統計暨普查局,统计暨普查局,Direcção dos Serviços de Estatística e Censos,Statistics and Census Service","0","1","0","System.Object[]","0","51","2025-11-14 17:21:35","指產電場所出售電量、免費電力供應量及自耗量之和。☯指产电场所出售电量、免费电力供应量及自耗量之和。☯Volume de electricidade vendida, mais volume de electricidade fornecida gratuitamente, mais volume de consumo próprio dos produtores de energia.☯It is the sum of sale, free supply and producers’ own consumption of electricity."
"1cb4c716-25a1-4289-8cd8-8ceec406a6c0","疾病預防控制範疇按歲組劃分的十大強制性申報疾病個案☯疾病预防控制范畴按岁组划分的十大强制性申报疾病个案☯Os dez primeiros casos de doenças de declaração obrigatória por grupo etário, na área de prevenção e controlo de doenças☯疾病預防控制範疇按歲組劃分的十大強制性申報疾病個案","衛生局,卫生局,Serviços de Saúde,Health Bureau","1","0","0","System.Object[]","42","63","2024-12-19 14:58:59","疾病預防控制範疇中，以歲組劃分的十大強制性申報疾病個案☯疾病预防控制范畴中，以岁组划分的十大强制性申报疾病个案☯Os dez primeiros casos de doenças de declaração obrigatória por grupo etário, na área de prevenção e controlo de doenças☯疾病預防控制範疇中，以歲組劃分的十大強制性申報疾病個案"
"1cc722a3-e5e8-4d76-9ab0-537c670b43f8","酒店業盈利與支出比率☯酒店业盈利与支出比率☯Proporção do excedente bruto pelas despesas dos hotéis e similares☯ ","統計暨普查局,统计暨普查局,Direcção dos Serviços de Estatística e Censos,Statistics and Census Service","0","1","0","System.Object[]","0","30","2026-01-26 12:46:30","酒店業場所的盈利與支出的比例，用以評估酒店業場所的成本效益。☯酒店业场所的盈利与支出的比例，用以评估酒店业场所的成本效益。☯Refere-se à relação entre o excedente bruto e as despesas, dos hotéis e similares. O indicador serve para avaliar o custo-efectividade dos hotéis e similares.☯ "
"1ce0acda-f13c-4a13-889d-b17b94426309","澳門高等院校本地生畢業人數統計—按學科範疇劃分☯澳门高等院校本地生毕业人数统计—按学科范畴划分☯Estatística do número de estudantes graduados locais nas instituições de ensino superior de Macau – por área disciplinar☯ ","教育及青年發展局,教育及青年发展局,Direcção dos Serviços de Educação e de Desenvolvimento da Juventude,Education and Youth Development Bureau","1","0","0","System.Object[]","15","28","2025-12-15 16:02:23","按學年方式，提供按學科範疇劃分的澳門高等院校本地生畢業人數☯按学年方式，提供按学科范畴划分的澳门高等院校本地生毕业人数☯Número de estudantes graduados locais nas instituições de ensino superior de Macau, por área disciplinar e por ano lectivo☯ "
"1d1a7491-2c63-421f-95bd-a01b81e04b8c","社會服務人員資助情況☯社会服务人员资助情况☯Situação relativa ao apoio financeiro concedido ao pessoal do Serviço Social☯---","社會工作局,社會工作局,Instituto de Acção Social,Social Welfare Bureau","1","0","0","System.Object[]","38","63","2026-09-10 17:43:15","社會服務人員資助情況☯社会服务人员资助情况☯Situação relativa ao apoio financeiro concedido ao pessoal do Serviço Social☯---"
"1d20b79b-cdc7-4e57-8976-f04452a87878","移走送予交通事務局處置車輛☯移走送予交通事务局处置车辆☯Veículo a cancelar e reverte para o DSAT☯Veículo a cancelar e reverte para o DSAT","交通事務局,交通事务局,Direcção dos Serviços para os Assuntos de Tráfego,Transport Bureau","1","0","0","System.Object[]","20","49","2026-05-28 01:00:14","移走送予交通事務局處置車輛☯移走送予交通事务局处置车辆☯Veículo a cancelar e reverte para o DSAT☯Veículo a cancelar e reverte para o DSAT"
"1d5b4eed-9d6a-4da9-b79f-1298762926c9","澳門大學圖書館入館人數☯澳门大学图书馆入馆人数☯Número de visitas à Biblioteca da Universidade de Macau☯Number of entrance to the University of Macau Library","澳門大學,澳門大學,UM,UM","1","0","0","System.Object[]","91","156","2026-05-08 17:31:55","澳門大學圖書館每年入館人數。☯澳门大学图书馆每年入馆人数。☯Número de visitas à Biblioteca da Universidade de Macau por ano.☯The number of entrance to the University of Macau Library each year."
"1da52834-1831-41aa-a373-80583b1c0e3e","強制性申報疾病統計資料☯强制性申报疾病统计资料☯Doenças de Declaração Obrigatória em Macau☯Notifiable Diseases in Macao","衛生局,卫生局,Serviços de Saúde,Health Bureau","1","0","0","System.Object[]","20","41","2024-12-31 12:24:44","根據第2/2004號《傳染病防治法》及第15/2008號《傳染病強制申報機制》，公共或私人醫療機構的負責人、作出首次診斷的醫生、填寫死亡證明書的醫生，以及作出實驗室診斷的技術人員，有義務在法定時間內，向衛生局申報履行職務時發現的傳染病個案。現時澳門共有45類疾病需要申報，衛生局持續對申報數據進行監測、分析及評估流行趨勢以便制定和調整適切防控措施。同時，透過定期公佈監測數據，讓公眾掌握澳門傳染病發展趨勢，對疾病有所認知並及時作出預防疾病自我管理。為持續有效對傳染病進行監測☯根据第2/2004号《传染病防治法》及第15/2008号《传染病强制申报机制》，公共或私人医疗机构的负责人、作出首次诊断的医生、填写死亡证明书的医生，以及作出实验室诊断的技术人员，有义务在法定时间内，向卫生局申报履行职务时发现的传染病个案。现时澳门共有45类疾病需要申报，卫生局持续对申报数据进行监测、分析及评估流行趋势以便制定和调整适切防控措施。同时，透过定期公布监测数据，让公众掌握澳门传染病发展趋势，对疾病有所认知并及时作出预防疾病自我管理。为持续有效对传染病进行监测☯De acordo com a Lei de Prevenção e Controlo de Doenças Infeciosas n.º 2/2004 e o Mecanismo de Notificação Obrigatória de Doenças Infeciosas n.º 15/2008, o responsável de uma instituição médica pública ou privada, o médico que fez o primeiro diagnóstico, o médico que preencheu a certidão de óbito e o técnico que fez o diagnóstico laboratorial estão obrigados a comunicar aos Serviços de Saúde, no prazo legal, os casos de doenças infeciosas descobertos no exercício das suas funções. Atualmente, há um total de 45 tipos de doenças que precisam de ser declaradas em Macau, e os Serviços de Saúde continuam a acompanhar, analisar e avaliar as tendências epidémicas dos dados declarados, a fim de formular e ajustar medidas adequadas de prevenção e controlo. Ao mesmo tempo, através da publicação regular de dados de monitorização, o público pode compreender a tendência de desenvolvimento das doenças infeciosas em Macau, ter uma compreensão das doenças e fazer uma autogestão atempada das doenças. Para uma vigilância contínua e eficaz das doenças infeciosas☯According to the Law on the Prevention and Control of Infectious Diseases No. 2/2004 and the Mandatory Notification Mechanism for Infectious Diseases No. 15/2008, the person in charge of a public or private medical institution, the doctor who made the first diagnosis, the doctor who completed the death certificate, and the technician who made the laboratory diagnosis are obliged to report to the Health Bureau within the statutory time limit the cases of infectious diseases discovered in the course of their duties. At present, there are a total of 45 types of diseases that need to be declared in Macao, and the Health Bureau continues to monitor, analyse and assess the epidemic trends of the declared data in order to formulate and adjust appropriate prevention and control measures. At the same time, through the regular publication of monitoring data, the public can grasp the development trend of infectious diseases in Macao, have an understanding of the diseases, and make timely self-management of diseases. For continuous and effective surveillance of infectious diseases"
"1dd2e5af-3a06-4990-be43-f5279962337b","收支表☯收支表☯Demonstração de receitas e despesas☯Statement of income and expenses","社會保障基金,社会保障基金,Fundo de Segurança Social,Social Security Fund","1","0","0","System.Object[]","14","30","2025-09-29 16:21:50","以年度方式提供社會保障基金的收入及開支數據☯以年度方式提供社會保障基金的收入及開支數據☯Demonstração de receitas e despesas☯Statement of income and expenses"
"1dfa3f80-eef4-4b7f-a100-1b976f78482f","每千人口中住院病床☯每千人口中住院病床☯Camas de internamento por 1.000 habitantes☯ ","統計暨普查局,统计暨普查局,Direcção dos Serviços de Estatística e Censos,Statistics and Census Service","0","1","0","System.Object[]","0","48","2025-11-10 14:50:12","年終住院病床數目 / 年終人口 *1000☯年终住院病床数目 / 年终人口 *1000☯Número de camas de internamento no fim do ano / população no fim do ano *1.000☯ "
"1e44a4da-d9b6-4527-8a9d-aaedc3004f4b","公積金制度-供款人登記之註銷-按年齡劃分☯公积金制度-供款人登记之注销-按年龄划分☯Regime de Previdência - Cancelamento de inscrição de contribuintes - por idade☯-","退休基金會,退休基金会,Fundo de Pensões,Pension Fund","1","0","0","System.Object[]","29","54","2026-05-21 17:06:30","按年齡統計當年公積金制度中供款人登記之註銷之人數☯按年龄统计当年公积金制度中供款人登记之注销之人数☯Estatística do número de cancelamento de inscrição de contribuintes do Regime de Previdência desse ano por idade☯-"
"1e46f603-4766-476f-94c0-7c434f53c3b2","人力資源範疇按取得學歷之地點劃分的人員分佈☯人力资源范畴按取得学历之地点划分的人员分布☯Distribuição do pessoal pelo local de aquisição da habilitação académica, na área de recursos humanos☯人力資源範疇按取得學歷之地點劃分的人員分佈","衛生局,卫生局,Serviços de Saúde,Health Bureau","1","0","0","System.Object[]","245","380","2024-12-19 14:58:38","人力資源範疇中，以取得學歷之地點劃分的人員分佈☯人力资源范畴中，以取得学历之地点划分的人员分布☯Distribuição do pessoal pelo local de aquisição da habilitação académica, na área de recursos humanos☯人力資源範疇中，以取得學歷之地點劃分的人員分佈"
"1e87aed5-6610-408e-87f6-5dbba952b867","按登記用途統計之新登記車輛☯按登记用途统计之新登记车辆☯Veículos com matrículas novas, segundo a finalidade☯Newly Registered Motor Vehicles by Registered Usage","交通事務局,交通事务局,Direcção dos Serviços para os Assuntos de Tráfego,Transport Bureau","1","0","0","System.Object[]","17","36","2026-05-22 01:01:11","按登記用途統計之新登記車輛☯按登记用途统计之新登记车辆☯Veículos com matrículas novas, segundo a finalidade☯Newly Registered Motor Vehicles by Registered Usage"
"1eab161d-3774-48b1-8833-36c17e415675","對外交流合作單位☯对外交流合作单位☯Nome da instituição/escola parceira☯Name of collaboration institute/university","澳門理工大學,澳门理工大学,Universidade Politécnica de Macau,Macao Polytechnic University","1","0","0","System.Object[]","15","59","2025-08-15 10:16:01","澳門理工大學之對外交流合作單位☯澳门理工大学之对外交流合作单位☯Nome do instituto/universidade colaborador com a Universidade Politécnica de Macau.☯Name of collaboration institute/university with Macao Polytechnic University. "
"1ebae358-335f-4dec-9773-245e9bcd779e","社區醫療衛生 (其他)公共衛生化驗所概況☯社区医疗卫生 (其他)公共卫生化验所概况☯Situação do Laboratório de Saúde Pública, na área de cuidados de saúde comunitários (outros)☯社區醫療衛生 (其他)公共衛生化驗所概況","衛生局,卫生局,Serviços de Saúde,Health Bureau","1","0","0","System.Object[]","111","99","2024-12-19 14:59:48","社區醫療衛生 (其他)公共衛生化驗所概況☯社区医疗卫生 (其他)公共卫生化验所概况☯Situação do Laboratório de Saúde Pública, na área de cuidados de saúde comunitários (outros)☯社區醫療衛生 (其他)公共衛生化驗所概況"
"1efee6b2-f72c-4de1-82db-c46923cdf657","服務承諾履行情況 ☯服务承诺履行情况☯Situação da execução da Carta de Qualidade☯Situação da execução da Carta de Qualidade","環境保護局,环境保护局,Direcção dos Serviços de Protecção Ambiental,Environmental Protection Bureau","1","0","0","System.Object[]","33","43","2025-05-12 12:12:09","服務承諾履行情況 ☯服务承诺履行情况☯Situação de implementação da Carta de Qualidade☯Situação de implementação da Carta de Qualidade"
"1f05a992-f55b-4b60-9a6a-5498824613a7","經濟型住宿場所住客平均留宿時間☯经济型住宿场所住客平均留宿时间☯Período médio de permanência dos hóspedes dos alojamentos de baixo custo☯ ","統計暨普查局,统计暨普查局,Direcção dos Serviços de Estatística e Censos,Statistics and Census Service","0","1","0","System.Object[]","0","30","2025-12-01 10:46:25","住客在經濟型住宿場所的總留宿時間除以這些住客的數目。☯住客在经济型住宿场所的总留宿时间除以这些住客的数目。☯Tempo total de permanência dos hóspedes de alojamentos de baixo custo dividido pelo número de hóspedes destes estabelecimentos.☯ "
"1f15a83c-d062-4035-a48c-0de25c66cbfe","公務人員出外公幹成效數據列表☯公务人员出外公干成效数据列表☯Lista dos resultados das deslocações ao exterior em missão oficial de serviço dos trabalhadores da Administração Pública☯Lista dos resultados das deslocações ao exterior em missão oficial de serviço dos trabalhadores da Administração Pública","行政公職局,行政公职局,Direcção dos Serviços de Administração e Função Pública,Public Administration and Civil Service Bureau","0","1","0","System.Object[]","0","155","2025-02-28 17:51:24","提供公務人員出外公幹成效的數據列表☯提供公务人员出外公干成效的数据列表☯Disponibilização de uma lista dos resultados das deslocações ao exterior em missão oficial de serviço dos trabalhadores da Administração Pública☯Disponibilização de uma lista dos resultados das deslocações ao exterior em missão oficial de serviço dos trabalhadores da Administração Pública"
"2008687e-6323-49a9-860d-91029126c93f","澳門科學技術發展基金與國家自然科學基金委員會聯合科研資助項目統計☯澳门科学技术发展基金与国家自然科学基金委员会联合科研资助项目统计☯Estatística do ""Apoio Financeiro Conjunto: FDCT-NSFC""☯Statistics of ""Joint Scientific Research Project Funding by the National Natural Science Foundation of China and the Macao Science and Technology Development Fund""","經濟及科技發展局,经济及科技发展局,Direcção dos Serviços de Economia e Desenvolvimento Tecnológico,Macao Economic Bureau","1","0","0","System.Object[]","51","78","2024-12-30 10:38:56","澳門科學技術發展基金與國家自然科學基金委員會聯合科研資助項目統計☯澳门科学技术发展基金与国家自然科学基金委员会联合科研资助项目统计☯Estatística do ""Apoio Financeiro Conjunto: FDCT-NSFC""☯Statistics of ""Joint Scientific Research Project Funding by the National Natural Science Foundation of China and the Macao Science and Technology Development Fund"""
"2085fc75-1e52-4bb1-ba7a-05535294a1fb","退休及撫卹制度-在職會員-按年齡劃分☯退休及抚恤制度-在职会员-按年龄划分☯Regime de Aposentação e Sobrevivência – Subscritores no activo – Por idade☯ ","退休基金會,退休基金会,Fundo de Pensões,Pension Fund","1","0","0","System.Object[]","115","171","2026-05-18 14:42:59","按年齡統計當年退休及撫卹制度中在職會員之人數☯按年龄统计当年退休及抚恤制度中在职会员之人数☯Estatística do número de subscritores no activo do Regime de Aposentação e Sobrevivência desse ano por idade☯ "
"21214b15-14ab-4552-9fef-dec36e86081a","經旅行社購買隨團外遊服務的居民☯经旅行社购买随团外游服务的居民☯Residentes que adquiriram nas agências de viagens serviços para viajarem em excursões ao exterior☯Residents purchasing outbound services for travelling on package tours through travel agencies","統計暨普查局,统计暨普查局,Direcção dos Serviços de Estatística e Censos,Statistics and Census Service","0","1","0","System.Object[]","0","34","2025-11-14 17:23:36","參加由本澳旅行社安排食宿及行程等旅行團的本地居民。☯参加由本澳旅行社安排食宿及行程等旅行团的本地居民。☯Residentes que viajaram em excursão organizada pela agência de viagem de Macau, que lhes arranjou as refeições, o alojamento, o itinerário, etc.☯Local residents travelling outbound in package tour that includes an itinerary, meals and accommodation arranged by a travel agency in Macao."
"2133b321-2e14-405a-a1a2-82c63737a306","衝紅燈數目☯衝紅燈數目☯Ultrapassagem do sinal vermelho☯Running red light","治安警察局,治安警察局,CPSP,CPSP","1","0","0","System.Object[]","40","73","2026-02-06 15:08:49","衝紅燈數目☯衝紅燈數目☯Ultrapassagem do sinal vermelho☯Running red light"
"213b892c-f2cd-4d69-b493-6074d8855fa6","科技研發人才資助計劃－人才回流類項目統計☯科技研发人才资助计划－人才回流类项目统计☯Estatísticas de Plano de Apoio Financeiro a Quadros Qualificados em I&D da Ciência e Tecnologia de Macau - ​Categoria de Regresso de Talentos☯Statistics of Funding Scheme of Macao for Science and Technology R&D Talent - Talent Repatriation Category","經濟及科技發展局,经济及科技发展局,Direcção dos Serviços de Economia e Desenvolvimento Tecnológico,Macao Economic Bureau","1","0","0","System.Object[]","10","30","2025-12-09 09:13:03","科技研發人才資助計劃－人才回流類項目統計☯科技研发人才资助计划－人才回流类项目统计☯Estatísticas de Plano de Apoio Financeiro a Quadros Qualificados em I&D da Ciência e Tecnologia de Macau - ​Categoria de Regresso de Talentos☯Statistics of Funding Scheme of Macao for Science and Technology R&D Talent - Talent Repatriation Category"
"2157663b-a420-4a82-bfe6-760a0816d1cb","因有關職安健違規而發出停工令的宗數☯因有关职安健违规而发出停工令的宗数☯Casos de ordem da suspensão de emissão☯Cases of suspension of work","勞工事務局,劳工事务局,Direcção dos Serviços para os Assuntos Laborais,Labour Affairs Bureau","1","0","0","System.Object[]","16","37","2026-07-31 16:25:38","因建築工地或工程地點出現任何嚴重危及工作人員或他人生命、健康或身體完整性的情況而作出的停工批示宗數☯因建筑工地或工程地点出现任何严重危及工作人员或他人生命、健康或身体完整性的情况而作出的停工批示宗数☯Casos de ordem da suspensão de emissão☯Cases of suspension of work"
"21df08fe-fbed-40b5-bfa3-fbd18e24aeb0","澳門大學體育設施預約情況☯澳门大学体育设施预约情况☯Reservas das Instalações Desportivas da Universidade de Macau☯Sports Facilities Booking Status of the University of Macau ","澳門大學,澳門大學,UM,UM","0","1","0","System.Object[]","0","274","2022-12-01 11:29:02","位於澳門大學校園的體育設施，今天及未來七天的預約情況。☯位于澳门大学校园的体育设施，今天及未来七天的预约情况。☯Reservas das instalações desportivas no campus da Universidade de Macau para hoje e para os próximos sete dias.☯The booking status of sports facilities in the University of Macau campus for today and for the next seven days."
"21f7a840-3a31-4f04-87bd-b0875082f8d2","總體就業人口☯总体就业人口☯População empregada☯Total employed population","統計暨普查局,统计暨普查局,Direcção dos Serviços de Estatística e Censos,Statistics and Census Service","0","1","0","System.Object[]","0","53","2025-11-14 15:47:29","在調查日前7天內為賺取報酬或利潤而工作至少1小時的16歲及以上人士，亦包括無酬家屬幫工、沒有上班但與僱主保持工作聯繫的僱員，以及正在休假的僱主或自僱人士。
就業人口包括本地就業居民及居澳外地僱員。
☯在调查日前7天内为赚取报酬或利润而工作至少1小时的16岁及以上人士，亦包括无酬家属帮工、没有上班但与雇主保持工作联系的雇员，以及正在休假的雇主或自雇人士。
就业人口包括本地就业居民及居澳外地雇员。☯Indivíduos com idade igual ou superior a 16 anos que, nos 7 dias anteriores à data de realização do inquérito, trabalharam pelo menos uma hora, com contrapartida de remuneração ou com vista a um lucro. Incluem-se também os trabalhadores familiares não remunerados, os trabalhadores por conta de outrem que não estavam ao serviço, mas mantinham um vínculo de emprego com o empregador, e os empregadores ou trabalhadores por conta própria que se encontravam de férias. 
A população empregada abrange os residentes empregados e os trabalhadores não residentes que vivem em Macau.☯Individuals aged 16 and above who work for pay or profit at least 1 hour during the 7 days before enumeration. It also includes unpaid family workers, employees who are absent from work but have job attachment to the employer, as well as employers or the self-employed who are on leave.
Employed population includes employed residents and non-resident workers living in Macao."
"220e401e-2da9-4d0c-bb16-536d2f0bf591","本地銀行同業負債（按期限）- 舊系列 ☯本地银行同业负债（按期限）- 旧系列☯RESPONSABILIDADES PARA COM BANCOS RESIDENTES - VELHA SÉRIE☯DOMESTIC INTERBANK LIABILITIES - OLD SERIES","澳門金融管理局,澳門金融管理局,AMCM,AMCM","1","0","0","System.Object[]","14","29","2026-09-03 17:04:27","由1984年至2013年9月按期限及貨幣分類的本地銀行同業負債數據，期限可分為七日內到期、八日至一個月、一個月至三個月、三個月至六個月、六個月至十二個月及一年以上。☯由1984年至2013年9月按期限及货币分类的本地银行同业负债数据，期限可分为七日内到期、八日至一个月、一个月至三个月、三个月至六个月、六个月至十二个月及一年以上。☯Mostram-se os dados relativos aos passivos interbancários locais classificados por prazo e moeda registados desde 1984 a setembro de 2013, sendo os prazos de vencimento divididos em: 7 dias, de 8 dias a 1 mês, de 1 a 3 meses, de 3 a 6 meses, de 6 a 12 meses e mais de 1 ano. ☯Mostram-se os dados relativos aos passivos interbancários locais classificados por prazo e moeda registados desde 1984 a setembro de 2013, sendo os prazos de vencimento divididos em: 7 dias, de 8 dias a 1 mês, de 1 a 3 meses, de 3 a 6 meses, de 6 a 12 meses e mais de 1 ano. "
"225dd813-8b6f-4109-8c49-7005e62729f7","澳門高等院校研究人員人數統計─按性別劃分☯澳门高等院校研究人员人数统计─按性别划分☯Dados estatísticos do número de investigadores das instituições do ensino superior de Macau (classificados por sexo)☯-","教育及青年發展局,教育及青年发展局,Direcção dos Serviços de Educação e de Desenvolvimento da Juventude,Education and Youth Development Bureau","1","0","0","System.Object[]","15","37","2025-12-15 16:03:11","按學年方式，提供按性別劃分的澳門高等院校研究人員人數。☯按学年方式，提供按性别划分的澳门高等院校研究人员人数。☯Número de investigadores das instituições do ensino superior de Macau (classificado por sexo), calculado de acordo com o ano lectivo.☯-"
"22971c15-99ee-4126-bd98-bd028bf9bb6b","專科衛生護理範疇急診部概況☯专科卫生护理范畴急诊部概况☯Situação do serviço de urgência, na área de cuidados de saúde diferenciados☯專科衛生護理範疇急診部概況","衛生局,卫生局,Serviços de Saúde,Health Bureau","1","0","0","System.Object[]","81","80","2024-12-19 14:59:24","專科衛生護理範疇中，急診部概況☯专科卫生护理范畴中，急诊部概况☯Situação do serviço de urgência, na área de cuidados de saúde diferenciados☯專科衛生護理範疇中，急診部概況"
"229a9d02-04fb-4ac5-8dc7-9048ea955897","更生個案數目☯更生个案数目☯Número de casos relativos a reabilitados☯---","社會工作局,社會工作局,Instituto de Acção Social,Social Welfare Bureau","1","0","0","System.Object[]","28","51","2026-08-10 17:45:29","更生個案數目☯更生个案数目☯Número de casos relativos a reabilitados☯---"
"22bcf76e-8465-4445-b23c-2b398ad656db","疾病預防控制範疇社區衛生工作組工作概況☯疾病预防控制范畴社区卫生工作组工作概况☯ Situação das actividades realizadas pelo Grupo de trabalho de saúde comunitária, na área de prevenção e controlo de doenças☯疾病預防控制範疇社區衛生工作組工作概況","衛生局,卫生局,Serviços de Saúde,Health Bureau","1","0","0","System.Object[]","44","62","2024-12-19 15:00:11","疾病預防控制範疇中，社區衛生工作組工作概況☯疾病预防控制范畴中，社区卫生工作组工作概况☯ Situação das actividades realizadas pelo Grupo de trabalho de saúde comunitária, na área de prevenção e controlo de doença☯疾病預防控制範疇中，社區衛生工作組工作概況"
"22f5d25d-b987-4f24-a889-bccf444077f8","會展競投及支援一站式服務☯会展竞投及支持一站式服务☯Serviço “One-Stop” para Licitação e Apoio em Macau de Convenções e Exposições☯“One-stop Service” for MICE Bidding and Support in Macao","招商投資促進局,招商投资促进局,IPIM,IPIM","1","0","0","System.Object[]","18","48","2026-02-16 11:23:36","招商投資促進局爲有意在澳門籌辦活動的會展組織者提供會展競投及支援“一站式”服務，委派專責人員由事前、事中、事後一直協助跟進，根據會展組織者因應在澳門舉辦會展活動的需求提供支援，包括: 為會展組織者提供在澳門籌辦會展活動的資訊；協調與本澳相關政府部門及單位，以辦理或申請所需手續；協助會展組織者在澳門社區或不同地點進行活動，豐富參展參會者在澳門的體驗；就澳門籌辦活動的費用提供財務支持等。☯招商投资促进局为有意在澳门筹办活动的会展组织者提供会展竞投及支持“一站式”服务，委派专责人员由事前、事中、事后一直协助跟进，根据会展组织者因应在澳门举办会展活动的需求提供支持，包括: 为会展组织者提供在澳门筹办会展活动的信息；协调与本澳相关政府部门及单位，以办理或申请所需手续；协助会展组织者在澳门小区或不同地点进行活动，丰富参展参会者在澳门的体验；就澳门筹办活动的费用提供财务支持等。☯O IPIM presta o serviço de “One-Stop” para Licitação e Apoio em Macau de Convenções e Exposições para os organizadores de convenções e exposições que pretendam realizar eventos em Macau, destacando pessoal responsável para dar acompanhamento antes, durante e após a actividade, de acordo com as necessidades concretas dos organizadores de convenções e exposições em Macau, prestando-lhes apoio, nomeadamente, nas informações sobre os eventos de convenções e exposições a realizar em Macau; na coordenação com os respectivos serviços públicos e entidades locais; no apoio aos organizadores de convenções e exposições nas suas actividades nos bairros comunitários ou diversos locais de Macau, tendo em vista enriquecer a experiência dos participantes; e na prestação de apoio financeiro para subsidiar as actividades a realizar em Macau.☯The Commerce and Investment Promotion Institute (IPIM) provides comprehensive services to event organisers who are interested in hosting conventions or exhibitions in Macao. IPIM also designates personnel to follow up before, during and after the events, and offer necessary support according to different needs. The services include: Providing latest MICE information in Macao; Coordinating with other government departments or authorities in Macao to help event organisers complete different administrative procedure; Assisting event organisers in holding activities in local community to enhance event participants’ experience; Providing financial support for organising events in Macao."
"22fd734e-fbb1-4517-a2e5-1a8e694b7454","衛生範疇健康指標統計☯卫生范畴健康指标统计☯Estatísticas de indicadores de Saúde, na área de saúde☯衛生範疇健康指標統計","衛生局,卫生局,Serviços de Saúde,Health Bureau","1","0","0","System.Object[]","87","119","2024-12-19 14:59:13","衛生範疇中，健康指標統計☯卫生范畴中，健康指标统计☯Estatísticas de indicadores de Saúde, na área de saúde☯衛生範疇中，健康指標統計"
"23269e99-28a5-4f19-a46f-93611616708d","托兒所數目及托額☯托儿所数目及托额☯Número de creches e número de vagas☯---","社會工作局,社會工作局,Instituto de Acção Social,Social Welfare Bureau","1","0","0","System.Object[]","74","122","2026-08-10 17:45:01","托兒所數目及托額☯托儿所数目及托额☯Número de creches e número de vagas☯---"
"237701cb-b324-4ead-9f3d-580c6c3f9293","專科衛生護理範疇按專科劃分的手術人次☯专科卫生护理范畴按专科划分的手术人次☯Número de cirúrgias por especialidade, na área de cuidados de saúde diferenciados☯專科衛生護理範疇按專科劃分的手術人次","衛生局,卫生局,Serviços de Saúde,Health Bureau","1","0","0","System.Object[]","61","66","2024-12-19 14:59:29","專科衛生護理範疇中，按專科劃分的手術人次☯专科卫生护理范畴中，按专科划分的手术人次☯Número de cirúrgias por especialidade, na área de cuidados de saúde diferenciados☯專科衛生護理範疇中，按專科劃分的手術人次"
"23ad9516-259d-41b3-8b89-e5b1c37d9a55","酒店業在職員工☯酒店业在职员工☯Pessoal ao serviço dos hotéis e similares☯ ","統計暨普查局,统计暨普查局,Direcção dos Serviços de Estatística e Censos,Statistics and Census Service","0","1","0","System.Object[]","0","32","2026-01-26 12:47:37","在酒店業場所工作的全職及無薪酬員工總數。☯在酒店业场所工作的全职及无薪酬员工总数。☯Refere-se ao número total de trabalhadores remunerados a tempo completo e de trabalhadores não remunerados que laboram nos hotéis e similares.☯ "
"23c7c249-405e-4aec-9e8e-6fa7d05d2fe3"," .gov.mo域名登記資料☯.gov.mo域名登记资料☯.gov.mo Domain Name☯.gov.mo Domain Name","行政公職局,行政公职局,Direcção dos Serviços de Administração e Função Pública,Public Administration and Civil Service Bureau","1","0","0","System.Object[]","83","137","2026-05-04 17:14:16"," .gov.mo域名登記資料☯.gov.mo域名登记资料☯.gov.mo Domain Name☯.gov.mo Domain Name"
"23ee35fc-4dd6-4df2-ad30-eaf86ad7d41b","澳門小一學生超重（包括肥胖）率☯澳门小一学生超重（包括肥胖）率☯Prevalência de excesso de peso (incluindo obesidade) entre estudantes do Ensino Básico em Macau☯Prevalence of overweight (including obesity) among Primary One students in Macao","衛生局,卫生局,Serviços de Saúde,Health Bureau","1","0","0","System.Object[]","23","40","2024-12-31 12:24:57","衛生局自2012年起，運用衛生中心醫護人員為全澳小學一年級學生進行常規體格檢查的數據資料，針對肥胖問題和發展趨勢進行統計監測，自2019年起增加對視力不良情況的監測。☯卫生局自2012年起，运用卫生中心医护人员为全澳小学一年级学生进行常规体格检查的数据数据，针对肥胖问题和发展趋势进行统计监测，自2019年起增加对视力不良情况的监测。☯Desde 2012, os Serviços de Saúde têm vindo a utilizar os dados dos exames físicos de rotina realizados pelo pessoal médico dos centros de saúde para alunos do ensino primário em Macau para realizar a monitorização estatística dos problemas de obesidade e tendências de desenvolvimento e, desde 2019, a monitorização da baixa visão tem vindo a aumentar.☯Since 2012, the Health Bureau has been using the data from routine physical examinations conducted by medical staff of health centres for primary school students in Macao to conduct statistical monitoring of obesity problems and development trends, and since 2019, the monitoring of poor vision has been increased."
"2405ad3c-e67c-4269-a8d5-aeb56ed9068e","非強制央積金—獲分配預算盈餘特別分配款項的人數☯非强制央积金—获分配预算盈余特别分配款项的人数☯Regime de previdência central não obrigatório - número de indivíduos a quem foi atribuída a verba a título de repartição extraordinária de saldo orçamental.☯Non-mandatory central provident fund system - the number of people who have got the special allocation from budget surplus","社會保障基金,社会保障基金,Fundo de Segurança Social,Social Security Fund","1","0","0","System.Object[]","43","73","2026-07-20 13:25:01","按年度列入預算盈餘特別分配款項名單的人數—包括直接列入名單及透過聲明異議列入名單（自2020年度起）☯按年度列入预算盈余特别分配款项名单的人数—包括直接列入名单及透过声明异议列入名单（自2020年度起）☯Número anual de indivíduos incluídos na lista de atribuição de verba a título de repartição extraordinária de saldo orçamental - abrange os indivíduos directamente incluídos e os indivíduos incluídos após a reclamação (a partir de 2020)☯Calculated on an annual basis, the number of people who are included in the list of special allocation from budget surplus  — including those who are directly included in the list and those who are included in the list by filing an objection statement (since 2020)"
"242fadb6-04c6-4e6c-8eaf-392e409be226","行政長官選舉結果統計☯行政长官选举结果统计☯Resultado da Eleição para o cargo do Chefe do Executivo☯Statistics on results of election of the Chief Executive","行政公職局,行政公职局,Direcção dos Serviços de Administração e Função Pública,Public Administration and Civil Service Bureau","1","0","0","System.Object[]","95","180","2025-07-24 17:07:47","2004年至今，行政長官選舉的結果統計☯2004年至今，行政长官选举的结果统计☯Estatísticas dos resultados da Eleição para o Chefe do Executivo, de 2004 até à data☯Statistics since 2004 to the present on the results of election of the Chief Executive"
"2458c956-552c-47b2-b5b1-0e1f5c67eecf","澳門大學與企業合作協議清單☯澳门大学与企业合作协议清单☯Lista dos acordos de colaboração entre a Universidade de Macau e as empresas☯List of collaboration agreements between the University of Macau and enterprises","澳門大學,澳門大學,UM,UM","1","0","0","System.Object[]","71","129","2025-09-02 15:38:47","與澳門大學訂立戰略合作框架協議之企業。☯与澳门大学订立战略合作框架协议之企业。☯Empresas que celebraram acordos-quadro de colaboração estratégica com a Universidade de Macau.☯Enterprises that have entered into a strategic collaboration framework agreement with the University of Macau."
"2469601c-3b20-4fd0-8586-dc619dd7ed00","按繳納資產移轉印花稅統計之樓宇單位買賣價值☯按缴纳资产移转印花税统计之楼宇单位买卖价值☯Valor das fracções autónomas transaccionadas segundo o imposto de selo cobrado☯Transaction value of building units as per Stamp Duty record","統計暨普查局,统计暨普查局,Direcção dos Serviços de Estatística e Censos,Statistics and Census Service","0","1","0","System.Object[]","0","46","2024-12-30 17:13:38","參考期間完成繳納資產轉移印花稅程式的住宅（包括樓花）、商鋪、工業、辦公室等單位及停車位元的買賣總值。☯参考期间完成缴纳资产转移印花税程序的住宅（包括楼花）、商铺、工业、办公室等单位及停车位的买卖总值。☯Valor total das fracções autónomas habitacionais (incluindo as de edifícios em construção), de fracções autónomas destinadas: a lojas; à indústria e a escritórios, bem como de lugares de estacionamento, transaccionados durante o período de referência, segundo o imposto de selo cobrado.☯Refers to the total value of transactions of residential units (including pre-sale units), shops, industrial units, office units and parking spaces in the reference period as per Stamp Duty record."
"24710760-a98f-4788-b80d-4d18db8777c2","按行業劃分有供款的僱主及有關本地僱員數目☯按行业划分有供款的雇主及有关本地雇员数目☯Empregadores que efectuaram contribuições e respectivos trabalhadores residentes classificados por ramos de actividade económica☯Employers who made contributions and their resident workers classified by economic activity sectors","社會保障基金,社会保障基金,Fundo de Segurança Social,Social Security Fund","1","0","0","System.Object[]","14","29","2026-09-01 17:00:29","按行業劃分有供款的僱主及有關本地僱員數目☯按行业划分有供款的雇主及有关本地雇员数目☯Empregadores que efectuaram contribuições e respectivos trabalhadores residentes
classificados por ramos de actividade económica☯Employers who made contributions and their resident workers classified by economic activity sectors"
"2476cb7e-c109-48a5-bbbf-4b9f9305f910","土地工務局服務承諾履行情況☯土地工務局服务承诺履行情况☯DSSCU -- Situação de cumprimento da Carta de Qualidade☯DSSCU -- The Implementation of Performance Pledge","土地工務局,土地工務局,DSSCU,DSSCU","1","0","0","System.Object[]","18","73","2025-07-02 16:24:51","土地工務局服務承諾履行情況☯土地工務局服务承诺履行情况☯DSSCU -- Situação de cumprimento da Carta de Qualidade☯DSSCU -- The Implementation of Performance Pledge"
"249686f0-3fc4-4343-a269-e75ada8b9735","《統計年刊 2024》專科醫療衛生範疇仁伯爵綜合醫院醫務活動☯《統計年刊 2024》專科醫療衛生範疇仁伯爵綜合醫院醫務活動☯CUIDADOS DE SAÚDE DIFERENCIADOS Movimento assistencial no CHCSJ☯CUIDADOS DE SAÚDE DIFERENCIADOS Movimento assistencial no CHCSJ","衛生局,卫生局,Serviços de Saúde,Health Bureau","1","0","0","System.Object[]","10","23","2025-10-28 17:39:47","《統計年刊 2024》專科醫療衛生範疇仁伯爵綜合醫院醫務活動☯《統計年刊 2024》專科醫療衛生範疇仁伯爵綜合醫院醫務活動☯CUIDADOS DE SAÚDE DIFERENCIADOS Movimento assistencial no CHCSJ☯CUIDADOS DE SAÚDE DIFERENCIADOS Movimento assistencial no CHCSJ"
"249d31aa-9a95-47d2-b18d-e356eb58db7f","特區政府社交媒體目錄☯特区政府社交媒体目录☯RAEM Directório de Redes Sociais☯RAEM Social Media","行政公職局,行政公职局,Direcção dos Serviços de Administração e Função Pública,Public Administration and Civil Service Bureau","0","1","0","System.Object[]","0","85","2025-07-04 11:41:39","特區政府社交媒體目錄☯特区政府社交媒体目录☯RAEM Directório de Redes Sociais☯RAEM Social Media"
"249d5096-1dd6-4732-9046-b452bbf60719","包括留級生的鞏固率☯包括留级生的巩固率☯Taxa de consolidação incluindo os alunos repetentes☯ ","教育及青年發展局,教育及青年发展局,Direcção dos Serviços de Educação e de Desenvolvimento da Juventude,Education and Youth Development Bureau","1","0","0","System.Object[]","12","25","2025-12-15 16:03:35","提供教育效益指標：按非高等教育階段劃分的包括留級生的鞏固率☯提供教育效益指标：按非高等教育阶段划分的包括留级生的巩固率☯Fornecer indicadores da eficiência educativa: Taxa de consolidação incluindo os alunos repetentes por nível de ensino não superior☯ "
"250a1e8e-22f4-4d7f-b24f-0cd5de67c20f","具條件可供本澳醫療機構使用及在澳門申請註冊上市的新藥☯具条件可供本澳医疗机构使用及在澳门申请注册上市的新药☯Novos medicamentos elegíveis para uso por instituições médicas locais e para registo de comercialização em Macau☯-","藥物監督管理局,药物监督管理局,ISAF,ISAF","1","0","0","System.Object[]","77","82","2026-07-14 10:03:52","具條件可供本澳醫療機構使用及在澳門申請註冊上市的新藥（已獲國家藥監局、美國FDA或歐盟EMA批准上市的新藥）☯具条件可供本澳医疗机构使用及在澳门申请注册上市的新药（已获国家药监局、美国FDA或欧盟EMA批准上市的新药）☯Novos medicamentos elegíveis para uso por instituições médicas locais e para registo de comercialização em Macau (Novos medicamentos aprovados pelas NMPA, USFDA e EMA)☯-"
"257f2606-86cc-409e-bebc-73df4d599ff1","《統計年刊 2024》人力資源 按工作人員所屬系統劃分的人員分佈☯《統計年刊 2024》人力資源 按工作人員所屬系統劃分的人員分佈☯RECURSOS HUMANOS Distribuição dos efectivos por área de intervenção☯RECURSOS HUMANOS Distribuição dos efectivos por área de intervenção","衛生局,卫生局,Serviços de Saúde,Health Bureau","1","0","0","System.Object[]","13","38","2025-10-28 17:36:52","《統計年刊 2024》人力資源 按工作人員所屬系統劃分的人員分佈☯《統計年刊 2024》人力資源 按工作人員所屬系統劃分的人員分佈☯RECURSOS HUMANOS Distribuição dos efectivos por área de intervenção☯RECURSOS HUMANOS Distribuição dos efectivos por área de intervenção"
"25f8c852-2d51-42fc-9e20-34425b79d2b2","本地生產總值實質變動率 - 服務出口☯本地生产总值实质变动率 - 服务出口☯Taxa de variação real do Produto Interno Bruto - Exportação de serviços☯ ","統計暨普查局,统计暨普查局,Direcção dos Serviços de Estatística e Censos,Statistics and Census Service","0","1","0","System.Object[]","0","36","2025-11-10 14:47:30","剔除價格變化因素後的服務出口變動，用以衡量本地居民向非本地居民提供（銷售）服務的實質變動。☯剔除价格变化因素后的服务出口变动，用以衡量本地居民向非本地居民提供（销售）服务的实质变动。☯A variação da exportação de serviços, após a eliminação dos factores que influenciam os preços, serve para medir a variação real dos serviços prestados (ou vendidos) aos não residentes, pelos residentes da Região Administrativa Especial de Macau.☯ "
"25f9f41a-341e-451e-aae4-a7a591974e2d","展覽參展商☯展览参展商☯Expositores☯ ","統計暨普查局,统计暨普查局,Direcção dos Serviços de Estatística e Censos,Statistics and Census Service","0","1","0","System.Object[]","0","35","2026-01-26 12:38:32","參加展覽活動並展示產品或服務的公司或機構。☯参加展览活动并展示产品或服务的公司或机构。☯Referem-se às empresas ou instituições que participaram nas exposições e nelas exibiram bens ou serviços.☯ "
"260be716-fa3c-4d94-9a47-e289aa4d8607","市政諮詢委員會的成員清單☯市政咨询委员会的成员清单☯Lista de membros do Conselho Consultivo para os Assuntos Municipais☯List of members of Consultative Committee on Municipal Affairs","市政署,市政署,Instituto para os Assuntos Municipais,Municipal Affairs Bureau","1","0","0","System.Object[]","60","72","2025-05-08 10:56:03","市政諮詢委員會的成員清單☯市政咨询委员会的成员清单☯Lista de membros do Conselho Consultivo para os Assuntos Municipais☯List of members of Consultative Committee on Municipal Affairs"
"26a9e6d1-309b-43cc-8e5e-1ebe01999e1e","澳門癌症登記年報癌症新個案數☯澳门癌症登记年报癌症新个案数☯Número de novos casos oncológicos notificados pelo Registo do Cancro de Macau☯No. of New Cases Registered in 2022","衛生局,卫生局,Serviços de Saúde,Health Bureau","1","0","0","System.Object[]","21","41","2024-12-31 13:09:23","為掌握癌症對澳門居民健康的影響，衛生局自2003年建立澳門癌症登記系統，監測本澳癌症的流行情況和變化趨勢，每年制作《澳門癌症登記年報》公佈癌症發展的新動向，作為制訂癌症防治和醫療資源配置的參考資料。☯为掌握癌症对澳门居民健康的影响，卫生局自2003年建立澳门癌症登记系统，监测本澳癌症的流行情况和变化趋势，每年制作《澳门癌症登记年报》公布癌症发展的新动向，作为制订癌症防治和医疗资源分配的参考数据。☯A fim de compreender o impacto do cancro na saúde dos residentes de Macau, os Serviços de Saúde criaram o Sistema de Registo do Cancro de Macau desde 2003 para monitorizar a prevalência e tendência do cancro em Macau.☯In order to grasp the impact of cancer on the health of Macao residents, the Health Bureau has established the Macao Cancer Registry System since 2003 to monitor the prevalence and trend of cancer in Macao."
"27793af7-7cf0-4301-ae25-d4644ee3fc6a","人力資源範疇按所屬單位劃分的診療技術員數目☯人力资源范畴按所属单位划分的诊疗技术员数目☯Número de técnicos de diagnóstico e terapêutica por subunidade a que pertencem, na área de recursos humanos☯人力資源範疇按所屬單位劃分的診療技術員數目","衛生局,卫生局,Serviços de Saúde,Health Bureau","1","0","0","System.Object[]","75","62","2024-12-19 14:58:43","人力資源範疇中，以所屬單位劃分的診療技術員數目☯人力资源范畴中，以所属单位划分的诊疗技术员数目☯Número de  técnicos de diagnóstico e terapêutica por subunidades a que pertencem, na área de recursos humanos☯人力資源範疇中，以所屬單位劃分的診療技術員數目"
"277e7ada-117b-4e9e-a52f-b421ced1d032","博彩業盈利與支出比率☯博彩业盈利与支出比率☯Proporção do excedente bruto pelas despesas do sector do jogo☯ ","統計暨普查局,统计暨普查局,Direcção dos Serviços de Estatística e Censos,Statistics and Census Service","0","1","0","System.Object[]","0","33","2026-01-26 12:47:40","博彩業的盈利除以員工支出、經營費用、購貨、佣金及客戶回贈的總和的比例，用以衡量經營效益。☯博彩业的盈利除以员工支出、经营费用、购货、佣金及客户回赠的总和的比例，用以衡量经营效益。☯Refere-se à relação entre o excedente bruto e o somatório das despesas com pessoal, das despesas de exploração e das compras de mercadorias, comissões e ofertas a clientes, do sector do jogo. O indicador serve para medir a eficácia operacional.☯ "
"278d758e-b34e-42d8-aea8-33fdcbaeee8b","法人選民登記的統計☯法人选民登记的统计☯Estatística Sobre o Recenseamento Eleitoral de Pessoas Colectivas☯-","行政公職局,行政公职局,Direcção dos Serviços de Administração e Função Pública,Public Administration and Civil Service Bureau","1","0","0","System.Object[]","27","74","2026-01-16 15:41:26","法人選民登記的統計☯法人选民登记的统计☯Estatística Sobre o Recenseamento Eleitoral de Pessoas Colectivas☯-"
"27c0eed5-d733-4c5b-b8c2-12acb9d14213","投資者、管理人員及具特別資格技術人員臨時居留許可統計數據☯投资者、管理人员及具特别资格技术人员临时居留许可统计数据☯Dados estatísticos sobre os Pedidos de Fixação de Residência Temporária relativos a investidores, quadros dirigentes e técnicos especializados☯Data of Temporary Residency Application of Investors, Managerial Personnel and Professionals with Special Qualifications","招商投資促進局,招商投资促进局,IPIM,IPIM","1","0","0","System.Object[]","30","69","2026-01-21 14:43:45","統計透過第3/2005號行政法規《投資者、管理人員及具特別資格技術人員臨時居留許可統計數據》提出臨時居留許可申請的個案、獲批准個案、不批准/取消個案及獲批准人數。☯统计透过第3/2005号行政法规《投资者、管理人员及具特别资格技术人员临时居留许可统计数据》提出临时居留许可申请的个案、获批准个案、不批准/取消个案及获批准人数。☯Dados estatísticos de pedido de residência temporária, pedido aprovado, pedido indeferido/cancelado e números de pessoas aprovadas de acordo com o Regulamento Administrativo nº. 3/2005, que regula o «Regime de fixação de residência temporária de investidores, quadros dirigentes e técnicos especializados»☯Statistics and Industry Classification of Approved New Investors, Managements and Technical Personnel applications in accordance with Administrative Regulation no. 3/2005 “Investors, Managerial Personnel, Technical and Professional Qualification Holders Temporary Residency Scheme”"
"27c7c203-490d-4101-8c9a-3a0c6fb1133b","私立補充教學輔助中心名單☯私立补充教学辅助中心名单☯Lista e informação dos Centros de apoio pedagógico complementar particulares do ensino não superior☯List of Private complementary pedagogical supporting centres for non-tertiary education","教育及青年發展局,教育及青年发展局,Direcção dos Serviços de Educação e de Desenvolvimento da Juventude,Education and Youth Development Bureau","0","1","0","System.Object[]","0","107","2025-08-14 11:28:49","私立補充教學輔助中心名單☯私立补充教学辅助中心名单☯Lista e informação dos Centros de apoio pedagógico complementar particulares do ensino não superior☯List of Private complementary pedagogical supporting centres for non-tertiary education"
"28088de0-6912-4f18-95f1-25679cd18c0f","腫瘤導致的死亡☯肿瘤导致的死亡☯Óbitos por tumores☯ ","統計暨普查局,统计暨普查局,Direcção dos Serviços de Estatística e Censos,Statistics and Census Service","0","1","0","System.Object[]","0","32","2025-11-10 14:50:02","因腫瘤導致的死亡人數。☯因肿瘤导致的死亡人数。☯Referem-se ao número de pessoas que faleceram por tumores.☯ "
"2828f4ac-bce6-42ab-acac-243a95b5cbad","年終本地人口☯年终本地人口☯População local no fim do ano☯End-year local population","統計暨普查局,统计暨普查局,Direcção dos Serviços de Estatística e Censos,Statistics and Census Service","0","1","0","System.Object[]","77","289","2024-12-30 12:47:22","主要是澳門居民，即不包括居澳外地僱員及外地學生。☯主要是澳门居民，即不包括居澳外地雇员及外地学生。☯É composta principalmente por residentes de Macau, excluindo os trabalhadores não residentes e estudantes não residentes, ambos domiciliados no Território.☯Refers primarily to Macao residents, excluding non-resident workers and non-local students living in Macao."
"282d4274-7779-47e4-98f0-272260508bff","警訊☯警訊☯Revista de Polícia☯Revista de Polícia","治安警察局,治安警察局,CPSP,CPSP","1","0","0","System.Object[]","37","71","2026-02-06 15:09:05","警訊☯警訊☯Revista de Polícia☯Revista de Polícia"
"283a0991-8a41-4c5d-97b3-f3acc1c585a2","《統計年刊 2024》衛生統計年終人口☯《統計年刊 2024》衛生統計年終人口☯ESTATÍSTICAS DA SAÚDE  População no final do ano☯ESTATÍSTICAS DA SAÚDE  População no final do ano","衛生局,卫生局,Serviços de Saúde,Health Bureau","1","0","0","System.Object[]","15","27","2025-10-28 17:40:18","《統計年刊 2024》衛生統計年終人口☯《統計年刊 2024》衛生統計年終人口☯ESTATÍSTICAS DA SAÚDE  População no final do ano☯ESTATÍSTICAS DA SAÚDE  População no final do ano"
"28f41a3c-26b4-4329-964d-bb9486fba457","《統計年刊 2024》人力資源 按歲組劃分的人員分佈☯《統計年刊 2024》人力資源 按歲組劃分的人員分佈☯RECURSOS HUMANOS N.º de trabalhadores por grupo etário☯RECURSOS HUMANOS N.º de trabalhadores por grupo etário","衛生局,卫生局,Serviços de Saúde,Health Bureau","1","0","0","System.Object[]","12","26","2025-10-28 17:36:56","《統計年刊 2024》人力資源 按歲組劃分的人員分佈☯《統計年刊 2024》人力資源 按歲組劃分的人員分佈☯RECURSOS HUMANOS N.º de trabalhadores por grupo etário☯RECURSOS HUMANOS N.º de trabalhadores por grupo etário"
"296e8029-6b0c-4baf-b4e1-a8d5dac796ea","特別服務宗數.xlsx☯特别服务宗数☯ Casos de serviços especiais ☯Number of special service cases","消防局,消防局,CB,CB","1","0","0","System.Object[]","15","58","2024-10-14 12:58:28","根據經第18/2016號行政法規重新公佈的第24/2001號行政法規《消防局組織及運作》，消防局任務包括：在發生火災、水災、倒塌等一切危及人命或人身完整以及財產之災難時提供救助等。 
因此，為持續優化消防局的滅火救援工作，本局會定期將收集到的救援車輛出勤資料進行整合分析，以便製作更具針對性救援及宣教方案。
☯根据经第18/2016号行政法规重新公布的第24/2001号行政法规《消防局组织及运作》，消防局任务包括：在发生火灾、水灾、倒塌等一切危及人命或人身完整以及财产之灾难时提供救助等。 
因此，为持续优化消防局的灭火救援工作，本局会定期将收集到的救援车辆出勤数据进行整合分析，以便制作更具针对性救援及宣教方案。
☯De acordo com o Regulamento Administrativo n.º 24/2001 - Organização e funcionamento do Corpo de Bombeiros, republicado pelo Regulamento Administrativo n.º 18/2016, o Corpo de Bombeiros tem como missão prestar socorro em caso de incêndios, inundações, desabamentos e, de uma maneira geral, em todos os sinistros que ponham em risco a vida e/ou integridade física das pessoas, bem como os seus haveres. Com o objectivo de optimizar constantemente as tarefas de combate a incêndios e socorro do Corpo de Bombeiros, esta Corporação irá proceder à integração e à análise dos dados de saída de veículos de socorro que foram recolhidos periodicamente, no sentido de elaborar os planos mais específicos de socorro e sensibilização e educação. De acordo com o Regulamento Administrativo n.º 24/2001 - Organização e funcionamento do Corpo de Bombeiros, republicado pelo Regulamento Administrativo n.º 18/2016, o Corpo de Bombeiros tem como missão prestar socorro a sinistrados e a doentes, em estado de emergência. Com o intuito de optimizar constantemente os trabalhos dos serviços de emergência médica do Corpo de Bombeiros, esta Corporação irá proceder à integração e à análise dos dados de saída de ambulâncias que foram recolhidos periodicamente, no sentido de elaborar os planos mais específicos de emergência médica e sensibilização e educação.☯According to Administrative Regulation No. 24/2001 ""Organization and Operation of the Fire Department"" re-published by Administrative Regulation No. 18/2016, the tasks of the Fire Department include: in the event of fire, flood, collapse and other disasters that endanger human life or personal integrity as well as property. Provide assistance when necessary. 
Therefore, in order to continue to optimize the firefighting and rescue work of the fire department, the bureau will regularly integrate and analyze the collected rescue vehicle attendance data in order to develop more targeted rescue and education plans.
"
"29a0e0dc-52ac-4240-b2cf-91fb6b3d1af9","屬在建至竣工階段的商業單位☯属在建至竣工阶段的商业单位☯Fracções comericiais que se encontram em fase de construção ou de conclusão☯Commercial units in the stage of construction to completion","土地工務局,土地工務局,DSSCU,DSSCU","1","0","0","System.Object[]","14","46","2026-07-29 17:13:16","於參考期間仍處於在建至竣工階段的商業單位 (在建至竣工指由接納申請人動工批示開始至獲發使用准照前)☯于参考期间仍处于在建至竣工阶段的商业单位 (在建至竣工指由接纳申请人动工批示开始至获发使用准照前)☯Fracções comerciais que se encontram em fase de construção ou de conclusão durante o período de referência (da fase de construção até à de conclusão refere-se ao período compreendido entre a data do despacho de aprovação do pedido para início da obra do requerente e a da emissão de licença de utilização).☯Commercial units that are still in the stage of construction to completion during the reference period (under construction to completion refers to the period from the acceptance of the applicant's approval to start construction to before the issuance of the license for use)"
"29c026d7-034a-4842-b1f2-ccfb82fab316","遛狗區地點資訊☯遛狗区地点信息☯Informações sobre a localização dos parques caninos☯Location information about dog parks","市政署,市政署,Instituto para os Assuntos Municipais,Municipal Affairs Bureau","1","1","0","System.Object[]","47","187","2026-07-21 10:00:04","提供各區遛狗地點的使用及位置資訊。☯提供各区遛狗地点的使用及位置信息。☯Informações disponíveis sobre o uso e a localização dos parques caninos de diversas zonas☯Provide information about the use and locations of dog parks in different districts"
"29c9c969-d53b-4845-a991-54032ba15362","會議及展覽平均會期/展期☯会议及展览平均会期/展期☯Duração média dos eventos de convenções e exposições☯ ","統計暨普查局,统计暨普查局,Direcção dos Serviços de Estatística e Censos,Statistics and Census Service","0","1","0","System.Object[]","58","203","2026-01-22 12:03:32","會展活動舉辦的平均日數。☯会展活动举办的平均日数。☯Refere-se ao número médio de dias de realização dos eventos de convenções e exposições.☯ "
"2a21524d-c4df-447b-9613-33623b59dd9f","協會/組織會議☯协会/组织会议☯Reunião da associação/organização☯ ","統計暨普查局,统计暨普查局,Direcção dos Serviços de Estatística e Censos,Statistics and Census Service","0","1","0","System.Object[]","0","32","2026-01-26 12:39:23","由協會或組織主辦或承辦的會議數量，這些會議在酒店、大型會議展覽中心等收費場地舉行。☯由协会或组织主办或承办的会议数量，这些会议在酒店、大型会议展览中心等收费场地举行。☯Os dados referem-se ao número de reuniões organizadas ou coordenadas pelas associações/organizações. As reuniões realizam-se em locais arrendados, nomeadamente, em hotéis, em grandes centros de convenções e exposições, etc.☯ "
"2a46d581-0cda-484f-82c0-92116ba458da","居留權證明書發出數量統計☯居留权证明书发出数量统计☯Estatística da emissão do certificado de confirmação do direito de residência☯Statistics on issuance of Certificate of Entitlement to the Right of Abode","身份證明局,身份证明局,Direcção dos Serviços de Identificação,Identification Bureau","1","0","0","System.Object[]","162","263","2026-01-29 11:47:54","居留權證明書累計發出數量☯居留权证明书累计发出数量☯Número cumulativo de emissão do certificado de confirmação do direito de residência☯Cumulative number of Certificate of Entitlement to the Right of Abode issued"
"2a57909b-f978-4711-b744-830f2a7d8b8c","飲食業在職員工☯饮食业在职员工☯Pessoal ao serviço do ramo da restauração☯ ","統計暨普查局,统计暨普查局,Direcção dos Serviços de Estatística e Censos,Statistics and Census Service","0","1","0","System.Object[]","0","31","2026-01-26 12:45:42","在飲食業場所工作的全職及無薪員工總數。☯在饮食业场所工作的全职及无薪员工总数。☯Refere-se ao número total de trabalhadores remunerados a tempo completo e de trabalhadores não remunerados que laboram nos estabelecimentos do ramo da restauração.☯ "
"2a9037d1-0457-4e16-9a6e-ffd465154b1a","退休及撫卹制度-在職會員人數☯退休及抚恤制度-在职会员人数☯Regime de Aposentação e Sobrevivência – Número de subscritores no activo☯-","退休基金會,退休基金会,Fundo de Pensões,Pension Fund","1","0","0","System.Object[]","33","55","2026-05-18 14:42:42","按年統計退休及撫卹制度中在職會員之人數☯按年统计退休及抚恤制度中在职会员之人数☯Estatística do número de subscritores no activo do Regime de Aposentação e Sobrevivência por ano☯-"
"2aa11fde-a7ba-4557-9e95-1ea830dd3763","公務人員數目統計—按出生地點劃分☯公务人员数目统计—按出生地点划分☯Estatísticas do número de trabalhadores dos serviços públicos - de acordo com o local de nascimento☯Statistics on numbers of public servants – by place of birth","行政公職局,行政公职局,Direcção dos Serviços de Administração e Função Pública,Public Administration and Civil Service Bureau","1","0","0","System.Object[]","212","370","2026-07-23 12:48:26","按出生地劃分的澳門特別行政區公共行政人力資源的公務人員數目，且自2023年起包括行政長官及主要官員，以及其人員受私法制度規範的基金會及其他公共機構（澳門基金會、澳門澳門貿易投資促進局、澳門金融管理局、澳門大學、澳門理工大學及民航局）的人員數目。
☯按出生地划分的澳门特别行政区公共行政人力资源的公务人员数目，且自2023年起包括行政长官及主要官员，以及其人员受私法制度规范的基金会及其他公共机构（澳门基金会、澳门澳门贸易投资促进局、澳门金融管理局、澳门大学、澳门理工大学及民航局）的人员数目。☯Número de trabalhadores dos serviços públicos pelos recursos humanos da Administração Pública da RAEM de acordo com a naturalidade, incluindo, a partir de 2023, o Chefe do Executivo, os titulares dos principais cargos, os trabalhadores sujeitos aos regulamentos do direito privado das fundações, bem como os trabalhadores das outras entidades públicas (Fundação Macau, Instituto de Promoção do Comércio e do Investimento, Autoridade Monetária de Macau, Universidade de Macau, Universidade Politécnica de Macau e Autoridade de Aviação Civil).☯Número de trabalhadores dos serviços públicos pelos recursos humanos da Administração Pública da RAEM de acordo com a naturalidade, incluindo, a partir de 2023, o Chefe do Executivo, os titulares dos principais cargos, os trabalhadores sujeitos aos regulamentos do direito privado das fundações, bem como os trabalhadores das outras entidades públicas (Fundação Macau, Instituto de Promoção do Comércio e do Investimento, Autoridade Monetária de Macau, Universidade de Macau, Universidade Politécnica de Macau e Autoridade de Aviação Civil)."
"2add5ca2-1c9c-48ed-a5b6-83c359333d4a","按汽缸容積統計之新登記機動車☯按汽缸容积统计之新登记机动车☯Veículos com matrículas novas, segundo a cilindrada☯  New Registration of Motor Vehicles by Cylinder Capacity","交通事務局,交通事务局,Direcção dos Serviços para os Assuntos de Tráfego,Transport Bureau","1","0","0","System.Object[]","12","34","2026-05-22 01:01:59","按汽缸容積統計之新登記機動車
☯按汽缸容积统计之新登记机动车☯Veículos com matrículas novas, segundo a cilindrada
☯New Registration of Motor Vehicles by Cylinder Capacity
"
"2adfd58f-fc4a-4346-9bd2-5ab24c1e6edc","長者日間護理服務設施數目、服務名額及整體使用率☯长者日间护理服务设施数目、服务名额及整体使用率☯Número de equipamentos de serviços de cuidados diurnos aos idosos, número de vagas e a taxa de utilização global☯---","社會工作局,社會工作局,Instituto de Acção Social,Social Welfare Bureau","1","0","0","System.Object[]","41","75","2026-02-05 11:55:37","長者日間護理服務設施數目、服務名額及整體使用率☯长者日间护理服务设施数目、服务名额及整体使用率☯Número de equipamentos de serviços de cuidados diurnos aos idosos, número de vagas e a taxa de utilização global☯-"
"2ae8d977-db37-479c-970a-2162688e5458","退休及撫卹制度-在職會員-按性別劃分☯退休及抚恤制度-在职会员-按性别划分☯Regime de Aposentação e Sobrevivência – Subscritores no activo – Por sexo☯ ","退休基金會,退休基金会,Fundo de Pensões,Pension Fund","1","0","0","System.Object[]","46","74","2026-05-18 14:42:51","按年及性別統計退休及撫卹制度中在職會員之人數☯按年及性别统计退休及抚恤制度中在职会员之人数☯Estatística do número de subscritores no activo do Regime de Aposentação e Sobrevivência por ano e sexo☯ "
"2af4051d-049e-4f5b-a436-3d3b82451f83","居民存款☯居民存款☯DEPÓSITOS DE RESIDENTES☯RESIDENT DEPOSITS","澳門金融管理局,澳門金融管理局,AMCM,AMCM","1","0","0","System.Object[]","23","46","2026-09-03 17:07:23","由1984年至今的居民存款，包括按貨幣分類的活期存款、儲蓄存款、通知存款、定期存款及其他存款。自2013年10月起，其他貨幣並不包括人民幣和美元。活期存款包括具利息及不具利息的活期存款，以及不屬存款保障制度範圍內的銀行儲值支付工具餘額。定期存款包括由本地銀行發行的不可轉讓存款證。自2020年1月起，其他存款包括不屬存款保障制度範圍內的保本型結構性存款，但不包括因嵌入的金融衍生工具的公允價值變化所產生的收益/損失。☯由1984年至今的居民存款，包括按货币分类的活期存款、储蓄存款、通知存款、定期存款及其他存款。自2013年10月起，其他货币并不包括人民币和美元。活期存款包括具利息及不具利息的活期存款，以及不属存款保障制度范围内的银行储值支付工具余额。定期存款包括由本地银行发行的不可转让存款证。自2020年1月起，其他存款包括不属存款保障制度范围内的保本型结构性存款，但不包括因嵌入的金融衍生工具的公允价值变化所产生的收益/损失。☯Mostram-se os depósitos de Residentes reportados de 1984 até à presente data, incluindo depósitos à ordem, depósitos de poupança, depósitos com pré-aviso, depósitos a prazo e outros depósitos classificados por moeda. A partir de Outubro de 2013, outras moedas não incluem RMB e USD. Os depósitos à ordem incluem os depósitos à ordem com juros e sem juros, bem como os saldos dos instrumentos de pagamento cadastrados em bancos que não são enquadrados no âmbito do Regime de Garantia de Depósitos. Os depósitos a prazo incluem os CDs não-negociáveis emitidos pelos bancos em Macau. A partir de Janeiro de 2020, os outros depósitos incluem depósitos estruturados para preservação do valor que não são enquadrados no âmbito do Regime de Garantia de Depósitos, excepto perdas decorrentes de alterações de justo valor dos instrumentos financeiros que contêm derivados.☯Mostram-se os depósitos de Residentes reportados de 1984 até à presente data, incluindo depósitos à ordem, depósitos de poupança, depósitos com pré-aviso, depósitos a prazo e outros depósitos classificados por moeda. A partir de Outubro de 2013, outras moedas não incluem RMB e USD. Os depósitos à ordem incluem os depósitos à ordem com juros e sem juros, bem como os saldos dos instrumentos de pagamento cadastrados em bancos que não são enquadrados no âmbito do Regime de Garantia de Depósitos. Os depósitos a prazo incluem os CDs não-negociáveis emitidos pelos bancos em Macau. A partir de Janeiro de 2020, os outros depósitos incluem depósitos estruturados para preservação do valor que não são enquadrados no âmbito do Regime de Garantia de Depósitos, excepto perdas decorrentes de alterações de justo valor dos instrumentos financeiros que contêm derivados."
"2b588520-0b14-4c46-a39d-8b2a1810f306","疾病預防控制範疇放射防護範疇工作數字☯疾病预防控制范畴放射防护范畴工作数字☯Número de trabalhos na área de protecção contra a radiologia, na área de prevenção e controlo de doenças☯疾病預防控制範疇放射防護範疇工作數字","衛生局,卫生局,Serviços de Saúde,Health Bureau","1","0","0","System.Object[]","40","61","2024-12-19 15:00:19","疾病預防控制範疇中，放射防護範疇工作數字☯疾病预防控制范畴中，放射防护范畴工作数字☯Número de trabalhos na área de protecção contra a radiologia, na área de prevenção e controlo de doenças☯疾病預防控制範疇中，放射防護範疇工作數字"
"2b61622d-a6f1-429e-9050-448f24d638f2","酒店床位☯酒店床位☯Lugares-cama dos hotéis☯ ","統計暨普查局,统计暨普查局,Direcção dos Serviços de Estatística e Censos,Statistics and Census Service","0","1","0","System.Object[]","0","33","2025-12-01 10:47:08","酒店內可供住客使用的床位總數。☯酒店内可供住客使用的床位总数。☯Referem-se ao número total de lugares-cama disponíveis para hóspedes nos hotéis.☯ "
"2b64d02d-a28b-496d-8ece-d740ce7efa00","年度新增強制性制度新登錄受益人數目☯年度新增强制性制度新登录受益人数目☯Número de novos beneficiários inscritos no regime obrigatório por ano☯Number of beneficiaries newly enrolled under the obligatory system in the year","社會保障基金,社会保障基金,Fundo de Segurança Social,Social Security Fund","1","0","0","System.Object[]","24","46","2026-09-01 17:01:01","以年度方式提供在相關曆年內，新登錄成為強制性制度受益人的數目。☯以年度方式提供在相关历年内，新登录成为强制性制度受益人的数目。☯A prestação anual do número de novos beneficiários inscritos no regime obrigatório durante o respectivo ano.☯Available on an annual basis, the number of beneficiaries newly enrolled under the obligatory system in the relevant calendar year."
"2b775332-8e94-4760-a7ce-9a0d801b472f","《統計年刊 2024》人力資源 按專科部門劃分的專科醫生數目☯《統計年刊 2024》人力資源 按專科部門劃分的專科醫生數目☯RECURSOS HUMANOS N.º de médicos especialistas por especialidade☯RECURSOS HUMANOS N.º de médicos especialistas por especialidade","衛生局,卫生局,Serviços de Saúde,Health Bureau","1","0","0","System.Object[]","15","39","2025-10-28 17:36:42","《統計年刊 2024》人力資源 按專科部門劃分的專科醫生數目☯《統計年刊 2024》人力資源 按專科部門劃分的專科醫生數目☯RECURSOS HUMANOS N.º de médicos especialistas por especialidade☯RECURSOS HUMANOS N.º de médicos especialistas por especialidade"
"2b7d465c-ca48-45b2-baca-04d109530eac","澳門高等院校外地生畢業人數統計─按課程程度劃分☯澳门高等院校外地生毕业人数统计─按课程程度划分☯Dados estatísticos do número de estudantes graduados do exterior nas instituições do ensino superior de Macau (classificados por nível de curso)☯-","教育及青年發展局,教育及青年发展局,Direcção dos Serviços de Educação e de Desenvolvimento da Juventude,Education and Youth Development Bureau","1","0","0","System.Object[]","15","36","2025-12-15 16:03:00","按學年方式，提供按課程程度劃分的澳門高等院校外地生畢業人數。☯按学年方式，提供按课程程度划分的澳门高等院校外地生毕业人数。☯Número de estudantes graduados do exterior nas instituições do ensino superior de Macau (classificados por nível de curso), calculado de acordo com o ano lectivo.☯-"
"2b7dfc4d-7947-4236-b6b0-c5342241bd74","社區醫療衛生範疇 - 衛生中心 衛生中心護理工作☯社區醫療衛生範疇 - 衛生中心 衛生中心護理工作☯CUIDADOS DE SAÚDE COMUNITÁRIOS - CENTROS DE  SAÚDE Centros de Saúde - Actividades de enfermagem☯CUIDADOS DE SAÚDE COMUNITÁRIOS - CENTROS DE  SAÚDE Centros de Saúde - Actividades de enfermagem","衛生局,卫生局,Serviços de Saúde,Health Bureau","1","0","0","System.Object[]","13","25","2025-10-28 17:38:30","社區醫療衛生範疇 - 衛生中心 衛生中心護理工作☯社區醫療衛生範疇 - 衛生中心 衛生中心護理工作☯CUIDADOS DE SAÚDE COMUNITÁRIOS - CENTROS DE  SAÚDE Centros de Saúde - Actividades de enfermagem☯CUIDADOS DE SAÚDE COMUNITÁRIOS - CENTROS DE  SAÚDE Centros de Saúde - Actividades de enfermagem"
"2bc8900e-e144-4709-9931-d6510f4dfbf1","疾病預防控制範疇按傷害成因劃分的傷害事故人數☯疾病预防控制范畴按伤害成因划分的伤害事故人数☯Número de vítimas por acidente, na área de prevenção e controlo de doença, consoante a causa de lesão☯疾病預防控制範疇按傷害成因劃分的傷害事故人數","衛生局,卫生局,Serviços de Saúde,Health Bureau","1","0","0","System.Object[]","42","60","2024-12-19 15:00:15","疾病預防控制範疇中，以傷害成因劃分的傷害事故人數☯疾病预防控制范畴中，以伤害成因划分的伤害事故人数☯Número de vítimas por acidente, na área de prevenção e controlo de doença, consoante a causa de lesão☯疾病預防控制範疇中，以傷害成因劃分的傷害事故人數"
"2be6d9fa-788c-4595-9f43-b9b413a4ffba","澳門特別行政區立法會選舉結果 – 直接選舉各候選名單得票數目☯澳门特别行政区立法会选举结果 - 直接选举各候选名单得票数目☯Resultado das eleições legislativas da Região Administrativa Especial de Macau – número de votos obtidos por cada lista de candidatura por sufrágio directo☯Resultado das eleições legislativas da Região Administrativa Especial de Macau – número de votos obtidos por cada lista de candidatura por sufrágio directo","行政公職局,行政公职局,Direcção dos Serviços de Administração e Função Pública,Public Administration and Civil Service Bureau","1","0","0","System.Object[]","27","56","2026-02-02 12:21:12","由2001年至今，澳門特別行政區立法會選舉，直接選舉各候選名單得票數目☯由2001年至今，澳门特别行政区立法会选举，直接选举各候选名单得票数目☯Número de votos obtidos por cada lista de candidatura às eleições legislativas da Região Administrativa Especial de Macau por sufrágio directo, de 2001 até ao presente☯Número de votos obtidos por cada lista de candidatura às eleições legislativas da Região Administrativa Especial de Macau por sufrágio directo, de 2001 até ao presente"
"2c048b36-2532-4514-b37a-9c4784528081","澳門大學圖書館借書量☯澳门大学图书馆借书量☯Quantidade de livros emprestados da Biblioteca da Universidade de Macau☯The amount of books borrowed from the Library of the University of Macau","澳門大學,澳門大學,UM,UM","1","0","0","System.Object[]","106","216","2026-05-08 17:32:37","澳門大學圖書館借閱數據。☯澳门大学图书馆借阅数据。☯Dados do empréstimo de livros da Biblioteca da Universidade de Macau.☯Lending books data of the University of Macau Library."
"2c13addd-a91b-436a-a3e2-84ec895b68b6","即時紫外線值☯即时紫外线值☯Índice da Ultraviolet (UV)☯Actual Ultraviolet (UV) Index","地球物理氣象局,地球物理气象局,irecção dos Serviços Meteorológicos e Geofísicos,Meteorological and Geophysical Bureau","0","0","1","System.Object[]","0","145","2022-02-10 12:22:54","提供即時的紫外線指數。☯提供实时的紫外线指数。☯Informações do índice Ultraviolet (UV) (em tempo real).☯Provide real time Ultraviolet (UV) Index."
"2c36cc97-6a30-46c7-bc1f-f11853693a12","證明書發出數量統計☯证明书发出数量统计☯Estatística da emissão dos certificados☯Statistics on certificate issued","身份證明局,身份证明局,Direcção dos Serviços de Identificação,Identification Bureau","1","0","0","System.Object[]","24","69","2026-01-29 11:21:12","就身份資料紀錄所載的事實發出證明書累計數量☯就身份资料纪录所载的事实发出证明书累计数量☯Número cumulativo dos certificados relativamente aos factos constantes do registo de identificação☯Cumulative number of certificate issued based on the fact stated in identification records"
"2c644b5c-f1ed-4e83-94dc-6cb831a1119e","師生比（指標）☯师生比（指标）☯Rácio professor / alunos (indicadores)☯ ","教育及青年發展局,教育及青年发展局,Direcção dos Serviços de Educação e de Desenvolvimento da Juventude,Education and Youth Development Bureau","1","0","0","System.Object[]","11","37","2025-12-15 16:03:29","提供教育環境指標：按非高等教育階段劃分的師生比☯ 提供教育环境指标：按非高等教育阶段划分的师生比☯Fornecer indicadores do ambiente educativo: Rácio professor / alunos por nível de ensino não superior☯ "
"2c6e3d3b-a232-45e1-9f6f-b2cf1d87316f","貨幣供應量 M1－按種類及貨幣分類☯货币供应量 M1－按种类及货币分类☯MASSA MONETÁRIA M1 POR TIPO E MOEDA ☯MONEY SUPPLY M1 BY TYPE AND CURRENCY","澳門金融管理局,澳門金融管理局,AMCM,AMCM","1","0","0","System.Object[]","22","35","2026-09-03 17:09:36","由1984年至今的貨幣供應量M1的數據，包括流通貨幣，以及按貨幣分類的活期存款。當中，流通貨幣是指""活躍""流通貨幣，不包括銀行用作儲備的現金庫存。活期存款是指居民活期存款，其中包括不屬存款保障制度範圍內的銀行儲值支付工具餘額。自2013年10月起，其他貨幣並不包括人民幣和美元。☯由1984年至今的货币供应量M1的数据，包括流通货币，以及按货币分类的活期存款。当中，流通货币是指""活跃""流通货币，不包括银行用作储备的现金库存。活期存款是指居民活期存款，其中包括不属存款保障制度范围内的银行储值支付工具余额。自2013年10月起，其他货币并不包括人民币和美元。☯Mostram-se os dados da massa monetária M1 reportados de 1984 até ao presente, incluindo a circulação monetária e depósitos à ordem classificados por moeda, sendo que a circulação monetária se refere a circulação monetária ""activa"", excluindo o stock de numerário reservado em bancos. Depósitos à ordem refere-se aos depósitos à ordem dos residentes, incluindo os saldos dos instrumentos de pagamento cadastrados em bancos que não são enquadrados no âmbito do Regime de Garantia de Depósitos. A partir de Outubro de 2013, outras moedas não incluem RMB e USD.☯Mostram-se os dados da massa monetária M1 reportados de 1984 até ao presente, incluindo a circulação monetária e depósitos à ordem classificados por moeda, sendo que a circulação monetária se refere a circulação monetária ""activa"", excluindo o stock de numerário reservado em bancos. Depósitos à ordem refere-se aos depósitos à ordem dos residentes, incluindo os saldos dos instrumentos de pagamento cadastrados em bancos que não são enquadrados no âmbito do Regime de Garantia de Depósitos. A partir de Outubro de 2013, outras moedas não incluem RMB e USD."
"2cb1ecf3-b385-4476-9776-1eff89fdc06f","專科衛生護理範疇診斷和治療輔助檢查人次☯专科卫生护理范畴诊断和治疗辅助检查人次☯Número de exames complementares de diagnóstico e tratamento, na área de cuidados de saúde diferenciados☯專科衛生護理範疇診斷和治療輔助檢查人次","衛生局,卫生局,Serviços de Saúde,Health Bureau","1","0","0","System.Object[]","61","66","2024-12-19 14:59:31","專科衛生護理範疇中，診斷和治療輔助檢查人次☯专科卫生护理范畴中，诊断和治疗辅助检查人次☯Número de exames complementares de diagnóstico e tratamento, na área de cuidados de saúde diferenciados☯專科衛生護理範疇中，診斷和治療輔助檢查人次"
"2cc3fd63-d857-48ce-82f6-35e5677713b9","澳門元匯率－期內平均匯率☯澳门元汇率－期内平均汇率☯CÂMBIOS - MÉDIOS DO PERÍODO☯EXCHANGE RATES - PERIOD AVERAGE FIGURES","澳門金融管理局,澳門金融管理局,AMCM,AMCM","1","0","0","System.Object[]","47","106","2026-09-15 17:00:14","由1984年至今的每百外幣兌澳門元的期內平均匯率。☯由1984年至今的每百外币兑澳门元的期内平均汇率。☯Taxas de câmbio médias da Pataca por 100 unidades de moeda externa, registadas desde 1984 até ao presente.☯Taxas de câmbio médias da Pataca por 100 unidades de moeda externa, registadas desde 1984 até ao presente."
"2ccb0919-3f2c-49d2-a85a-6c4bf657983a","食品添加劑編碼列表☯食品添加剂编码列表☯Lista dos códigos dos aditivos alimentares☯List of identification numbers of food additives","市政署,市政署,Instituto para os Assuntos Municipais,Municipal Affairs Bureau","0","1","0","System.Object[]","0","55","2024-12-18 17:38:52","列出不同食品添加劑的編碼。☯列出不同食品添加剂的编码。☯Lista da numeração de diferentes aditivos alimentares.☯List the identification numbers of different food additives."
"2d147636-9db0-406d-902d-1aaf78fb34f2","展覽數目☯展览数目☯Número de exposições☯Number of exhibitions","統計暨普查局,统计暨普查局,Direcção dos Serviços de Estatística e Censos,Statistics and Census Service","0","1","0","System.Object[]","0","40","2024-12-30 17:14:03","a)參展商展示一個或多個行業的產品和服務，主要著重于參展商與其他公司之間的交易，而入場人士之主要目的為參觀有關展覽；
b)參展商展示、宣傳及/或銷售一個或多個行業的產品予公眾消費者。不包括所有不涉及商業活動的展覽，如圖片展、畫展、其他文化和藝術展覽。☯a)参展商展示一个或多个行业的产品和服务，主要着重于参展商与其他公司之间的交易，而入场人士之主要目的为参观有关展览；
b)参展商展示、宣传及/或销售一个或多个行业的产品予公众消费者。不包括所有不涉及商业活动的展览，如图片展、画展、其他文化和艺术展览。☯a) exibição de bens e serviços, realizada por expositores, de um ou mais ramos de actividade económica. Nela desenvolvem-se, sobretudo, transacções entre expositores e outras empresas. O objectivo principal dos indivíduos é visitar a exposição;
b) exibição, promoção e/ou venda de bens, realizada por expositores, de um ou mais ramos de actividade económica ao público consumidor. Excluem-se as exposições que não envolvem actividades comerciais, tais como as exposições de fotografia, pintura e outras de cariz cultural e artístico.☯a) Exhibitors display goods and services of one or more industries. These events focus primarily on business-to-business relationship. The primary activity of attendees is to visit exhibits on the show floor;
b) Exhibitors display, promote and/or sell goods of one or more industries to public consumers. Exhibitions not involving business activities, such as photo, painting and other cultural and art exhibitions, are excluded."
"2d764f92-c7b4-4b76-bfa2-78431d6ef5cf","工作意外統計數據 - 按職業統計工作意外受害人數☯工作意外统计数据 - 按职业统计工作意外受害人数☯Dados estatísticos dos acidentes de trabalho - Vítimas de acidentes de trabalho segundo a profissão☯Statistics on occupational accidents - Number of occupational accident victims by occupation","勞工事務局,劳工事务局,Direcção dos Serviços para os Assuntos Laborais,Labour Affairs Bureau","1","0","0","System.Object[]","18","39","2026-07-31 16:25:25","按職業統計工作意外受害人數☯按职业统计工作意外受害人数☯Vítimas de acidentes de trabalho segundo a profissão☯Number of occupational accident victims by occupation"
"2dcdf258-adac-49d4-b873-6809d42ca461","街市熟食檔經營費用☯街市熟食档经营费用☯Despesas de exploração dos lugares de comidas e bebidas nos mercados municipais☯ ","統計暨普查局,统计暨普查局,Direcção dos Serviços de Estatística e Censos,Statistics and Census Service","0","1","0","System.Object[]","0","36","2026-01-26 12:39:50","街市熟食檔在日常營運中產生的各項費用總額，包括租金、水電費、消秏品等。☯街市熟食档在日常营运中产生的各项费用总额，包括租金、水电费、消秏品等。☯Referem-se ao valor total das despesas geradas pela exploração da actividade corrente, dos lugares de comidas e bebidas nos mercados municipais. Incluem-se as rendas de instalações, as despesas em água, electricidade, bens de consumo, etc.☯ "
"2dfb004a-3a4a-42c3-9881-f0c0dfe979a4","年度社會保障制度出生津貼受領人次及金額(澳門元)☯年度社会保障制度出生津贴受领人次及金额(澳门元)☯Número de vezes e montante (em patacas) de recebimento do subsídio de nascimento do regime da segurança social por ano☯Number of birth allowance applications under the Social Security System and expenditure on birth allowance in the year (patacas)","社會保障基金,社会保障基金,Fundo de Segurança Social,Social Security Fund","1","0","0","System.Object[]","31","53","2026-09-01 17:04:46","以年度方式提供在相關曆年內，出生津貼的受領人次及金額☯以年度方式提供在相关历年内，出生津贴的受领人次及金额☯Prestação anual do número de vezes e montante de recebimento do subsídio de nascimento durante o respectivo ano civil☯Available on an annual basis, the number of birth allowance applications and expenditure on birth allowance in the relevant calendar year.

"
"2e60f191-cfbf-463b-8d01-d91eff6b5c0e","街市熟食檔增加值總額☯街市熟食档增加值总额☯Valor acrescentado bruto dos lugares de comidas e bebidas nos mercados municipais☯ ","統計暨普查局,统计暨普查局,Direcção dos Serviços de Estatística e Censos,Statistics and Census Service","0","1","0","System.Object[]","0","30","2026-01-26 12:39:38","街市熟食檔的收入減去消耗總額後的金額。消耗總額是經營費用和購貨及佣金支出等費用，再加上庫存變動。☯街市熟食档的收入减去消耗总额后的金额。消耗总额是经营费用和购货及佣金支出等费用，再加上库存变动。☯Refere-se às receitas menos consumo intermédio total, dos lugares de comidas e bebidas nos mercados municipais. O consumo intermédio total refere-se às despesas de exploração e despesas em compras de mercadorias e comissões pagas, etc., mais variação de existências.☯ "
"2ede0b08-6240-4a17-9b9a-3d22f14830aa","有營業的酒店☯有营业的酒店☯Hotéis em actividade☯ ","統計暨普查局,统计暨普查局,Direcção dos Serviços de Estatística e Censos,Statistics and Census Service","0","1","0","System.Object[]","0","38","2025-12-01 10:47:37","擁有營業場所的酒店總數。☯拥有营业场所的酒店总数。☯Referem-se ao número de hotéis que estavam em actividade.☯ "
"2ede4bd8-c99a-4817-b174-340e54a4f26d","不過夜旅客人均購物消費☯不过夜旅客人均购物消费☯Despesa per capita dos excursionistas em compras☯ ","統計暨普查局,统计暨普查局,Direcção dos Serviços de Estatística e Censos,Statistics and Census Service","0","1","0","System.Object[]","0","38","2025-12-09 11:12:33","不過夜旅客在購物方面的消費，包括購買作為自用或送贈他人的商品。☯不过夜旅客在购物方面的消费，包括购买作为自用或送赠他人的商品。☯Refere-se à despesa dos excursionistas em compras. Inclui-se a despesa em compras de bens e serviços quer para consumo próprio, quer para oferta a outrem.☯ "
"2eeecd02-bd20-49c1-b748-417d7fbea96d","社區醫療衛生 (其他)藥物業稽查及違規處理概況☯社区医疗卫生 (其他)药物业稽查及违规处理概况☯Situação da inspecção da actividade farmacêutica e tratamento de infracções, na área de cuidados de saúde comunitários(outros)  ☯社區醫療衛生 (其他)藥物業稽查及違規處理概況","衛生局,卫生局,Serviços de Saúde,Health Bureau","1","0","0","System.Object[]","92","79","2022-11-26 15:48:23","社區醫療衛生 (其他)藥物業稽查及違規處理概況☯社区医疗卫生 (其他)药物业稽查及违规处理概况☯Situação da inspecção da actividade farmacêutica e tratamento de infracções, na área de cuidados de saúde comunitários(outros)  ☯社區醫療衛生 (其他)藥物業稽查及違規處理概況"
"2ef78656-709d-48c6-b03b-51030bd414ef","堂區土地面積☯堂区土地面积☯Área de solos das freguesias☯Area of parishes","土地工務局,土地工務局,DSSCU,DSSCU","1","0","0","System.Object[]","259","464","2026-09-08 09:34:21","自2006年起澳門特別行政區之堂區土地面積統計數據，其中：2011年為協調各區域的劃分，氹仔、路環與路氹填海區的面積作了適度調整。☯自2006年起澳门特别行政区之堂区土地面积统计数据，其中：2011年为协调各区域的划分，氹仔丶路环与路氹填海区的面积作了适度调整。☯A partir de 2006, dados estatísticos da área de solos das freguesias da RAEM, nomeadamente a fim de coordenar a divisão dos bairros, as áreas de Macau, Taipa, Coloane e da zona de aterro COTAI estão ajustadas adequadamente em 2011☯The statistics of the area of parishes of Macau SAR since 2006.
In order to coordinate the division of various districts, the areas of Macao, Taipa, Coloane and the zone of COTAI reclamation were adequately adjusted in 2011"
"2f0328c3-5aa5-4844-a77a-7f3fa54e5ef2","獨居長者連網支援計劃服務數據☯独居长者连网支持计划服务数据☯Dados sobre os serviços do Programa da rede de apoio aos idosos isolados☯---","社會工作局,社會工作局,Instituto de Acção Social,Social Welfare Bureau","1","0","0","System.Object[]","29","60","2026-02-05 11:55:48","獨居長者連網支援計劃服務數據☯独居长者连网支持计划服务数据☯Dados sobre os serviços do Programa da rede de apoio aos idosos isolados☯-"
"2f29ca7e-6c58-4b93-aa27-d78c8a3ec697","本地生產總值 - 貨物進口☯本地生产总值 - 货物进口☯Produto Interno Bruto - Importação de bens☯ ","統計暨普查局,统计暨普查局,Direcção dos Serviços de Estatística e Censos,Statistics and Census Service","0","1","0","System.Object[]","0","34","2025-11-10 14:46:52","貨物進口表示任何源自外地並輸入本地的貨物，但不包括直接轉運及再進口制度下輸入的貨物。☯货物进口表示任何源自外地并输入本地的货物，但不包括直接转运及再进口制度下输入的货物。☯A importação de bens refere-se à entrada na Região Administrativa Especial de Macau de quaisquer mercadorias provenientes do exterior, com excepção das mercadorias que entrem em regime de trânsito directo e de reimportação. ☯ "
"2f45a915-87ff-46fa-b8a8-dcff20677679","本地生產總值 - 政府最終消費支出☯本地生产总值 - 政府最终消费支出☯Produto Interno Bruto - Despesa de consumo final do Governo☯ ","統計暨普查局,统计暨普查局,Direcção dos Serviços de Estatística e Censos,Statistics and Census Service","0","1","0","System.Object[]","0","32","2025-11-12 17:45:55","政府最終消費支出等於政府提供公共服務的物品及勞務價值。☯政府最终消费支出等于政府提供公共服务的物品及劳务价值。☯A despesa de consumo final do Governo é igual ao valor dos bens e serviços consumidos durante a prestação dos serviços públicos pelo Governo.☯ "
"2f8c5def-aaf8-4ee9-8e1a-f2788b161b69","本地居民就業不足率☯本地居民就业不足率☯Taxa de subemprego dos residentes☯Underemployment rate of local residents","統計暨普查局,统计暨普查局,Direcção dos Serviços de Estatística e Censos,Statistics and Census Service","0","1","0","System.Object[]","30","101","2025-11-14 17:13:34","就業不足居民佔勞動居民的百分比。☯就业不足居民占劳动居民的百分比。☯Proporção dos residentes subempregados em relação aos residentes em actividade.☯The number of underemployed residents as a percentage of the resident labour force."
"2fcafadb-1888-43d6-8fe9-e6d3346aef10","澳門口岸之無障礙旅遊設施列表☯澳门口岸之无障碍旅游设施列表☯Guia de Turismo Livre de Barreiras - Postos fronteiriços☯Barrier-Free Access Guide - Macao Border Checkpoints","旅遊局,旅游局,Direcção dos Serviços de Turismo,Macao Government Tourism Office","1","0","0","System.Object[]","40","81","2024-11-29 16:19:55","旅遊局“澳門無障礙旅遊設施調查＂內澳門口岸之無障礙旅遊設施列表，提供升降機、洗手間及適合輪椅使用者的設施等資訊☯旅游局“澳门无障碍旅游设施调查＂内澳门口岸之无障碍旅游设施列表，提供升降机、洗手间及适合轮椅使用者的设施等资讯☯Estão disponíveis informações sobre elevadores, lavatórios e instalações adequadas para os utentes de cadeira de rodas, no Guia de Turismo Livre de Barreiras - Postos fronteiriços, resultante do Inquérito da DST sobre as Instalações Turísticas Sem Barreirasa☯Information on elevators, toilets and other facilities in border checkpoints suitable for wheelchair users included in the “Consultancy Study on Accessible Tourism Facilities in Macao”"
"2fcdc8a7-b678-4c13-8bb5-de18d0d17c8a","本澳對日本進口食品輻射水平檢測最新數據☯本澳对日本进口食品辐射水平检测最新数据☯Dados mais recentes do teste do nível de radiação dos produtos alimentares importados do Japão☯Latest data on Macao radiation tests on food products imported from Japan","市政署,市政署,Instituto para os Assuntos Municipais,Municipal Affairs Bureau","1","0","0","System.Object[]","47","104","2026-09-19 10:00:48","列出日本進口食品輻射水平檢測最新數據☯列出日本进口食品辐射水平检测最新数据☯Indicar os dados mais recentes do teste do nível de radiação dos produtos alimentares importados do Japão☯List of latest data on radiation tests on food products imported from Japan"
"302883cc-9102-4999-bd0a-c9bb6a15edae","在囚人接受其他教育的情況☯在囚人接受其他教育的情况☯Reclusos participaram em outra educação☯Inmates participated in other education","懲教管理局,懲教管理局,DSC,DSC","1","0","0","System.Object[]","38","34","2026-01-22 16:14:43","參與和獲發證書的在囚人人次統計，包括：修讀遙距課程或專業證書培訓課程等資料、協辦機構資料等☯参与和获发证书的在囚人人次统计，包括：修读遥距课程或专业证书培训课程等数据、协办机构数据等☯Número de reclusos participando na Curso à distância e Cursos de Certificação Profissional☯Number of Inmates participated in Distance Learning Programs and Professional Certification Courses"
"30a54e15-7206-46a3-ab63-d557ffd83d56","香港特區入境旅客☯香港特区入境旅客☯Entradas de visitantes da Região Administrativa Especial de Hong Kong☯ ","統計暨普查局,统计暨普查局,Direcção dos Serviços de Estatística e Censos,Statistics and Census Service","0","1","0","System.Object[]","0","52","2025-12-01 10:48:41","入境且所持證件由香港簽發的旅客總數。☯入境且所持证件由香港签发的旅客总数。☯Referem-se ao número total de entradas de visitantes com documentos de viagem emitidos pela Região Administrativa Especial de Hong Kong.☯ "
"30ca14c9-539e-4298-983f-da1c550e205f","總體勞動力參與率☯总体劳动力参与率☯Taxa de actividade global☯Overall labour force participation rate","統計暨普查局,统计暨普查局,Direcção dos Serviços de Estatística e Censos,Statistics and Census Service","0","1","0","System.Object[]","0","47","2025-11-13 17:47:25","勞動人口占16歲及以上人士的百分比。	☯劳动人口占16岁及以上人士的百分比。☯Percentagem da população activa em relação à população com idade igual ou superior a 16 anos.☯The proportion of labour force to the population aged 16 and above."
"30fdc160-2392-452d-9f07-c2e29f2016b4","在澳門以外地區升學的澳門學生人數統計─按地區劃分☯在澳门以外地区升学的澳门学生人数统计─按地区划分☯Dados estatísticos do número de estudantes de Macau que prosseguem os seus estudos no exterior (classificados por regiões)☯-","教育及青年發展局,教育及青年发展局,Direcção dos Serviços de Educação e de Desenvolvimento da Juventude,Education and Youth Development Bureau","1","0","0","System.Object[]","80","99","2025-12-15 16:01:47","按學年方式，提供按地區劃分的在外升學澳門學生人數。☯按学年方式，提供按地区划分的在外升学澳门学生人数。☯Número de estudantes de Macau que prosseguem os seus estudos no exterior (classificados por regiões), calculado de acordo com o ano lectivo.☯-"
"31265382-a4bb-4b3a-84c0-e290e45da7b2","澳門出版物（圖書）統計數據（年度）☯澳门出版物（图书）统计数据（年度）☯Estatísticas das Publicações (Livros) de Macau (Anual)☯Estatísticas das Publicações (Livros) de Macau (Anual)","文化局,文化局,Instituto Cultural,Cultural Affairs Bureau","1","0","0","System.Object[]","37","74","2026-05-07 17:19:47","澳門出版物統計- 年度澳門圖書的出版數量及清單☯澳门出版物统计-年度澳门图书的出版数量及清单☯Número e lista dos livros anuais publicados em Macau☯Número e lista dos livros anuais publicados em Macau"
"31271f68-dc29-40b9-a7c7-e04fd07aeabb","對外資產淨值及本地信貸☯对外资产净值及本地信贷☯DISPONIBILIDADES LIQUIDAS SOBRE O EXTERIOR E CRÉDITO INTERNO☯NET FOREIGN ASSETS AND DOMESTIC CREDIT","澳門金融管理局,澳門金融管理局,AMCM,AMCM","1","0","0","System.Object[]","15","40","2026-09-03 17:09:32","由1984年至今的對外資產淨值及本地信貸數據。對外資產淨值可分為澳門金融管理局及澳門銀行的數據，不包括非貨幣性黃金及白銀。澳門金融管理局的對外資產淨值包括官方外匯儲備及其他資產。本地信貸方面，對公共部門信貸為澳門金融管理局和澳門銀行對公共部門的淨債權（對公共部門信貸 -公共部門存款）；對本地私人部門信貸包括貸款及墊款、銀行承兌匯票及票據貼現和金融投資。☯由1984年至今的对外资产净值及本地信贷数据。对外资产净值可分为澳门金融管理局及澳门银行的数据，不包括非货币性黄金及白银。澳门金融管理局的对外资产净值包括官方外汇储备及其他资产。本地信贷方面，对公共部门信贷为澳门金融管理局和澳门银行对公共部门的净债权（对公共部门信贷 -公共部门存款）；对本地私人部门信贷包括贷款及垫款、银行承兑汇票及票据贴现和金融投资。☯Mostram-se os dados das disponibilidades líquidas sobre o exterior e crédito interno reportados de 1984 até ao presente. As disponibilidades líquidas sobre o exterior consistem-se em dados da AMCM e dos bancos de Macau, excluindo os activos em ouro e prata considerados meras aplicações não monetárias. As disponibilidades líquidas sobre o exterior da AMCM incluem as Reservas Cambiais e Outros Disponibilidades sobre o Exterior. O crédito interno ao sector público representa as aplicações líquidas das AMCM e dos bancos de Macau relativos ao sector público (crédito ao sector público - depósitos do sector público). O crédito interno ao sector privado inclui empréstimos e adiantamentos, letras descontadas e outros efeitos e aplicações financeiras.☯Mostram-se os dados das disponibilidades líquidas sobre o exterior e crédito interno reportados de 1984 até ao presente. As disponibilidades líquidas sobre o exterior consistem-se em dados da AMCM e dos bancos de Macau, excluindo os activos em ouro e prata considerados meras aplicações não monetárias. As disponibilidades líquidas sobre o exterior da AMCM incluem as Reservas Cambiais e Outros Disponibilidades sobre o Exterior. O crédito interno ao sector público representa as aplicações líquidas das AMCM e dos bancos de Macau relativos ao sector público (crédito ao sector público - depósitos do sector público). O crédito interno ao sector privado inclui empréstimos e adiantamentos, letras descontadas e outros efeitos e aplicações financeiras."
"31394fa0-5b8a-4561-9bde-150c485ad7b1","疾病預防控制範疇按事故類別劃分的傷害事故死亡人數☯疾病预防控制范畴按事故类别划分的伤害事故死亡人数☯Número de óbitos de acidente, na área de prevenção e controlo de doenças, de acordo com o tipo de acidente☯疾病預防控制範疇按事故類別劃分的傷害事故死亡人數","衛生局,卫生局,Serviços de Saúde,Health Bureau","1","0","0","System.Object[]","72","95","2024-12-19 15:00:18","疾病預防控制範疇中，以事故類別劃分的傷害事故死亡人數☯疾病预防控制范畴中，以事故类别划分的伤害事故死亡人数☯Número de óbitos de acidente, na área de prevenção e controlo de doenças, de acordo com o tipo de acidente☯疾病預防控制範疇中，以事故類別劃分的傷害事故死亡人數"
"313a2a47-50a1-47a4-86d9-2ff5141e1877","餐飲與市售食品抽檢報告☯餐饮与市售食品抽检报告☯Relatório de inspecção por amostragem de alimentos nos sectores da restauração e do comércio☯Reports on sampling inspections of food products from catering sector and on market","市政署,市政署,Instituto para os Assuntos Municipais,Municipal Affairs Bureau","1","0","0","System.Object[]","18","42","2026-08-03 10:00:53","列出食品常規抽檢的分類列表及抽檢數據☯列出食品常规抽检的分类列表及抽检数据☯Indicar a lista de classificação e os dados das inspecções por amostragem de produtos alimentares sujeitos a inspecção aleatória regular☯List of categories and data on routine sampling inspections of food products"
"315c1ed5-d2af-4069-8c01-2b98306835d3","飲食店舖盈利☯饮食店铺盈利☯Excedente bruto dos restaurantes e estabelecimentos similares☯ ","統計暨普查局,统计暨普查局,Direcção dos Serviços de Estatística e Censos,Statistics and Census Service","0","1","0","System.Object[]","0","31","2026-01-26 12:42:58","飲食店舖的收入減去經營費用、員工支出、購貨及佣金支出等費用，再加上庫存變動後的淨利潤。☯饮食店铺的收入减去经营费用、员工支出、购货及佣金支出等费用，再加上库存变动后的净利润。☯Refere-se ao valor líquido do lucro dos restaurantes e estabelecimentos similares que é igual às receitas menos despesas de exploração, menos despesas com pessoal, menos despesas em compras de mercadorias e comissões pagas, etc., mais variação de existência.☯ "
"318433d6-a2bd-40df-83c3-b4919070c042","澳門特別行政區立法會選舉結果 – 間接選舉議席的分配☯澳门特别行政区立法会选举结果 - 间接选举议席的分配☯Resultado das eleições legislativas da Região Administrativa Especial de Macau – distribuição de mandatos para deputados eleitos por sufrágio indirecto☯Resultado das eleições legislativas da Região Administrativa Especial de Macau – distribuição de mandatos para deputados eleitos por sufrágio indirecto","行政公職局,行政公职局,Direcção dos Serviços de Administração e Função Pública,Public Administration and Civil Service Bureau","1","0","0","System.Object[]","19","50","2026-02-02 12:21:07","由2001年至今，澳門特別行政區立法會選舉，間接選舉議席的分配☯由2001年至今，澳门特别行政区立法会选举，间接选举议席的分配☯Distribuição de mandatos para deputados eleitos por sufrágio indirecto das eleições legislativas da Região Administrativa Especial de Macau, de 2001 até ao presente☯Distribuição de mandatos para deputados eleitos por sufrágio indirecto das eleições legislativas da Região Administrativa Especial de Macau, de 2001 até ao presente"
"318799dc-bf3f-4cbe-b936-4211d2310352","調查個案的個案宗數☯调查个案的个案宗数☯Número de casos de investigação☯Number of cases filed for investigation","個人資料保護局,个人资料保护局,DSPDP,DSPDP","1","0","0","System.Object[]","14","33","2025-12-04 10:42:10","個人資料保護局調查個案的個案宗數☯个人资料保护局调查个案的个案宗数☯Número de casos de investigação da DSPDP☯Number of cases filed for investigation by the Personal Data Protection Bureau"
"31972da3-4b95-436d-8a57-9550bc84fd6a","公共教育開支☯公共教育开支☯Despesas públicas com a Educação ☯ ","教育及青年發展局,教育及青年发展局,Direcção dos Serviços de Educação e de Desenvolvimento da Juventude,Education and Youth Development Bureau","1","0","0","System.Object[]","18","34","2025-12-15 16:03:24","提供教育財政指標：公共教育開支☯提供教育财政指标：公共教育开支☯Fornecer indicadores financeiros educativos: 
Despesas públicas com a Educação
☯ "
"31e9efe3-d480-48b1-a1f2-81b685092798","外賣店盈利☯外卖店盈利☯Excedente bruto das lojas de take-away☯ ","統計暨普查局,统计暨普查局,Direcção dos Serviços de Estatística e Censos,Statistics and Census Service","0","1","0","System.Object[]","0","27","2026-01-26 12:41:19","外賣店的收入減去經營費用、員工支出、購貨及佣金支出等費用，再加上庫存變動後的淨利潤。☯外卖店的收入减去经营费用、员工支出、购货及佣金支出等费用，再加上库存变动后的净利润。☯Refere-se ao valor líquido do lucro das lojas de take-away que é igual às receitas menos despesas de exploração, menos despesas com pessoal, menos despesas em compras de mercadorias e comissões pagas, etc., mais variação de existência.☯ "
"31f0e081-57ec-4a63-acdb-6049d80e9ead","已獲藥物監督管理局批准上市的新藥清單☯已获药物监督管理局批准上市的新药清单☯Lista de novos medicamentos aprovados para comercialização pelo Instituto para a Supervisão e Administração Farmacêutica (ISAF)☯-","藥物監督管理局,药物监督管理局,ISAF,ISAF","1","0","0","System.Object[]","90","77","2026-07-14 10:03:48","已獲藥物監督管理局批准上市的新藥清單☯已获药物监督管理局批准上市的新药清单☯Lista de novos medicamentos aprovados para comercialização pelo Instituto para a Supervisão e Administração Farmacêutica (ISAF)☯-"
"31fa10f6-2e16-4c8c-b986-b64da7eee3ff","銀行業全職僱員☯银行业全职雇员☯Trabalhador a tempo completo do sector bancário☯Full-time employees in banking sector","統計暨普查局,统计暨普查局,Direcção dos Serviços de Estatística e Censos,Statistics and Census Service","0","1","0","System.Object[]","77","200","2025-11-14 17:11:23","按場所規定有關職級或職位的正常工作時間上班之銀行業員工。☯按场所规定有关职级或职位的正常工作时间上班之银行业员工。☯Indivíduo que trabalha no sector bancário e cumpre o período normal de trabalho em vigor no estabelecimento, conforme a respectiva ocupação profissional e/ou posto de trabalho.☯Employees who fulfil the normal hours of work as established by the establishment, for the respective occupation and/or work position in the banking sector."
"3256372b-a6e0-4b77-b5d0-4eb586e70bc8","公共財政最初預算開支☯公共财政最初预算开支☯Orçamento inicial das despesas das finanças públicas☯Original budgetary expenditure in public finance","統計暨普查局,统计暨普查局,Direcção dos Serviços de Estatística e Censos,Statistics and Census Service","0","1","0","System.Object[]","0","74","2025-08-25 10:23:11","最初預算開支表示澳門特別行政區政府在制定財政年度預算案時預計的總開支。☯最初预算开支表示澳门特别行政区政府在制定财政年度预算案时预计的总开支。☯O orçamento inicial das despesas refere-se ao valor total das despesas estimadas pelo Governo da Região Administrativa Especial de Macau aquando da elaboração da Lei do Orçamento dum ano económico.☯ "
"32716464-dc43-44d8-9609-9720b4d16e3c","中小企業援助計劃統計 - 申請概況☯中小企业援助计划统计 - 申请概况☯Estatística do “Plano de Apoio a Pequenas e Médias Empresas” – Situação geral dos pedidos☯SME Aid Scheme Statistics – Summary of Applications","經濟及科技發展局,经济及科技发展局,Direcção dos Serviços de Economia e Desenvolvimento Tecnológico,Macao Economic Bureau","1","0","0","System.Object[]","79","120","2026-07-10 15:00:18","提供中小企業援助計劃年度申請及批准統計數據☯提供中小企业援助计划年度申请及批准统计数据☯Dados estatísticos anuais dos pedidos apresentados e pedidos aprovados do “Plano de Apoio a Pequenas e Médias Empresas”☯Annual statistics on SME Aid Scheme applications and approvals"
"32a388e3-d3e0-4e73-a571-f8a3c88c888b","2024年度學校傳染病定點監測☯2024年度學校傳染病定點監測☯Programa Sentinela de Vigilânica das Doenças Transmissíveis na Escola☯Programa Sentinela de Vigilânica das Doenças Transmissíveis na Escola","衛生局,卫生局,Serviços de Saúde,Health Bureau","1","0","0","System.Object[]","12","41","2025-10-30 15:05:29","2024年度學校傳染病定點監測☯2024年度學校傳染病定點監測☯Programa Sentinela de Vigilânica das Doenças Transmissíveis na Escola☯Programa Sentinela de Vigilânica das Doenças Transmissíveis na Escola"
"32fbeb0e-28aa-4fbf-8747-e85f598b02f0","澳門大學科研平台清單☯澳门大学科研平台清单☯Lista de plataformas da investigação da Universidade de Macau☯Research platform list of the University of Macau","澳門大學,澳門大學,UM,UM","1","0","0","System.Object[]","60","99","2025-09-02 17:40:09","設於澳門大學的重點科研平台。☯设于澳门大学的重点科研平台。☯Plataformas principais de investigação estabelecidas na Universidade de Macau☯Key research platforms at the University of Macau."
"33174098-ec99-4e4b-ba66-4dcd181d2151","設有特殊教育班級的學校資料☯设有各类特殊教育班级的学校资料☯lista de escolas que oferecem diversas aulas de educação especial☯-","教育及青年發展局,教育及青年发展局,Direcção dos Serviços de Educação e de Desenvolvimento da Juventude,Education and Youth Development Bureau","1","0","0","System.Object[]","27","43","2025-12-01 11:05:21","設有各類特殊教育班級的學校資料☯设有各类特殊教育班级的学校资料☯lista de escolas que oferecem diversas aulas de educação especial☯-"
"33264820-4523-4e8b-a91a-9089f922220a","光管回收位置清單☯光管回收位置清单☯Lista de locais de recolha de lâmpadas☯List of light bulb collection locations","環境保護局,环境保护局,Direcção dos Serviços de Protecção Ambiental,Environmental Protection Bureau","0","1","0","System.Object[]","0","46","2025-06-12 10:39:50","光管回收位置清單☯光管回收位置清单☯Lista de locais de recolha de lâmpadas☯List of light bulb collection locations"
"335ac5ca-b5c5-4ec0-88ad-c7c73237629b","康復院舍數目及宿位總數☯康复院舍数目及宿位总数☯Número de lares de reabilitação e total de vagas☯---","社會工作局,社會工作局,Instituto de Acção Social,Social Welfare Bureau","1","0","0","System.Object[]","36","66","2026-02-05 11:55:44","康復院舍數目及宿位總數☯康复院舍数目及宿位总数☯Número de lares de reabilitação e total de vagas☯---"
"33e944ad-745c-47df-ab3d-2ef6160ef47c","一戶通電子服務資料☯一户通电子服务资料☯Macao One Account e-Services☯Macao One Account e-Services","行政公職局,行政公职局,Direcção dos Serviços de Administração e Função Pública,Public Administration and Civil Service Bureau","1","0","0","System.Object[]","164","242","2026-07-03 10:30:56","一戶通電子服務資料☯一户通电子服务资料☯Macao One Account e-Services☯Macao One Account e-Services"
"34316b06-b63d-4c72-be39-99fa19dcc819","違反道路交通法/規章☯違反道路交通法/規章☯Infracções relativas à Lei do Trânsito Rodoviário e ao Regulamento do  Código da Estrada ☯Violating Road Traffic Law / Regulation","治安警察局,治安警察局,CPSP,CPSP","1","0","0","System.Object[]","78","109","2026-02-06 15:08:45","違反道路交通法/規章☯違反道路交通法/規章☯Infracções relativas à Lei do Trânsito Rodoviário e ao Regulamento do  Código da Estrada ☯Violating Road Traffic Law / Regulation"
"34a3112b-ccb2-486a-9b62-94953a8a13c0","衛生護理服務場所（綜合診所）☯卫生护理服务场所（综合诊所）☯Estabelecimentos onde se prestam  cuidados de saúde (policlínicas)☯ ","統計暨普查局,统计暨普查局,Direcção dos Serviços de Estatística e Censos,Statistics and Census Service","0","1","0","System.Object[]","0","35","2025-11-10 14:49:32","獲衛生局准許從事醫療服務並持有衛生護理服務場所牌照的場所數目。☯获卫生局准许从事医疗服务并持有卫生护理服务场所牌照的场所数目。☯Referem-se ao número de estabelecimentos que prestam cuidados de saúde, com autorização dos Serviços de Saúde, e que possuem alvará para exercer a actividade de cuidados de saúde.  ☯ "
"34b6e6f7-b4cb-4ae1-8e33-51d6923958df","博彩業員工支出☯博彩业员工支出☯Despesas com pessoal do sector do jogo☯ ","統計暨普查局,统计暨普查局,Direcção dos Serviços de Estatística e Censos,Statistics and Census Service","0","1","0","System.Object[]","0","216","2026-01-26 12:47:55","博彩業在支付員工薪酬、福利及其他相關費用方面的總支出。☯博彩业在支付员工薪酬、福利及其他相关费用方面的总支出。☯Referem-se às despesas globais em remunerações, benefícios e outras despesas relacionadas com o pessoal, do sector do jogo.☯ "
"34baca20-8c18-4188-a70a-4d637489d21d","移走註銷車輛☯移走注销车辆☯Matrícula cancelada☯Matrícula cancelada","交通事務局,交通事务局,Direcção dos Serviços para os Assuntos de Tráfego,Transport Bureau","1","0","0","System.Object[]","18","49","2026-05-28 01:00:17","移走註銷車輛☯移走注销车辆☯Matrícula cancelada☯Matrícula cancelada"
"34bc70d6-5b4c-4f0b-9dd4-7e6b502ae99e","按行業劃分有強制性制度供款的受益人數目☯按行业划分有强制性制度供款的受益人数目☯Beneficiários que efectuaram contribuições do regime obrigatório, classificados segundo os ramos de actividade económica☯Beneficiaries who made contributions under the mandatory regime, classified according to the branches of economic activity","社會保障基金,社会保障基金,Fundo de Segurança Social,Social Security Fund","1","0","0","System.Object[]","13","25","2026-09-01 17:00:38","按行業劃分有強制性制度供款的受益人數目☯按行业划分有强制性制度供款的受益人数目☯Beneficiários que efectuaram contribuições do regime obrigatório, classificados
segundo os ramos de actividade económica☯Beneficiaries who made contributions under the mandatory regime, classified according to the branches of economic activity"
"34c29933-d1bd-413f-bd10-229a6169dc4b","中藥師☯中药师☯Farmacêutico de medicina  tradicional chinesa☯ ","統計暨普查局,统计暨普查局,Direcção dos Serviços de Estatística e Censos,Statistics and Census Service","0","1","0","System.Object[]","0","32","2025-11-10 14:48:29","根據第18/2020號法律《醫療人員專業資格及執業註冊制度》的中藥師。☯根据第18/2020号法律《医疗人员专业资格及执业注册制度》的中药师。☯Refere-se ao ""Farmacêutico de medicina  tradicional chinesa"", que está estabelecido na Lei n.º 18/2020, “Regime da qualificação e inscrição para o exercício de actividade dos profissionais de saúde”.☯ "
"34cfe0b7-45ca-479e-8385-f6a5a346db79","參與健康生活教育課程的數據☯参与健康生活教育课程的数据☯Dados Relativos àParticipaçãono Curso de Educação da Vida Sadia☯---","社會工作局,社會工作局,Instituto de Acção Social,Social Welfare Bureau","1","0","0","System.Object[]","21","68","2026-03-16 11:18:07","幼高至小六年級健康生活教育課程的參與數據（包括學校、班數及參與人數）☯幼高至小六年级健康生活教育课程的参与数据（包括学校、班数及参与人数）☯Estudantes do 3.º ano do jardim de infância a 6.º ano do ensino primário☯---"
"3512adfc-d0c4-44e2-926b-080ef14f1403","航空作業人員資格考試☯航空作業人員资格考试☯Data de Exame de Qualificação para Pessoal Aeronáutico☯Data of Qualification Examination for Aeronautical Personnel","民航局,民航局,Autoridade de Aviação Civil,Civil Aviation Authority","1","0","0","System.Object[]","69","100","2026-07-18 14:34:31","航空作業人員資格考試數目☯航空作業人員资格考试数目☯Número de Exame de Qualificação para Pessoal Aeronáutico☯Number of Qualification Examination for Aeronautical Personnel"
"3538eba0-a2fc-4e9e-88d5-ba9f83ab81cc","有關車用燃料及車輛尾氣排放統計數據☯有关车用燃料及车辆尾气排放统计数据☯Dados estatísticos sobre os combustíveis para veículos e emissão de gases de escape dos veículos☯Dados estatísticos sobre os combustíveis para veículos e emissão de gases de escape dos veículos","交通事務局,交通事务局,Direcção dos Serviços para os Assuntos de Tráfego,Transport Bureau","1","0","0","System.Object[]","14","41","2026-05-27 01:00:38","有關車用燃料及車輛尾氣排放統計數據☯有关车用燃料及车辆尾气排放统计数据☯Dados estatísticos sobre os combustíveis para veículos e emissão de gases de escape dos veículos☯Dados estatísticos sobre os combustíveis para veículos e emissão de gases de escape dos veículos"
"3546225a-2a34-4645-b01e-6752aed03993","入境旅客☯入境旅客☯Entradas de visitantes☯ ","統計暨普查局,统计暨普查局,Direcção dos Serviços de Estatística e Censos,Statistics and Census Service","0","1","0","System.Object[]","1503","3509","2025-11-25 16:33:16","入境旅客的總數。☯入境旅客的总数。☯Referem-se ao número total de entradas de visitantes.☯ "
"3582b963-31c2-4d5b-8a08-1dc198fb125e","巴士數量 ☯巴士数量 ☯Números de autocarros ☯Number of buses","交通事務局,交通事务局,Direcção dos Serviços para os Assuntos de Tráfego,Transport Bureau","1","0","0","System.Object[]","163","313","2026-05-27 01:00:02","巴士數量 ☯巴士数量 ☯Números de autocarros ☯Number of buses"
"361974be-11df-465d-950c-1e108aa70ddd","截查行動酒精測試☯截查行動酒精測試☯Exame de pesquisa de álcool durante as Operações Stop☯Breathalyzer tests given during interception operations","治安警察局,治安警察局,CPSP,CPSP","1","0","0","System.Object[]","23","47","2026-02-06 15:08:34","截查行動酒精測試☯截查行動酒精測試☯Exame de pesquisa de álcool durante as Operações Stop☯Breathalyzer tests given during interception operations"
"361e15b3-703a-4468-824d-ae1dcd582cd8","中醫生/師☯中医生/师☯Médico de medicina tradicional chinesa/mestre de medicina tradicional chinesa☯Chinese medicine doctors / Chinese herbalists","統計暨普查局,统计暨普查局,Direcção dos Serviços de Estatística e Censos,Statistics and Census Service","0","1","0","System.Object[]","0","34","2025-11-13 17:43:49","根據第18/2020號法律《醫療人員專業資格及執業註冊制度》的中醫生/師。☯根据第18/2020号法律《医疗人员专业资格及执业注册制度》的中医生/师。☯O médico de medicina tradicional chinesa/mestre de medicina tradicional chinesa está estipulado na Lei n.º 18/2020, “Regime da qualificação e inscrição para o exercício de actividade dos profissionais de saúde”.☯Refer to Chinese medicine doctors / Chinese herbalists registered under Law No. 18/2020 ""Regime of Qualification and Registration of Health Professionals""."
"3654cad8-ff9c-42f1-a43e-09580f6b254c","自來水廠處理水的最近三次化驗結果☯自来水厂处理水的最近三次化验结果☯Resultado das últimas três análises laboratoriais às águas tratadas pelas estações de tratamento de água☯Results of the last three laboratory tests of treated water from water treatment plant","市政署,市政署,Instituto para os Assuntos Municipais,Municipal Affairs Bureau","0","1","0","System.Object[]","0","69","2024-12-18 17:39:21","自來水廠處理水各項水質監察指標的數值列表☯自来水厂处理水各项水质监察指标的数值列表☯Lista de valores dos indicadores de monitorização da qualidade das águas tratadas pelas estações de tratamento de água☯List of values of water quality monitoring indicators of treated water from water treatment plants"
"36704998-ddbc-42ee-b5fa-b6f8c48510fd","澳門高等院校非教學人員人數統計─按院校劃分☯澳门高等院校非教学人员人数统计─按院校划分☯Dados estatísticos do número de pessoal não docente das instituições do ensino superior de Macau (classificados por instituições do ensino superior)☯-","教育及青年發展局,教育及青年发展局,Direcção dos Serviços de Educação e de Desenvolvimento da Juventude,Education and Youth Development Bureau","1","0","0","System.Object[]","18","35","2025-12-15 16:03:07","按學年方式，提供按院校劃分的澳門高等院校非教學人員人數。☯按学年方式，提供按院校划分的澳门高等院校非教学人员人数。☯Número de pessoal não docente das instituições do ensino superior de Macau (classificados por instituições do ensino superior), calculado de acordo com o ano lectivo.☯-"
"3673d588-e467-4bc8-992a-c2920de6579e","非高等教育職業技術課程學生人數（按學校類型和年級劃分）☯非高等教育职业技术课程学生人数（按学校类型和年级划分）☯Número de alunos de ensino técnico-profissional (Classificação por tipo de escola e ano de escolaridade) (Estatística educativa não Superior)☯-","教育及青年發展局,教育及青年发展局,Direcção dos Serviços de Educação e de Desenvolvimento da Juventude,Education and Youth Development Bureau","1","0","0","System.Object[]","25","44","2026-03-16 17:17:35","職業技術課程學生人數（按學校類型和年級劃分）
☯职业技术课程学生人数（按学校类型和年级划分）☯Número de alunos de ensino técnico-profissional (Classificação por tipo de escola e ano de escolaridade)
☯-"
"3682eec7-81d4-4498-aed7-9273c4d40f01","專科衛生護理範疇按專科劃分的住院病人數目☯专科卫生护理范畴按专科划分的住院病人数目☯Número de internamentos hospitalares por especialidade, na área de cuidados de saúde diferenciados☯專科衛生護理範疇按專科劃分的住院病人數目","衛生局,卫生局,Serviços de Saúde,Health Bureau","1","0","0","System.Object[]","119","164","2024-12-19 14:59:21","專科衛生護理範疇中，按專科劃分的住院病人數目☯专科卫生护理范畴中，按专科划分的住院病人数目☯Número de internamentos hospitalares por especialidade, na área de cuidados de saúde generalizados☯專科衛生護理範疇中，按專科劃分的住院病人數目"
"3770d03b-b911-415f-ad37-fe19009b193a","查詢個案的個案宗數☯查询个案的个案宗数☯Número de casos de consulta☯Number of cases filed as enquiry","個人資料保護局,个人资料保护局,DSPDP,DSPDP","1","0","0","System.Object[]","11","27","2025-12-04 10:41:50","個人資料保護局查詢個案的個案宗數☯个人资料保护局查询个案的个案宗数☯Número de casos de consulta da DSPDP☯Number of cases filed as enquiry at the Personal Data Protection Bureau "
"378ccdee-d21d-426f-a760-1dac0c958882","公證服務量☯公证服务量☯Número de serviços notariais☯Number of notarial services","法務局,法务局,Direcção dos Serviços de Assuntos de Justiça,Legal Affairs Bureau","1","0","0","System.Object[]","19","60","2025-02-11 11:02:09","以年度方式提供公證遺囑、公證書、獨立公證文書、認證語、公證認定（俗稱“認筆跡”）、證明、證明書、以及認證繕本（俗稱“鑑證副本”）的統計數據。☯以年度方式提供公证遗嘱、公证书、独立公证文书、认证语、公证认定（俗称“认笔迹”）、证明、证明书、以及认证缮本（俗称“鉴证副本”）的统计数据。☯Disponibilização anual de dados estatísticos relativos ao testamento público, escrituras públicas, instrumentos públicos avulsos, termos de autenticação, reconhecimentos notariais, certidão, certificados e públicas-formas (autenticação de cópias).☯It provides an annual list of statistical data on public wills, public deeds, separate public instruments, terms of authentication, notarial recognitions, certificates, certificates and public forms (authentication of copies).(-The above content is an unofficial translation, for reference only)"
"37b4e039-50de-478f-9a4f-c3d934507215","本地生產總值 - 私人消費支出☯本地生产总值 - 私人消费支出☯Produto Interno Bruto - Despesa de consumo privado☯ ","統計暨普查局,统计暨普查局,Direcção dos Serviços de Estatística e Censos,Statistics and Census Service","0","1","0","System.Object[]","0","29","2025-11-12 17:27:41","私人消費支出等於常住的住戶以及服務住戶的非牟利機構購入貨物及服務的消費支出總值。☯私人消费支出等于常住的住户以及服务住户的非牟利机构购入货物及服务的消费支出总值。☯A despesa de consumo privado corresponde ao valor total da despesa em consumo de bens e serviços, efectuada pelas famílias residentes e pelas instituições sem fins lucrativos ao serviço das famílias (ISFLSF). ☯ "
"37d3e257-ad56-497b-81c5-c03d7f9302c4","本地參團旅客☯本地参团旅客☯Visitantes em excursões locais☯ ","統計暨普查局,统计暨普查局,Direcção dos Serviços de Estatística e Censos,Statistics and Census Service","0","1","0","System.Object[]","0","27","2025-12-01 10:46:13","購買本澳旅行社提供的導遊服務、觀光接送或食宿安排的自行來澳旅客總數。☯购买本澳旅行社提供的导游服务、观光接送或食宿安排的自行来澳旅客总数。☯Referem-se ao número de visitantes que entraram individualmente na Região Administrativa Especial de Macau e adquiriram nas agências de viagens serviços de guia, transporte, refeições e/ou alojamento.☯ "
"37ed6dcf-6181-498a-80d6-f3a1ff11497b","《統計年刊 2024》專科醫療衛生範疇按求診原因劃分的急診就診人次☯《統計年刊 2024》專科醫療衛生範疇按求診原因劃分的急診就診人次☯CUIDADOS DE SAÚDE DIFERENCIADOS N.º de atendimentos no Serviço de Urgência por causas de  admissão☯CUIDADOS DE SAÚDE DIFERENCIADOS N.º de atendimentos no Serviço de Urgência por causas de  admissão","衛生局,卫生局,Serviços de Saúde,Health Bureau","1","0","0","System.Object[]","14","51","2025-10-28 17:41:47","《統計年刊 2024》專科醫療衛生範疇按求診原因劃分的急診就診人次☯《統計年刊 2024》專科醫療衛生範疇按求診原因劃分的急診就診人次☯CUIDADOS DE SAÚDE DIFERENCIADOS N.º de atendimentos no Serviço de Urgência por causas de  admissão☯CUIDADOS DE SAÚDE DIFERENCIADOS N.º de atendimentos no Serviço de Urgência por causas de  admissão"
"3815271b-0ce1-472d-9edf-2a7fb0d7c9c1","澳門區域旅遊數據 - 按中國内地主要省份及統計分區的旅客到訪人次 ☯澳门区域旅游数据 - 按中国内地主要省份及统计分区的旅客到访人次☯Dados Turísticos Regionais de Macau - Chegada de visitantes por principais províncias do Interior da China e zonas estatísticas☯Macao District Tourism Data - Visitor Arrival by Main Provinces in Mainland China and Statistical District","旅遊局,旅游局,Direcção dos Serviços de Turismo,Macao Government Tourism Office","1","0","0","System.Object[]","88","124","2026-08-31 17:44:20","澳門區域旅遊數據 - 按中國内地主要省份及統計分區的旅客到訪人次 ☯澳门区域旅游数据 - 按中国内地主要省份及统计分区的旅客到访人次☯Dados Turísticos Regionais de Macau - Chegada de visitantes por principais províncias do Interior da China e zonas estatísticas☯Macao District Tourism Data - Visitor Arrival by Main Provinces in Mainland China and Statistical District"
"3888e729-b3e1-4c84-85b6-10f46a03db62","營養師☯营养师☯Dietista☯ ","統計暨普查局,统计暨普查局,Direcção dos Serviços de Estatística e Censos,Statistics and Census Service","0","1","0","System.Object[]","0","29","2025-11-10 14:48:36","根據第18/2020號法律《醫療人員專業資格及執業註冊制度》的營養師。☯根据第18/2020号法律《医疗人员专业资格及执业注册制度》的营养师。☯Refere-se ao ""Dietista"", que está estabelecido na Lei n.º 18/2020, “Regime da qualificação e inscrição para o exercício de actividade dos profissionais de saúde”.☯ "
"38acc395-b41c-470c-a2fb-8b0272e9ff32","公務人員數目統計—按年齡組別及性別劃分☯公务人员数目统计—按年龄组别及性别划分☯Estatísticas do número de trabalhadores dos serviços públicos - de acordo com a faixa etária e o sexo☯-","行政公職局,行政公职局,Direcção dos Serviços de Administração e Função Pública,Public Administration and Civil Service Bureau","1","0","0","System.Object[]","371","442","2026-07-23 12:48:12","按年齡組別及性別劃分的澳門特別行政區公共行政人力資源的公務人員數目，且自2023年起包括行政長官及主要官員，以及其人員受私法制度規範的基金會及其他公共機構（澳門基金會、澳門澳門貿易投資促進局、澳門金融管理局、澳門大學、澳門理工大學及民航局）的人員數目。☯按年龄组别及性别划分的澳门特别行政区公共行政人力资源的公务人员数目，且自2023年起包括行政长官及主要官员，以及其人员受私法制度规范的基金会及其他公共机构（澳门基金会、澳门澳门贸易投资促进局、澳门金融管理局、澳门大学、澳门理工大学及民航局）的人员数目。☯Número de trabalhadores dos serviços públicos pelos recursos humanos da Administração Pública da RAEM de acordo com a faixa etária e o sexo, incluindo, a partir de 2023, o Chefe do Executivo, os titulares dos principais cargos, os trabalhadores sujeitos aos regulamentos do direito privado das fundações, bem como os trabalhadores das outras entidades públicas (Fundação Macau, Instituto de Promoção do Comércio e do Investimento, Autoridade Monetária de Macau, Universidade de Macau, Universidade Politécnica de Macau e Autoridade de Aviação Civil).☯-"
"38ae6064-be91-4d33-826d-0252746d9b0a","公積金制度-供款人-按供款時間劃分☯公积金制度-供款人-按供款时间划分☯Regime de Previdência - Contribuintes - Por tempo de contribuição☯ ","退休基金會,退休基金会,Fundo de Pensões,Pension Fund","1","0","0","System.Object[]","124","157","2026-05-21 17:02:31","按供款時間統計當年公積金制度中供款人之人數☯按供款时间统计当年公积金制度中供款人之人数☯Estatística do n.º de contribuintes do Regime de Previdência desse ano por tempo de contribuição ☯ "
"38d3dac0-482b-4317-a389-8d1039a07645","刑事紀錄證明書發出數量統計☯刑事纪录证明书发出数量统计☯Estatística da emissão do certificado de registo criminal☯Statistics on issuance of Certificate of Criminal Record","身份證明局,身份证明局,Direcção dos Serviços de Identificação,Identification Bureau","1","0","0","System.Object[]","76","153","2026-01-29 11:48:05","刑事紀錄證明書發出數量☯刑事纪录证明书发出数量☯Número de emissão do certificado de registo criminal ☯Number of Certificate of Criminal Record issued "
"39671273-681c-4292-83a0-9729b5d44eb1","社區醫療衛生 衛生中心)按衛生中心劃分的門診人次☯社区医疗卫生 (卫生中心)按卫生中心划分的门诊人次☯Número de consultas externas por centros de saúde, na área  de cuidados de saúde comunitários(centros de saúde) ☯社區醫療衛生 衛生中心)按衛生中心劃分的門診人次","衛生局,卫生局,Serviços de Saúde,Health Bureau","1","0","0","System.Object[]","207","257","2024-12-19 14:59:40","社區醫療衛生 衛生中心)按衛生中心劃分的門診人次☯社区医疗卫生 (卫生中心)按卫生中心划分的门诊人次☯Número de consultas externas por centros de saúde, na área de cuidados de saúde comunitários(centros de saúde)☯社區醫療衛生 衛生中心)按衛生中心劃分的門診人次"
"3a12e3e0-769c-40f0-acbb-e6000160335e","供水量☯供水量☯Volume de Água Abastecida☯Volume of Water Supply","海事及水務局,海事及水務局,DSAMA,DSAMA","1","0","0","System.Object[]","68","148","2026-09-08 12:09:23","自2006年1月起經食水處理廠處理的食水量統計。☯自2006年1月起经食水处理厂处理的食水量统计。☯Dados estatísticos do volume de água tratada nas estações de tratamento de água desde Janeiro de 2006☯Statistics on the volume of water treated in the water treatment plants since January 2006"
"3a5255a1-72d3-46b8-8b4a-c05704d80bb5","澳門特別行政區立法會選舉結果 – 直接選舉各投票區域的結果☯澳门特别行政区立法会选举结果 - 直接选举各投票区域的结果☯Resultado das eleições legislativas da Região Administrativa Especial de Macau – por área de votação por sufrágio directo☯Resultado das eleições legislativas da Região Administrativa Especial de Macau – por área de votação por sufrágio directo","行政公職局,行政公职局,Direcção dos Serviços de Administração e Função Pública,Public Administration and Civil Service Bureau","1","0","0","System.Object[]","23","50","2026-02-02 12:21:15","由2001年至今，澳門特別行政區立法會選舉，直接選舉各投票區域的結果☯由2001年至今，澳门特别行政区立法会选举，直接选举各投票区域的结果☯Resultados por área de votação nas eleições legislativas da Região Administrativa Especial de Macau por sufrágio directo, de 2001 até ao presente☯Resultados por área de votação nas eleições legislativas da Região Administrativa Especial de Macau por sufrágio directo, de 2001 até ao presente"
"3b20c129-0f7a-4260-8ae6-d2c36bed004c","獲發使用准照商業單位☯获发使用准照商业单位☯Fracções comerciais com licença de utilização☯Business units issued with a license to use","土地工務局,土地工務局,DSSCU,DSSCU","1","0","0","System.Object[]","21","67","2026-07-29 17:13:23","於參考期間獲發使用准照 (俗稱""入伙紙"")的商業單位☯于参考期间获发使用准照 (俗称""入伙纸"")的商业单位☯Fracções comerciais com licença de utilização, emitida durante o período de referência.☯Commercial units that were issued a license for use during the reference period"
"3b887106-88f8-44bc-aaf8-201fb7f0949b","中小企業信用保證計劃統計 - 申請概況☯中小企业信用保证计划统计 - 申请概况☯Estatística do “Plano de Garantia de Créditos a Pequenas e Médias Empresas” – Situação geral dos pedidos☯SME Credit Guarantee Scheme Statistics – Summary of Applications","經濟及科技發展局,经济及科技发展局,Direcção dos Serviços de Economia e Desenvolvimento Tecnológico,Macao Economic Bureau","1","0","0","System.Object[]","59","78","2026-07-10 15:00:12","提供中小企業信用保證計劃統計年度申請及批准統計數據☯提供中小企业信用保证计划统计年度申请及批准统计数据
☯Dados estatísticos anuais dos pedidos apresentados e dos pedidos aprovados do “Plano de Garantia de Créditos a Pequenas e Médias Empresas”☯Annual statistics on SME Credit Guarantee Scheme applications and approvals"
"3bb9360f-b6a1-464b-b376-9fa7bb4fc7a0","市政工程資訊-公開招標工程☯市政工程资讯-公开招标工程☯Informações sobre obras municipais - concursos públicos☯Municipal works information – works for public tender","市政署,市政署,Instituto para os Assuntos Municipais,Municipal Affairs Bureau","1","0","0","System.Object[]","73","51","2026-09-14 17:00:21","列出所有市政公開招標工程的相關資訊。☯列出所有市政公开招标工程的相关资讯。☯Listagem de todas as informações sobre obras municipais em concursos públicos.☯List of information about all municipal works for public tender."
"3bc44827-5c71-44d0-8f32-a864606de146","少年感化院院生人數統計☯少年感化院院生人数统计☯Estatística sobre o número de jovens internados no Instituto de Menores☯Number of juveniles held in the Youth Correctional Institution","懲教管理局,懲教管理局,DSC,DSC","1","0","0","System.Object[]","22","43","2026-01-19 17:34:07","少年感化院院生人數統計☯少年感化院院生人数统计☯Estatística sobre o número de jovens internados no Instituto de Menores☯Number of juveniles held in the Youth Correctional Institution"
"3be6ca82-a228-4e85-a343-1b79b360b7b4","年度新增強制性制度新註冊僱主數目☯年度新增强制性制度新注册雇主数目☯Número de novos empregadores matriculados no regime obrigatório por ano☯Number of employers newly registered under the obligatory system in the year","社會保障基金,社会保障基金,Fundo de Segurança Social,Social Security Fund","1","0","0","System.Object[]","24","47","2026-09-01 17:01:03","以年度方式提供在相關曆年內，新註冊成為強制性制度僱主的數目。☯以年度方式提供在相关历年内，新注册成为强制性制度雇主的数目。☯A prestação anual do número de novos empregadores matriculados no regime obrigatório durante o respectivo ano.☯Available on an annual basis, the number of employers newly registered under the obligatory system in the relevant calendar year."
"3be8ebf8-4a12-4acf-b5bc-2877bd7d68ca","疾病預防控制範疇十大癌症新增個案☯疾病预防控制范畴十大癌症新增个案☯Dez novos casos de cancro, na área de prevenção e controlo de doenças☯疾病預防控制範疇十大癌症新增個案","衛生局,卫生局,Serviços de Saúde,Health Bureau","1","0","0","System.Object[]","68","84","2024-12-19 14:58:48","疾病預防控制範疇中，十大癌症新增個案☯疾病预防控制范畴中，十大癌症新增个案☯Dez novos casos de cancro, na área de prevenção e controlo de doenças☯疾病預防控制範疇中，十大癌症新增個案"
"3c182bf7-9281-4591-9739-fba061aa1959","會議及展覽活動使用場地面積☯会议及展览活动使用场地面积☯Área utilizada pelos eventos de convenções e exposições☯ ","統計暨普查局,统计暨普查局,Direcção dos Serviços de Estatística e Censos,Statistics and Census Service","0","1","0","System.Object[]","0","24","2026-01-26 12:38:56","會議及展覽所使用的場地面積。☯会议及展览所使用的场地面积。☯Refere-se à área do local utilizado pelos eventos de convenções e exposições.☯ "
"3c40d950-f8af-4d96-85f4-3aa768780954","旅行社盈利與支出比率☯旅行社盈利与支出比率☯Proporção do excedente bruto pelas despesas das agências de viagens☯ ","統計暨普查局,统计暨普查局,Direcção dos Serviços de Estatística e Censos,Statistics and Census Service","0","1","0","System.Object[]","0","25","2026-01-26 12:45:55","旅行社的淨利潤與總支出的比例，用以評估旅行社的盈利效率。☯旅行社的净利润与总支出的比例，用以评估旅行社的盈利效率。☯Refere-se à relação entre o valor líquido do lucro e o valor total das despesas, das agências de viagens. O indicador serve para avaliar a eficácia das agências gerarem excedente bruto.☯ "
"3c5e26dc-989e-40c5-b0e5-8afdb3c518f2","大型會議☯大型会议☯Conferência☯ ","統計暨普查局,统计暨普查局,Direcção dos Serviços de Estatística e Censos,Statistics and Census Service","0","1","0","System.Object[]","0","23","2026-01-26 12:39:18","在酒店、大型會議展覽中心等收費場地舉行的大型會議數量，這些會議通常規模較大且參與人數較多。☯在酒店、大型会议展览中心等收费场地举行的大型会议数量，这些会议通常规模较大且参与人数较多。☯Os dados referem-se ao número de conferências realizadas em locais arrendados, nomeadamente, em hotéis, em grandes centros de convenções e exposições, etc. Em termos gerais, as conferências são eventos de grande envergadura e nelas participam muitas pessoas.☯ "
"3c6ceb41-e17b-498b-87cd-e0b098498d6e","街市熟食檔在職員工☯街市熟食档在职员工☯Pessoal ao serviço dos lugares de comidas e bebidas nos mercados municipais☯ ","統計暨普查局,统计暨普查局,Direcção dos Serviços de Estatística e Censos,Statistics and Census Service","0","1","0","System.Object[]","0","27","2026-01-26 12:39:56","在街市熟食檔工作的全職及無薪員工總數。☯在街市熟食档工作的全职及无薪员工总数。☯Refere-se ao número total de trabalhadores remunerados a tempo completo e de trabalhadores não remunerados que laboram nos lugares de comidas e bebidas nos mercados municipais.☯ "
"3c801ab9-2f86-4bd6-b54e-9f5876a77bed","留宿旅客人均住宿消費☯留宿旅客人均住宿消费☯Despesa per capita dos turistas em alojamento☯ ","統計暨普查局,统计暨普查局,Direcção dos Serviços de Estatística e Censos,Statistics and Census Service","0","1","0","System.Object[]","0","29","2025-12-09 11:12:44","留宿旅客在住宿方面的消費，包括酒店、旅館及其他住宿設施的費用。☯留宿旅客在住宿方面的消费，包括酒店、旅馆及其他住宿设施的费用。☯Refere-se à despesa dos turistas em alojamento. Inclui-se a despesa em hotéis, pousadas ou outros estabelecimentos de alojamento.☯ "
"3ca70f48-d09b-48ea-9de9-011ad71ee105","澳門高等院校外地生註冊人數統計—按學科範疇劃分☯澳门高等院校外地生注册人数统计—按学科范畴划分☯Estatística do número de estudantes do exterior inscritos nas instituições de ensino superior de Macau – por área disciplinar☯ ","教育及青年發展局,教育及青年发展局,Direcção dos Serviços de Educação e de Desenvolvimento da Juventude,Education and Youth Development Bureau","1","0","0","System.Object[]","11","26","2025-12-15 16:02:21","按學年方式，提供按學科範疇劃分的澳門高等院校外地生註冊人數☯按学年方式，提供按学科范畴划分的澳门高等院校外地生注册人数☯Número de estudantes do exterior inscritos nas instituições de ensino superior de Macau, por área disciplinar e por ano lectivo☯ "
"3caa5e4b-7df0-4091-b891-406c17257457","接載人車輛違規☯接載人車輛違規☯Irregularidades praticadas pelos taxistas☯Combating taxi malpractices","治安警察局,治安警察局,CPSP,CPSP","1","0","0","System.Object[]","38","51","2026-02-06 15:08:36","接載人車輛違規☯接載人車輛違規☯Irregularidades praticadas pelos taxistas☯Combating taxi malpractices"
"3d1d7271-15de-4af1-a2f3-4a84ca5a80bb","被遣返人數☯被遣返人數☯Registos de indivíduos repatriados☯Statistics of Repatriated Persons","治安警察局,治安警察局,CPSP,CPSP","1","0","0","System.Object[]","63","68","2026-02-06 15:09:00","被遣返人數☯被遣返人數☯Registos de indivíduos repatriados☯Statistics of Repatriated Persons"
"3d2bd8a6-474a-4a4b-8798-a67a7b9d3125","《統計年刊 2024》人力資源 按所屬單位劃分的診療技術員數目☯《統計年刊 2024》人力資源 按所屬單位劃分的診療技術員數目☯RECURSOS HUMANOS N.º de técnicos de diagnóstico e terapêutica por subunidade  orgânica☯RECURSOS HUMANOS N.º de técnicos de diagnóstico e terapêutica por subunidade  orgânica","衛生局,卫生局,Serviços de Saúde,Health Bureau","1","0","0","System.Object[]","13","23","2025-10-28 17:36:29","《統計年刊 2024》人力資源 按所屬單位劃分的診療技術員數目☯《統計年刊 2024》人力資源 按所屬單位劃分的診療技術員數目☯RECURSOS HUMANOS N.º de técnicos de diagnóstico e terapêutica por subunidade  orgânica☯RECURSOS HUMANOS N.º de técnicos de diagnóstico e terapêutica por subunidade  orgânica"
"3d2efbe0-af30-48ff-9e2e-73aa67f32b7b","博彩業經營費用☯博彩业经营费用☯Despesas de exploração do sector do jogo☯ ","統計暨普查局,统计暨普查局,Direcção dos Serviços de Estatística e Censos,Statistics and Census Service","0","1","0","System.Object[]","0","72","2026-01-26 12:47:52","博彩業在日常經營活動中產生的各項費用，包括租金、水電費、維修保養費等。☯博彩业在日常经营活动中产生的各项费用，包括租金、水电费、维修保养费等。☯Referem-se às diversas despesas geradas pela exploração da actividade corrente do sector do jogo. Incluem-se as rendas de instalações, as despesas em água, electricidade, reparação, manutenção, etc.☯ "
"3dc86e1b-29f1-4e01-aad9-fe2c110e235c","司法警察局檢獲毒品的數量（以克為單位）☯司法警察局检获毒品的数量（以克为单位）☯Quantidades de estupefacientes apreendidos pela PJ (em gramas)☯Amount of drugs seized by the Judiciary Police  (in grams)","司法警察局,司法警察局,PJ,PJ","1","0","0","System.Object[]","36","62","2026-08-13 15:58:57","司法警察局檢獲毒品的數量（以克為單位）☯司法警察局检获毒品的数量（以克为单位）☯Quantidades de estupefacientes apreendidos pela PJ (em gramas)☯Amount of drugs seized by the Judiciary Police  (in grams)"
"3dd9c691-001f-47a5-85fc-931bec120bb1","飲食業購貨及佣金支出☯饮食业购货及佣金支出☯Compras de mercadorias e comissões pagas pelo ramo da restauração☯ ","統計暨普查局,统计暨普查局,Direcção dos Serviços de Estatística e Censos,Statistics and Census Service","0","1","0","System.Object[]","0","28","2026-01-26 12:45:33","飲食業場所在購入食品及飲品、購入作轉售的貨品及佣金支出的總額。☯饮食业场所在购入食品及饮品、购入作转售的货品及佣金支出的总额。☯Referem-se ao valor total das despesas em compras de bebidas e comidas, de mercadorias para revendas e comissões pagas pelos estabelecimentos do ramo da restauração.☯ "
"3de3e070-a79c-47eb-8ef2-6ea07e2e9dc6","公眾假期☯公众假期☯Feriados☯Public Holidays","行政公職局,行政公职局,Direcção dos Serviços de Administração e Função Pública,Public Administration and Civil Service Bureau","1","0","0","System.Object[]","172","187","2025-05-02 15:10:51","公眾假期☯公众假期☯Feriados☯Public Holidays"
"3e175d48-6e56-41cc-9e79-cea1ceb699f1","首次領取澳門特區居民身份證統計☯首次领取澳门特区居民身份证统计☯Estatística dos pedidos da primeira emissão do BIR☯Statistics on first-time Macao SAR resident identity card holders","身份證明局,身份证明局,Direcção dos Serviços de Identificação,Identification Bureau","1","0","0","System.Object[]","89","160","2026-01-29 11:21:22","首次領取澳門特區居民身份證人數☯首次领取澳门特区居民身份证人数☯Número de pedidos da primeira emissão do BIR da RAEM☯Number of first-time Macao SAR resident identity card holders "
"3e71b5af-a0d8-4f05-8140-52ede5c7d0b7","市政署架構清單☯市政署架构清单☯Lista da estrutura orgânica do IAM☯List of IAM organizational structure","市政署,市政署,Instituto para os Assuntos Municipais,Municipal Affairs Bureau","1","0","0","System.Object[]","23","46","2025-04-25 09:22:17","列出廳及處級的架構清單☯列出厅及处级的架构清单☯Lista da estrutura orgânica dos Departamentos e Divisões☯List of IAM organizational structure with departments and divisions"
"3ea938c8-28b7-4f4a-af23-f94d712a9a7a","疾病預防控制範疇愛滋病諮詢服務☯疾病预防控制范畴爱滋病咨询服务☯Serviços de consulta sobre SIDA na área de prevenção e controlo de doenças☯疾病預防控制範疇愛滋病諮詢服務","衛生局,卫生局,Serviços de Saúde,Health Bureau","1","0","0","System.Object[]","45","61","2024-12-19 14:58:49","疾病預防控制範疇中，愛滋病諮詢服務☯疾病预防控制范畴中，爱滋病咨询服务☯Serviços de consulta sobre SIDA, na área de prevenção e controlo de doenças☯疾病預防控制範疇中，愛滋病諮詢服務"
"3ed58d8a-8cb2-4aea-a88f-6d34c592d314","獎勵會議旅遊及其他☯奖励会议旅游及其他☯Reunião incentivo-viagem e outras☯ ","統計暨普查局,统计暨普查局,Direcção dos Serviços de Estatística e Censos,Statistics and Census Service","0","1","0","System.Object[]","0","24","2026-01-26 12:39:16","獎勵會議旅遊及其他類型的會議數量，這些會議通常包括公司為員工或客戶提供的獎勵旅行活動，以及在酒店、大型會議展覽中心等收費場地舉行的其他相關會議。☯奖励会议旅游及其他类型的会议数量，这些会议通常包括公司为员工或客户提供的奖励旅行活动，以及在酒店、大型会议展览中心等收费场地举行的其他相关会议。☯Os dados referem-se ao número de reuniões incentivo-viagem e de outras reuniões. Em termos gerais, as reuniões incluem viagens de incentivo que as empresas fornecem aos seus trabalhadores ou clientes, bem como outras reuniões semelhantes que se realizam em locais arrendados, nomeadamente, em hotéis, em grandes centros de convenções e exposições, etc.☯ "
"3ef9ecae-65f7-4d2e-8c76-60105d75d44b","旅客人均餐飲消費☯旅客人均餐饮消费☯Despesa per capita dos visitantes em alimentação☯ ","統計暨普查局,统计暨普查局,Direcção dos Serviços de Estatística e Censos,Statistics and Census Service","0","1","0","System.Object[]","0","78","2025-12-09 11:12:59","旅客在餐飲方面的人均消費，包括在餐廳、咖啡廳或其他飲食場所的費用，由旅客或他人（如親友或僱主）支付的消費。☯旅客在餐饮方面的人均消费，包括在餐厅、咖啡厅或其他饮食场所的费用，由旅客或他人（如亲友或雇主）支付的消费。☯Refere-se à despesa per capita dos visitantes em alimentação. Inclui-se a despesa em restaurantes, cafés ou outros estabelecimentos de alimentação, paga pelos visitantes ou por outras pessoas (tais como: familiares ou empregadores).☯ "
"3f15ebc8-8117-481a-9887-be97e3e8094c","公共資本企業—企業名單☯公共资本企业—企业名单☯Capitais públicos - Lista empresarial☯-","公共資產監督管理局,公共资产监督管理局,DSGAP,DSGAP","1","0","0","System.Object[]","116","188","2026-09-19 09:10:03","公共資本全資企業、公共資本控股企業及公共資本參股企業的企業名單☯公共资本全资企业、公共资本控股企业及公共资本参股企业的企业名单☯Empresa de capitais integralmente públicos, empresa de capitais públicos com influência dominante e empresa de capitais públicos sem influência dominante☯-"
"3f33b792-ea04-46ac-9206-e3421a651b1d","時令節日食品抽檢報告☯时令节日食品抽检报告☯Relatório de inspecção por amostragem de produtos alimentares sazonais e festivos☯Reports on sampling inspections of seasonal and festive food products","市政署,市政署,Instituto para os Assuntos Municipais,Municipal Affairs Bureau","1","0","0","System.Object[]","37","34","2026-06-22 10:00:57","列出時令節日食品的抽檢樣本數據☯列出时令节日食品的抽检样本数据☯Indicar os dados de amostragem de produtos alimentares sazonais e festivos☯List of data on random samples of seasonal and festive food products"
"3f55be49-9337-4bfa-888a-2f7d16a5b8ee","公寓客房☯公寓客房☯Quartos de hóspedes das pensões☯ ","統計暨普查局,统计暨普查局,Direcção dos Serviços de Estatística e Censos,Statistics and Census Service","0","1","0","System.Object[]","0","23","2025-12-01 10:47:14","公寓內可供住客使用的客房總數。☯公寓内可供住客使用的客房总数。☯Referem-se ao número total de quartos disponíveis para hóspedes nas pensões.☯ "
"3f85a540-691c-4463-822e-634446f0ee9f","財務管理範疇與政府有協議的私人藥房☯财务管理范畴与政府有协议的私人药房☯Farmácias privadas e convencionadas com o Governo, na área de gestão financeira☯財務管理範疇與政府有協議的私人藥房","衛生局,卫生局,Serviços de Saúde,Health Bureau","1","0","0","System.Object[]","56","82","2024-12-19 14:58:28","財務管理範疇中，與政府有協議的私人藥房☯财务管理范畴中，与政府有协议的私人药房☯Convenções com farmácias privadas, na área de gestão financeira☯財務管理範疇中，與政府有協議的私人藥房"
"3fadc904-2f3a-49d3-be7f-76aaa67de323","展覽入場觀眾☯展览入场观众☯Visitantes das exposições☯Exhibition attendees","統計暨普查局,统计暨普查局,Direcção dos Serviços de Estatística e Censos,Statistics and Census Service","0","1","0","System.Object[]","0","32","2024-12-30 17:14:01","到現場參觀展覽之普通觀眾及專業觀眾，但不包括參展商。☯到现场参观展览之普通观众及专业观众，但不包括参展商。☯Referem-se aos indivíduos que visitaram as exposições, incluindo os visitantes em geral e os visitantes profissionais. Excluem-se os expositores.☯Refer to general visitors and professional visitors who go to exhibitions; however, exhibitors are excluded."
"3fbad04f-aece-419b-9565-b4e11364ae28","非強制央積金—按參與方式劃分的公積金共同計劃僱員數目☯非强制央积金—按参与方式划分的公积金共同计划雇员数目☯Regime de previdência central não obrigatório - Número de trabalhadores dos planos conjuntos de previdência com base na forma de participação☯Non-Mandatory Central Provident Fund — Number of Employees of Joint Provident Fund Schemes by Participation Method","社會保障基金,社会保障基金,Fundo de Segurança Social,Social Security Fund","1","0","0","System.Object[]","17","34","2026-09-01 17:05:35","按參與公積金共同計劃的方式劃分，累計以非銜接及銜接方式參加公積金共同計劃的僱員數目。☯按参与公积金共同计划的方式划分，累计以非衔接及衔接方式参加公积金共同计划的雇员数目。☯Com base na forma de participação nos planos conjuntos de previdência,  acumula-se o número de trabalhadores que participaram nos planos conjuntos de previdência através da forma de não articulação e de articulação.☯Classified by the participation method of joint provident fund schemes, the cumulative number of employees who have participated in a joint provident fund scheme through non-interface and interface methods."
"3fbb1489-0ed2-4b62-9c4b-86158d217944","公寓住客☯公寓住客☯Hóspedes das pensões☯ ","統計暨普查局,统计暨普查局,Direcção dos Serviços de Estatística e Censos,Statistics and Census Service","0","1","0","System.Object[]","0","26","2025-12-01 10:46:35","入住公寓式住宿場所的住客總數。☯入住公寓式住宿场所的住客总数。☯Referem-se ao número total de hóspedes que se hospedaram nas pensões.☯ "
"3fcfdf5b-579a-44a7-bd4d-04d9512a947b","個人資料處理通知申請宗數☯个人资料处理通知申请宗数☯Número de notificações de tratamento dos dados pessoais☯Number of cases filed as personal data processing notification","個人資料保護局,个人资料保护局,DSPDP,DSPDP","1","0","0","System.Object[]","14","31","2025-12-04 10:41:52","個人資料保護局個人資料處理通知申請宗數☯个人资料保护局个人资料处理通知申请宗数☯Número de notificações de tratamento dos dados pessoais apresentadas à DSPDP☯Number of cases filed as personal data processing notification at the Personal Data Protection Bureau "
"3fd16e3f-dfb2-45cd-beb6-5eeae7d95894","專科衛生護理範疇按歲組劃分的住院病人數目☯ 专科卫生护理范畴按岁组划分的住院病人数目☯Número de internamentos hospitalares por grupo etário, na área de cuidados de saúde diferenciados☯專科衛生護理範疇按歲組劃分的住院病人數目","衛生局,卫生局,Serviços de Saúde,Health Bureau","1","0","0","System.Object[]","76","74","2024-12-19 14:59:20","專科衛生護理範疇中，按歲組劃分的住院病人數目☯专科卫生护理范畴中，按岁组划分的住院病人数目☯Número de internamentos hospitalares por especialidade, na área de cuidados de saúde generalizados☯專科衛生護理範疇中，按歲組劃分的住院病人數目"
"3fdc78e1-42ad-4dbd-b28d-b2389688dba6","在囚人釋前就業計劃☯在囚人释前就业计划☯Plano de Emprego Pré-Libertação☯Employment Scheme for Pre-release Inmates","懲教管理局,懲教管理局,DSC,DSC","1","0","0","System.Object[]","36","50","2026-01-22 16:14:36","在囚人參與釋前就業計劃的情況、合作單位，以及參與上述計劃的在囚人數統計，包括：愛心企業數目、工作種類數目、獄內及視像/招聘面試開展次數、參與之在囚人數，以及獲聘人數☯在囚人参与释前就业计划的情况、合作单位，以及参与上述计划的在囚人数统计，包括：爱心企业数目、工作种类数目、狱内及视像/招聘面试开展次数、参与之在囚人数，以及获聘人数☯Número de reclusos participando na Plano de Emprego Pré-Libertação, Empresas generosas, Tipos de trabalho, seções de entrevista para recrutamento, reclusos entrevistados e empregados☯Number of inmates participated in Employment Scheme for Pre-release Inmates, Companies, Types of positions, session of recruitment interviews, Inmates attended interviews and employed"
"3ff8205c-d0a4-41b2-be16-cd218925565f","履行公共地方總規章的情況☯履行公共地方总规章的情况☯Situação de aplicação do Regulamento Geral dos Espaços Públicos☯Enforcement of General Regulations Governing Public Places","市政署,市政署,Instituto para os Assuntos Municipais,Municipal Affairs Bureau","1","0","0","System.Object[]","13","27","2026-01-19 14:00:19","按年度統計本地居民和非本地居民各自違反公共地方總規章的宗數、繳交宗數的罰款總金額及參與社會服務制度的總人數。☯按年度统计本地居民和非本地居民各自违反公共地方总规章的宗数、缴交宗数的罚款总金额及参与社会服务制度的总人数。☯Segundo a estatística anual, o número de casos de violação do Regulamento Geral dos Espaços Públicos por residentes e não residentes, o montante total das multas pagas e o número total de participantes no regime de prestação de serviço cívico.☯Annual statistics of number of cases of violations, total amount involving payment of fines and total number of people who participated in social service system relevant to violations of General Regulations Governing Public Places of local residents and non-local residents respectively."
"4006e84b-52b2-454f-9a2c-91f0e7e15d88","培訓課程☯培训课程☯Cursos de formação☯Training Course","旅遊局,旅游局,Direcção dos Serviços de Turismo,Macao Government Tourism Office","1","0","0","System.Object[]","45","76","2026-09-09 07:22:02","本局透過為旅遊業界舉辦針對性的培訓課程（包括不同類型的課程、講座及工作坊），鼓勵及協助業界從業員加強培訓，增強其知識和認知，提升整體旅遊服務質素。☯本局透过为旅游业界举办针对性的培训课程（包括不同类型的课程、讲座及工作坊），鼓励及协助业界从业员加强培训，增强其知识和认知，提升整体旅游服务质素。☯Através da organização de cursos de formação específicos para a indústria turística (incluindo diferentes tipos de cursos, palestras e workshops), a DST incentiva e ajuda os profissionais da indústria a reforçar a formação, aumentar os seus conhecimentos e elevar a consciencialização a fim de promover a qualidade dos serviços turísticos em geral.☯The Macao Government Tourism Office (MGTO) organizes training courses (including various types of courses, seminars and workshops) for the tourism industry to encourage and assist the industry in training, enhance their knowledge and awareness, as well as to elevate the overall quality of tourism services."
"40669b13-7214-4ca6-b014-3ac510a24ea4","工作意外統計數據 - 按身體受傷部位統計工作意外受害人數☯工作意外统计数据 - 按身体受伤部位统计工作意外受害人数☯Dados estatísticos dos acidentes de trabalho - Vítimas de acidentes de trabalho segundo a parte do corpo atingida ☯Statistics on occupational accidents - Number of occupational accident victims by part of body injured","勞工事務局,劳工事务局,Direcção dos Serviços para os Assuntos Laborais,Labour Affairs Bureau","1","0","0","System.Object[]","23","42","2026-07-31 16:25:28","按身體受傷部位統計工作意外受害人數☯按身体受伤部位统计工作意外受害人数☯Vítimas de acidentes de trabalho segundo a parte do corpo atingida☯Number of occupational accident victims by part of body injured"
"40750933-96c1-4dff-9dbe-e9bd0c0a63fc","將動物送交市政署的統計☯将动物送交市政署的统计☯Estatísticas sobre a entrega de animais ao IAM☯Statistics on animals transferred to Municipal Affairs Bureau","市政署,市政署,Instituto para os Assuntos Municipais,Municipal Affairs Bureau","0","1","0","System.Object[]","0","34","2025-05-30 14:33:15","如動物所有人未能飼養或無法將動物轉移給他人，可將有關動物送交市政署，但須繳交定額的膳食及住宿費用。有關數據將列出每季度因上述原因而被送交市政署的動物數量。☯如动物所有人未能饲养或无法将动物转移给他人，可将有关动物送交市政署，但须缴交定额的膳食及住宿费用。有关数据将列出每季度因上述原因而被送交市政署的动物数量。☯Se o proprietário do animal não conseguir criá-lo ou não conseguir transferi-lo para outra pessoa, pode entregá-lo ao IAM, mediante o pagamento de uma quantia fixa para despesas de dieta e alojamento. Os dados vão indicar o número de animais que são enviados para o IAM em cada trimestre pelos motivos acima referidos.☯If animal owners are unable to raise the animals or transfer the animals to other people, they can transfer the animals to the Municipal Affairs Bureau (IAM). However, a fixed fee for meals and accommodation is required to be paid. The data lists the number of animals transferred to IAM for the mentioned reasons for each quarter."
"4090cef5-be5a-4b84-9d01-1c6536d12328","客輪班次☯客轮班次☯Movimento de embarcações de passageiros☯Passenger ferry trips","統計暨普查局,统计暨普查局,Direcção dos Serviços de Estatística e Censos,Statistics and Census Service","0","1","0","System.Object[]","0","50","2025-11-14 17:14:59","經澳門碼頭進出境的載客客輪航班班次。☯经澳门码头进出境的载客客轮航班班次。☯Refere-se ao número de entradas e saídas de embarcações de passageiros nos terminais marítimos de Macau.☯Number of inbound and outbound passenger ferry trips through the harbours in Macao."
"40d6539e-398f-4fd3-9c51-031f4d726e85","按法院提供的歷年確定判決書統計職業病個案資料☯按法院提供的歷年确定判决书统计职业病个案资料☯Casos de doenças profissionais segundo sentenças transitadas em julgado por anos, fornecidos pelo Tribunal☯Information on occupational disease cases based upon judgments of previous years provided by Court","勞工事務局,劳工事务局,Direcção dos Serviços para os Assuntos Laborais,Labour Affairs Bureau","1","0","0","System.Object[]","33","70","2026-02-03 10:13:10","按法院提供的歷年確定判決書統計職業病個案資料☯按法院提供的歷年确定判决书统计职业病个案资料☯Casos de doenças profissionais segundo sentenças transitadas em julgado por anos, fornecidos pelo Tribunal☯Information on occupational disease cases based upon judgments of
previous years provided by Court
"
"41869971-004c-4754-a9d6-1d996958adca","自助辦理親屬關係證明書申請量☯自助办理亲属关系证明书申请量☯Número de pedidos do certificado de relação de parentesco através de auto-atendimento ☯Statistics on self-service applications for the Certificate of Kinship ","身份證明局,身份证明局,Direcção dos Serviços de Identificação,Identification Bureau","1","0","0","System.Object[]","13","29","2026-01-29 11:20:59","經自助服務機辦理親屬關係證明書申請量☯经自助服务机办理亲属关系证明书申请量☯Número de pedidos de certificado de relação de parentesco apresentados através dos quiosques de auto-atendimento☯Number of applications for Certificate of Kinship completed at self-service kiosk"
"418ad99e-b073-4a4a-98f6-82a4b6cc06af","人均本地生產總值（美元）☯人均本地生产总值（美元）☯Produto Interno Bruto per capita (USD)☯ ","統計暨普查局,统计暨普查局,Direcção dos Serviços de Estatística e Censos,Statistics and Census Service","0","1","0","System.Object[]","0","28","2025-11-10 14:47:07","人均本地生產總值(美元)表示按當年價格計算的本地生產總值除以該經濟體的人口數量，並換算成美元後的價值，反映每名人口平均創造的經濟產出。☯人均本地生产总值(美元)表示按当年价格计算的本地生产总值除以该经济体的人口数量，并换算成美元后的价值，反映每名人口平均创造的经济产出。☯O Produto Interno Bruto (PIB) per capita (USD - Dólar dos Estados Unidos) é o valor que se calcula dividindo o PIB, a preços correntes, pelo número de habitantes duma economia e que é convertido para USD, reflectindo a produção económica média gerada por cada habitante.☯ "
"4190e0f6-01cd-44df-99df-8c4e3a2558c4","2021年1月至9月職業安全健康培訓和教育範疇之數據☯2021年1月至9月职业安全健康培训和教育范畴之数据☯--☯--","勞工事務局,劳工事务局,Direcção dos Serviços para os Assuntos Laborais,Labour Affairs Bureau","1","0","0","System.Object[]","41","63","2021-10-11 16:21:06","2021年1月至9月職業安全健康培訓和教育範疇之數據☯2021年1月至9月职业安全健康培训和教育范畴之数据☯--☯--"
"420d8915-1599-4fee-9cba-50df76c482ee","疾病預防控制範疇十大死亡癌症個案☯疾病预防控制范畴十大死亡癌症个案☯Dez primeiras causas de morte por cancro, na área de prevenção e controlo de doenças☯疾病預防控制範疇十大死亡癌症個案","衛生局,卫生局,Serviços de Saúde,Health Bureau","1","0","0","System.Object[]","604","953","2024-12-19 15:00:08","疾病預防控制範疇中，十大死亡癌症個案☯疾病预防控制范畴中，十大死亡癌症个案☯Dez primeiras causas de morte por cancro, na área de prevenção e controlo de doenças☯疾病預防控制範疇中，十大死亡癌症個案"
"421dc35f-1b44-4363-886c-4efcdd5aac00","市政工程資訊-將建工程☯市政工程资讯-将建工程☯Informações sobre obras municipais – a construir☯Municipal works information – upcoming works","市政署,市政署,Instituto para os Assuntos Municipais,Municipal Affairs Bureau","1","0","0","System.Object[]","16","52","2026-09-17 20:00:25","列出所有市政將建工程的相關資訊。☯列出所有市政将建工程的相关资讯。
☯Listagem de todas as informações sobre obras municipais a construir☯List of information about all upcoming municipal works."
"4268c2d3-9ee2-4936-9f84-581c83a2dcb9","對美國的進口貨值☯对美国的进口货值☯Valor da importação de mercadorias dos Estados Unidos da América☯Value of imports from the United States","統計暨普查局,统计暨普查局,Direcção dos Serviços de Estatística e Censos,Statistics and Census Service","0","1","0","System.Object[]","0","29","2024-12-30 17:13:23","來自原產地為美國的貨物價值。☯来自原产地为美国的货物价值。☯Valor da importação de mercadorias originalmente produzidas nos Estados Unidos da América.☯Value of goods whose origin is the United States."
"429eb89b-e9ab-4576-a60b-ed4852ea3507","《統計年刊 2024》社區醫療衛生範疇 - 其他 控煙酒違法個案及巡查統計☯《統計年刊 2024》社區醫療衛生範疇 - 其他 控煙酒違法個案及巡查統計☯CUIDADOS DE SAÚDE COMUNITÁRIOS - OUTROS Estatísticas de infracções e n.º de fiscalizações no âmbito do  controlo do tabagismo e do alcoolismo☯CUIDADOS DE SAÚDE COMUNITÁRIOS - OUTROS Estatísticas de infracções e n.º de fiscalizações no âmbito do  controlo do tabagismo e do alcoolismo","衛生局,卫生局,Serviços de Saúde,Health Bureau","1","0","0","System.Object[]","13","26","2025-10-28 17:41:12","《統計年刊 2024》社區醫療衛生範疇 - 其他 控煙酒違法個案及巡查統計☯《統計年刊 2024》社區醫療衛生範疇 - 其他 控煙酒違法個案及巡查統計☯CUIDADOS DE SAÚDE COMUNITÁRIOS - OUTROS Estatísticas de infracções e n.º de fiscalizações no âmbito do  controlo do tabagismo e do alcoolismo☯CUIDADOS DE SAÚDE COMUNITÁRIOS - OUTROS Estatísticas de infracções e n.º de fiscalizações no âmbito do  controlo do tabagismo e do alcoolismo"
"42b30cbf-05a0-4922-9019-51583a36fd56","《統計年刊 2024》人力資源 按取得學歷之地點劃分的人員分佈☯《統計年刊 2024》人力資源 按取得學歷之地點劃分的人員分佈☯RECURSOS HUMANOS Distribuição do pessoal por local de obtenção das  habilitações☯RECURSOS HUMANOS Distribuição do pessoal por local de obtenção das  habilitações","衛生局,卫生局,Serviços de Saúde,Health Bureau","1","0","0","System.Object[]","12","25","2025-10-28 17:36:47","《統計年刊 2024》人力資源 按取得學歷之地點劃分的人員分佈☯《統計年刊 2024》人力資源 按取得學歷之地點劃分的人員分佈☯RECURSOS HUMANOS Distribuição do pessoal por local de obtenção das  habilitações☯RECURSOS HUMANOS Distribuição do pessoal por local de obtenção das  habilitações"
"42c72ab7-68e9-40d2-a6dc-eb6910ffc03a","《統計年刊 2024》專科醫療衛生範疇按歲組和就醫地點劃分送往外地治療之病人☯《統計年刊 2024》專科醫療衛生範疇按歲組和就醫地點劃分送往外地治療之病人☯CUIDADOS DE SAÚDE DIFERENCIADOS Utentes enviados para tratamento no exterior por grupo  etário☯CUIDADOS DE SAÚDE DIFERENCIADOS Utentes enviados para tratamento no exterior por grupo  etário","衛生局,卫生局,Serviços de Saúde,Health Bureau","1","0","0","System.Object[]","11","25","2025-10-28 17:39:13","《統計年刊 2024》專科醫療衛生範疇按歲組和就醫地點劃分送往外地治療之病人☯《統計年刊 2024》專科醫療衛生範疇按歲組和就醫地點劃分送往外地治療之病人☯CUIDADOS DE SAÚDE DIFERENCIADOS Utentes enviados para tratamento no exterior por grupo  etário☯CUIDADOS DE SAÚDE DIFERENCIADOS Utentes enviados para tratamento no exterior por grupo  etário"
"42d2fc1a-9c64-4d68-a1fe-204fd0bcbfd0","澳門高等院校本地生畢業人數統計─按課程程度劃分☯澳门高等院校本地生毕业人数统计─按课程程度划分☯Dados estatísticos do número de estudantes graduados locais nas instituições do ensino superior de Macau (classificados por nível de curso)☯-","教育及青年發展局,教育及青年发展局,Direcção dos Serviços de Educação e de Desenvolvimento da Juventude,Education and Youth Development Bureau","1","0","0","System.Object[]","37","65","2025-12-15 16:01:13","按學年方式，提供按課程程度劃分的澳門高等院校本地生畢業人數。☯按学年方式，提供按课程程度划分的澳门高等院校本地生毕业人数。☯Número de estudantes graduados locais nas instituições do ensino superior de Macau (classificados por nível de curso), calculado de acordo com o ano lectivo.☯-"
"42ea0212-3972-4a72-9685-40625ea2ec87","科研及創新資助計劃－能力提升類項目統計☯科研及创新资助计划－能力提升类项目统计☯Estatísticas de Plano de Financiamento para Investigação Científica e Inovação - Categoria de Reforço de Capacidades☯Statistics of Funding Scheme for Scientific Research and Innovation - Capability Enhancement","經濟及科技發展局,经济及科技发展局,Direcção dos Serviços de Economia e Desenvolvimento Tecnológico,Macao Economic Bureau","1","0","0","System.Object[]","12","34","2025-12-09 09:12:01","科研及創新資助計劃－能力提升類項目統計☯科研及创新资助计划－能力提升类项目统计☯Estatísticas de Plano de Financiamento para Investigação Científica e Inovação - Categoria de Reforço de Capacidades☯Statistics of Funding Scheme for Scientific Research and Innovation - Capability Enhancement"
"438ece74-932b-4c95-90fe-60ded5f7e074","服務承諾達標統計☯服务承诺达标统计☯Estatística da Carta de Qualidade ☯Statistical Data of Statistics on Service Commitments","澳門保安部隊高等學校,澳門保安部隊高等學校,ESFSM,ESFSM","1","0","1","System.Object[]","23","58","2025-08-07 19:01:55","服務承諾達標統計☯服务承诺达标统计☯Estatística da Carta de Qualidade☯ Statistical Data of Statistics on Service Commitments"
"43b1af2c-4610-4109-9bae-2eb312607b49","公積金制度-供款人-按年齡劃分☯公积金制度-供款人-按年龄划分☯Regime de Previdência - Contribuintes - Por idade☯ ","退休基金會,退休基金会,Fundo de Pensões,Pension Fund","1","0","0","System.Object[]","112","116","2026-05-21 17:01:39","按年齡統計當年公積金制度中供款人之人數☯按年龄统计当年公积金制度中供款人之人数☯Estatística do n.º de contribuintes do Regime de Previdência desse ano por idade☯ "
"44ae68c9-7d65-46f4-aeef-2d62f5fc6bd2","市政署對外服務行政手續項目列表☯市政署对外服务行政手续项目列表☯Lista de itens das formalidades administrativas dos serviços externos do IAM☯List of IAM external service items for administrative formalities","市政署,市政署,Instituto para os Assuntos Municipais,Municipal Affairs Bureau","0","1","0","System.Object[]","0","46","2025-07-16 17:37:36","市政署對外服務行政手續項目列表。☯市政署对外服务行政手续项目列表。☯Lista de itens das formalidades administrativas dos serviços externos do IAM.☯List of IAM external service items for administrative formalities."
"44b62bd1-6c84-421f-b571-52ab184c7df3","澳門國際機場抵澳航班資訊(英文)☯澳门国际机场抵澳航班资讯(英文)☯Informação dos voos de chegada do Aeroporto Internacional de Macau (Inglês)☯Arrival flight information of Macau International Airport (English)","民航局,民航局,Autoridade de Aviação Civil,Civil Aviation Authority","0","1","0","System.Object[]","0","87","2023-03-15 12:03:10","按需要提供澳門國際機場抵澳航班資訊(英文)☯按需要提供澳门国际机场抵澳航班资讯(英文)☯Fornecer as informações de voo de chegada do Aeroporto Internacional de Macau sob demanda (Inglês)☯Provides the arrival flight information of Macau International Airport on demand (English)"
"45097085-18ee-4ee0-816d-20ee9c42700a","按月統計招聘空缺數據☯按月统计招聘空缺数据☯Dados mensais de vagas de emprego☯Monthly Job Vacancy Statistics","勞工事務局,劳工事务局,Direcção dos Serviços para os Assuntos Laborais,Labour Affairs Bureau","1","0","0","System.Object[]","47","132","2026-05-14 12:04:26","提供按月劃分的招聘空缺統計資料☯提供按月划分的招聘空缺统计资料☯Fornece estatísticas mensais de vagas de emprego disponíveis☯Provides monthly statistics of job vacancies available"
"451e34d5-4d79-4276-a5c4-9dd0e577f8b3","年度法例統計數據☯年度法例统计数据☯年度法例統計數據☯Dados estatísticos sobre as legislações do ano","法務局,法务局,Direcção dos Serviços de Assuntos de Justiça,Legal Affairs Bureau","1","0","0","System.Object[]","18","54","2025-11-21 12:53:11","提供全年刊登於《澳門特別行政區公報》的法律、行政法規、行政命令、行政長官批示、行政長官公告、各司長批示等的統計數據。☯提供全年刊登于《澳门特别行政区公报》的法律、行政法规、行政命令、行政长官批示、行政长官公告、各司长批示等的统计数据。☯Disponibiliza os dados estatísticos sobre as leis, os regulamentos administrativos, as ordens executivas, os despachos do Chefe do Executivo, os avisos do Chefe do Executivo, os despachos dos diferentes Secretários, entre outros, que foram publicados no “Boletim Oficial da RAEM” durante o ano inteiro.☯Disponibiliza os dados estatísticos sobre as leis, os regulamentos administrativos, as ordens executivas, os despachos do Chefe do Executivo, os avisos do Chefe do Executivo, os despachos dos diferentes Secretários, entre outros, que foram publicados no “Boletim Oficial da RAEM” durante o ano inteiro."
"45385e7d-982f-461b-8a09-e01173a8c438","非政府機構主辦展覽☯非政府机构主办展览☯Exposições organizadas por entidades não governamentais☯ ","統計暨普查局,统计暨普查局,Direcção dos Serviços de Estatística e Censos,Statistics and Census Service","0","1","0","System.Object[]","0","24","2026-01-26 12:39:09","由非政府機構主辦的展覽數量，這些展覽在酒店、大型會議展覽中心等收費場地舉行。☯由非政府机构主办的展览数量，这些展览在酒店、大型会议展览中心等收费场地举行。☯Referem-se ao número de exposições organizadas por entidades não governamentais. As exposições realizam-se em locais arrendados, nomeadamente, em hotéis, em grandes centros de convenções e exposições, etc.☯ "
"455625c4-bf5d-490f-874a-234efcc0c273","掉幣合約☯掉币合约☯SWAPS ENTRE PATACA E MOEDA EXTERNA☯SWAPS BETWEEN PATACA AND FOREIGN CURRENCIES","澳門金融管理局,澳門金融管理局,AMCM,AMCM","1","0","0","System.Object[]","16","36","2026-09-03 17:04:34","由1987年至今的掉幣合約數據，包括：交易數、交易額、結餘及平均交易期。其中，交易額再細分為港元換澳門元、澳門元換港元、其他貨幣換澳門元，以及澳門元換其他貨幣，這些掉幣合約為澳門金融管理局買入第一種貨幣及賣出第二種貨幣。有關貨幣兌換交易須按議定匯價及日期在未來倒轉。☯由1987年至今的掉币合约数据，包括：交易数、交易额、结余及平均交易期。其中，交易额再细分为港元换澳门元、澳门元换港元、其他货币换澳门元，以及澳门元换其他货币，这些掉币合约为澳门金融管理局买入第一种货币及卖出第二种货币。有关货币兑换交易须按议定汇价及日期在未来倒转。☯Mostram-se os dados relativos a contratos de swaps entre pataca e moeda externa registado de 1987 até o presente momento, incluindo número de transacções, volume de transacções, saldo e período médio de transacções. Entre eles, o volume de transacções subdivide-se em troca de dólares de Hong Kong para dólares de pataca de Macau, troca de dólares de pataca de Macau para dólares de Hong Kong, troca de outras moedas para dólares de pataca de Macau, bem como troca de dólares de pataca de Macau para outras moedas. Estes contratos de swaps entre pataca e moeda externa consistem em a compra de uma primeira moeda pela Autoridade Monetária de Macau e a venda de uma segunda moeda. As transacções cambiais relevantes devem ser revertidas no futuro com base na taxa e data de câmbio acordadas.☯Mostram-se os dados relativos a contratos de swaps entre pataca e moeda externa registado de 1987 até o presente momento, incluindo número de transacções, volume de transacções, saldo e período médio de transacções. Entre eles, o volume de transacções subdivide-se em troca de dólares de Hong Kong para dólares de pataca de Macau, troca de dólares de pataca de Macau para dólares de Hong Kong, troca de outras moedas para dólares de pataca de Macau, bem como troca de dólares de pataca de Macau para outras moedas. Estes contratos de swaps entre pataca e moeda externa consistem em a compra de uma primeira moeda pela Autoridade Monetária de Macau e a venda de uma segunda moeda. As transacções cambiais relevantes devem ser revertidas no futuro com base na taxa e data de câmbio acordadas."
"45663eed-56d1-4bfa-93b8-aff0602feae3","露天場地一覽表☯露天场地一览表☯Mapa geral dos campos ao ar livre☯List of outdoor venues","市政署,市政署,Instituto para os Assuntos Municipais,Municipal Affairs Bureau","1","1","0","System.Object[]","12","55","2026-02-09 12:00:38","列出各區的露天場地清單☯列出各区的露天场地清单☯Lista dos espaços ao ar livre de cada zona☯List of outdoor venues in various districts"
"4591e04c-e63e-467e-af72-d40c20210a42","空氣質量指數預報☯空气质量指数预报☯Previsão do Índice da qualidade do ar☯ Air Quality Index Forecast","地球物理氣象局,地球物理气象局,irecção dos Serviços Meteorológicos e Geofísicos,Meteorological and Geophysical Bureau","0","0","1","System.Object[]","0","238","2022-02-10 12:22:45","空氣質量日指數的預測指數。☯空气质量日指数的预测指数。☯Previsão diária da qualidade do ar.☯Forecast of Air Quality Daily Index."
"45b733e4-abcc-409b-9369-8c6599a15ae6","澳門高等院校外地生註冊人數統計─按性別劃分☯澳门高等院校外地生注册人数统计─按性别划分☯Dados estatísticos do número de estudantes do exterior que se matriculam nas instituições do ensino superior de Macau (classificados por sexo)☯-","教育及青年發展局,教育及青年发展局,Direcção dos Serviços de Educação e de Desenvolvimento da Juventude,Education and Youth Development Bureau","1","0","0","System.Object[]","14","39","2025-12-15 16:00:37","按學年方式，提供按性別劃分的澳門高等院校外地生註冊人數。☯按学年方式，提供按性别划分的澳门高等院校外地生注册人数。☯Número de estudantes do exterior que se matriculam nas instituições do ensino superior de Macau (classificados por sexo), calculado de acordo com o ano lectivo.☯-"
"45c5530a-9ff4-4060-aa33-93a6917f425c","會議與會者☯会议与会者☯Participantes nas reuniões e conferências☯Meeting/conference participants","統計暨普查局,统计暨普查局,Direcção dos Serviços de Estatística e Censos,Statistics and Census Service","0","1","0","System.Object[]","0","28","2024-12-30 17:14:08","參加會議之人士，不包括會議主辦方。☯参加会议之人士，不包括会议主办方。☯Referem-se aos indivíduos que participaram nas reuniões e conferências, excepto as entidades que as organizaram.☯Refer to individuals who attend meetings and conferences, excluding the meeting/conference organisers."
"45e797a1-0150-428a-8c4d-ec93d39b43c0","路環監獄在囚人年齡統計☯路环监狱在囚人年龄统计☯Estatística sobre a classe etária dos reclusos no Estabelecimento Prisional de Coloane☯Statistics of the ages of Coloane Prison inmates","懲教管理局,懲教管理局,DSC,DSC","1","0","0","System.Object[]","29","51","2026-01-19 17:34:06","路環監獄在囚人年齡統計☯路环监狱在囚人年龄统计☯Estatística sobre a classe etária dos reclusos no Estabelecimento Prisional de Coloane☯Statistics of the ages of Coloane Prison inmates"
"464c30df-47d5-4531-8cf0-e09833b62073","《統計年刊 2024》專科醫療衛生範疇按專科劃分的門診人次☯《統計年刊 2024》專科醫療衛生範疇按專科劃分的門診人次☯CUIDADOS DE SAÚDE DIFERENCIADOS N.º de consultas externas por especialidade☯CUIDADOS DE SAÚDE DIFERENCIADOS N.º de consultas externas por especialidade","衛生局,卫生局,Serviços de Saúde,Health Bureau","1","0","0","System.Object[]","17","96","2025-10-28 17:42:01","《統計年刊 2024》專科醫療衛生範疇按專科劃分的門診人次☯《統計年刊 2024》專科醫療衛生範疇按專科劃分的門診人次☯CUIDADOS DE SAÚDE DIFERENCIADOS N.º de consultas externas por especialidade☯CUIDADOS DE SAÚDE DIFERENCIADOS N.º de consultas externas por especialidade"
"466d53c2-fdf9-47c3-bdc0-50f4503939b8","網上辦理特區旅行證件申請量☯网上办理特区旅行证件申请量☯Número de pedidos online de documentos de viagem da RAEM☯Statistics on online applications for Macao SAR travel documents","身份證明局,身份证明局,Direcção dos Serviços de Identificação,Identification Bureau","1","0","0","System.Object[]","14","52","2026-01-29 11:20:57","經一戶通辦理特區護照、特區旅行證及往港旅遊證的申請量☯经一户通办理特区护照、特区旅行证及往港旅游证的申请量☯Número de pedidos de passaporte da RAEM, título de viagem da RAEM e título de visita apresentados através da Conta Única de Macau☯Number of applications for Macao SAR travel document completed on Macao One Account "
"468df5de-6228-4209-a061-f8638ca89664","澳門小一學生視力不良率☯澳门小一学生视力不良率☯Prevalência de problemas de visão entre estudantes do primeiro ciclo do ensino básico em Macau☯Prevalence of poor eyesight among Primary One students in Macao","衛生局,卫生局,Serviços de Saúde,Health Bureau","1","0","0","System.Object[]","20","37","2024-12-31 12:25:02","衛生局自2012年起，運用衛生中心醫護人員為全澳小學一年級學生進行常規體格檢查的數據資料，針對肥胖問題和發展趨勢進行統計監測，自2019年起增加對視力不良情況的監測。☯卫生局自2012年起，运用卫生中心医护人员为全澳小学一年级学生进行常规体格检查的数据数据，针对肥胖问题和发展趋势进行统计监测，自2019年起增加对视力不良情况的监测。☯Desde 2012, os Serviços de Saúde têm vindo a utilizar os dados dos exames físicos de rotina realizados pelo pessoal médico dos centros de saúde para alunos do ensino primário em Macau para realizar a monitorização estatística dos problemas de obesidade e tendências de desenvolvimento e, desde 2019, a monitorização da baixa visão tem vindo a aumentar.☯Since 2012, the Health Bureau has been using the data from routine physical examinations conducted by medical staff of health centres for primary school students in Macao to conduct statistical monitoring of obesity problems and development trends, and since 2019, the monitoring of poor vision has been increased."
"46e37fb7-22a3-48f3-a295-92ef4e98eb32","職業安全健康培訓人數☯职业安全健康培训人数☯formação na área de segurança e saúde ocupacional ☯occupational safety and health training data","勞工事務局,劳工事务局,Direcção dos Serviços para os Assuntos Laborais,Labour Affairs Bureau","1","0","0","System.Object[]","46","82","2026-06-02 09:54:55","提供各項職安健培訓數據資料︳包括各培訓課程及講座的參與人數☯提供各项职安健培训数据数据︳包括各培训课程及讲座的参与人数☯formação na área de segurança e saúde ocupacional ☯occupational safety and health training data"
"46f9aad4-5cf5-4382-a5db-283c785a1d77","市政署對外服務滿意度調查結果☯市政署对外服务满意度调查结果☯Resultado do Inquérito sobre o Grau de Satisfação do IAM com os Serviços Externos☯Results of external service satisfaction survey of Municipal Affairs Bureau","市政署,市政署,Instituto para os Assuntos Municipais,Municipal Affairs Bureau","1","0","0","System.Object[]","41","93","2026-04-14 13:00:20","市政署對外服務滿意度調查結果☯市政署对外服务满意度调查结果☯Resultado do Inquérito sobre o Grau de Satisfação do IAM com os Serviços Externos☯Results of external service satisfaction survey of Municipal Affairs Bureau"
"46fd0d58-21c9-4cd4-ace9-3994922782bb","食品事件監測報表 — 僅包含元數據（資訊標題、資訊類別及日期等），非提供資訊正文☯食品事件监测报表 — 仅包含元数据（资讯标题、资讯类别及日期等），非提供资讯正文☯Relatório de Monitorização de Incidentes Alimentares – Inclui apenas metadados (título e tipos de informações, data, etc.), não fornece texto informativo☯Food Incident Monitoring Bulletin — Including only metadata  (headlines, type of news, date, etc.) and not the texts of the news","市政署,市政署,Instituto para os Assuntos Municipais,Municipal Affairs Bureau","1","0","0","System.Object[]","22","74","2026-09-19 12:00:19","食品事件監測報表載有食品回收、食用動物防疫等食安資訊供食品業界和公眾參閱。☯食品事件监测报表载有食品回收、食用动物防疫等食安信息供食品业界和公众参阅。☯Relatório de Monitorização de Incidentes Alimentares contêm esclarecimentos sobre segurança alimentar, nomeadamente sobre a retirada do mercado de produtos alimentares publicados, prevenção epidémica de animais para consumo, etc. para consulta do sector e do público.☯Food Incident Monitoring Bulletin contains food safety information on food recalls, food animal epidemic prevention, etc. for the reference of the food trade and the public."
"47536b06-5568-4a58-b6eb-582e32121871","疾病預防控制範疇環境及食物衛生部採樣工作概況☯疾病预防控制范畴环境及食物卫生部采样工作概况☯ Situação das colheitas de amostras realizadas pelo Núcleo de higiene ambiental e alimentar, na área de prevenção e controlo de doenças☯疾病預防控制範疇環境及食物衛生部採樣工作概況","衛生局,卫生局,Serviços de Saúde,Health Bureau","1","0","0","System.Object[]","43","64","2024-12-19 15:00:13","疾病預防控制範疇中，環境及食物衛生部採樣工作概況☯疾病预防控制范畴中，环境及食物卫生部采样工作概况☯ Situação das colheitas de amostras realizadas pelo Núcleo de higiene ambiental e alimentar, na área de prevenção e controlo de doenças☯疾病預防控制範疇中，環境及食物衛生部採樣工作概況"
"47538b9f-aecc-44ab-81c5-1ba7159eebbb","澳門國際機場航班時間表☯澳门国际机场航班时间表☯Horários dos voos do Aeroporto Internacional de Macau☯Flight timetable of Macau International Airport","民航局,民航局,Autoridade de Aviação Civil,Civil Aviation Authority","0","1","0","System.Object[]","0","509","2023-03-15 12:19:11","按日提供澳門國際機場航班時間表☯按日提供澳门国际机场航班时间表☯Fornecer o horário de voo do Aeroporto Internacional de Macau diariamente☯Provides the flight timetable of Macau International Airport daily"
"4769bf99-b39a-4260-9e64-0aaf4073fe94","各區的自然生態區的資訊列表☯各区的自然生态区的资讯列表☯Lista de informações sobre as zonas ecológicas naturais de diversas freguesias☯Information list of nature conservation areas in various districts","市政署,市政署,Instituto para os Assuntos Municipais,Municipal Affairs Bureau","0","1","0","System.Object[]","0","48","2025-06-20 15:23:24","各區的自然生態區的資訊列表。☯各区的自然生态区的资讯列表。☯Lista de informações sobre as zonas ecológicas naturais de diversas freguesias.☯Information list of nature conservation areas in various districts."
"480ac1de-f886-4b61-856f-15d0e6611418","語言推廣中心電台節目—趣談普通話集數統計☯语言推广中心电台节目—趣谈普通话集数统计☯Programa de Rádio do Centro de Difusão de Línguas – estatística do número de episódios do programa “Falar do Mandarim”☯-","教育及青年發展局,教育及青年发展局,Direcção dos Serviços de Educação e de Desenvolvimento da Juventude,Education and Youth Development Bureau","1","0","0","System.Object[]","17","32","2026-06-04 10:25:22","語言推廣中心電台節目—趣談普通話每年集數統計☯语言推广中心电台节目—趣谈普通话每年集数统计☯Programa de Rádio do Centro de Difusão de Línguas – estatística do número anual de episódios do programa “Falar do Mandarim”☯-"
"480bc79e-6159-4f6c-a986-aab024ff4d31","街市熟食檔盈利與支出比率☯街市熟食档盈利与支出比率☯Proporção do excedente bruto pelas despesas dos lugares de comidas e bebidas nos mercados municipais☯ ","統計暨普查局,统计暨普查局,Direcção dos Serviços de Estatística e Censos,Statistics and Census Service","0","1","0","System.Object[]","0","24","2026-01-26 12:39:29","街市熟食檔的盈利與其總支出的比例，用以評估經營效益。☯街市熟食档的盈利与其总支出的比例，用以评估经营效益。☯Refere-se à relação entre o excedente bruto e as despesas, dos lugares de comidas e bebidas nos mercados municipais. O indicador serve para avaliar o custo-efectividade.☯ "
"4831822b-5c43-4621-a325-42277da4a1ef","過去7日紫外線值☯过去7日紫外线值☯7 Dias Ultraviolet (UV)-Index☯Last 7 days Ultraviolet (UV) Index","地球物理氣象局,地球物理气象局,irecção dos Serviços Meteorológicos e Geofísicos,Meteorological and Geophysical Bureau","0","0","1","System.Object[]","0","129","2022-02-10 14:59:50","過去7日的紫外線指數。☯过去7日的紫外线指数。☯Índice Ultraviolet (UV), nos últimos 7 dias.☯Ultraviolet (UV) Index in the past 7 days ."
"48bea9ac-398a-4f7a-96b0-34af8a2915f8","澳門人類免疫缺陷病毒（愛滋病病毒）感染／愛滋病情況 統計資料（二零二四年）☯澳门人类免疫缺陷病毒（艾滋病病毒）感染／艾滋病情况 统计资料（二零二四年）☯SITUAÇÃO DA INFECÇÃO POR VIH/SIDA EM MACAU Estatística Trimestral de VIH/SIDA☯HIV/AIDS SITUATION IN MACAO Quarterly HIV/AIDS Statistics of Year 2023","衛生局,卫生局,Serviços de Saúde,Health Bureau","1","0","0","System.Object[]","43","175","2025-09-12 11:10:25","澳門人類免疫缺陷病毒（愛滋病病毒）感染／愛滋病情況☯澳门人类免疫缺陷病毒（艾滋病病毒）感染／艾滋病情况☯SITUAÇÃO DA INFECÇÃO POR VIH/SIDA EM MACAU Estatística Trimestral de VIH/SIDA☯HIV/AIDS SITUATION IN MACAO Quarterly HIV/AIDS Statistics of Year 2024"
"48cc5db7-3620-4687-aefa-ceb54b5c7231","駕駛考試合格率☯驾驶考试合格率☯Taxa de aprovação em exames de condução☯Driving Test Pass Rate","交通事務局,交通事务局,Direcção dos Serviços para os Assuntos de Tráfego,Transport Bureau","1","0","0","System.Object[]","23","40","2026-05-22 01:01:54","駕駛考試合格率
☯驾驶考试合格率☯Taxa de aprovação em exames de condução
☯Driving Test Pass Rate
"
"4915a409-f7cd-43af-840d-2f1949ba5a4c","都市建築及城市規劃範疇實習員的數目☯都市建筑及城市规划范畴实习员的数目☯Número de Estagiários Inscritos nos Domínios da Construção Urbana e do Urbanismo☯Number of intern in CAEU","土地工務局,土地工務局,DSSCU,DSSCU","1","0","0","System.Object[]","17","42","2026-05-21 10:49:49","都市建築及城市規劃範疇的正進行實習人士數目☯都市建筑及城市规划范畴的正进行实习人士数目☯Número de Estagiários Inscritos nos Domínios da Construção Urbana e do Urbanismo☯Number of intern in CAEU"
"49946d00-9438-4a13-87d2-e2f303ab991e","淨入學率☯净入学率☯Taxa líquida de escolarização☯ ","教育及青年發展局,教育及青年发展局,Direcção dos Serviços de Educação e de Desenvolvimento da Juventude,Education and Youth Development Bureau","1","0","0","System.Object[]","11","28","2025-12-15 16:03:27","提供教育參與指標：按教育階段劃分的淨入學率☯提供教育参与指标：按教育阶段划分的净入学率☯Fornecer indicadores de participação na Educação: Taxa líquida de escolarização por nível de ensino
☯ "
"4a18375e-9b35-44df-a24e-1539a4dbb35e","旅行社增加值總額☯旅行社增加值总额☯Valor acrescentado bruto das agências de viagens☯ ","統計暨普查局,统计暨普查局,Direcção dos Serviços de Estatística e Censos,Statistics and Census Service","0","1","0","System.Object[]","0","24","2026-01-26 12:46:07","旅行社在扣除所有消耗後的淨收益，包括旅遊服務收入減去經營費用和購貨及佣金支出等。☯旅行社在扣除所有消耗后的净收益，包括旅游服务收入减去经营费用和购货及佣金支出等。☯Refere-se ao valor líquido das receitas das agências de viagens, após a dedução de todos os consumos. Incluem-se as receitas provenientes dos serviços turísticos menos despesas de exploração, menos compras de mercadorias e comissões pagas.☯ "
"4a3ad0ef-73b8-4b80-af7c-5c3468c961b0","在囚母親之三歲以下嬰幼兒人數☯在囚母亲之三岁以下婴幼儿人数☯Número de crianças com idade inferior a 3 anos que viviam com as mães reclusas☯Number of young children aged under three of female inmates","懲教管理局,懲教管理局,DSC,DSC","1","0","0","System.Object[]","53","103","2026-01-19 17:34:18","在囚母親之三歲以下嬰幼兒人數☯在囚母亲之三岁以下婴幼儿人数☯Número de crianças com idade inferior a 3 anos que viviam com as mães reclusas☯Number of young children aged under three of female inmates"
"4a477b9d-a506-48c5-a026-1156fd85100d","路環監獄入獄人數統計☯路环监狱入狱人数统计☯Estatística sobre o número de entrada prisional de pessoas no Estabelecimento Prisional de Coloane☯Number of inmates admitted to Coloane Prison","懲教管理局,懲教管理局,DSC,DSC","1","0","0","System.Object[]","24","44","2026-01-19 17:33:59","路環監獄入獄人數統計☯路环监狱入狱人数统计☯Estatística sobre o número de entrada prisional de pessoas no Estabelecimento Prisional de Coloane☯Number of inmates admitted to Coloane Prison"
"4a57b120-60f2-4a36-a6eb-7f93f340f2e6","污水處理廠數據(跨境工業區)☯污水处理厂数据(跨境工业区)☯Dados de estação de tratamento de águas residuais(Parque Industrial Transfronteiriço de Macau)☯Dados de estação de tratamento de águas residuais(Parque Industrial Transfronteiriço de Macau)","環境保護局,环境保护局,Direcção dos Serviços de Protecção Ambiental,Environmental Protection Bureau","0","1","0","System.Object[]","0","120","2021-04-22 10:20:28","關於污水處理廠數據(跨境工業區)
Category:
crossborder - 跨境工業區污水處理站☯关于污水处理厂数据(跨境工业区)
Category:
crossborder - 跨境工业区污水处理站☯Sobre os dados de estação de tratamento de águas residuais(Parque Industrial Transfronteiriço de Macau)
Category:
crossborder - Estação de Tratamento de Águas Residuais do Parque Industrial Transfronteiriço de Macau☯Sobre os dados de estação de tratamento de águas residuais(Parque Industrial Transfronteiriço de Macau)
Category:
crossborder - Estação de Tratamento de Águas Residuais do Parque Industrial Transfronteiriço de Macau"
"4a60e25f-5142-42aa-9f9d-81b5583aa2e4","接收建議投訴和異議之概況☯接收建议投诉和异议之概况☯Situação sobre as sugestões, queixas e reclamações recebidas☯Overview of receipt of suggestions, complaints and claims","市政署,市政署,Instituto para os Assuntos Municipais,Municipal Affairs Bureau","1","0","0","System.Object[]","19","33","2025-06-24 20:00:12","列出年度接收的市政個案所涉及的職能範疇統計，以及處理個案的結果概況☯列出年度接收的市政个案所涉及的职能范畴统计，以及处理个案的结果概况☯Especifique estatística de áreas de funções envolvidas nos casos municipais recebidos por ano e situação de resultados de casos tratados☯Lists the statistics of the functional categories involved in cases on municipal affairs received annually and the overview of results of the processed cases"
"4a84defc-1e49-46ac-8e38-b3555cbd2323","展覽使用場地面積☯展览使用场地面积☯Área utilizada pelas exposições☯ ","統計暨普查局,统计暨普查局,Direcção dos Serviços de Estatística e Censos,Statistics and Census Service","0","1","0","System.Object[]","0","23","2026-01-26 12:38:49","展覽所使用的場地面積總數。☯展览所使用的场地面积总数。☯Refere-se à área total do local utilizado pelas exposições.☯ "
"4ab2bf1d-1bf1-4d7e-ba1a-278a8ef697f7","土地面積☯土地面积☯Área de solos☯Land area","土地工務局,土地工務局,DSSCU,DSSCU","1","0","0","System.Object[]","194","437","2026-09-07 16:32:07","自1999年起澳門特別行政區之土地面積統計數據，其中：2011年為協調各區域的劃分，氹仔、路環與路氹填海區的面積作了適度調整。☯自1999年起澳门特别行政区之土地面积统计数据，其中：2011年为协调各区域的划分，氹仔丶路环与路氹填海区的面积作了适度调整。☯A partir de 1999, dados estatísticos da área de solos da RAEM, nomeadamente a fim de coordenar a divisão dos bairros, as áreas de Macau, Taipa, Coloane e da zona de aterro COTAI estão ajustadas adequadamente em 2011☯The statistics of land area of Macau SAR since 1999.
In order to coordinate the division of various districts, the areas of Macao, Taipa, Coloane and the zone of COTAI reclamation were adequately adjusted in 2011"
"4ad04fae-852d-4d31-b31c-77dfc080f8f5","七日天氣預報☯七日天气预报☯Previsao 7 dias☯7 days Weather Forecast","地球物理氣象局,地球物理气象局,irecção dos Serviços Meteorológicos e Geofísicos,Meteorological and Geophysical Bureau","0","0","1","System.Object[]","0","629","2022-02-10 12:22:28","未來7日的天氣預測，包括天氣狀況、氣溫、濕度、風向及風速等資訊。☯未来7日的天气预测，包括天气状况、气温、湿度、风向及风速等信息。☯Previsão para os próximos 7 dias, incluindo estado de tempo, temperatura do ar, humidade, direcção e velocidade do vento.☯7 days weather forecast including weather condition, temperature, humidity, wind direction and wind speed."
"4ae57ab0-bdfb-4ffb-a6bb-52084872a5e7","博彩業購貨、佣金及客戶回贈支出☯博彩业购货、佣金及客户回赠支出☯Compras de mercadorias, comissões e ofertas a clientes do sector do jogo☯ ","統計暨普查局,统计暨普查局,Direcção dos Serviços de Estatística e Censos,Statistics and Census Service","0","1","0","System.Object[]","0","47","2026-01-26 12:47:48","博彩業在購買商品、支付佣金以及提供客戶回贈方面的總支出。☯博彩业在购买商品、支付佣金以及提供客户回赠方面的总支出。☯Referem-se às despesas globais em compras de mercadorias, comissões pagas e ofertas a clientes, do sector do jogo.☯ "
"4af8bf4d-97fd-40ec-9d48-e609ef7cd045","非高等教育校部數(按學校分類和教育階段劃分)☯非高等教育校部数(按学校分类和教育阶段划分)☯Número de unidades escolares (Classificado por tipo de escola e nível de ensino)(Estatística educativa não Superior)☯-","教育及青年發展局,教育及青年发展局,Direcção dos Serviços de Educação e de Desenvolvimento da Juventude,Education and Youth Development Bureau","1","0","0","System.Object[]","28","54","2025-12-26 18:59:52","校部數(按學校分類和教育階段劃分)☯校部数(按学校分类和教育阶段划分)☯Número de unidades escolares (Classificado por tipo de escola e nível de ensino)☯-"
"4afd7667-5258-4ddd-9a1c-1bca223ee47d","按年齡及性別劃分的新登錄受益人數目☯按年龄及性别划分的新登录受益人数目☯Novos beneficiários inscritos classificados por idade e sexo☯New registered beneficiaries classified by age and sex","社會保障基金,社会保障基金,Fundo de Segurança Social,Social Security Fund","1","0","0","System.Object[]","15","31","2026-09-01 17:00:43","按年齡及性別劃分的新登錄受益人數目☯按年龄及性别划分的新登录受益人数目☯Novos beneficiários inscritos classificados por idade e sexo☯New registered beneficiaries classified by age and sex"
"4b130d1f-424f-4016-a1a2-20f8946a756e","交通安全講座人數及場數統計☯交通安全讲座人数及场数统计☯Palestra sobre a Segurança no Trânsito (Vezes e N.º de pessoas)☯Traffic safety seminar attendance and number statistics","治安警察局,治安警察局,CPSP,CPSP","1","0","0","System.Object[]","13","45","2026-02-06 15:08:53","交通安全講座人數及場數統計☯交通安全讲座人数及场数统计☯Palestra sobre a Segurança no Trânsito (Vezes e N.º de pessoas)☯Traffic safety seminar attendance and number statistics"
"4b1be506-bcd7-401f-8de1-0e45162e179f","環境資訊中心☯环境资讯中心☯Ecoteca☯Eco-Centres","市政署,市政署,Instituto para os Assuntos Municipais,Municipal Affairs Bureau","1","1","0","System.Object[]","18","184","2025-10-24 15:28:55","提供環境資訊中心的相關資訊。☯提供环境资讯中心的相关资讯。☯Fornecer as informações sobre a Ecoteca.☯Providing information about eco-centres"
"4b526f6a-eb74-42ac-9d9b-0b0ecbcfa783","本地建築工人平均日薪☯本地建筑工人平均日薪☯Salário diário médio dos trabalhadores da construção residentes☯Average daily wage of local construction workers","統計暨普查局,统计暨普查局,Direcção dos Serviços de Estatística e Censos,Statistics and Census Service","0","1","0","System.Object[]","38","102","2024-12-30 12:51:07","本地建築工人之日薪總和除以本地建築工人數目。☯本地建筑工人之日薪总和除以本地建筑工人數目。☯Refere-se à soma dos salários diários dos trabalhadores da construção residentes dividida pelo número de trabalhadores da construção residentes.☯Calculated by dividing the total amount of daily wages for local construction workers by number of local construction workers."
"4bcc340d-f4ed-4e3c-ae5f-2a4695df0c16","班師比（指標）☯班师比（指标）☯Rácio turma / professor (indicadores)☯ ","教育及青年發展局,教育及青年发展局,Direcção dos Serviços de Educação e de Desenvolvimento da Juventude,Education and Youth Development Bureau","1","0","0","System.Object[]","13","30","2025-12-15 16:01:56","提供教育環境指標：按非高等教育階段劃分的班師比☯提供教育环境指标：按非高等教育阶段划分的班师比☯Fornecer indicadores do ambiente educativo: Rácio turma / professor por nível de ensino não superior☯ "
"4c0abb11-3a98-4f0e-b54f-3f369ffe97e9","空路入境旅客☯空路入境旅客☯Entradas de visitantes por via aérea☯ ","統計暨普查局,统计暨普查局,Direcção dos Serviços de Estatística e Censos,Statistics and Census Service","0","1","0","System.Object[]","0","34","2025-12-01 10:48:46","通過空路入境的旅客總數。☯通过空路入境的旅客总数。☯Referem-se ao número total de entradas de visitantes por via aérea.☯ "
"4c41ede3-4443-4627-931b-3079ece71b01","物業登記及證明服務量☯物业登记及证明服务量☯Número de serviços e de certidões de registo predial☯Number of Property registration and certification services","法務局,法务局,Direcção dos Serviços de Assuntos de Justiça,Legal Affairs Bureau","1","0","0","System.Object[]","27","76","2025-02-11 11:02:12","以年度方式提供取得不動產的登記、抵押不動產的登記、取消不動產的抵押登記、以及物業登記證明的統計數據。☯以年度方式提供取得不动产的登记、抵押不动产的登记、取消不动产的抵押登记、以及物业登记证明的统计数据。☯Disponibilização anual de dados estatísticos relativos ao registo de aquisição de imóvel, registo de hipoteca de imóveis, cancelamento do registo de hipoteca de imóveis e certidão de registo predial.☯Provides statistical data on the registration of acquisition of real estate, registration of mortgage of real estate, cancellation of mortgage of real estate, and property registration certificate on an annual basis (unofficial translation of the above text, for reference)"
"4c6fca2f-7dc0-46dd-84e0-af0844b48320","不過夜旅客人均其他消費☯不过夜旅客人均其他消费☯Outras despesas per capita dos excursionistas☯ ","統計暨普查局,统计暨普查局,Direcção dos Serviços de Estatística e Censos,Statistics and Census Service","0","1","0","System.Object[]","0","33","2025-12-09 11:12:20","不過夜旅客在除交通、購物、住宿等主要消費類別以外的其他方面的消費，包括餐飲、娛樂和其他相關服務的人均支出。☯不过夜旅客在除交通、购物、住宿等主要消费类别以外的其他方面的消费，包括餐饮、娱乐和其他相关服务的人均支出。☯Referem-se às despesas dos excursionistas noutro tipo de consumo (excepto os principais tipos de consumo como transporte, compras e alojamento). Incluem-se as despesas per capita em alimentação, entretenimento, saúde, outros serviços relacionados, etc.☯ "
"4c84f23a-d688-44f8-a6e7-deaf7340e4bb","市政工程資訊-詢價工程☯市政工程资讯-询价工程☯Informações sobre obras municipais – consulta☯Municipal works information – consultation of works","市政署,市政署,Instituto para os Assuntos Municipais,Municipal Affairs Bureau","1","0","0","System.Object[]","67","48","2026-09-15 18:00:20","列出所有市政詢價工程的相關資訊。☯列出所有市政询价工程的相关资讯。☯Listagem de todas as informações sobre obras municipais em consulta.☯List of information about all consultation of municipal works."
"4d4d0904-4eb3-4dcc-90f2-9ed152352853","政務服務資訊中心：專責部門回覆個案公函統計☯政务服务资讯中心：专责部门回复个案公函统计☯Centro de Informações dos Serviços Governamentais: Ofícios enviados ao utente, com resposta dada pelos Serviços competentes☯Government Services Information Centre: Statistics on Official Responses from Responsible Departments","行政公職局,行政公职局,Direcção dos Serviços de Administração e Função Pública,Public Administration and Civil Service Bureau","1","0","0","System.Object[]","20","75","2026-07-01 09:19:48","按年統計專責部門回覆政務服務資訊中心轉介個案的情況。☯按年统计专责部门回复政务服务资讯中心转介个案的情况。☯Estatística anual sobre as respostas dos Serviços competentes aos casos encaminhados pelo Centro de Informações dos Serviços Governamentais.☯Annual statistics on the response status from responsible departments regarding cases referred by the Government Services Information Centre."
"4d6c1a4a-b4c4-47bf-99b2-95c5148f1dc6","被判監禁刑罰的澳門居民重犯狀況☯被判监禁刑罚的澳门居民重犯状况☯A actual situação de reincidência dos residentes de Macau condenados à pena de prisão☯---","社會工作局,社會工作局,Instituto de Acção Social,Social Welfare Bureau","1","0","0","System.Object[]","53","109","2026-08-10 17:44:53","被判監禁刑罰的澳門居民重犯狀況☯被判监禁刑罚的澳门居民重犯状况☯A actual situação de reincidência dos residentes de Macau condenados à pena de prisão☯-"
"4d781976-f108-453d-8634-2190ff8ce514","澳門癌症登記年報每十萬女性之癌症死亡率☯澳门癌症登记年报每十万女性之癌症死亡率☯O relatório anual do Registo do Cancro de Macau é a taxa de mortalidade por cancro por 100.000 mulheres☯The annual report of the Macao Cancer Registry is the cancer mortality rate per 100,000 women","衛生局,卫生局,Serviços de Saúde,Health Bureau","1","0","0","System.Object[]","17","30","2024-12-31 13:08:21","為掌握癌症對澳門居民健康的影響，衛生局自2003年建立澳門癌症登記系統，監測本澳癌症的流行情況和變化趨勢，每年制作《澳門癌症登記年報》公佈癌症發展的新動向，作為制訂癌症防治和醫療資源配置的參考資料。☯为掌握癌症对澳门居民健康的影响，卫生局自2003年建立澳门癌症登记系统，监测本澳癌症的流行情况和变化趋势，每年制作《澳门癌症登记年报》公布癌症发展的新动向，作为制订癌症防治和医疗资源分配的参考数据。☯A fim de compreender o impacto do cancro na saúde dos residentes de Macau, os Serviços de Saúde criaram o Sistema de Registo do Cancro de Macau desde 2003 para monitorizar a prevalência e tendência do cancro em Macau.

☯In order to grasp the impact of cancer on the health of Macao residents, the Health Bureau has established the Macao Cancer Registry System since 2003 to monitor the prevalence and trend of cancer in Macao."
"4e52c23a-8c8d-4e5b-99a2-f8660a1742ff","不過夜旅客人均餐飲消費☯不过夜旅客人均餐饮消费☯Despesa per capita dos excursionistas em alimentação☯ ","統計暨普查局,统计暨普查局,Direcção dos Serviços de Estatística e Censos,Statistics and Census Service","0","1","0","System.Object[]","0","24","2025-12-09 11:12:30","不過夜旅客在餐飲方面的消費，包括用餐和飲料的支出。☯不过夜旅客在餐饮方面的消费，包括用餐和饮料的支出。☯Refere-se à despesa dos excursionistas em alimentação. Inclui-se a despesa em comidas e bebidas.☯ "
"4e8d2017-aa1b-4bab-a03a-fb570dadbf6e","風暴潮警告☯风暴潮警告☯Alerta de Storm Surge☯Stormsurge Warning","地球物理氣象局,地球物理气象局,irecção dos Serviços Meteorológicos e Geofísicos,Meteorological and Geophysical Bureau","0","0","1","System.Object[]","0","295","2023-12-05 17:11:23","提供風暴潮警告信號及水浸情況等資訊。☯提供风暴潮警告信号及水浸情况等信息。☯Informações sobre avisos de “Strom Surge” e situação de inundação.☯Provide Storm Surge warning information and flooding condition."
"4f1c19c0-2f66-4b1f-8bc4-ed85dbdab3db","公共道路免費車位 ☯公共道路免费车位 ☯Lugares de estacionamento não tarifados na via pública☯Free parking spaces on public roads","交通事務局,交通事务局,Direcção dos Serviços para os Assuntos de Tráfego,Transport Bureau","1","0","0","System.Object[]","103","252","2026-05-23 01:00:11","公共道路免費車位 ☯公共道路免费车位 ☯Lugares de estacionamento não tarifados na via pública☯Free parking spaces on public roads"
"4f348d35-a65b-4c99-8793-913497ebce70","非高等教育─特殊教育（特教及融合生）☯非高等教育─特殊教育（特教及融合生）☯Ensino não superior - Ensino especial (alunos do ensino especial e alunos sujeitos à educação inclusiva)☯ ","教育及青年發展局,教育及青年发展局,Direcção dos Serviços de Educação e de Desenvolvimento da Juventude,Education and Youth Development Bureau","1","0","0","System.Object[]","22","46","2025-12-15 16:02:33","提供非高等教育學生人數☯提供非高等教育学生人数☯Fornecer o número de alunos do ensino não superior☯ "
"4f403b89-6d16-42d6-8092-2babc5522dab","交通罰款總金額☯交通罰款總金額☯Valor total das multas de trânsito☯Total amount of traffic fines","治安警察局,治安警察局,CPSP,CPSP","1","0","0","System.Object[]","25","47","2026-02-06 15:08:26","交通罰款總金額☯交通罰款總金額☯Valor total das multas de trânsito☯Total amount of traffic fines"
"4f784d45-c12b-473b-a3e3-7cb395bd8b11","澳門特別行政區立法會選舉結果 - 直接選舉議席的分配☯澳门特别行政区立法会选举结果 - 直接选举议席的分配☯Resultado das eleições legislativas da Região Administrativa Especial de Macau – distribuição de mandatos para deputados eleitos por sufrágio directo☯Resultado das eleições legislativas da Região Administrativa Especial de Macau – distribuição de mandatos para deputados eleitos por sufrágio directo","行政公職局,行政公职局,Direcção dos Serviços de Administração e Função Pública,Public Administration and Civil Service Bureau","1","0","0","System.Object[]","24","48","2026-02-02 12:21:18","由2001年至今，澳門特別行政區立法會選舉，直接選舉議席的分配☯由2001年至今，澳门特别行政区立法会选举，直接选举议席的分配☯Distribuição de mandatos para deputados eleitos por sufrágio directo das eleições legislativas da Região Administrativa Especial de Macau, de 2001 até ao presente☯Distribuição de mandatos para deputados eleitos por sufrágio directo das eleições legislativas da Região Administrativa Especial de Macau, de 2001 até ao presente"
"4fafa7bb-38eb-4b7c-8973-a90ad493b312","綜合消費物價指數☯综合消费物价指数☯Índice de Preços no Consumidor Geral☯Composite Consumer Price Index (Composite CPI)","統計暨普查局,统计暨普查局,Direcção dos Serviços de Estatística e Censos,Statistics and Census Service","0","1","0","System.Object[]","0","39","2024-12-30 17:13:56","反映物價變動對甲類及乙類消費物價指數所涵蓋的住戶的影響。☯反映物价变动对甲类及乙类消费物价指数所涵盖的住户的影响。☯Este índice permite conhecer a influência da variação de preços tanto nos agregados familiares abrangidos pelo Índice de Preços no Consumidor (A) como nos agregados abrangidos pelo Índice de Preços no Consumidor (B).☯Reflects the effect of price changes on the households covered by CPI-A and CPI-B."
"4fc4f01a-3dc4-480d-b55d-70813ebb27ab","酒店業收入☯酒店业收入☯Receitas dos hotéis e similares☯ ","統計暨普查局,统计暨普查局,Direcção dos Serviços de Estatística e Censos,Statistics and Census Service","0","1","0","System.Object[]","0","28","2026-01-26 12:46:43","酒店業場所從各項業務活動中獲得的所有收入的總額，包括客房收費、餐飲服務、會議設施租賃及其他相關服務費用。☯酒店业场所从各项业务活动中获得的所有收入的总额，包括客房收费、餐饮服务、会议设施租赁及其他相关服务费用。☯Referem-se ao valor total das receitas provenientes das diversas actividades dos hotéis e similares. Incluem-se as receitas de alojamento em quartos, as dos serviços de restauração, as do aluguer de instalações destinadas a convenções e exposições e as dos outros serviços correlacionados.☯ "
"4fd75338-770d-463c-8abf-2133299ac5e7","外賣食品活動場所的登記制度—相關場所的明細列表☯外卖食品活动场所的登记制度—相关场所的明细列表☯“Regime de registo de estabelecimentos de actividades de takeaway” - Lista de estabelecimentos relevantes☯Registration System for Establishments of Takeaway Activities—Detailed list of relevant establishments","市政署,市政署,Instituto para os Assuntos Municipais,Municipal Affairs Bureau","1","0","0","System.Object[]","102","105","2026-01-20 12:00:10","列出本澳已領有登記證明的外賣食品活動場所。☯列出本澳已领有登记证明的外卖食品活动场所。☯Lista dos estabelecimentos de actividades de  takeaway em Macau com certidão de registo.☯List the establishments of takeaway activities in Macao that have already obtained the registration certificate."
"4ff1b354-f227-48a5-8648-bed237a55381","季度社會保障制度養老金受領人數及金額(澳門元)☯季度社会保障制度养老金受领人数及金额(澳门元)☯Número de beneficiários e montante (em patacas) de recebimento da pensão para idosos do regime da segurança social por trimestre☯Number of old-age pension recipients under the Social Security System and expenditure on old-age pension in the quarter (patacas)","社會保障基金,社会保障基金,Fundo de Segurança Social,Social Security Fund","1","0","0","System.Object[]","111","138","2026-07-20 17:35:26","以季度方式提供在相關季度的期間內，養老金的受領人數及金額☯以季度方式提供在相关季度的期间内，养老金的受领人数及金额☯A prestação trimestral do número de beneficiários e montante de recebimento da pensão para idosos durante o respectivo trimestre☯Available on a quarterly basis, the number of old-age pension recipients and expenditure on old-age pension in the relevant quarter"
"5000b66d-27dd-4d58-a16b-8cce55ec7139","貨櫃流量☯货柜流量☯Movimento de contentores☯Container flow","統計暨普查局,统计暨普查局,Direcção dos Serviços de Estatística e Censos,Statistics and Census Service","0","1","0","System.Object[]","7","66","2025-11-14 17:19:03","載貨貨櫃及空貨櫃進出澳門的總次數。☯载货货柜及空货柜进出澳门的总次数。☯Número total de entradas e saídas de contentores de carga e de contentores vazios em Macau.☯Total number of laden and empty container trips entering and exiting Macao."
"503dbfa8-5d98-43ae-98fc-608825c12377","會議數目☯会议数目☯Número de reuniões e conferências☯Number of meetings and conferences","統計暨普查局,统计暨普查局,Direcção dos Serviços de Estatística e Censos,Statistics and Census Service","0","1","0","System.Object[]","0","33","2024-12-30 17:14:11","包括在大型會議展覽中心及其他收費場地（如酒店）舉行之會議，但不包括少於10人的會議、發佈會和記者招待會等。☯包括在大型会议展览中心及其他收费场地（如酒店）举行之会议，但不包括少于10人的会议、发布会和记者招待会等。☯Referem-se às realizadas nos centros de convenções e exposições de grande envergadura e noutros locais arrendados (como hotéis). Excluem-se as reuniões com menos de 10 participantes, as cerimónias de lançamento de produtos, as conferências de imprensa, etc.☯Refer to meetings and conferences that are held in major convention and exhibition centres and other paid venues (e.g. hotels). However, meetings with less than 10 participants, events for product launch and press conferences are excluded."
"508c6048-67fb-465d-a69a-2eb95700b691","的士違規數☯的士违规数☯Irregularidades praticadas pelos taxistas☯Number of taxi violations","治安警察局,治安警察局,CPSP,CPSP","1","0","0","System.Object[]","20","43","2026-02-06 15:08:30","的士違規數☯的士违规数☯Irregularidades praticadas pelos taxistas☯Number of taxi violations"
"50f7aef8-d9f3-42e2-a9e5-56b25eb00e91","具師範培訓教師比率☯具师范培训教师比率☯Taxa de docentes com formação pedagógica☯ ","教育及青年發展局,教育及青年发展局,Direcção dos Serviços de Educação e de Desenvolvimento da Juventude,Education and Youth Development Bureau","1","0","0","System.Object[]","11","30","2025-12-15 16:03:31","提供教育環境指標：按非高等教育階段劃分的具師範培訓教師比率☯提供教育环境指标：按非高等教育阶段划分的具师范培训教师比率☯Fornecer indicadores do ambiente educativo: Taxa de docentes com formação pedagógica por nível de ensino não superior☯ "
"5109db2c-bbb6-42f8-be31-bdbb42f933ff","物理治療師☯物理治疗师☯Fisioterapeuta☯ ","統計暨普查局,统计暨普查局,Direcção dos Serviços de Estatística e Censos,Statistics and Census Service","0","1","0","System.Object[]","0","27","2025-11-10 14:48:50","根據第18/2020號法律《醫療人員專業資格及執業註冊制度》的物理治療師。☯根据第18/2020号法律《医疗人员专业资格及执业注册制度》的物理治疗师。☯Refere-se ao ""Fisioterapeuta"", que está estabelecido na Lei n.º 18/2020, “Regime da qualificação e inscrição para o exercício de actividade dos profissionais de saúde”.☯ "
"51100084-018f-4070-94ff-537d881ad4fc","海嘯警告信號☯海啸警告信号☯Alarme de Tsunami☯Tsunami Warning Signals","地球物理氣象局,地球物理气象局,irecção dos Serviços Meteorológicos e Geofísicos,Meteorological and Geophysical Bureau","0","0","1","System.Object[]","0","132","2024-08-14 16:43:52","提供海嘯警告信號資訊。☯提供海啸警告信号信息。☯Informações sobre Alarme de Tsunami.☯Information about Tsunami Warning."
"51236f98-6f30-4530-965e-feed65ee2a2c","陸路口岸跨境汽車流量(車種)☯陆路口岸跨境汽车流量(车种)☯Movimento de automóveis transfronteiriços passados pelos postos fronteiriços terrestres (Veículos)☯Cross-border vehicle flow at land ports (vehicle types)","中華人民共和國澳門特別行政區海關,中華人民共和國澳門特別行政區海關,SA,SA","1","1","0","System.Object[]","158","304","2024-07-29 11:31:38","本澳各陸路口岸跨境汽車流量統計 (車種)☯本澳各陆路口岸跨境汽车流量统计 (车种)☯Estatísticas do tráfego transfronteiriço de veículos em vários portos terrestres de Macau (Veículos)☯Statistics of cross-border vehicle traffic at various land ports in Macao (vehicle types)"
"513cba0e-684d-4cf1-bd3c-f8af1adb0392","無障礙公廁☯无障碍公厕☯Sanitários públicos sem barreiras ☯Barrier-free public toilets","市政署,市政署,Instituto para os Assuntos Municipais,Municipal Affairs Bureau","1","1","0","System.Object[]","83","351","2026-07-29 10:00:02","提供各區無障礙公廁的使用及位置資訊。☯提供各区无障碍公厕的使用及位置信息。☯Informações disponíveis sobre o uso e a localização dos sanitários públicos sem barreiras de diversas zonas☯Provide information about the use and locations of barrier-free public toilets in different districts"
"5152f059-2e87-466f-92dd-3063503786d8","自殺☯自杀☯Suicídios☯ ","統計暨普查局,统计暨普查局,Direcção dos Serviços de Estatística e Censos,Statistics and Census Service","0","1","0","System.Object[]","0","49","2025-11-10 14:49:56","因蓄意自我傷害（自殺）導致的死亡人數。☯因蓄意自我伤害（自杀）导致的死亡人数。☯Referem-se ao número de pessoas que faleceram por lesões autoprovocadas voluntariamente (suicídios).☯ "
"517681b2-4f88-4a1b-b488-85e054e48345","定期刊物登記 - 恆常出版日報☯定期刊物登记 - 恒常出版日报☯Publicações Periódicas-  Jornais diários com edições regulares☯Periodical Registration – Daily newspapers publishing on a regular basis","新聞局,新聞局,GCS,GCS","1","0","0","System.Object[]","55","85","2026-08-17 16:16:48","按《出版法》第15條規定，在新聞局設立出版登記，為定期刊物進行登記。根據《出版登記規章》的規定，刊物登記後，如日刊在 180 天期限內仍未出版、其他刊物在一年期限內仍未出版，或刊物出版中斷的時間與上述期限相同的情況下，登記將被吊銷。刊物登記不須繳付任何費用。☯按《出版法》第15条规定，在新闻局设立出版登记，为定期刊物进行登记。根据《出版登记规章》的规定，刊物登记后，如日刊在 180 天期限内仍未出版、其他刊物在一年期限内仍未出版，或刊物出版中断的时间与上述期限相同的情况下，登记将被吊销。刊物登记不须缴付任何费用。☯Nos termos do artigo 15º da Lei de Imprensa, é criado no Gabinete de Comunicação Social um registo de imprensa, do qual deve constar o registo de publicações periódicas.  Segundo o Regulamento do Registo de Imprensa, o registo será cancelado se a publicação não começar a ser publicada no prazo de cento e oitenta dias, caso seja diária, ou no prazo de um ano, caso o não seja, a contar da data da inscrição, ou se estiver interrompida por igual tempo. Os registos de publicações são gratuitos.☯According to Article 15 of the Press Law, the Government Information Bureau (GCS) is responsible for registering newspapers, publishers and periodicals. Under the Media Registration Regulations, if a daily publication is registered but has not been published for 180 days, or if other registered periodicals have not been published for a period of one year or have been suspended for a period of one year, their registration will be cancelled. Registration of publications is free of charge."
"51783975-72cb-4325-af1e-fd55ecd3631a","衛生中心☯卫生中心☯Centros de saúde☯ ","統計暨普查局,统计暨普查局,Direcção dos Serviços de Estatística e Censos,Statistics and Census Service","0","1","0","System.Object[]","0","40","2025-11-10 14:49:20","主要提供保健、體格檢查等初級衛生護理服務的政府醫療機構。☯主要提供保健、体格检查等初级卫生护理服务的政府医疗机构。☯Estabelecimentos de saúde do Governo que prestam principalmente cuidados de saúde primários, tais como, consultas de saúde, exames médicos, etc.☯ "
"51b2fd22-76ef-49dc-892e-590b81110cef","大眾體育活動資料☯大众体育活动资料☯ ☯Sport for all activities","體育局,体育局,Instituto do Desporto,Sports Bureau","1","0","0","System.Object[]","122","199","2025-03-27 17:21:46","大眾體育活動人次☯ 大众体育活动人次☯  ☯Total number of Sport for all activities"
"5229dc6c-0f59-46cc-8be4-f96cd83f56db","開辦海事課程數目統計☯开办海事课程数目统计☯Estatísticas sobre o número de cursos marítimos ministrados☯Statistics on the offer of maritime training courses","海事及水務局,海事及水務局,DSAMA,DSAMA","1","0","0","System.Object[]","46","79","2026-02-09 17:01:14","航海學校2019至2025年每年開辦海事課程的數目☯航海学校2019至2025年每年开办海事课程的数目☯Número de cursos marítimos ministrados pela EP por ano entre 2019 e 2025☯Annual no. of maritime training courses offered by Maritime Training School between 2019 and 2025"
"524a2f5d-e72c-4d8a-a56e-08a630458c3e","《統計年刊 2024》疾病預防及控制中心 按傷害成因劃分的傷害事故人數☯《統計年刊 2024》疾病預防及控制中心 按傷害成因劃分的傷害事故人數☯CENTRO DE PREVENÇÃO E CONTROLO DA DOENÇA Número de lesados por acidente distribuídos por Causa☯CENTRO DE PREVENÇÃO E CONTROLO DA DOENÇA Número de lesados por acidente distribuídos por Causa","衛生局,卫生局,Serviços de Saúde,Health Bureau","1","0","0","System.Object[]","11","25","2025-10-28 17:40:36","《統計年刊 2024》疾病預防及控制中心 按傷害成因劃分的傷害事故人數☯《統計年刊 2024》疾病預防及控制中心 按傷害成因劃分的傷害事故人數☯CENTRO DE PREVENÇÃO E CONTROLO DA DOENÇA Número de lesados por acidente distribuídos por Causa☯CENTRO DE PREVENÇÃO E CONTROLO DA DOENÇA Número de lesados por acidente distribuídos por Causa"
"526114cb-1b72-4355-a886-634d51396caa","收取社會融和計劃的家庭及人數☯收取社会融和计划的家庭及人数☯N.º de famílias e pessoas que recebem o apoio do Programa de inclusão e harmonia na comunidade☯--","社會工作局,社會工作局,Instituto de Acção Social,Social Welfare Bureau","1","0","0","System.Object[]","71","98","2026-02-05 11:55:55","收取社會融和計劃的受惠家庭總數及受惠人數、定期援助金家庭及受惠人數，以及援助金以外低收入家庭及受惠人數☯收取社会融和计划的受惠家庭总数及受惠人数、定期援助金家庭及受惠人数，以及援助金以外低收入家庭及受惠人数☯N.º de famílias e pessoas que recebem o apoio do Programa de inclusão e harmonia na comunidade☯-"
"52beb52e-b8ea-4922-aeaf-6dbb4a93c150","主要山丘高度☯主要山丘高度☯Altitude das principais elevações☯Elevation of Hills","土地工務局,土地工務局,DSSCU,DSSCU","1","0","0","System.Object[]","99","160","2020-06-18 15:08:32","澳門特別行政區各主要山丘高度☯澳门特别行政区各主要山丘高度☯Altitude das principais elevações das diversas zonas da RAEM☯The statistics of elevation of hills of Macau SAR"
"52e8405c-5f8a-458c-ac46-2222d5a66984","按年齡層及殘疾級別劃分的有效持殘疾評估登記證累計人數☯按年龄层及残疾级别划分的有效持残疾评估登记证累计人数☯Total acumulado de pessoas portadoras do cartão válido divididas segundo a faixa etária e o grau de deficiência☯--","社會工作局,社會工作局,Instituto de Acção Social,Social Welfare Bureau","1","0","0","System.Object[]","15","105","2026-07-24 16:56:00","按年齡層及殘疾級別劃分的有效持殘疾評估登記證累計人數☯按年龄层及残疾级别划分的有效持残疾评估登记证累计人数☯Total acumulado de pessoas portadoras do cartão válido divididas segundo a faixa etária e o grau de deficiência☯--"
"52ec22d4-f6de-4577-a607-9701b63a3dbc","「星級旅遊服務認可計劃」獲獎旅行社☯「星级旅游服务认可计划」获奖旅行社☯“Programa de Avaliação de Serviços Turísticos de Qualidade”Agência de Viagens Premiados☯“Quality Tourism Services Accreditation Scheme”Awarded Travel Agency","旅遊局,旅游局,Direcção dos Serviços de Turismo,Macao Government Tourism Office","1","0","0","System.Object[]","37","81","2026-08-15 08:12:02","「星級旅遊服務認可計劃」獲獎旅行社☯「星级旅游服务认可计划」获奖旅行社☯“Programa de Avaliação de Serviços Turísticos de Qualidade”Agência de Viagens Premiados☯“Quality Tourism Services Accreditation Scheme”Awarded Travel Agency"
"52ec2c53-b491-4c39-84b6-3b99b9962a37","澳門癌症登記年報每十萬男性之癌症發生率☯澳门癌症登记年报每十万男性之癌症发生率☯A incidência de cancro por 100.000 homens no relatório anual do Registo do Cancro de Macau☯The incidence of cancer per 100,000 men in the annual report of the Macao Cancer Registry","衛生局,卫生局,Serviços de Saúde,Health Bureau","1","0","0","System.Object[]","15","28","2024-12-31 13:09:05","為掌握癌症對澳門居民健康的影響，衛生局自2003年建立澳門癌症登記系統，監測本澳癌症的流行情況和變化趨勢，每年制作《澳門癌症登記年報》公佈癌症發展的新動向，作為制訂癌症防治和醫療資源配置的參考資料。☯为掌握癌症对澳门居民健康的影响，卫生局自2003年建立澳门癌症登记系统，监测本澳癌症的流行情况和变化趋势，每年制作《澳门癌症登记年报》公布癌症发展的新动向，作为制订癌症防治和医疗资源分配的参考数据。☯A fim de compreender o impacto do cancro na saúde dos residentes de Macau, os Serviços de Saúde criaram o Sistema de Registo do Cancro de Macau desde 2003 para monitorizar a prevalência e tendência do cancro em Macau.☯In order to grasp the impact of cancer on the health of Macao residents, the Health Bureau has established the Macao Cancer Registry System since 2003 to monitor the prevalence and trend of cancer in Macao."
"53656c92-a79d-4508-9c21-5feafcf5e88a","外賣店增加值總額☯外卖店增加值总额☯Valor acrescentado bruto das lojas de take-away☯ ","統計暨普查局,统计暨普查局,Direcção dos Serviços de Estatística e Censos,Statistics and Census Service","0","1","0","System.Object[]","0","24","2026-01-26 12:41:29","外賣店的收入減去消耗總額後的金額。消耗總額是經營費用和購貨及佣金支出等費用，再加上庫存變動。☯外卖店的收入减去消耗总额后的金额。消耗总额是经营费用和购货及佣金支出等费用，再加上库存变动。☯Refere-se às receitas menos consumo intermédio total, das lojas de take-away. O consumo intermédio total refere-se às despesas de exploração e despesas em compras de mercadorias e comissões pagas, etc., mais variação de existências.☯ "
"53694a2b-cfa6-4dab-adb9-24bab0ffbbbd","飲食業增加值總額☯饮食业增加值总额☯Valor acrescentado bruto do ramo da restauração☯ ","統計暨普查局,统计暨普查局,Direcção dos Serviços de Estatística e Censos,Statistics and Census Service","0","1","0","System.Object[]","0","24","2026-01-26 12:44:34","飲食業場所的收入減去消耗總額後的金額。消耗總額是經營費用和購貨及佣金支出等費用，再加上庫存變動。☯饮食业场所的收入减去消耗总额后的金额。消耗总额是经营费用和购货及佣金支出等费用，再加上库存变动。☯Refere-se às receitas menos consumo intermédio total, dos estabelecimentos do ramo da restauração. O consumo intermédio total refere-se às despesas de exploração e despesas em compras de mercadorias e comissões pagas, etc., mais variação de existências.☯ "
"536b696d-f4b3-4889-ba3e-d20e14c42ff9","企業創新研發資助計劃－配對類項目統計☯企业创新研发资助计划－配对类项目统计☯Estatísticas de Financiamento para Empresa - Categoria de Bolsas de Contacto☯Statistics of Funding for enterprise innovation and R&D - Matching Projects","經濟及科技發展局,经济及科技发展局,Direcção dos Serviços de Economia e Desenvolvimento Tecnológico,Macao Economic Bureau","1","0","0","System.Object[]","13","31","2025-12-09 09:12:17","企業創新研發資助計劃－配對類項目統計☯企业创新研发资助计划－配对类项目统计☯Estatísticas de Financiamento para Empresa - Categoria de Bolsas de Contacto☯Statistics of Funding for enterprise innovation and R&D - Matching Projects"
"53740ad0-13d6-4527-86c4-d79850c94d7e","土地佔用准照☯土地佔用准照☯Licença de Ocupação do terreno☯Land Occupation License ","土地工務局,土地工務局,DSSCU,DSSCU","1","0","0","System.Object[]","24","55","2025-07-02 16:28:12","以准照臨時佔用的土地資料☯以准照临时佔用的土地资料☯Informações dos terrenos ocupados a título precário mediante licença ☯Information of land occupied precariously under license"
"53cd1678-3853-4b21-938f-be3ed75d922c","公積金制度-供款人-按薪俸金額劃分☯公积金制度-供款人-按薪俸金额划分☯Regime de Previdência - Contribuintes - por vencimentos☯-","退休基金會,退休基金会,Fundo de Pensões,Pension Fund","1","0","0","System.Object[]","29","67","2026-05-21 17:02:56","按薪俸金額統計當年公積金制度中供款人之人數☯按薪俸金额统计当年公积金制度中供款人之人数☯Estatística do número de contribuintes do Regime de Previdência desse ano por vencimentos☯-"
"53f7ca1d-5c28-41b3-b684-a5b8956359af","《統計年刊 2024》財務管理 與政府有協議的私人藥房☯《統計年刊 2024》財務管理 與政府有協議的私人藥房☯GESTÃO DE RECURSOS FINANCEIROS Farmácias privadas e convencionadas com o Governo☯GESTÃO DE RECURSOS FINANCEIROS Farmácias privadas e convencionadas com o Governo","衛生局,卫生局,Serviços de Saúde,Health Bureau","1","0","0","System.Object[]","10","25","2025-10-28 17:36:08","《統計年刊 2024》財務管理 與政府有協議的私人藥房☯《統計年刊 2024》財務管理 與政府有協議的私人藥房☯GESTÃO DE RECURSOS FINANCEIROS Farmácias privadas e convencionadas com o Governo☯GESTÃO DE RECURSOS FINANCEIROS Farmácias privadas e convencionadas com o Governo"
"5429a67e-d326-4054-948b-047369016ba7","《統計年刊 2024》疾病預防及控制中心 十大死亡癌症個案☯《統計年刊 2024》疾病預防及控制中心 十大死亡癌症個案☯CENTRO DE PREVENÇÃO E CONTROLO DA DOENÇA Os dez primeiros casos de morte por cancro☯CENTRO DE PREVENÇÃO E CONTROLO DA DOENÇA Os dez primeiros casos de morte por cancro","衛生局,卫生局,Serviços de Saúde,Health Bureau","1","0","0","System.Object[]","13","25","2025-10-28 17:37:23","《統計年刊 2024》疾病預防及控制中心 十大死亡癌症個案☯《統計年刊 2024》疾病預防及控制中心 十大死亡癌症個案☯CENTRO DE PREVENÇÃO E CONTROLO DA DOENÇA Os dez primeiros casos de morte por cancro☯CENTRO DE PREVENÇÃO E CONTROLO DA DOENÇA Os dez primeiros casos de morte por cancro"
"5451bb17-36c0-4f16-a382-61d0d2451d2d","年度開支數據☯年度开支数据☯Dados de despesa anual☯Annual expense data","社會保障基金,社会保障基金,Fundo de Segurança Social,Social Security Fund","1","0","0","System.Object[]","13","30","2025-09-29 16:21:33","以年度方式提供社會保障基金的開支數據☯以年度方式提供社会保障基金的开支数据☯Dados de despesa anual☯Annual expense data"
"5456c6ad-79bd-46dd-b1a9-44a7f1321e53","社區醫療衛生範疇 - 衛生中心 按歲組劃分的衛生中心門診人次☯社區醫療衛生範疇 - 衛生中心 按歲組劃分的衛生中心門診人次☯CUIDADOS DE SAÚDE COMUNITÁRIOS - CENTROS DE  SAÚDE N.º de consultas por grupo etário☯CUIDADOS DE SAÚDE COMUNITÁRIOS - CENTROS DE  SAÚDE N.º de consultas por grupo etário","衛生局,卫生局,Serviços de Saúde,Health Bureau","1","0","0","System.Object[]","10","25","2025-10-28 17:39:04","社區醫療衛生範疇 - 衛生中心 按歲組劃分的衛生中心門診人次☯社區醫療衛生範疇 - 衛生中心 按歲組劃分的衛生中心門診人次☯CUIDADOS DE SAÚDE COMUNITÁRIOS - CENTROS DE  SAÚDE N.º de consultas por grupo etário☯CUIDADOS DE SAÚDE COMUNITÁRIOS - CENTROS DE  SAÚDE N.º de consultas por grupo etário"
"54e33208-6157-4343-90b3-d52f86cb5ae3","公積金制度-供款人-按任用方式劃分☯公积金制度-供款人-按任用方式划分☯Regime de Previdência - Contribuintes - por formas de provimento☯-","退休基金會,退休基金会,Fundo de Pensões,Pension Fund","1","0","0","System.Object[]","26","79","2026-05-21 17:21:09","按任用方式統計當年公積金制度中供款人之人數☯按任用方式统计当年公积金制度中供款人之人数☯Estatística do número de cancelamento do Regime de Previdência desse ano por formas de provimento☯-"
"54fb9591-15e8-4f8d-8d72-7a8fa950da9d","商業登記及證明服務量☯商业登记及证明服务量☯Número de serviços e de certidões de registo comercial☯Number of Business registration and  certification services","法務局,法务局,Direcção dos Serviços de Assuntos de Justiça,Legal Affairs Bureau","1","0","0","System.Object[]","53","108","2025-02-11 11:02:15","以年度方式提供自然人商業企業主（個人企業主）的登記、法人商業企業主的登記（公司設立）、公司解散及因完成清算而消滅的登記、商業名稱可予登記證明、以及商業登記證明的統計數據。☯以年度方式提供自然人商业企业主（个人企业主）的登记、法人商业企业主的登记（公司设立）、公司解散及因完成清算而消灭的登记、商业名称可予登记证明、以及商业登记证明的统计数据。☯Disponibilização anual de dados estatísticos relativos ao registo de empresário comercial, pessoa singular, registo de empresário comercial, pessoa colectiva (constituição de sociedade comercial), registo da dissolução e extinção da sociedade pelo encerramento da liquidação, certidão de admissibilidade da firma e certidão de registo comercial.☯Provide registration of natural person business owners (individual business owners), registration of legal person business owners (company establishment), registration of company dissolution and elimination due to completion of liquidation, certificate of business name registration, and business registration certificate on an annual basis Statistics. (Unofficial translation of the above text, for reference only)"
"551464b2-6cf6-43b0-9dfb-5f21cf94a04d","留宿旅客人均消費☯留宿旅客人均消费☯Despesa per capita dos turistas☯Per-capita spending of overnight visitors","統計暨普查局,统计暨普查局,Direcção dos Serviços de Estatística e Censos,Statistics and Census Service","0","1","0","System.Object[]","143","254","2025-12-04 12:56:15","留宿旅客購買作為自用或送贈他人的商品及服務之人均消費，包括由旅客或他人（如親友或僱主）支付的消費，但不包括博彩、捐款、購買資產或用作再出售商品的支出。☯留宿旅客购买作为自用或送赠他人的商品及服务之人均消费，包括由旅客或他人（如亲友或雇主）支付的消费，但不包括博彩、捐款、购买资产或用作再出售商品的支出。☯Refere-se à despesa per capita dos turistas em compras de bens e serviços quer para consumo próprio, quer para oferta a outrem. Inclui-se a despesa paga pelos turistas ou por outras pessoas (tais como: familiares ou empregadores), mas excluem-se as despesas no jogo, os donativos e as despesas relacionadas com as aquisições de bens de capital e de bens para revenda.☯ "
"551bbe24-d64d-42b7-a849-b2b0adb47184","專科衛生護理範疇按亞專科劃分的門診人次☯专科卫生护理范畴按亚专科划分的门诊人次☯Número de consultas externas por subespecialidade, na área de cuidados de saúde diferenciados☯專科衛生護理範疇按亞專科劃分的門診人次","衛生局,卫生局,Serviços de Saúde,Health Bureau","1","0","0","System.Object[]","64","64","2022-11-26 16:04:41","專科衛生護理範疇中，按亞專科劃分的門診人次☯专科卫生护理范畴中，按亚专科划分的门诊人次☯Número de consultas externas por subespecialidade, na área de cuidados de saúde diferenciados☯專科衛生護理範疇中，按亞專科劃分的門診人次"
"5582ad5d-07b1-40a9-8016-c850d9483965","退休及撫卹制度-撫卹金訂定宗數 –按原因劃分☯退休及抚恤制度-抚恤金订定宗数 –按原因划分☯Regime de Aposentação e Sobrevivência – Número de pensões de sobrevivência fixadas – Por causas☯ ","退休基金會,退休基金会,Fundo de Pensões,Pension Fund","1","0","0","System.Object[]","28","65","2026-05-18 14:40:10","按原因統計當年退休及撫卹制度中撫卹金訂定宗數☯按原因统计当年退休及抚恤制度中抚恤金订定宗数☯Estatística do número de pensões de sobrevivência fixadas do Regime de Aposentação e Sobrevivência desse ano, de acordo com as causas☯ "
"55a3937c-7aa1-427f-89c5-c0be92d20a0f","專科衛生護理範疇按歲組劃分的門診人次☯专科卫生护理范畴按岁组划分的门诊人次☯Número de consultas externas por grupo etário, na área de cuidados de saúde diferenciados☯專科衛生護理範疇按歲組劃分的門診人次","衛生局,卫生局,Serviços de Saúde,Health Bureau","1","0","0","System.Object[]","60","65","2024-12-19 14:59:22","專科衛生護理範疇中，按歲組劃分的門診人次☯专科卫生护理范畴中，按岁组划分的门诊人次☯Número de consultas externas por grupo etário,  na área de cuidados de saúde diferenciados☯專科衛生護理範疇中，按歲組劃分的門診人次"
"55a8e28d-257a-4ce4-a04b-0cfca31e29fd","保險中介人數目☯保险中介人数目☯Informações de mediadores de seguros☯Informações de mediadores de seguros","澳門金融管理局,澳門金融管理局,AMCM,AMCM","1","0","0","System.Object[]","25","58","2026-08-31 13:06:51","生效的保險中介人數目及各類中介牌照數目。☯生效的保险中介人数目及各类中介牌照数目。☯Número de mediadores de seguros activos e número de licenças emitidas por cada categoria de mediador de seguros.☯Número de mediadores de seguros activos e número de licenças emitidas por cada categoria de mediador de seguros."
"5605c5c9-d402-42e0-bf9f-ee462e68770e","會議使用場地面積☯会议使用场地面积☯Área utilizada pelas reuniões e conferências☯ ","統計暨普查局,统计暨普查局,Direcção dos Serviços de Estatística e Censos,Statistics and Census Service","0","1","0","System.Object[]","0","23","2026-01-26 12:38:51","會議所使用的場地面積總數。☯会议所使用的场地面积总数。☯Refere-se à área total do local utilizado pelas reuniões e conferências.☯ "
"5613b819-b110-40ac-974c-e556815e5587","公務人員數目統計—按學歷程度劃分☯公务人员数目统计—按学历程度划分☯Estatísticas do número de trabalhadores dos serviços públicos - de acordo com as habilitações académicas☯-","行政公職局,行政公职局,Direcção dos Serviços de Administração e Função Pública,Public Administration and Civil Service Bureau","1","0","0","System.Object[]","235","347","2026-07-23 12:48:03","按學歷程度劃分的澳門特別行政區公共行政人力資源的公務人員數目，且自2023年起包括行政長官及主要官員，以及其人員受私法制度規範的基金會及其他公共機構（澳門基金會、澳門澳門貿易投資促進局、澳門金融管理局、澳門大學、澳門理工大學及民航局）的人員數目。☯按学历程度划分的澳门特别行政区公共行政人力资源的公务人员数目，且自2023年起包括行政长官及主要官员，以及其人员受私法制度规范的基金会及其他公共机构（澳门基金会、澳门澳门贸易投资促进局、澳门金融管理局、澳门大学、澳门理工大学及民航局）的人员数目。☯Número de trabalhadores dos serviços públicos pelos recursos humanos da Administração Pública da RAEM de acordo com as habilitações académicas, incluindo, a partir de 2023, o Chefe do Executivo, os titulares dos principais cargos, os trabalhadores sujeitos aos regulamentos do direito privado das fundações, bem como os trabalhadores das outras entidades públicas (Fundação Macau, Instituto de Promoção do Comércio e do Investimento, Autoridade Monetária de Macau, Universidade de Macau, Universidade Politécnica de Macau e Autoridade de Aviação Civil).☯-"
"5655eea2-f19b-4b42-aa98-278c3117f442","有效犬隻准照統計☯有效犬隻准照统计☯Estatísticas sobre as licenças de cães válidas☯Statistics on valid dog licenses","市政署,市政署,Instituto para os Assuntos Municipais,Municipal Affairs Bureau","0","1","0","System.Object[]","0","94","2025-05-30 14:41:05","凡擁有滿3個月月齡的犬隻所有人須申領由市政署發出的准照，並應定期辦理准照續期，倘動物死亡或遷離澳門則須提出取消准照的申請。有關數據將列出每季度本澳的有效犬隻准照數量。☯凡拥有满3个月月龄的犬隻所有人须申领由市政署发出的准照，并应定期办理准照续期，倘动物死亡或迁离澳门则须提出取消准照的申请。有关数据将列出每季度本澳的有效犬隻准照数量。☯Os proprietários de cães com três ou mais meses devem requerer a licença emitida pelo IAM, devendo renová-la periodicamente e, em caso de morte ou saída dos animais de Macau, devem apresentar o pedido de cancelamento da licença. Os dados vão indicar o número de licenças de cães válidas em Macau por trimestre.☯Owners of dogs aged 3 months or above are required to apply for a license issued by the Municipal Affairs Bureau (IAM), and the license should be renewed at regular intervals. In case of the animal’s death or relocation from Macao, an application for cancellation of the license is required to be made. The data lists the number of valid dog licenses in Macao for each quarter."
"565fda66-d8f5-4a90-9136-ec75bf7cd2bb","季度社會保障制度疾病津貼受領人次及金額(澳門元)☯季度社会保障制度疾病津贴受领人次及金额(澳门元)☯Número de vezes e montante (em patacas) de recebimento do subsídio de doença do regime da segurança social por trimestre☯Number of sickness allowance applications under the Social Security System and expenditure on sickness allowance in the quarter (patacas)","社會保障基金,社会保障基金,Fundo de Segurança Social,Social Security Fund","1","0","0","System.Object[]","59","82","2026-07-20 17:35:07","以季度方式提供在相關季度的期間內，疾病津貼的受領人次及金額☯以季度方式提供在相关季度的期间内，疾病津贴的受领人次及金额☯A prestação trimestral do número de vezes e montante de recebimento do subsídio de doença durante o respectivo trimestre☯Available on a quarterly basis, the number of sickness allowance applications and expenditure on sickness allowance in the relevant quarter"
"566a8b92-f0a5-4d7b-934f-fdb948e9e4ff","移走未繳納行車稅車輛☯移走未缴纳行车税车辆☯Falta de pagamento do imposto de circulação☯Falta de pagamento do imposto de circulação","交通事務局,交通事务局,Direcção dos Serviços para os Assuntos de Tráfego,Transport Bureau","1","0","0","System.Object[]","21","53","2026-05-28 01:00:22","移走未繳納行車稅車輛☯移走未缴纳行车税车辆☯Falta de pagamento do imposto de circulação☯Falta de pagamento do imposto de circulação"
"56a14a8a-e5f3-479c-95af-ca09cd1bdd8c","女性在囚人士☯女性在囚人士☯Reclusos de sexo feminino☯ ","統計暨普查局,统计暨普查局,Direcção dos Serviços de Estatística e Censos,Statistics and Census Service","0","1","0","System.Object[]","0","33","2025-11-10 14:49:03","在囚女性人士的數目。☯在囚女性人士的数目。☯Referem-se ao número de reclusos de sexo feminino.☯ "
"56ae5255-86e7-4087-98c9-ef0f4a0bbee9","季度社會保障制度提前獲發養老金受領人數及金額(澳門元)☯季度社会保障制度提前获发养老金受领人数及金额(澳门元)☯Número de beneficiários e montante (em patacas) de recebimento antecipação da pensão para idosos do regime da segurança social por trimestre☯Number of early old-age pension recipients under the Social Security System and expenditure on early old-age pension in the quarter (patacas)","社會保障基金,社会保障基金,Fundo de Segurança Social,Social Security Fund","1","0","0","System.Object[]","45","71","2026-07-20 17:35:11","以季度方式提供在相關季度的期間內，提前獲發養老金的受領人數及金額☯以季度方式提供在相关季度的期间内，提前获发养老金的受领人数及金额☯Número de beneficiários e montante (em patacas) de recebimento antecipação da pensão para idosos do regime da segurança social por trimestre☯Number of early old-age pension recipients under the Social Security System and expenditure on early old-age pension in the quarter (patacas)"
"56c7c94e-6003-4d7e-88b9-25b9277699c8","科技創新提升計劃項目統計☯科技创新提升计划项目统计☯Estatística do ""Programa de Reforço da Inovação Científica e Tecnológica""☯Statistics of ""Funding Scheme for Innovation and Technology Promotion""","經濟及科技發展局,经济及科技发展局,Direcção dos Serviços de Economia e Desenvolvimento Tecnológico,Macao Economic Bureau","1","0","0","System.Object[]","57","102","2024-12-30 10:38:52","科技創新提升計劃項目統計☯科技创新提升计划项目统计☯Estatística do ""Programa de Reforço da Inovação Científica e Tecnológica""☯Statistics of ""Funding Scheme for Innovation and Technology Promotion"""
"56de4a41-9b7d-4629-b92f-4cbe792a4f6a","少年感化院進院人數統計☯少年感化院进院人数统计☯Estatística sobre o número de entrada de jovens no Instituto de Menores☯Number of juveniles admitted to the Youth Correctional Institution","懲教管理局,懲教管理局,DSC,DSC","1","0","0","System.Object[]","31","51","2026-01-19 17:34:10","少年感化院進院人數統計☯少年感化院进院人数统计☯Estatística sobre o número de entrada de jovens no Instituto de Menores☯Number of juveniles admitted to the Youth Correctional Institution"
"57964cb5-5868-47e5-bd8d-334385467a21","垃圾房☯垃圾房☯Depósitos de lixo fechados☯Garbage chambers","市政署,市政署,Instituto para os Assuntos Municipais,Municipal Affairs Bureau","1","1","0","System.Object[]","88","204","2026-07-02 10:00:13","提供各區垃圾房的位置資訊。☯提供各区垃圾房的位置信息。☯Informações disponíveis sobre a localização dos depósitos de lixo fechados de diversas zonas☯Provide location information about garbage chambers in different districts"
"5796dfcc-1acc-4dc3-8bf2-4a3fcc7764d3","疾病預防控制範疇按歲組劃分的愛滋病病毒感染結存個案☯疾病预防控制范畴按岁组划分的爱滋病病毒感染结存个案☯ Número de casos existentes de VIH por grupo etário, na área de prevenção e controlo de doenças☯疾病預防控制範疇按歲組劃分的愛滋病病毒感染結存個案","衛生局,卫生局,Serviços de Saúde,Health Bureau","1","0","0","System.Object[]","49","74","2024-12-19 14:58:50","疾病預防控制範疇中，以歲組劃分的愛滋病病毒感染結存個案☯疾病预防控制范畴中，以岁组划分的爱滋病病毒感染结存个案☯Número de casos existentes de VIH  por grupo etário, na área de prevenção e controlo de doenças☯疾病預防控制範疇中，以歲組劃分的愛滋病病毒感染結存個案"
"57cfc1c5-18f3-4660-b238-1dc7ba488535","獎勵活動平均會期☯奖励活动平均会期☯Duração média dos eventos de incentivo☯ ","統計暨普查局,统计暨普查局,Direcção dos Serviços de Estatística e Censos,Statistics and Census Service","0","1","0","System.Object[]","0","25","2026-01-26 12:39:02","獎勵活動平均舉行的日數。☯奖励活动平均举行的日数。☯Refere-se ao número médio de dias de realização dos eventos de incentivo.☯ "
"57fc99fd-b8fa-4256-859d-6e6c2da66788","CEPA貨物出口貨值☯CEPA货物出口货值☯Valor das exportações de mercadorias no âmbito do CEPA☯Value of Exports of Goods under CEPA","經濟及科技發展局,经济及科技发展局,Direcção dos Serviços de Economia e Desenvolvimento Tecnológico,Macao Economic Bureau","1","0","0","System.Object[]","69","99","2026-07-10 15:05:05","提供CEPA貨物出口貨值統計資料☯提供CEPA货物出口货值统计资料☯Dados estatísticos do valor das exportações de mercadorias no âmbito do CEPA☯Statistics on value of exports of goods under CEPA"
"58255a62-6c4a-464a-8eb9-c8bb457213ad","發明專利延伸申請量☯发明专利延伸申请量☯Números dos Pedidos de Extensão de Patente de Invenção☯Number of Applications of Extension of Invention Patent","經濟及科技發展局,经济及科技发展局,Direcção dos Serviços de Economia e Desenvolvimento Tecnológico,Macao Economic Bureau","1","0","0","System.Object[]","36","70","2026-07-10 15:05:06","提供發明專利延伸申請統計資料☯提供发明专利延伸申请统计资料☯Dados estatísticos dos pedidos de extensão de patente de invenção☯Statistics on invention patent extension applications"
"582b9c00-a8a1-4cb4-a403-c4f8fa24e636","本地生產總值 - 服務出口☯本地生产总值 - 服务出口☯Produto Interno Bruto - Exportação de serviços☯Gross Domestic Product - Exports of services","統計暨普查局,统计暨普查局,Direcção dos Serviços de Estatística e Censos,Statistics and Census Service","0","1","0","System.Object[]","0","34","2025-12-04 13:08:38","服務出口表示本地居民向非本地居民提供（銷售）的服務。☯服务出口表示本地居民向非本地居民提供（销售）的服务。☯A exportação de serviços refere-se à prestação (ou venda) de serviços aos não residentes, pelos residentes da Região Administrativa Especial de Macau. ☯ "
"582f5794-e8bc-49eb-ab59-005d085b6262","少年感化院院生年齡統計☯少年感化院院生年龄统计☯Estatística sobre a classe etária dos jovens internados no Instituto de Menores☯Statistics of the ages of juveniles held in the Youth Correctional Institution","懲教管理局,懲教管理局,DSC,DSC","1","0","0","System.Object[]","67","125","2026-01-19 17:34:17","少年感化院院生年齡統計☯少年感化院院生年龄统计☯Estatística sobre a classe etária dos jovens internados no Instituto de Menores☯Statistics of the ages of juveniles held in the Youth Correctional Institution"
"582f9a6d-40cd-4a88-bcbf-8a11dc737642","司法警察局檢獲毒品的數量（以粒為單位）☯司法警察局检获毒品的数量（以粒为单位）☯Quantidades de estupefacientes apreendidos pela PJ (em comprimidos)☯Amount of drugs seized by the Judiciary Police (in pills)","司法警察局,司法警察局,PJ,PJ","1","0","0","System.Object[]","28","57","2026-08-13 14:52:17","司法警察局檢獲毒品的數量（以粒為單位）☯司法警察局检获毒品的数量（以粒为单位）☯Quantidades de estupefacientes apreendidos pela PJ (em comprimidos)☯Amount of drugs seized by the Judiciary Police (in pills)"
"58338e31-30ea-4292-96d0-5c8de646a608","自助辦理刑事紀錄證明書申請量☯自助办理刑事纪录证明书申请量☯Número de pedidos do certificado de registo criminal através de auto-atendimento☯Statistics on self-service applications for the Certificate of Criminal Record","身份證明局,身份证明局,Direcção dos Serviços de Identificação,Identification Bureau","1","0","0","System.Object[]","13","29","2026-01-29 11:21:03","經自助服務機辦理刑事紀錄證明書申請量☯经自助服务机办理刑事纪录证明书申请量☯Número de pedidos de certificado de registo criminal apresentados através dos quiosques de auto-atendimento☯Number of applications for Certificate of Criminal Record completed at self-service kiosk"
"589506bc-1a2d-4f40-a050-db434b41bdb5","澳門消費爭議調解及仲裁中心仲裁個案數據☯澳门消费争议调解及仲裁中心仲裁个案数据☯Dados sobre os casos de arbitragem tratados pelo Centro de Mediação e de Arbitragem de Conflitos de Consumo de Macau☯Data of arbitration cases at Macao Consumer Mediation and Arbitration Centre","經濟及科技發展局,经济及科技发展局,Direcção dos Serviços de Economia e Desenvolvimento Tecnológico,Macao Economic Bureau","1","0","0","System.Object[]","5","40","2024-12-31 12:37:09","澳門消費爭議調解及仲裁中心仲裁個案數據
☯澳门消费争议调解及仲裁中心仲裁个案数据
☯Dados sobre os casos de arbitragem tratados pelo Centro de Mediação e de Arbitragem de Conflitos de Consumo de Macau
☯Data of arbitration cases at Macao Consumer Mediation and Arbitration Centre
"
"58a501cd-4afc-431e-96a6-bbe911a874ca","熱門培訓課程☯热门培训课程☯Cursos de formação populares☯Popular training courses","澳門理工大學,澳门理工大学,Universidade Politécnica de Macau,Macao Polytechnic University","1","0","0","System.Object[]","19","52","2025-08-15 10:18:00","澳門理工大學熱門培訓課程☯澳门理工大学热门培训课程☯Cursos de formação popular da Universidade Politécnica de Macau.☯Popular training courses of Macao Polytechnic University."
"58f3e075-6f5c-4bc7-a103-bcd448e3f144","營業場所名稱及標誌註冊申請量☯营业场所名称及标志注册申请量☯Números dos Pedidos de Registo de Nome e Insígnia de Estabelecimento☯Number of Applications of Name and Emblem of Establishment Registration","經濟及科技發展局,经济及科技发展局,Direcção dos Serviços de Economia e Desenvolvimento Tecnológico,Macao Economic Bureau","1","0","0","System.Object[]","60","121","2026-07-10 15:05:03","提供營業場所名稱及標誌登記申請統計資料☯提供营业场所名称及标志登记申请统计资料☯Dados estatísticos dos pedidos de registo de nome ou insígnia de estabelecimento☯Statistics on applications for registration of name and emblem of establishment"
"597acb7b-814f-433d-9da8-1f71bea88644","進口未經檢疫的副食品☯进口食品的副食品☯A importação dos alimentos complementares não inspeccionados☯The import of uninspected complementary foods","中華人民共和國澳門特別行政區海關,中華人民共和國澳門特別行政區海關,SA,SA","1","1","0","System.Object[]","25","68","2024-07-29 11:31:43","海關檢獲未經檢疫之副食品☯海关检获未经检疫之副食品☯A importação dos alimentos complementares não inspeccionados☯The import of uninspected complementary foods"
"59ecf4e5-1454-45a2-99ea-20fb931faecc","非高等教育─特殊教育(融合生資料)☯非高等教育─特殊教育(融合生资料)☯Estatística educativa não Superior Ensino - Especial  (alunos sujeitos à educação inclusiva)☯-","教育及青年發展局,教育及青年发展局,Direcção dos Serviços de Educação e de Desenvolvimento da Juventude,Education and Youth Development Bureau","1","0","0","System.Object[]","39","80","2025-12-26 18:59:25","非高等教育─特殊教育(融合生資料)☯非高等教育─特殊教育(融合生资料)☯Estatística educativa não Superior Ensino - Especial  (alunos sujeitos à educação inclusiva)☯-"
"5a0ef999-51f5-4ea4-b0ac-2191311c6b2b","人才培養考證激勵計劃的獎勵目錄及獲獎人次統計☯人才培养考证激励计划的奖励目录及获奖人次统计☯Programa de Estímulo à Formação e aos Exames de Credenciação dos Quadros Qualificados☯""Talent Training and Certification Incentive Plan"" Reward Situation","人才發展委員會,人才发展委员会,Comissão de Desenvolvimento de Talentos,CDT","1","0","0","System.Object[]","23","36","2025-07-14 11:36:40","人才培養考證激勵計劃的獎勵目錄及獲獎人次統計☯人才培养考证激励计划的奖励目录及获奖人次统计☯Programa de Estímulo à Formação e aos Exames de Credenciação dos Quadros Qualificados☯Talent Training and Certification Incentive Plan"" Reward Situation"
"5a717ee8-06be-44f2-b21a-93b3d2ed2536","資助申請之統計☯资助申请之统计☯Estatísticas do Pedido de Apoio Financeiro☯Statistics of Financial Support","旅遊局,旅游局,Direcção dos Serviços de Turismo,Macao Government Tourism Office","1","0","0","System.Object[]","15","32","2026-04-23 15:52:32","資助申請之統計(旅遊局)─ “周遊列澳＂社區旅遊資助計劃、“味歷澳門＂美食推廣資助計劃和“濱海遊樂＂海上旅遊資助計劃☯资助申请之统计(旅游局)─“周游列澳＂社区旅游资助计划、“味历澳门＂美食推广资助计划和“滨海游乐＂海上旅游资助计划☯Estatísticas do Pedido de Apoio Financeiro (Direcção dos Serviços de Turismo):  Programas de Apoio Financeiro para Turismo Comunitário “Viajar por Macau”, Promoção Gastronómica “Sabores de Macau” e Turismo Marítimo “Diversões na orla costeira”☯Statistics of Financial Support (Macao Government Tourism Office): Financial Support Program for “Travel around Macao ” Community Tourism, “Taste of Macao” Food Promotion, and “Waterfront Fun” Maritime Tourism"
"5aee9f9e-2d7e-4cce-ba91-709b342891fa","社區醫療衛生 (衛生中心)衛生中心團體健康教育工作☯社区医疗卫生 (卫生中心)卫生中心团体健康教育工作☯Trabalho de educação sanitária dos centros de saúde destinado às associações, na área de cuidados de saúde comunitários(centros de saúde)☯社區醫療衛生 (衛生中心)衛生中心團體健康教育工作","衛生局,卫生局,Serviços de Saúde,Health Bureau","1","0","0","System.Object[]","82","67","2024-12-19 14:59:45","社區醫療衛生 (衛生中心)衛生中心團體健康教育工作☯社区医疗卫生 (卫生中心)卫生中心团体健康教育工作☯Trabalho de educação sanitária dos centros de saúde destinado às associações, na área de cuidados de saúde generalizados (centros de saúde)☯社區醫療衛生 (衛生中心)衛生中心團體健康教育工作"
"5b05bfa5-8d70-481a-a6c6-48e6b6cc2d97","醫務化驗師☯医务化验师☯Técnico de análises clínicas☯ ","統計暨普查局,统计暨普查局,Direcção dos Serviços de Estatística e Censos,Statistics and Census Service","0","1","0","System.Object[]","0","29","2025-11-10 14:48:59","根據第18/2020號法律《醫療人員專業資格及執業註冊制度》的醫務化驗師。☯根据第18/2020号法律《医疗人员专业资格及执业注册制度》的医务化验师。☯Refere-se ao ""Técnico de análises clínicas"", que está estabelecido na Lei n.º 18/2020, “Regime da qualificação e inscrição para o exercício de actividade dos profissionais de saúde”.☯ "
"5b11ac25-febf-4706-976f-0a86dc62a3f2","人力資源範疇按歲組劃分的人員分佈☯人力资源范畴按岁组划分的人员分布☯Distribuição do pessoal por grupo etário, na àrea de recursos humanos☯人力資源範疇按歲組劃分的人員分佈","衛生局,卫生局,Serviços de Saúde,Health Bureau","1","0","0","System.Object[]","80","71","2024-01-08 15:39:32","人力資源範疇中，以歲組劃分的人員分佈☯人力资源范畴中，以岁组划分的人员分布☯Distribuição do pessoal por grupo etário, na àrea de recursos humanos☯人力資源範疇中，以歲組劃分的人員分佈"
"5b894e8e-744f-4ce1-a7cb-acd7e126e3aa","《統計年刊 2024》疾病預防及控制中心 按歲組劃分的傷害事故人數☯《統計年刊 2024》疾病預防及控制中心 按歲組劃分的傷害事故人數☯CENTRO DE PREVENÇÃO E CONTROLO DA DOENÇA Número de acidentes por grupo etário☯CENTRO DE PREVENÇÃO E CONTROLO DA DOENÇA Número de acidentes por grupo etário","衛生局,卫生局,Serviços de Saúde,Health Bureau","1","0","0","System.Object[]","10","28","2025-10-28 17:40:41","《統計年刊 2024》疾病預防及控制中心 按歲組劃分的傷害事故人數☯《統計年刊 2024》疾病預防及控制中心 按歲組劃分的傷害事故人數☯CENTRO DE PREVENÇÃO E CONTROLO DA DOENÇA Número de acidentes por grupo etário☯CENTRO DE PREVENÇÃO E CONTROLO DA DOENÇA Número de acidentes por grupo etário"
"5ba0fa45-3713-45da-9a82-52d32b6ecb9c","按月統計登記求職者數據☯按月统计登记求职者数据☯Dados mensais de registro de desempregados☯Monthly statistics on registered jobseekers","勞工事務局,劳工事务局,Direcção dos Serviços para os Assuntos Laborais,Labour Affairs Bureau","1","0","0","System.Object[]","70","135","2026-05-14 12:04:22","提供按月劃分的登記求職者統計資料☯提供按月划分的登记求职者统计资料☯Fornece estatísticas mensais de candidatos a emprego registados☯Provides monthly statistics of registered job seekers"
"5bba681b-7fc3-4f58-a994-4a9ad6be201f","市政工程資訊-完成工程☯市政工程资讯-完成工程☯Informações sobre obras municipais - concluídas☯Municipal works information – completed works","市政署,市政署,Instituto para os Assuntos Municipais,Municipal Affairs Bureau","1","0","0","System.Object[]","14","47","2026-09-17 20:00:19","列出所有市政完成工程的相關資訊。☯列出所有市政完成工程的相关资讯。☯Listagem de todas as informações sobre obras municipais concluídas.☯List of information about all completed municipal works."
"5bfa340e-dd04-45f4-b507-41ca3f541ccd","第一組《公報》目錄☯第一组《公报》目录☯Boletim Oficial I Série Sumário☯Official Gazette Series I Contents","法務局,法务局,Direcção dos Serviços de Assuntos de Justiça,Legal Affairs Bureau","0","1","0","System.Object[]","0","52","2025-11-21 10:15:08","提供《澳門特別行政區公報》第一組目錄資料及內文連結。☯提供《澳门特别行政区公报》第一组目录数据及内文链接☯Sumário da I Série do Boletim Oficial da Região Administrativa☯Summary of the Official Gazette Series I of the Macao Special Administrative Region with hyperlinks to the text."
"5c28f0cf-1666-44bd-9339-50d81d28f0f7","飲水機☯饮水机☯Bebedouros☯Water dispensers","市政署,市政署,Instituto para os Assuntos Municipais,Municipal Affairs Bureau","1","1","0","System.Object[]","51","291","2026-09-19 10:00:04","提供各個飲水機地點及相關資訊。☯提供各个饮水机地点及相关资讯。☯Fornecimento da localização de bebedouros e respectivas informações.☯Provision of the location of each water dispenser and relevant information."
"5c54abdd-aada-4486-9683-121174f9fad6","澳門國際機場貨運量☯澳门国际机场货运量☯Volume de Carga no Aeroporto Internacional de Macau☯Volume of Cargo at Macau International Airport","民航局,民航局,Autoridade de Aviação Civil,Civil Aviation Authority","0","1","0","System.Object[]","39","176","2023-12-15 17:52:36","按年提供澳門國際機場的貨運數量☯按年提供澳门国际机场的货运数量☯Fornecer anualmente o volume de carga no Aeroporto Internacional de Macau☯Provides the volume of cargo at Macau International Airport annually"
"5ca58222-41a0-4e83-8e9d-fc114d491d79","統計分區人流分析☯统计分区人流分析☯Análise do fluxo de pessoas nas zonas estatísticas☯Districts statistical data of visitors","旅遊局,旅游局,Direcção dos Serviços de Turismo,Macao Government Tourism Office","1","0","0","System.Object[]","166","343","2022-11-30 15:37:15","內地旅客到訪統計分區數據
按首五位內地來源地之首五位統計分區

備註：到訪統計分區的內地訪澳旅客為可識別來源地的人次☯内地旅客到访统计分区数据
按首五位内地来源地之首五位统计分区

备注：到访统计分区的内地访澳旅客为可识别来源地的人次☯Dados sobre a chegada dos visitantes do Interior da China às zonas estatísticas 
As primeiras cinco zonas estatísticas classificadas segundo os primeiros cinco locais de origem do Interior da China

Nota: Número dos visitantes do Interior da China cujos locais de origem podem ser identificados aquando da sua chegada às zonas estatísticas☯Districts statistical data of Mainland China visitors
Top 5 districts' statistics by top 5 visitors' places of origin

Remark: Mainland China visitors in statistical district with identifiable origin"
"5cabfbe1-7095-4f29-9ead-16683dde88c6","本地生產總值實質變動率 - 私人消費支出☯本地生产总值实质变动率 - 私人消费支出☯Taxa de variação real do Produto Interno Bruto - Despesa de consumo privado☯ ","統計暨普查局,统计暨普查局,Direcção dos Serviços de Estatística e Censos,Statistics and Census Service","0","1","0","System.Object[]","0","29","2025-11-10 14:47:10","剔除價格變化因素後的私人消費支出變動，用以衡量常住的住戶以及服務住戶的非牟利機構在購入貨物及服務消費支出的實質變動。☯剔除价格变化因素后的私人消费支出变动，用以衡量常住的住户以及服务住户的非牟利机构在购入货物及服务消费支出的实质变动。☯A variação da despesa de consumo privado, após a eliminação dos factores que influenciam os preços, serve para medir a variação real da despesa em consumo de bens e serviços, efectuada pelas famílias residentes e pelas instituições sem fins lucrativos ao serviço das famílias (ISFLSF).☯ "
"5d375a00-7c6a-4d73-860e-e275b51c4aa1","民航局回覆的立法會議員書面質詢☯民航局回覆的立法会议员书面质询☯Interpelações escritas feitas pela AACM☯Written interpellations handled by AACM","民航局,民航局,Autoridade de Aviação Civil,Civil Aviation Authority","1","0","0","System.Object[]","72","109","2026-07-07 12:38:32","民航局回覆的立法會議員書面質詢☯民航局回覆的立法会议员书面质询☯Interpelações escritas feitas pela AACM☯Written interpellations handled by AACM"
"5d3e2013-4778-4999-9974-3b6448d82f9a","海關處理的查詢,投訴及舉報☯海关处理的查询,投诉及举报☯Estatística sobre assuntos relacionados com consulta, queixa e denúncia, tratados pelos SA☯Inquiries, complaints and reports handled by customs","中華人民共和國澳門特別行政區海關,中華人民共和國澳門特別行政區海關,SA,SA","1","1","0","System.Object[]","35","75","2024-07-29 11:31:47","海關處理的查詢,投訴及舉報事務統計☯海关处理的查询,投诉及举报事务统计☯Estatística sobre assuntos relacionados com consulta, queixa e denúncia, tratados pelos SA☯Statistics on inquiries, complaints and reports handled by customs"
"5d57ad8e-a3ec-4c1a-befe-61f7bcdffa21","工作意外統計數據 - 按行業統計工作意外受害人數☯工作意外统计数据 - 按行业统计工作意外受害人数☯Dados estatísticos dos acidentes de trabalho - Vítimas de acidentes de trabalho por ramos de actividade económica☯Statistics on occupational accidents - Number of occupational accident victims by industry","勞工事務局,劳工事务局,Direcção dos Serviços para os Assuntos Laborais,Labour Affairs Bureau","1","0","0","System.Object[]","21","51","2026-07-31 16:25:22","按行業統計工作意外受害人數☯按行业统计工作意外受害人数☯Vítimas de acidentes de trabalho por ramos de actividade económica ☯Number of occupational accident victims by industry"
"5daa3d43-ec80-46ba-b5ad-8320ac4fee51","《統計年刊 2024》社區醫療衛生範疇 - 其他 病毒學－按檢驗項目劃分的檢驗數目☯《統計年刊 2024》社區醫療衛生範疇 - 其他 病毒學－按檢驗項目劃分的檢驗數目☯CUIDADOS DE SAÚDE COMUNITÁRIOS - OUTROS Virologia - Nº. de análises realizadas por parâmetro☯CUIDADOS DE SAÚDE COMUNITÁRIOS - OUTROS Virologia - Nº. de análises realizadas por parâmetro","衛生局,卫生局,Serviços de Saúde,Health Bureau","1","0","0","System.Object[]","13","23","2025-10-28 17:41:26","《統計年刊 2024》社區醫療衛生範疇 - 其他 病毒學－按檢驗項目劃分的檢驗數目☯《統計年刊 2024》社區醫療衛生範疇 - 其他 病毒學－按檢驗項目劃分的檢驗數目☯CUIDADOS DE SAÚDE COMUNITÁRIOS - OUTROS Virologia - Nº. de análises realizadas por parâmetro☯CUIDADOS DE SAÚDE COMUNITÁRIOS - OUTROS Virologia - Nº. de análises realizadas por parâmetro"
"5dc8725b-9e94-4406-b917-63c324efc4ce","貿易差額☯贸易差额☯Saldo da balança comercial☯Trade balance","統計暨普查局,统计暨普查局,Direcção dos Serviços de Estatística e Censos,Statistics and Census Service","0","1","0","System.Object[]","0","31","2024-12-30 17:13:35","貿易差額相等於出口減進口價值，正數稱為貿易順差，負數稱為貿易逆差。☯贸易差额相等于出口减进口价值，正数称为贸易顺差，负数称为贸易逆差。☯O saldo da balança comercial obtém-se, retirando-se o valor das importações às exportações. Se o saldo desta balança for positivo, denomina-se de superavit, ao saldo oposto, chama-se défice.☯Trade balance equals export value minus import value. A positive balance denotes a trade surplus, whereas a negative balance denotes a trade deficit."
"5e1aecd9-4e61-4b52-98a3-3b46a4bbc5b4","公共下水道網絡記錄圖申請數據☯公共下水道网络记錄图申请数据☯Dados referentes ao pedido do cadastro da rede pública de drenagem☯Dados referentes ao pedido do cadastro da rede pública de drenagem","公共建設局,功能建设局,DSOP,DSOP","1","0","0","System.Object[]","22","70","2025-06-11 09:12:16","本澳的公共下水道網絡記錄圖申請數據。☯本澳的公共下水道网络记錄图申请数据。☯Dados referentes ao pedido do cadastro da rede pública de drenagem de Macau.☯Dados referentes ao pedido do cadastro da rede pública de drenagem de Macau."
"5e3ec731-feee-4c93-89a9-6920367db197","藥房技術助理☯药房技术助理☯Ajudante técnico de farmácia☯ ","統計暨普查局,统计暨普查局,Direcção dos Serviços de Estatística e Censos,Statistics and Census Service","0","1","0","System.Object[]","0","26","2025-11-10 14:48:26","根據第18/2020號法律《醫療人員專業資格及執業註冊制度》的藥房技術助理。☯根据第18/2020号法律《医疗人员专业资格及执业注册制度》的药房技术助理。☯Refere-se ao ""Ajudante técnico de farmácia"", que está estabelecido na Lei n.º 18/2020, “Regime da qualificação e inscrição para o exercício de actividade dos profissionais de saúde”.☯ "
"5e9d6197-0ff5-4955-98bd-9406dba78c5a","空路出境旅客☯空路出境旅客☯Saídas de visitantes por via aérea☯ ","統計暨普查局,统计暨普查局,Direcção dos Serviços de Estatística e Censos,Statistics and Census Service","0","1","0","System.Object[]","0","25","2025-12-01 10:48:11","通過機場從本地出發前往其他地區的旅客總數。☯通过机场从本地出发前往其他地区的旅客总数。☯Referem-se ao número total de visitantes que saíram da Região Administrativa Especial de Macau para outro território/país por via aérea.☯ "
"5ea00938-ac46-4434-a94b-ff53532438fe","公積金制度-供款人-按性別劃分☯公积金制度-供款人-按性别划分☯Regime de Previdência - Contribuintes - Por sexo☯ ","退休基金會,退休基金会,Fundo de Pensões,Pension Fund","1","0","0","System.Object[]","70","100","2026-05-21 16:59:59","按年及性別統計公積金制度中供款人之人數☯按年及性别统计公积金制度中供款人之人数☯Estatística do n.º de contribuintes do Regime de Previdência por ano e sexo☯ "
"5ea7e6ac-db0d-4e6f-8ea3-10d0d416e06a","中國與葡語國家商貿合作服務平台展示館訪客人數記錄☯中国与葡语国家商贸合作服务平台展示馆访客人数记录☯Registro de número de visitantes do Pavilhão de Exposição da Plataforma de Serviços para a Cooperação Comercial entre a China e os Países de Língua Portuguesa☯Visitor Report of Pavilion of China-Portuguese-speaking Countries Commercial and Trade Service Platform","招商投資促進局,招商投资促进局,IPIM,IPIM","1","0","0","System.Object[]","20","92","2026-07-02 15:19:47","為進一步擴展中國與葡語國家商貿合作服務平台功能，結合“中國與葡語國家商貿合作服務平台綜合體”實體空間以推動中國與葡語國家之間的貿易、會展及文化等領域發展，本局在綜合體地庫一層設置佔地約1,800平方米的“中國與葡語國家商貿合作服務平台展示館”，通過二千多件實物展品及配合多媒體，多維度展示推動中葡平台建設相關資訊，並設有商貿服務設施等，讓各地企業及訪客認識瞭解澳門“中葡平台”的發展歷程、葡語國家的營商環境及特色產品及服務，為中葡企業經貿洽談搭建交流橋樑。☯为进一步扩展中国与葡语国家商贸合作服务平台功能，结合“中国与葡语国家商贸合作服务平台综合体”实体空间以推动中国与葡语国家之间的贸易、会展及文化等领域发展，本局在综合体地库一层设置佔地约1,800平方米的“中国与葡语国家商贸合作服务平台展示馆”，通过二千多件实物展品及配合多媒体，多维度展示推动中葡平台建设相关资讯，并设有商贸服务设施等，让各地企业及访客认识瞭解澳门“中葡平台”的发展歷程、葡语国家的营商环境及特色产品及服务，为中葡企业经贸洽谈搭建交流桥樑。☯Com o objectivo de alargar as funções da Plataforma de Serviços para a Cooperação Comercial entre a China e os Países de Língua Portuguesa e de impulsionar, em articulação com o espaço físico do Complexo da Plataforma de Serviços para a Cooperação Comercial entre a China e os Países de Língua Portuguesa, o desenvolvimento da cooperação entre a China e os Países de Língua Portuguesa no âmbito de comércio, das convenções e exposições, da cultura e entre outros, o IPIM estabeleceu, na cave 1 do Complexo, o Pavilhão de Exposição da Plataforma de Serviços para a Cooperação Comercial entre a China e os Países de Língua Portuguesa, com uma área total aproximada de 1.800 metros quadrados. Neste Pavilhão, encontram-se expostos mais de dois mil artigos físicos, aliados aos recursos de multimédia, dando ao público conhecer informações relativas à promoção da construção da Plataforma Sino-Lusófona em diferentes dimensões. Além disso, também se encontram disponíveis, no local, instalações para serviços comerciais. Tudo isto permite às empresas e visitantes oriundos de outros países e regiões conhecer a história de desenvolvimento de Macau enquanto Plataforma Sino-Lusófona e o ambiente de negócios, produtos característicos e serviços dos Países de Língua Portuguesa, bem como disponibilizar uma plataforma para promover contactos e diálogos económicos e comerciais entre as empresas da China e dos Países Lusófonos.☯Aiming to further expand the function as a Commercial and Trade Co-operation Service Platform between China and Portuguese-speaking countries, and combining the Complex of Commerce and Trade Co-operation Platform for China and Portuguese-speaking Countries to foster collaboration in areas including trade, conventions and exhibitions, culture and creativity between China and PSCs, IPIM has set up the Pavilion of China-Portuguese-speaking Countries Commercial and Trade Service Platform in Basement Level 1. Covering around 1,800 square metres, the Pavilion features more than 2,000 products and a great deal of multi-media to showcase the developments of China-PSC platform in a multi-faceted way. In order to serve as a communication bridge for business collaboration between Chinese and PSCs’ enterprises, the Pavilion also has commercial and trade service facilities, explaining to enterprises and visitors from different parts of the world how Macao’s China-PSC platform grew, the business environments in PSCs, as well as PSCs’ products and services."
"5eba282f-a1f9-4f68-9b80-7901e56f7f06","無人機活動☯无人机活动☯Atividades de drones☯Drone activities","民航局,民航局,Autoridade de Aviação Civil,Civil Aviation Authority","1","0","0","System.Object[]","247","467","2026-07-03 18:15:14","按季度提供本澳無人機活動數據☯按季度提供本澳无人机活动数据☯Fornecer dados de atividades de drones em Macau por trimestre☯Provide drone activities data in Macau by quarter"
"5ec9cb5e-03bc-441b-97b0-a6ace34adefa","語言治療師☯语言治疗师☯Terapeuta da fala☯ ","統計暨普查局,统计暨普查局,Direcção dos Serviços de Estatística e Censos,Statistics and Census Service","0","1","0","System.Object[]","0","28","2025-11-10 14:48:42","根據第18/2020號法律《醫療人員專業資格及執業註冊制度》的語言治療師。☯根据第18/2020号法律《医疗人员专业资格及执业注册制度》的语言治疗师。☯Refere-se ao ""Terapeuta da fala"", que está estabelecido na Lei n.º 18/2020, “Regime da qualificação e inscrição para o exercício de actividade dos profissionais de saúde”.☯ "
"5f370741-3e63-4d04-b2d7-e5caac4ab93a","非高等教育職業技術課程學生人數 (按年齡和性別劃分)☯非高等教育职业技术课程学生人数 (按年龄和性别划分)☯Número de alunos de ensino técnico-profissional (Classificado por idade e sexo)(Estatística educativa não Superior)☯-","教育及青年發展局,教育及青年发展局,Direcção dos Serviços de Educação e de Desenvolvimento da Juventude,Education and Youth Development Bureau","1","0","0","System.Object[]","16","39","2025-12-26 18:59:38","職業技術課程學生人數 (按年齡和性別劃分)
☯职业技术课程学生人数 (按年龄和性别划分)
☯Número de alunos de ensino técnico-profissional (Classificado por idade e sexo)
☯-"
"5fc2cbce-d8ed-4967-975c-a8ce72a335b9","收取敬老金人數☯收取敬老金人数☯Número de pessoas que recebem o subsídio para idosos☯---","社會工作局,社會工作局,Instituto de Acção Social,Social Welfare Bureau","1","0","0","System.Object[]","91","250","2026-03-16 11:17:53","收取敬老金人數☯收取敬老金人数☯Número de pessoas que recebem o subsídio para idosos☯---"
"5fdb54a5-5faf-457c-bd88-cdd3ef4a5768","獲發使用准照酒店資料☯获发使用准照酒店资料☯Informações sobre os empreendimentos hoteleiros com licença de utilização☯Information on the hotels issued with a license to use","土地工務局,土地工務局,DSSCU,DSSCU","1","0","0","System.Object[]","47","93","2026-07-29 17:13:12","於參考期間獲發使用准照 (俗稱""入伙紙"")的酒店資料☯于参考期间获发使用准照 (俗称""入伙纸"")的酒店资料☯Informações sobre os empreendimentos hoteleiros com licença de utilização, emitida durante o período de referência.☯Information on the hotels that have been licensed for use during the reference period"
"6030c3cf-f6e8-472f-a00c-12869d21db1d","空運貨物毛重☯空运货物毛重☯Peso bruto da carga aérea☯Gross weight of air cargo","統計暨普查局,统计暨普查局,Direcção dos Serviços de Estatística e Censos,Statistics and Census Service","0","1","0","System.Object[]","5","45","2025-11-14 17:17:45","經澳門國際機場處理的進口、出口及轉口貨物的總毛重（不包括郵件和乘客行李）。☯经澳门国际机场处理的进口、出口及转口货物的总毛重（不包括邮件和乘客行李）。☯Peso bruto total das mercadorias importadas, exportadas e em regime de trânsito, processadas no Aeroporto Internacional de Macau (excluindo correio e bagagem de passageiros).☯Total gross weight of inward, outward and transit cargo handled at Macau International Airport (excluding mail and passenger luggage)."
"608519e5-0c3d-4193-a9f1-55539982ee80","旅行社在職員工☯旅行社在职员工☯Pessoal ao serviço das agências de viagens☯ ","統計暨普查局,统计暨普查局,Direcção dos Serviços de Estatística e Censos,Statistics and Census Service","0","1","0","System.Object[]","0","29","2026-01-26 12:46:24","在旅行社工作的全職和兼職員工總數。☯在旅行社工作的全职和兼职员工总数。☯Refere-se ao número total de trabalhadores remunerados a tempo completo e parcial que laboram nas agências de viagens.☯ "
"608f723d-173e-4515-ac25-8829386bc2a0","獎勵活動☯奖励活动☯Eventos de incentivo☯ ","統計暨普查局,统计暨普查局,Direcção dos Serviços de Estatística e Censos,Statistics and Census Service","0","1","0","System.Object[]","0","27","2026-01-26 12:39:06","獎勵活動的數量，這些活動在酒店、大型會議展覽中心等收費場地舉行。☯奖励活动的数量，这些活动在酒店、大型会议展览中心等收费场地举行。☯Referem-se ao número de eventos de incentivo. Os eventos realizam-se em locais arrendados, nomeadamente, em hotéis, em grandes centros de convenções e exposições, etc.☯ "
"6098f6a6-9223-457d-a254-013428442f85","違法青少年個案數目☯违法青少年个案数目☯Número de casos de jovens infractores☯---","社會工作局,社會工作局,Instituto de Acção Social,Social Welfare Bureau","1","0","0","System.Object[]","55","78","2026-08-10 17:45:26","違法青少年個案數目☯违法青少年个案数目☯Número de casos de jovens infractores☯---"
"60bb7aa8-76bb-40e9-b96c-ecae8cbacc6f","澳門高等院校非教學人員人數統計─按來源地劃分☯澳门高等院校非教学人员人数统计─按来源地划分☯Dados estatísticos do número de pessoal não docente das instituições do ensino superior de Macau (classificados por recrutamento local e do exterior) ☯-","教育及青年發展局,教育及青年发展局,Direcção dos Serviços de Educação e de Desenvolvimento da Juventude,Education and Youth Development Bureau","1","0","0","System.Object[]","39","37","2025-12-15 16:01:32","按學年方式，提供按來源地劃分的澳門高等院校非教學人員人數。☯按学年方式，提供按来源地划分的澳门高等院校非教学人员人数。☯Número de pessoal não docente das instituições do ensino superior de Macau (classificados por recrutamento local e do exterior), calculado de acordo com o ano lectivo.☯-"
"617ad45c-f1c8-461d-9ba7-e2da3de7b7cc","節日盛事表☯节日盛事表☯Calendário de Eventos☯Event Calendar","旅遊局,旅游局,Direcção dos Serviços de Turismo,Macao Government Tourism Office","1","0","0","System.Object[]","819","336","2026-09-12 08:08:44","節日盛事表─澳門擁有獨特的節慶文化，既有農曆新年、土地誕、端午節等中國傳統節慶，還有復活節、花地瑪聖像巡遊、聖誕節等西方節日。除節慶外，澳門每年都舉辦多項大型的國際盛事。☯节日盛事表─澳门拥有独特的节庆文化，既有农历新年、土地诞、端午节等中国传统节庆，还有复活节、花地玛圣像巡游、圣诞节等西方节日。除节庆外，澳门每年都举办多项大型的国际盛事。☯Calendário de Eventos - Macau possui uma cultura festiva única, incluindo as tradicionais celebrações chinesas do Ano Novo Lunar, a Festa do Deus Tou Tei, o Festival Tun Ng (Festival dos Barcos-Dragão), bem como as importantes festividades ocidentais da Páscoa, da Procissão da Nossa Senhora de Fátima e do Natal. Além disso, grandes eventos internacionais são realizados em Macau.☯Event Calendar - Macao boasts a unique festival culture, including such traditional Chinese celebrations as Lunar New Year, Feast of the God Tou Tei, the Tun Ng Festival (Dragon Boat Festival) as well as the important Western festivals of Easter, Procession of our Lady of Fátima, and Christmas. In addition, many large-scale international events are held in Macao."
"61a2fe8b-db5a-4ebd-8349-3746f6530e53","街市熟食檔盈利☯街市熟食档盈利☯Excedente bruto dos lugares de comidas e bebidas nos mercados municipais☯ ","統計暨普查局,统计暨普查局,Direcção dos Serviços de Estatística e Censos,Statistics and Census Service","0","1","0","System.Object[]","0","24","2026-01-26 12:39:36","街市熟食檔的收入減去經營費用、員工支出、購貨及佣金支出等費用，再加上庫存變動後的淨利潤。☯街市熟食档的收入减去经营费用、员工支出、购货及佣金支出等费用，再加上库存变动后的净利润。☯Refere-se ao valor líquido do lucro dos lugares de comidas e bebidas nos mercados municipais que é igual às receitas menos despesas de exploração, menos despesas com pessoal, menos despesas em compras de mercadorias e comissões pagas, etc., mais variação de existência.☯ "
"61b9200d-a9de-4415-88d9-91e5b04efa6f","非強制央積金—按年齡及性別劃分的帳戶擁有人☯非强制央积金—按年龄及性别划分的帐户拥有人☯Titulares de contas classificados conforme as idades e sexos☯Account holders classified by age and gender","社會保障基金,社会保障基金,Fundo de Segurança Social,Social Security Fund","1","0","0","System.Object[]","14","55","2026-09-01 17:20:54","非強制央積金—按年齡及性別劃分的帳戶擁有人☯非強制央積金—按年齡及性別劃分的帳戶擁有人☯Titulares de contas classificados conforme as idades e sexos☯Account holders classified by age and gender"
"62199681-c980-4204-989b-2385c8c3ec93","在澳門發生的嚴重犯罪案件立案宗數☯在澳门发生的严重犯罪案件立案宗数☯Crimes mais relevantes ocorridos em Macau☯Number of felonies took place in Macao and placed on file for investigation","司法警察局,司法警察局,PJ,PJ","1","0","0","System.Object[]","71","121","2026-08-13 14:50:32","在澳門發生的嚴重犯罪案件立案宗數☯在澳门发生的严重犯罪案件立案宗数☯Crimes mais relevantes ocorridos em Macau☯Number of felonies took place in Macao and placed on file for investigation"
"623626e2-2a97-467f-92db-253a8a439462","澳門高等院校畢業學生人數統計─按來源地劃分☯澳门高等院校毕业学生人数统计─按来源地划分☯Dados estatísticos do número de estudantes graduados das instituições do ensino superior de Macau (classificados por número de estudantes locais e do exterior)☯-","教育及青年發展局,教育及青年发展局,Direcção dos Serviços de Educação e de Desenvolvimento da Juventude,Education and Youth Development Bureau","1","0","0","System.Object[]","28","52","2025-12-15 16:02:55","按學年方式，提供按來源地劃分的澳門高等院校畢業學生人數。☯按学年方式，提供按来源地划分的澳门高等院校毕业学生人数。☯Número de estudantes graduados das instituições do ensino superior de Macau (classificados por número de estudantes locais e do exterior), calculado de acordo com o ano lectivo.☯-"
"625fe777-b72a-49c1-bd7c-34872dc02e4f","屬卡拉OK類型之場地資料☯属卡拉OK类型之场地资料☯Informações dos  ""Karaoke""☯Information of Karaokes","旅遊局,旅游局,Direcção dos Serviços de Turismo,Macao Government Tourism Office","1","1","0","System.Object[]","80","282","2026-08-26 07:40:03","已領有牌照之實體 - 屬卡拉OK類型之場地資料 ☯已领有牌照之实体 - 属卡拉OK类型之场地资料☯Informações dos entidades Licenciadas - ""Karaoke""☯Information of licensed Entities - Karaokes "
"626b4fae-6f96-4db0-8a2d-05900c840829","特區政府RSS訂閱目錄☯特区政府RSS订阅目录☯RAEM Directório RSS☯RAEM RSS Feeds","行政公職局,行政公职局,Direcção dos Serviços de Administração e Função Pública,Public Administration and Civil Service Bureau","0","1","0","System.Object[]","0","65","2025-07-03 18:24:21","特區政府RSS訂閱目錄☯特区政府RSS订阅目录☯RAEM Directório RSS☯RAEM RSS Feeds"
"62825af4-60ac-495f-8519-c4d5cf7e9a29","兒童及青少年院舍數目及宿位數目☯儿童及青少年院舍数目及宿位数目☯Número de lares de crianças e jovens e número de vagas☯---","社會工作局,社會工作局,Instituto de Acção Social,Social Welfare Bureau","1","0","0","System.Object[]","27","103","2026-02-05 11:54:53","兒童及青少年院舍數目及宿位數目☯儿童及青少年院舍数目及宿位数目☯Número de lares de crianças e jovens e número de vagas☯---"
"629f6591-b09c-42b3-937a-bd6ca9a64bb2","非強制央積金—公積金共同計劃僱主數目☯非强制央积金—公积金共同计划雇主数目☯Regime de previdência central não obrigatório - Número de empregadores do plano conjunto de previdência☯Non-mandatory central provident fund system - the number of employers of the joint provident fund scheme","社會保障基金,社会保障基金,Fundo de Segurança Social,Social Security Fund","1","0","0","System.Object[]","101","166","2026-07-21 11:48:08","由2018年非強制央積金實施起, 累計設立公積金共同計劃的僱主數目。☯由2018年非强制央积金实施起, 累计设立公积金共同计划的雇主数目。☯Desde a implementação do regime de previdência central não obrigatório em 2018, o número acumulado de empregadores que criaram o plano conjunto de previdência.☯Since the implementation of non-mandatory central provident fund system in 2018, the cumulative number of employers who have established a joint provident fund scheme."
"62c3ca8c-4146-4e03-8f5c-c3c528c23baf","澳門特別行政區立法會選舉結果 – 間接選舉投票結果☯澳门特别行政区立法会选举结果 - 间接选举投票结果☯Resultado das eleições legislativas da Região Administrativa Especial de Macau – votação por sufrágio indirecto☯Resultado das eleições legislativas da Região Administrativa Especial de Macau – votação por sufrágio indirecto","行政公職局,行政公职局,Direcção dos Serviços de Administração e Função Pública,Public Administration and Civil Service Bureau","1","0","0","System.Object[]","22","52","2026-02-02 12:21:04","由2001年至今，澳門特別行政區立法會選舉，間接選舉投票結果☯由2001年至今，澳门特别行政区立法会选举，间接选举投票结果☯Resultado das eleições legislativas da Região Administrativa Especial de Macau por sufrágio indirecto, de 2001 até ao presente☯Resultado das eleições legislativas da Região Administrativa Especial de Macau por sufrágio indirecto, de 2001 até ao presente"
"62cd7274-743e-4392-8455-1f2be997175f","持有效殘疾評估登記證的人數☯持有效残疾评估登记证的人数☯Número de pessoas portadoras do cartão válido de registo de avaliação de deficiência☯---","社會工作局,社會工作局,Instituto de Acção Social,Social Welfare Bureau","1","0","0","System.Object[]","61","92","2026-08-10 17:45:04","持有效殘疾評估登記證的人數☯持有效残疾评估登记证的人数☯Número de pessoas portadoras do cartão válido de registo de avaliação de deficiência☯---"
"6317619a-51fb-41e6-a591-c0d9d697adb4","以被調查者中私營機構作為分類的個案數☯以被调查者中私营机构作为分类的个案数☯Número de casos classificados em instituição privada sujeita à investigação☯Number of cases classified when the investigated party was a private institution","個人資料保護局,个人资料保护局,DSPDP,DSPDP","1","0","0","System.Object[]","10","28","2025-12-04 10:41:57","個人資料保護局以被調查者中私營機構作為分類的個案數☯个人资料保护局以被调查者中私营机构作为分类的个案数☯Número de casos classificados em instituição privada sujeita à investigação da DSPDP☯Number of cases classified when the investigated party was a private institution by the Personal Data Protection Bureau "
"63415324-7404-4fe3-8542-7c2efe2ba446","意外及有害效應的死亡佔比☯意外及有害效应的死亡占比☯Proporção de óbitos por acidentes e efeitos adversos☯ ","統計暨普查局,统计暨普查局,Direcção dos Serviços de Estatística e Censos,Statistics and Census Service","0","1","0","System.Object[]","0","28","2025-11-10 14:49:39","因意外及有害效應致死的人數佔全年死亡人數的比例。☯因意外及有害效应致死的人数占全年死亡人数的比例。☯Percentagem de óbitos por acidentes e efeitos adversos em relação ao número de óbitos no ano de referência.☯ "
"635a1beb-057a-41a0-8f1f-763c2d350c50","本地生產總值實質變動率 - 貨物進口☯本地生产总值实质变动率 - 货物进口☯Taxa de variação real do Produto Interno Bruto - Importação de bens☯ ","統計暨普查局,统计暨普查局,Direcção dos Serviços de Estatística e Censos,Statistics and Census Service","0","1","0","System.Object[]","0","28","2025-11-10 14:47:39","剔除價格變化因素後的貨物進口變動，用以衡量源自外地並輸入本地貨物的實質變動。☯剔除价格变化因素后的货物进口变动，用以衡量源自外地并输入本地货物的实质变动。☯A variação da importação de bens, após a eliminação dos factores que influenciam os preços, serve para medir a variação real das mercadorias provenientes do exterior que foram importadas para a Região Administrativa Especial de Macau.☯ "
"63a3e373-6512-4cb4-8682-663ab3005a9d","澳門基金會獎學金和獎勵批給統計☯澳门基金会奖学金和奖励批给统计☯Os dados estatísticos dos prémios e bolsas de estudo atribuídos pela FM☯Os dados estatísticos dos prémios e bolsas de estudo atribuídos pela FM","澳門基金會,澳門基金會,FM,FM","1","0","0","System.Object[]","22","38","2024-12-30 15:34:19","澳門基金會權限機關批給獎學金和獎勵的人次及金額。☯澳门基金会权限机关批给奖学金和奖励的人次及金额☯O nº de pessoas a quem foram atribuídos prémios e bolsas de estudo pela Fundação Macau e os seus montantes☯O nº de pessoas a quem foram atribuídos prémios e bolsas de estudo pela Fundação Macau e os seus montantes"
"63b99551-539d-4381-967e-bfb82f4e7c05","即時特別天氣訊息☯即时特别天气讯息☯Informação Meteorológica Especial☯Special Weather Information","地球物理氣象局,地球物理气象局,irecção dos Serviços Meteorológicos e Geofísicos,Meteorological and Geophysical Bureau","0","0","1","System.Object[]","0","645","2022-02-10 12:22:16","提供天氣轉變資訊或惡劣天氣發生前的預警訊息等。☯提供天气转变信息或恶劣天气发生前的预警讯息等。☯Informações sobre condições meteorológicas adversas e avisos antecipados.☯Provide alert information on weather change or severe weather.  "
"642ac60b-5e6a-4352-a682-5739baeae3ee","退休基金管理實體數目☯退休基金管理实体数目☯Informações de sociedades gestoras de fundos de pensões☯Informações de sociedades gestoras de fundos de pensões","澳門金融管理局,澳門金融管理局,AMCM,AMCM","1","0","0","System.Object[]","21","44","2026-09-08 17:04:41","退休基金管理實體的數目。☯退休基金管理实体的数目。☯Número total de sociedades gestoras de fundos de pensões☯Número total de sociedades gestoras de fundos de pensões"
"643df1d3-dc7d-495d-981f-1992f370b2cf","心理治療師☯心理治疗师☯Psicólogo☯ ","統計暨普查局,统计暨普查局,Direcção dos Serviços de Estatística e Censos,Statistics and Census Service","0","1","0","System.Object[]","0","28","2025-11-10 14:48:39","根據第18/2020號法律《醫療人員專業資格及執業註冊制度》的心理治療師。☯根据第18/2020号法律《医疗人员专业资格及执业注册制度》的心理治疗师。☯Refere-se ao ""Psicólogo"", que está estabelecido na Lei n.º 18/2020, “Regime da qualificação e inscrição para o exercício de actividade dos profissionais de saúde”.☯ "
"64563c38-d475-40ab-a68e-5e12e9de1e56","持有效殘疾評估登記證各類別累計人數☯持有效残疾评估登记证各类别累计人数☯O total acumulado de pessoas portadoras do cartão válido divididas segundo o tipo de deficiência☯--","社會工作局,社會工作局,Instituto de Acção Social,Social Welfare Bureau","1","0","0","System.Object[]","15","32","2026-07-24 16:55:54","持有效殘疾評估登記證各類別累計人數，類別包括肢體殘疾、視力殘疾、聽力殘疾、智力殘疾、精神殘疾、語言殘疾和多重殘疾，其中的多重殘疾指持證人具有多於一類的殘疾☯持有效残疾评估登记证各类别累计人数，类别包括肢体残疾、视力残疾、听力残疾、智力残疾、精神残疾、语言残疾和多重残疾，其中的多重残疾指持证人具有多于一类的残疾☯O total acumulado de pessoas portadoras do cartão válido divididas segundo o tipo de deficiência(Motora,Visual,Auditiva,Intelectual,Mental,Verbal,Múltipla).Pessoa portadora do cartão com mais de uma deficiência(Múltipla)☯--"
"6466a42d-cd30-40a3-9017-3e0066e6b077","旅客總消費☯旅客总消费☯Despesa total dos visitantes☯Total spending of visitors","統計暨普查局,统计暨普查局,Direcção dos Serviços de Estatística e Censos,Statistics and Census Service","0","1","0","System.Object[]","198","357","2025-11-19 16:10:55","旅客購買作為自用或送贈他人的商品及服務之總消費，包括由旅客或他人（如親友或僱主）支付的消費，但不包括博彩、捐款、購買資產或用作再出售商品的支出。☯旅客購買作為自用或送贈他人的商品及服務之總消費，包括由旅客或他人（如親友或僱主）支付的消費，但不包括博彩、捐款、購買資產或用作再出售商品的支出。☯Refere-se à despesa total dos visitantes relativa às compras de bens e serviços quer para consumo próprio quer para oferta a outrem, incluindo as despesas pagas pelos próprios ou por outras pessoas (tais como: familiares, amigos ou empregadores), mas excluindo as despesas no jogo, os donativos, as despesas relacionadas com a aquisição de capital fixo ou de mercadorias para revenda.☯The total amount paid by visitors for the purchase of goods and services for own use or to give away, including expenses paid by the visitors or reimbursed by others such as relatives, friends or employers. It excludes gaming expenses, donations, expenses on purchase of assets and goods for resale."
"646ecbb1-b93e-4092-87f8-179b9f4dff59","季度社會保障制度喪葬津貼受領人次及金額(澳門元)☯季度社会保障制度丧葬津贴受领人次及金额(澳门元)☯Número de vezes e montante (em patacas) de recebimento do subsídio de funeral do regime da segurança social por trimestre☯Number of funeral allowance applications under the Social Security System and expenditure on funeral allowance in the quarter (patacas)","社會保障基金,社会保障基金,Fundo de Segurança Social,Social Security Fund","1","0","0","System.Object[]","34","55","2026-07-20 17:35:09","以季度方式提供在相關季度的期間內，喪葬津貼的受領人次及金額☯以季度方式提供在相关季度的期间内，丧葬津贴的受领人次及金额☯Número de vezes e montante (em patacas) de recebimento do subsídio de funeral do regime da segurança social por trimestre☯Available on a quarterly basis, the number of funeral allowance applications and expenditure on funeral allowance in the relevant quarter"
"64de5221-ba24-4b5d-9dd3-7b428e962242","平均每班學生人數☯平均每班学生人数☯Média de alunos por turma☯ ","教育及青年發展局,教育及青年发展局,Direcção dos Serviços de Educação e de Desenvolvimento da Juventude,Education and Youth Development Bureau","1","0","0","System.Object[]","15","36","2025-12-15 16:01:54","提供教育環境指標：按非高等教育階段劃分的平均每班學生人數☯提供教育环境指标：按非高等教育阶段划分的平均每班学生人数☯Fornecer indicadores do ambiente educativo: Número médio de alunos por turma, por nível de ensino não superior
☯ "
"64e7adeb-a376-4129-a48f-72f2bd4dda63","巴士司機數量 ☯巴士司机数量☯Número de condutores de autocarros☯Number of bus drivers","交通事務局,交通事务局,Direcção dos Serviços para os Assuntos de Tráfego,Transport Bureau","1","0","0","System.Object[]","75","147","2026-05-27 01:00:02","巴士司機數量 ☯巴士司机数量☯Número de condutores de autocarros☯Number of bus drivers"
"656a716a-b5ae-4f13-a366-564f45bd748b","服務質量指標的達標比率☯服务质量指标的达标比率☯Resultado de execução dos indicadores da Qualidade de Serviços☯-","退休基金會,退休基金会,Fundo de Pensões,Pension Fund","1","0","0","System.Object[]","19","36","2026-05-18 12:38:51","按年統計服務承諾項目的達標比率☯按年统计服务承诺项目的达标比率☯Estatística do resultado de execução dos indicadores da Qualidade de Serviços por ano☯-"
"65bbc6e0-ef8b-49fb-a92f-1be3f9fbdf69","企業創新研發資助計劃－潛力或成長科企類項目統計☯企业创新研发资助计划－潜力或成长科企类项目统计☯Estatísticas de Financiamento para Empresa - Categoria de Empresas Tecnológicas Potenciais ou em Crescimento☯Statistics of Funding for enterprise innovation and R&D - Potential or Growing Technology Enterprises","經濟及科技發展局,经济及科技发展局,Direcção dos Serviços de Economia e Desenvolvimento Tecnológico,Macao Economic Bureau","1","0","0","System.Object[]","10","22","2025-12-09 09:12:07","企業創新研發資助計劃－潛力或成長科企類項目統計☯企业创新研发资助计划－潜力或成长科企类项目统计☯Estatísticas de Financiamento para Empresa - Categoria de Empresas Tecnológicas Potenciais ou em Crescimento☯Statistics of Funding for enterprise innovation and R&D - Potential or Growing Technology Enterprises"
"65f8145b-4b19-4e92-b0e8-7b012eec3dda","自助辦理個人資料證明書申請量☯自助办理个人资料证明书申请量☯Número de pedidos do certificado de dados pessoais através de auto-atendimento☯Statistics on self-service applications for the Certificate of Personal Data","身份證明局,身份证明局,Direcção dos Serviços de Identificação,Identification Bureau","1","0","0","System.Object[]","13","27","2026-01-29 11:21:01","經自助服務機辦理個人資料證明書申請量☯经自助服务机办理个人资料证明书申请量☯Número de pedidos de certificado de dados pessoais apresentados através dos quiosques de auto-atendimento☯Number of applications for Certificate of Personal Data  completed at self-service kiosk"
"662fc6ea-d70a-4f18-9611-5dfbd6b88d52","總體失業率☯总体失业率☯Taxa de desemprego☯General unemployment rate","統計暨普查局,统计暨普查局,Direcção dos Serviços de Estatística e Censos,Statistics and Census Service","0","1","0","System.Object[]","238","539","2025-11-14 15:50:25","失業人口佔勞動人口的百分比。☯失业人口占劳动人口的百分比。☯Percentagem da população desempregada em relação à população activa. ☯The percentage share of the unemployed to the labour force."
"6641c699-c7b6-45a9-92a9-404918a02b8b","都市建築及城市規劃範疇已登記實習導師數目☯都市建筑及城市规划范畴已登记实习导师数目☯Número de Orientadores de Estágio Inscritos nos Domínios da Construção Urbana e do Urbanismo☯Number of registered internship tutor in CAEU","土地工務局,土地工務局,DSSCU,DSSCU","1","0","0","System.Object[]","13","31","2026-05-21 10:50:44","都市建築及城市規劃範疇的實習導師登記專業人士數目☯都市建筑及城市规划范畴的实习导师登记专业人士数目☯Número de Orientadores de Estágio Inscritos nos Domínios da Construção Urbana e do Urbanismo☯Number of registered internship tutor in CAEU"
"664dc0a1-723f-4741-b6f4-7594a5c5edb0","酒店入住率及平均房價☯酒店入住率及平均房价☯Taxa de ocupação hoteleira e preço médio por quarto☯Hotel Occupancy Rate and Average Room Rate","旅遊局,旅游局,Direcção dos Serviços de Turismo,Macao Government Tourism Office","1","0","0","System.Object[]","85","211","2026-07-30 18:28:19","澳門酒店協會會員之酒店每月入住率及平均房價☯澳门酒店协会会员之酒店每月入住率及平均房价☯Taxa de ocupação mensal e preço médio por quarto dos membros da Associação de Hotéis de Macau☯Monthly Occupancy Rate and Average Room Rate of Members of Macau Hotel Association"
"6676880c-affd-4824-b88d-b6f927519fc7","黃金周統計數據 - 入境旅客☯黄金周统计数据-入境旅客☯Dados estatísticos da semana dourada - Movimento de visitantes☯Golden Week Statistics - Visitor Arrivals","旅遊局,旅游局,Direcção dos Serviços de Turismo,Macao Government Tourism Office","1","0","0","System.Object[]","210","344","2026-03-27 11:46:02","黃金周統計數據 - 入境旅客☯黄金周统计数据-入境旅客☯Dados estatísticos da semana dourada - Movimento de visitantes☯Golden Week Statistics - Visitor Arrivals"
"66c1d1b7-cca7-45f0-8956-fe740ece7c5d","澳門生物資料庫☯澳门生物资料库☯Banco de dados no internet☯Macao Biological Database","市政署,市政署,Instituto para os Assuntos Municipais,Municipal Affairs Bureau","0","1","0","System.Object[]","0","71","2025-06-09 11:06:57","澳門生物資料庫☯澳门生物资料库☯Banco de dados no internet☯Macao Biological Database"
"67147260-acd0-4954-aefd-9b8e755cb52e","建築廢料堆填區數據☯建筑废料堆填区数据☯Dadoes de aterro para resíduos de materiais de construção☯Dadoes de aterro para resíduos de materiais de construção","環境保護局,环境保护局,Direcção dos Serviços de Protecção Ambiental,Environmental Protection Bureau","0","1","0","System.Object[]","0","183","2021-03-23 17:10:49","關於建築廢料堆填區數據☯关于建筑废料堆填区数据☯Sobre os dadoes de aterro para resíduos de materiais de construção☯Sobre os dadoes de aterro para resíduos de materiais de construção"
"6720bf5c-1d87-45ef-8da5-1bccd28f745d","暴雨警告信號☯暴雨警告信号☯Sinal de Chuva Intensa☯Rainstorm Warning Signal","地球物理氣象局,地球物理气象局,irecção dos Serviços Meteorológicos e Geofísicos,Meteorological and Geophysical Bureau","0","0","1","System.Object[]","0","342","2023-12-05 17:12:18","提供現時生效的暴雨警告信號、水浸情況及未來雨勢等資訊。☯提供现时生效的暴雨警告信号、水浸情况及未来雨势等信息。☯Informações sobre sinal de chuva intensa em vigor, previsão relevante e situação de inundação.☯Provide Rainstorm warning in force, flooding condition and rain forecast."
"67360975-15f0-4b50-9800-7579d3fa39d3","非高等教育教學人員人數(按服務時間和性別劃分)☯非高等教育教学人员人数(按服务时间和性别划分)☯Número de Pessoal docente (por PESSOA, classificados por Tempo de serviço e sexo)(Estatística educativa não Superior)☯-","教育及青年發展局,教育及青年发展局,Direcção dos Serviços de Educação e de Desenvolvimento da Juventude,Education and Youth Development Bureau","1","0","0","System.Object[]","30","60","2025-12-26 18:59:32","教學人員人數(按服務時間和性別劃分)
☯教学人员人数(按服务时间和性别划分)
☯Número de Pessoal docente (por PESSOA, classificados por Tempo de serviço e sexo)
☯-"
"679c713c-3348-4fb4-9181-c02324375f3b","酒店業盈利☯酒店业盈利☯Excedente bruto dos hotéis e similares☯ ","統計暨普查局,统计暨普查局,Direcção dos Serviços de Estatística e Censos,Statistics and Census Service","0","1","0","System.Object[]","0","25","2026-01-26 12:46:35","酒店業場所的收入減去經營費用、員工支出、購貨及佣金支出等費用，再加上庫存變動後的淨利潤。☯酒店业场所的收入减去经营费用、员工支出、购货及佣金支出等费用，再加上库存变动后的净利润。☯Refere-se ao valor líquido do lucro dos hotéis e similares que é igual às receitas menos despesas de exploração, menos despesas com pessoal, menos despesas em compras de mercadorias e comissões pagas, etc., mais variação de existência.☯ "
"67e09819-f5b7-47dd-a89b-36a2c4c63385","飲食業盈利比率☯饮食业盈利比率☯Proporção do excedente bruto do ramo da restauração☯ ","統計暨普查局,统计暨普查局,Direcção dos Serviços de Estatística e Censos,Statistics and Census Service","0","1","0","System.Object[]","0","25","2026-01-26 12:44:12","飲食業場所的盈利與收入的比例，用以評估飲食業場所的盈利能力。☯饮食业场所的盈利与收入的比例，用以评估饮食业场所的盈利能力。☯Refere-se à relação entre o excedente bruto e as receitas, dos estabelecimentos do ramo da restauração. O indicador serve para avaliar a capacidade dos estabelecimentos do ramo da restauração gerarem excedente bruto.☯ "
"67ec26fb-a38d-4b6b-8aab-2f031f20eafa","專科衛生護理範疇按歲組劃分的急診治療人次☯专科卫生护理范畴按岁组划分的急诊治疗人次☯Número de tratamentos de urgência, por grupo etário, na área de cuidados de saúde diferenciados☯專科衛生護理範疇按歲組劃分的急診治療人次","衛生局,卫生局,Serviços de Saúde,Health Bureau","1","0","0","System.Object[]","396","1007","2024-12-19 14:59:26","專科衛生護理範疇中，按歲組劃分的急診治療人次☯专科卫生护理范畴中，按岁组划分的急诊治疗人次☯Número de pessoas, por grupo etário,   atendidas nas urgências, na àrea de cuidados de saúde diferenciados☯專科衛生護理範疇中，按歲組劃分的急診治療人次"
"680a104f-65b3-45f2-884b-94939f11a7ad","市政署對外服務質量指標的履行統計☯市政署对外服务质量指标的履行统计☯Situação do Cumprimento dos indicadores da Qualidade dos Serviços Externos do IAM☯Statistics on fulfilment of indicators of external service satisfaction survey of Municipal Affairs Bureau","市政署,市政署,Instituto para os Assuntos Municipais,Municipal Affairs Bureau","1","0","0","System.Object[]","28","72","2026-09-14 17:00:23","市政署對外服務質量指標的履行統計☯市政署对外服务质量指标的履行统计☯Situação do Cumprimento dos indicadores da Qualidade dos Serviços Externos do IAM☯Statistics on fulfilment of indicators of external service satisfaction survey of Municipal Affairs Bureau"
"684f6c64-ae06-4d0c-904b-49917971119a","《統計年刊 2024》疾病預防及控制中心 按國籍和傳染途徑劃分的愛滋病病毒感染個案☯《統計年刊 2024》疾病預防及控制中心 按國籍和傳染途徑劃分的愛滋病病毒感染個案☯CENTRO DE PREVENÇÃO E CONTROLO DA DOENÇA Casos de VIH por vias de nacionalidade e transmissão☯CENTRO DE PREVENÇÃO E CONTROLO DA DOENÇA Casos de VIH por vias de nacionalidade e transmissão","衛生局,卫生局,Serviços de Saúde,Health Bureau","1","0","0","System.Object[]","11","27","2025-10-28 17:37:42","《統計年刊 2024》疾病預防及控制中心 按國籍和傳染途徑劃分的愛滋病病毒感染個案☯《統計年刊 2024》疾病預防及控制中心 按國籍和傳染途徑劃分的愛滋病病毒感染個案☯CENTRO DE PREVENÇÃO E CONTROLO DA DOENÇA Casos de VIH por vias de nacionalidade e transmissão☯CENTRO DE PREVENÇÃO E CONTROLO DA DOENÇA Casos de VIH por vias de nacionalidade e transmissão"
"68871a7e-3c22-47fc-8781-4dfaf998a5ce","按到期時間分類的本地私人部門貸款及墊款☯按到期时间分类的本地私人部门贷款及垫款☯COMPOSIÇÃO DOS EMPRÉSTIMOS E ADIANTAMENTOS INTERNOS AO SECTOR PRIVADO POR PRAZO☯DOMESTIC LOANS AND ADVANCES TO THE PRIVATE SECTOR BY MATURITY","澳門金融管理局,澳門金融管理局,AMCM,AMCM","1","0","0","System.Object[]","14","27","2026-09-03 17:07:30","由1984年至今按到期時間分類的本地私人部門貸款及墊款。貸款及墊款包括透支，以及分為至三個月、三個月至六個月、六個月至十二個月、一年至二年及二年以上的其他貸款及墊款。☯由1984年至今按到期时间分类的本地私人部门贷款及垫款。贷款及垫款包括透支，以及分为至三个月、三个月至六个月、六个月至十二个月、一年至二年及二年以上的其他贷款及垫款。☯Mostra-se a composição dos empréstimos e adiantamentos internos ao sector privado por prazo decorridos desde de 1984 até à presente data. Os empréstimos e adiantamentos incluem descobertos e outros empréstimos e adiantamentos com data de vencimentos em até três meses, três meses a seis meses, seis meses a doze meses, um ano a dois anos e mais de dois anos.☯Mostra-se a composição dos empréstimos e adiantamentos internos ao sector privado por prazo decorridos desde de 1984 até à presente data. Os empréstimos e adiantamentos incluem descobertos e outros empréstimos e adiantamentos com data de vencimentos em até três meses, três meses a seis meses, seis meses a doze meses, um ano a dois anos e mais de dois anos."
"68b1b377-b321-49fa-818e-fcee26dfd4dd","酒店及娛樂場穿梭巴士車輛數量☯酒店及娱乐场穿梭巴士车辆数量☯N.º de autocarros shuttle dos hotéis e casinos☯N.º de autocarros shuttle dos hotéis e casinos","交通事務局,交通事务局,Direcção dos Serviços para os Assuntos de Tráfego,Transport Bureau","1","0","0","System.Object[]","23","50","2026-05-27 01:00:41","有關酒店及娛樂場穿梭巴士車輛數量統計數據☯有关酒店及娱乐场穿梭巴士车辆数量统计数据☯Dados estatísticos sobre o número de autocarros shuttle dos hotéis e casinos☯Dados estatísticos sobre o número de autocarros shuttle dos hotéis e casinos"
"68d07a89-78fc-4c22-99b8-a24089894935","社區醫療衛生  (其他)衛生專業人員准照數目☯社区医疗卫生 (其他)卫生专业人员准照数目☯Número de licenças dos profissionais de saúde, na área de cuidados de saúde comunitários (outros) ☯社區醫療衛生  (其他)衛生專業人員准照數目","衛生局,卫生局,Serviços de Saúde,Health Bureau","1","0","0","System.Object[]","96","79","2022-11-26 15:48:10","社區醫療衛生  (其他)衛生專業人員准照數目☯社区医疗卫生 (其他)卫生专业人员准照数目☯Número de licenças dos profissionais de saúde, na área de cuidados de saúde comunitários (outros) ☯社區醫療衛生  (其他)衛生專業人員准照數目"
"68da7e48-76e0-4a6c-a8dd-d3db330520eb","預計將落成酒店場所統計☯预计将落成酒店场所统计☯Estatísticas da previsão dos novos projectos hoteleiros☯Statistics on Projected New Hotel Developments","旅遊局,旅游局,Direcção dos Serviços de Turismo,Macao Government Tourism Office","1","0","0","System.Object[]","27","55","2026-07-15 15:07:32","預計將落成酒店場所─已向旅遊局遞交開業申請統計☯预计将落成酒店场所─已向旅游局递交开业申请统计☯Previsão dos novos projectos hoteleiros - Estatísticas dos pedidos de licenciamento à Direcção dos Serviços de Turismo☯Projected New Hotel Projects - Statistics on License Applications to the Macao Government Tourism Office"
"68e56a69-8468-42e4-94ac-1f00997b9cb0","保險業務的統計數字☯保险业务的统计数字☯Estatísticas da Actividade Seguradora☯Estatísticas da Actividade Seguradora","澳門金融管理局,澳門金融管理局,AMCM,AMCM","1","0","0","System.Object[]","23","41","2026-08-31 15:06:33","人壽保險及一般保險的業務統計數字，包括毛保費、毛賠償、賠損率、承保利潤/（虧損）、淨利潤/（虧損）、資產值、一般賬戶準備金及償付準備金率。當中毛保費、毛賠償、承保利潤/（虧損）及淨利潤/（虧損）為年內累計值。☯人寿保险及一般保险的业务统计数字，包括毛保费、毛赔偿、赔损率、承保利润/（亏损）、净利润/（亏损）、资产值、一般账户准备金及偿付准备金率。当中毛保费、毛赔偿、承保利润/（亏损）及净利润/（亏损）为年内累计值。☯Dados estatísticos relativos ao ramo vida e aos ramos gerais, incluindo os prémios brutos, as indenizações brutas, a taxa de sinistralidade, o lucro/ (prejuízo) de subscrição, o lucro líquido/ (prejuízo), o valor dos activos, as provisões da conta geral e a margem de solvência. Os prémios brutos, indenizações brutas, lucro/ (prejuízo) de subscrição e lucro líquido/ (prejuízo) correspondem aos valores acumulados ao longo do ano.☯Dados estatísticos relativos ao ramo vida e aos ramos gerais, incluindo os prémios brutos, as indenizações brutas, a taxa de sinistralidade, o lucro/ (prejuízo) de subscrição, o lucro líquido/ (prejuízo), o valor dos activos, as provisões da conta geral e a margem de solvência. Os prémios brutos, indenizações brutas, lucro/ (prejuízo) de subscrição e lucro líquido/ (prejuízo) correspondem aos valores acumulados ao longo do ano."
"6907ef94-259a-4380-8308-b04b06b2d689","《統計年刊 2024》財務管理 按預算項目劃分的實際開支☯《統計年刊 2024》財務管理 按預算項目劃分的實際開支☯GESTÃO DE RECURSOS FINANCEIROS Montantes despendidos por rubrica orçamental☯GESTÃO DE RECURSOS FINANCEIROS Montantes despendidos por rubrica orçamental","衛生局,卫生局,Serviços de Saúde,Health Bureau","1","0","0","System.Object[]","10","23","2025-10-28 17:36:12","《統計年刊 2024》財務管理 按預算項目劃分的實際開支☯《統計年刊 2024》財務管理 按預算項目劃分的實際開支☯GESTÃO DE RECURSOS FINANCEIROS Montantes despendidos por rubrica orçamental☯GESTÃO DE RECURSOS FINANCEIROS Montantes despendidos por rubrica orçamental"
"69197380-acf5-4a48-afe2-a19168ccdb86","季度社會保障制度失業津貼受領人次及金額(澳門元)☯季度社会保障制度失业津贴受领人次及金额(澳门元)☯Número de vezes e montante (em patacas) de recebimento do subsídio de desemprego do regime da segurança social por trimestre☯Number of unemployment allowance applications under the Social Security System and expenditure on unemployment allowance in the quarter (patacas)","社會保障基金,社会保障基金,Fundo de Segurança Social,Social Security Fund","1","0","0","System.Object[]","121","164","2026-07-20 17:35:05","以季度方式提供在相關季度的期間內，失業津貼的受領人次及金額☯以季度方式提供在相关季度的期间内，失业津贴的受领人次及金额☯A prestação trimestral do número de vezes e montante de recebimento do subsídio de desemprego  durante o respectivo trimestre☯Available on a quarterly basis, the number of unemployment allowance applications and expenditure on unemployment allowance in the relevant quarter"
"69198e30-fd73-4189-805f-2c9ccc778c96","社團及財團據位人資料查詢統計☯社团及财团据位人资料查询统计☯Estatística sobre consultas de dados de titular dos órgãos sociais de associações e fundações☯Statistics on enquiries of association and foundation office-holders information","身份證明局,身份证明局,Direcção dos Serviços de Identificação,Identification Bureau","1","0","0","System.Object[]","30","121","2026-01-29 11:20:42","社團及財團機關據位人透過商社通查閱其在本澳各社團及財團擔任職位的最新狀況☯社团及财团机关据位人透过商社通查阅其在本澳各社团及财团担任职位的最新状况☯Consultas de titulares dos órgãos sociais de associações e fundações através da Plataforma para Empresas e Associações sobre o ponto de situação dos seus cargos que exercem nas associações e fundações em Macau☯Association and foundation office-holders can access the latest information on their positions taken in different associations and foundations through the Business and Associations Platform"
"691f70f0-88f6-4cfb-bb2f-b40146ab6691","工作意外統計數據 - 按職業統計工作意外受害人因暫時無工作能力的缺勤日數☯工作意外统计数据 - 按职业统计工作意外受害人因暂时无工作能力的缺勤日数☯Dados estatísticos dos acidentes de trabalho - Dias de trabalho perdidos por incapacidade temporária segundo a profissão☯Statistics on occupational accidents - Days of absence of occupational accident victims due to temporary incapacity by occupation","勞工事務局,劳工事务局,Direcção dos Serviços para os Assuntos Laborais,Labour Affairs Bureau","1","0","0","System.Object[]","21","58","2026-07-31 16:25:20","按職業統計工作意外受害人因暫時無工作能力的缺勤日數☯按职业统计工作意外受害人因暂时无工作能力的缺勤日数☯Dias de trabalho perdidos por incapacidade temporária segundo a profissão☯Days of absence of occupational accident victims due to temporary incapacity"
"6931bfb3-7ad7-4815-ac3e-7a0b9f0f788c","公積金制度-供款人登記之註銷-按任用方式劃分☯公积金制度-供款人登记之注销-按任用方式划分☯Regime de Previdência - Cancelamento de inscrição de contribuintes - por formas de provimento☯-","退休基金會,退休基金会,Fundo de Pensões,Pension Fund","1","0","0","System.Object[]","58","83","2026-05-20 14:55:06","按任用方式統計當年公積金制度中供款人登記之註銷之人數☯按任用方式统计当年公积金制度中供款人登记之注销之人数☯Estatística do número de cancelamento de inscrição de contribuintes do Regime de Previdência desse ano por formas de provimento☯-"
"697aea0b-949d-4df6-8706-edaa402acd1d","酒店住客☯酒店住客☯Hóspedes dos hotéis☯ ","統計暨普查局,统计暨普查局,Direcção dos Serviços de Estatística e Censos,Statistics and Census Service","0","1","0","System.Object[]","0","26","2025-12-01 10:46:43","入住酒店的住客總數。☯入住酒店的住客总数。☯Referem-se ao número total de hóspedes que se hospedaram nos hotéis.☯ "
"69d48bce-21f6-4fe1-8b27-0882a645f630","海上天氣預報☯海上天气预报☯Previsão marítima☯Weather Forecast of Coastal Areas","地球物理氣象局,地球物理气象局,irecção dos Serviços Meteorológicos e Geofísicos,Meteorological and Geophysical Bureau","0","0","1","System.Object[]","0","140","2022-02-10 12:22:00","澳門海域的天氣預測，包括天氣狀況、能見度、風及海浪等資訊。☯澳门海域的天气预测，包括天气状况、能见度、风及海浪等信息。☯Previsão marítima, incluindo condições meteorológicas, visibilidade, força de vento e informações de ondulação.☯Macao Coastal Waters weather forecast including weather condition, visibility, wind and wave information."
"6a0100e8-d228-450e-8417-f9147fdf46df","市政工程資訊-即將招標工程☯市政工程资讯-即将招标工程☯Informações sobre obras municipais - concursos públicos a serem lançados em breve☯Municipal works information - upcoming works for tender","市政署,市政署,Instituto para os Assuntos Municipais,Municipal Affairs Bureau","1","0","0","System.Object[]","77","57","2026-09-15 18:00:20","列出所有市政即將招標工程的相關資訊。☯列出所有市政即将招标工程的相关资讯。☯Listagem de todas as informações sobre obras municipais cujos concursos públicos serão lançados em breve.☯List of information about all upcoming municipal works for tender."
"6a797c68-5885-4f3d-80f3-70156d1984f0","展覽支出☯展览支出☯Despesas das exposições☯ ","統計暨普查局,统计暨普查局,Direcção dos Serviços de Estatística e Censos,Statistics and Census Service","0","1","0","System.Object[]","0","22","2026-01-26 12:38:37","展覽活動的總支出。☯展览活动的总支出。☯Referem-se às despesas totais das exposições.☯ "
"6a952188-81a0-45c7-9beb-4520f08f52be","社區醫療衛生 (其他)捐血者概況☯社区医疗卫生 (其他)捐血者概况☯Situação de dadores de sangue, na área de cuidados de saúde comunitários(outros)☯社區醫療衛生 (其他)捐血者概況","衛生局,卫生局,Serviços de Saúde,Health Bureau","1","0","0","System.Object[]","92","77","2024-12-19 14:59:52","社區醫療衛生 (其他)捐血者概況☯社区医疗卫生 (其他)捐血者概况☯Situação de dadores de sangue, na área de cuidados de saúde comunitários(outros)☯社區醫療衛生 (其他)捐血者概況"
"6a965f6f-40fc-4aca-b83e-28a8cfed21ae","體育設施☯体育设施☯Instalações esportivas☯Sports Facilities","體育局,体育局,Instituto do Desporto,Sports Bureau","1","0","0","System.Object[]","322","667","2025-08-05 12:05:23","體育設施☯体育设施☯Instalações esportivas☯Sports Facilities"
"6b02781c-d483-4664-b899-2c35ee86feb2","台灣地區入境旅客☯台湾地区入境旅客☯Entradas de visitantes da região de Taiwan☯ ","統計暨普查局,统计暨普查局,Direcção dos Serviços de Estatística e Censos,Statistics and Census Service","0","1","0","System.Object[]","0","32","2025-12-01 10:48:38","入境且所持證件由台灣簽發的旅客總數。☯入境且所持证件由台湾签发的旅客总数。☯Referem-se ao número total de entradas de visitantes com documentos de viagem emitidos pela região de Taiwan.☯ "
"6b385f5b-a04f-4b79-ab56-b2b9c0368b93","護士☯护士☯Enfermeiro☯Nurses","統計暨普查局,统计暨普查局,Direcção dos Serviços de Estatística e Censos,Statistics and Census Service","0","1","0","System.Object[]","0","44","2025-11-13 17:42:16","根據第18/2020號法律《醫療人員專業資格及執業註冊制度》的護士。☯根据第18/2020号法律《医疗人员专业资格及执业注册制度》的护士。☯O enfermeiro está estipulado na Lei n.º 18/2020, “Regime da qualificação e inscrição para o exercício de actividade dos profissionais de saúde”.☯Refer to nurses registered under Law No. 18/2020 ""Regime of Qualification and Registration of Health Professionals""."
"6b4376a4-d2d9-4117-be14-a4550d572014","對外商品貿易統計 – 出口☯对外商品贸易统计 – 出口☯Estatísticas do comércio externo de mercadorias - Exportação☯External Merchandise Trade Statistics - Exports","統計暨普查局,统计暨普查局,Direcção dos Serviços de Estatística e Censos,Statistics and Census Service","0","1","0","System.Object[]","59","117","2024-12-30 12:41:02","將任何貨物運離澳門特別行政區，但屬以暫時出口及轉運方式運離者除外。☯将任何货物运离澳门特别行政区，但属以暂时出口及转运方式运离者除外。
☯A saída da RAEM de quaisquer mercadorias, com excepção das que saíam em regimes de exportação temporária e de trânsito.☯Merchandise transported out of Macao, excluding temporary exports and transit goods."
"6b529361-15d5-484b-8f2c-4b62ccd74a21","竹灣及黑沙海灘的水質結果☯竹湾及黑沙海滩的水质结果☯Resultado da qualidade da água da Praia de Cheoc Van e Praia de Hac Sá☯Results of water quality of Cheoc Van Beach and Hac Sá Beach","市政署,市政署,Instituto para os Assuntos Municipais,Municipal Affairs Bureau","0","1","0","System.Object[]","0","89","2024-12-18 17:39:48","竹灣及黑沙海灘的水質結果列表☯竹湾及黑沙海滩的水质结果列表☯Lista de resultados da qualidade da água da Praia de Cheoc Van e Praia de Hac Sá☯List of water quality result of Cheoc Van Beach and Hac Sá Beach"
"6b6056ea-6817-41e7-a355-afff86fdea46","《食品中農藥最高殘留限量》— 食品中農藥最高殘留限量列表☯《食品中农药最高残留限量》— 食品中农药最高残留限量列表☯“Limites máximos de resíduos de pesticidas em géneros alimentícios” – Lista de limites máximos de resíduos de pesticidas em géneros alimentícios relevantes☯“Maximum Residue Limits of Pesticides in Foodstuffs”—List of maximum residue limits of pesticides in foodstuffs","市政署,市政署,Instituto para os Assuntos Municipais,Municipal Affairs Bureau","0","1","0","System.Object[]","0","52","2024-12-18 17:38:41","列出農藥名稱、殘留物定義、食品類別及最高殘留限量等資訊。本食安標準在線數據庫之內容包含經第2/2023號行政法規修改之第11/2020號行政法規《食品中農藥最高殘留限量》，若此數據庫資料與上述行政法規之內容有異，應以行政法規公布之內容為準。☯列出农药名称、残留物定义、食品类别及最高残留限量等信息。本食安标准在线数据库之内容包含经第2/2023号行政法规修改之第11/2020号行政法规《食品中农药最高残留限量》，若此数据库数据与上述行政法规之内容有异，应以行政法规公布之内容为准。☯Lista de informações sobre o nome do pesticida, definição de resíduos, categoria de alimentos, limites máximos de resíduos, etc. O conteúdo da presente Base de Dados sobre os Critérios de Segurança Alimentar inclui o Regulamento Administrativo n.º 11/2020 - “Limites máximos de resíduos de pesticidas em géneros alimentícios”, alterado pelo Regulamento Administrativo n.º 2/2023. Caso os dados constantes desta base sejam diferentes do conteúdo dos regulamentos administrativos acima referidos, prevalece o conteúdo publicado nos regulamentos administrativos.☯List the names of pesticides, definitions of residues, food category, maximum residue limits and other information. The content of this online food safety standard database includes Administrative Regulation No. 11/2020 “Maximum Residue Limits of Pesticides in Foodstuffs” as amended by Administrative Regulation No. 2/2023. In case of discrepancy between the content in this database and that in the above-mentioned Administrative Regulations, the latter shall prevail."
"6b64c0f8-8b44-4fa7-9e9a-87bb7b06be5e","幸運博彩毛收入☯幸运博彩毛收入☯Receitas brutas dos jogos de fortuna ou azar☯Gross revenue from games of chance","統計暨普查局,统计暨普查局,Direcção dos Serviços de Estatística e Censos,Statistics and Census Service","0","1","0","System.Object[]","106","257","2024-12-30 12:53:09","幸運博彩場所在經營賭枱、博彩機等博彩活動所產生的總收益，未作稅項之扣除。☯幸运博彩场所在经营赌枱、博彩机等博彩活动所产生的总收益，未作税项之扣除。☯Receitas totais resultantes das actividades do jogo, realizadas em mesas de jogo e nas máquinas de jogo dos estabelecimentos dos jogos de fortuna ou azar, sem dedução de impostos.☯Total receipts, before deduction of taxes, generated from gaming activities on gaming tables, gaming machines, etc., by establishments engaging in games of chance."
"6b74b913-86ab-4157-8629-88339a1cfb9b","非高等教育校部數(按教育階段和語言劃分)☯非高等教育校部数(按教育阶段和语言划分)☯Número de unidades escolares (Classificado por nível de ensino e língua veicular)(Estatística educativa não Superior)☯-","教育及青年發展局,教育及青年发展局,Direcção dos Serviços de Educação e de Desenvolvimento da Juventude,Education and Youth Development Bureau","1","0","0","System.Object[]","22","53","2025-12-26 18:59:48","校部數(按教育階段和語言劃分)
☯校部数(按教育阶段和语言划分)
☯Número de unidades escolares (Classificado por nível de ensino e língua veicular)
☯-"
"6b945dbe-565b-470b-b294-536558ae71f2","對外科技合作資助計劃－聯合資助類（與國家自然科學基金委員會聯合資助）項目統計☯对外科技合作资助计划－联合资助类（与国家自然科学基金委员会联合资助）项目统计☯Estatísticas de Programa de Apoio Financeiro para Cooperação em Ciência e Tecnologia com o Exterior - Categoria de co-financiamento (FDCT-NSFC)☯Statistics of Funding Scheme for External Science and Technology Cooperation - Joint Funding (FDCT-NSFC)","經濟及科技發展局,经济及科技发展局,Direcção dos Serviços de Economia e Desenvolvimento Tecnológico,Macao Economic Bureau","1","0","0","System.Object[]","11","27","2025-12-09 09:12:25","對外科技合作資助計劃－聯合資助類（與國家自然科學基金委員會聯合資助）項目統計☯对外科技合作资助计划－联合资助类（与国家自然科学基金委员会联合资助）项目统计☯Estatísticas de Programa de Apoio Financeiro para Cooperação em Ciência e Tecnologia com o Exterior - Categoria de co-financiamento (FDCT-NSFC)☯Statistics of Funding Scheme for External Science and Technology Cooperation - Joint Funding (FDCT-NSFC)"
"6b972fc7-82a2-44fa-8db7-27635379dba4","非強制央積金—按設立方式劃分的公積金共同計劃僱主數目☯非强制央积金—按设立方式划分的公积金共同计划雇主数目☯Regime de previdência central não obrigatório - Número de empregadores dos planos conjuntos de previdência com base na forma de constituição☯Non-Mandatory Central Provident Fund — Number of Employers of Joint Provident Fund Schemes by Establishment Method","社會保障基金,社会保障基金,Fundo de Segurança Social,Social Security Fund","1","0","0","System.Object[]","19","35","2026-09-01 17:05:21","按設立公積金共同計劃的方式劃分，累計以新設立及銜接方式設立公積金共同計劃的僱主數目。☯按设立公积金共同计划的方式划分，累计以新设立及衔接方式设立公积金共同计划的雇主数目。☯Com base na forma de constituição dos planos conjuntos de previdência,  acumula-se o número de empregadores que constituíram os planos conjuntos de previdência através da forma de nova constituição e de articulação.☯Classified by the establishment method of joint provident fund schemes, the cumulative number of employers who have established a joint provident fund scheme through new establishment and interface methods. "
"6b9916e1-7427-4e7d-afc4-656d31c1152b","科研及創新資助計劃項目統計☯科研及创新资助计划项目统计☯Estatísticas de Plano de Financiamento para Investigação Científica e Inovação☯Statistics of Funding Scheme for Scientific Research and Innovation","經濟及科技發展局,经济及科技发展局,Direcção dos Serviços de Economia e Desenvolvimento Tecnológico,Macao Economic Bureau","1","0","0","System.Object[]","22","60","2025-06-12 12:07:47","科研及創新資助計劃項目統計☯科研及创新资助计划项目统计☯Estatísticas de Plano de Financiamento para Investigação Científica e Inovação☯Statistics of Funding Scheme for Scientific Research and Innovation"
"6c414458-bfbb-4ace-92f1-aece9e55149d","食品衛生督導課程參與機構名單☯食品卫生督导课程参与机构名单☯Lista das entidades participantes no Curso de Supervisão de Higiene Alimentar☯List of participating organisations of Food Hygiene Supervision Course","市政署,市政署,Instituto para os Assuntos Municipais,Municipal Affairs Bureau","1","0","0","System.Object[]","12","35","2026-07-03 10:00:46","列出本澳食品衛生督導課程參與機構名單☯列出本澳食品卫生督导课程参与机构名单☯Indicar as entidades participantes no Curso de Supervisão de Higiene Alimentar de Macau☯List of local participating organisations of Food Hygiene Supervision Course"
"6c4ad68d-ac63-4c38-83fd-fd41cb3a98f9","酒店參考房價☯酒店参考房价☯Taxa Referencial de Hotel☯Hotel reference rate","旅遊局,旅游局,Direcção dos Serviços de Turismo,Macao Government Tourism Office","1","0","0","System.Object[]","909","799","2026-09-19 08:06:02","酒店參考房價☯酒店参考房价☯Taxa Referencial de Hotel☯Hotel reference rate"
"6c7617b7-8165-4564-9b51-055ddda8b3ad","全澳垃圾收集設施的資訊列表☯全澳垃圾收集设施的资讯列表☯Lista de informações sobre as instalações de recolha de lixo em Macau ☯Information list of garbage collection facilities across Macao","市政署,市政署,Instituto para os Assuntos Municipais,Municipal Affairs Bureau","0","1","0","System.Object[]","0","40","2025-06-19 14:48:57","全澳垃圾收集設施的資訊列表☯全澳垃圾收集设施的资讯列表☯Lista de informações sobre as instalações de recolha de lixo em Macau ☯Information list of garbage collection facilities across Macao"
"6c87e637-5909-4914-8071-907191a8f9c1","市政署服務質量指標☯市政署服务质量指标☯Indicadores de qualidade dos serviços do IAM☯Service quality indicators of Municipal Affairs Bureau","市政署,市政署,Instituto para os Assuntos Municipais,Municipal Affairs Bureau","1","1","0","System.Object[]","26","47","2026-09-16 18:00:31","列出對外及對內已認可之服務項目、質量指標及預設達標率☯列出对外及对内已认可之服务项目、质量指针及默认达标率☯Indicar os serviços reconhecidos a nível interno e externo, os indicadores de qualidade e a taxa de cumprimento dos objectivos pré-definidos☯All certified external and internal service items, service quality indicators and target achievement rates are listed"
"6c9ed22f-0acc-46c3-a236-230bc04abb6f","留宿旅客人均其他消費☯留宿旅客人均其他消费☯Outras despesas per capita dos turistas☯ ","統計暨普查局,统计暨普查局,Direcção dos Serviços de Estatística e Censos,Statistics and Census Service","0","1","0","System.Object[]","0","27","2025-12-09 11:12:36","留宿旅客在除交通、購物、住宿、餐飲等主要消費類別之外的其他方面的消費，包括娛樂、醫療、郵電服務等。☯留宿旅客在除交通、购物、住宿、餐饮等主要消费类别之外的其他方面的消费，包括娱乐、医疗、邮电服务等。☯Referem-se às despesas dos turistas noutro tipo de consumo (excepto os principais tipos de consumo como transporte, compras, alojamento e alimentação). Incluem-se as despesas em entretenimento, saúde, serviço postal e de correio, etc.☯ "
"6cb70ab0-31f6-44e4-95f6-93656fedcda7","戒毒求助個案數目☯戒毒求助个案数目☯Número de casos de toxicodependentes que recorrem ao apoio☯---","社會工作局,社會工作局,Instituto de Acção Social,Social Welfare Bureau","1","0","0","System.Object[]","46","68","2026-08-10 17:44:48","戒毒求助個案數目☯戒毒求助个案数目☯Número de casos de toxicodependentes que recorrem ao apoio☯-"
"6cbac00c-46a2-4d97-974f-219f127dfe6c","澳門銀行貸存比率☯澳门银行贷存比率☯O RÁCIO EMPRÉSTIMO/DEPÓSITOS DOS BANCOS DE MACAU☯LOAN-TO-DEPOSIT RATIOS OF MACAO BANKS","澳門金融管理局,澳門金融管理局,AMCM,AMCM","1","0","0","System.Object[]","17","38","2026-09-03 17:09:32","由1984年至今的澳門銀行貸存比率數據，當中總貸款及貸存比率可分為居民及非居民，總存款可分為居民、非居民及公共部門。總貸款只包括貸款及墊款和銀行承兌匯票及票據貼現。總存款包括不可轉讓存款證，以及不屬存款保障制度範圍內的銀行儲值支付工具餘額。公共部門存款包括財政局庫存、自治機構及澳門特別行政區財政儲備的存款，但不包括印務局、郵電局、政府退休基金、政府退休基金會 - 公積金制度 、 社會保障基金 - 公積金制度，以及非金融公共機構 (NFPE) 的存款。☯由1984年至今的澳门银行贷存比率数据，当中总贷款及贷存比率可分为居民及非居民，总存款可分为居民、非居民及公共部门。总贷款只包括贷款及垫款和银行承兑汇票及票据贴现。总存款包括不可转让存款证，以及不属存款保障制度范围内的银行储值支付工具余额。公共部门存款包括财政局库存、自治机构及澳门特别行政区财政储备的存款，但不包括印务局、邮电局、政府退休基金、政府退休基金会 - 公积金制度 、 社会保障基金 - 公积金制度，以及非金融公共机构 (NFPE) 的存款。☯Mostram-se os dados relativos ao rácio de empréstimos/depósitos dos bancos de Macau registos desde de 1984 até à data. Os empréstimos totais e as taxas de empréstimos/depósitos podem ser divididos entre residentes e não residentes, e os depósitos totais podem ser divididos entre residentes, não residentes e setor público. Os empréstimos totais incluem somente empréstimos e adiantamentos, letras descontadas e outros efeitos. Os depósitos totais incluem os CDs não-negociáveis, e os saldos dos instrumentos de pagamento cadastrados em bancos que não são enquadrados no âmbito do Regime de Garantia de Depósitos. Os depósitos públicos incluem os depósitos de tesouraria do Governo, os depósitos das Entidades Autónomas e os depósitos da Reserva Financeira da RAEM, mas excluem os depósitos da Imprensa Oficial, a Direcção dos Serviços de Correios e Telecomunicações, o Fundo de Pensões, o Fundo de Pensões - Regime de Previdência, o Fundo de Segurança Social - Regime de Previdência e as Empresas Públicas Não-Financeiras.☯Mostram-se os dados relativos ao rácio de empréstimos/depósitos dos bancos de Macau registos desde de 1984 até à data. Os empréstimos totais e as taxas de empréstimos/depósitos podem ser divididos entre residentes e não residentes, e os depósitos totais podem ser divididos entre residentes, não residentes e setor público. Os empréstimos totais incluem somente empréstimos e adiantamentos, letras descontadas e outros efeitos. Os depósitos totais incluem os CDs não-negociáveis, e os saldos dos instrumentos de pagamento cadastrados em bancos que não são enquadrados no âmbito do Regime de Garantia de Depósitos. Os depósitos públicos incluem os depósitos de tesouraria do Governo, os depósitos das Entidades Autónomas e os depósitos da Reserva Financeira da RAEM, mas excluem os depósitos da Imprensa Oficial, a Direcção dos Serviços de Correios e Telecomunicações, o Fundo de Pensões, o Fundo de Pensões - Regime de Previdência, o Fundo de Segurança Social - Regime de Previdência e as Empresas Públicas Não-Financeiras."
"6d0e91a7-5478-4b96-924c-c66de1895225","澳門癌症登記年報每十萬人口之癌症發生率☯澳门癌症登记年报每十万人口之癌症发生率☯Relatório Anual do Registo do Cancro de Macau sobre a incidência do cancro por 100.000 habitantes☯Macau Cancer Registry Annual Report on the incidence of cancer per 100,000 population","衛生局,卫生局,Serviços de Saúde,Health Bureau","1","0","0","System.Object[]","15","31","2024-12-31 13:09:10","為掌握癌症對澳門居民健康的影響，衛生局自2003年建立澳門癌症登記系統，監測本澳癌症的流行情況和變化趨勢，每年制作《澳門癌症登記年報》公佈癌症發展的新動向，作為制訂癌症防治和醫療資源配置的參考資料。☯为掌握癌症对澳门居民健康的影响，卫生局自2003年建立澳门癌症登记系统，监测本澳癌症的流行情况和变化趋势，每年制作《澳门癌症登记年报》公布癌症发展的新动向，作为制订癌症防治和医疗资源分配的参考数据。☯A fim de compreender o impacto do cancro na saúde dos residentes de Macau, os Serviços de Saúde criaram o Sistema de Registo do Cancro de Macau desde 2003 para monitorizar a prevalência e tendência do cancro em Macau.☯In order to grasp the impact of cancer on the health of Macao residents, the Health Bureau has established the Macao Cancer Registry System since 2003 to monitor the prevalence and trend of cancer in Macao."
"6d4d6309-964b-43e3-af7d-fc10a899b167","非高等教育─特殊教育（不包括融合生）☯非高等教育─特殊教育（不包括融合生）☯Ensino não superior - Ensino especial (não inclui os alunos sujeitos à educação inclusiva)☯ ","教育及青年發展局,教育及青年发展局,Direcção dos Serviços de Educação e de Desenvolvimento da Juventude,Education and Youth Development Bureau","1","0","0","System.Object[]","16","37","2025-12-15 16:02:15","提供非高等教育學生人數☯提供非高等教育学生人数☯Fornecer o número de alunos do ensino não superior☯ "
"6dafc514-7fc6-4d4e-9468-8772ba1c3b44","酒店/經濟型住宿場所/公寓式酒店資料☯酒店/经济型住宿场所/公寓式酒店资料☯Informações dos Hotéis/Alojamento de baixo custo/Hotéis-apartamentos☯Information of Hotels/Low-cost accommodation/Apartment hotels","旅遊局,旅游局,Direcção dos Serviços de Turismo,Macao Government Tourism Office","1","1","0","System.Object[]","697","2153","2026-09-15 13:45:03","已領有牌照之實體 - 酒店/經濟型住宿場所/公寓式酒店資料
☯已领有牌照之实体 - 酒店/经济型住宿场所/公寓式酒店资料☯Informações dos entidades licenciadas - Hotéis/Alojamento de baixo custo/Hotéis-apartamentos☯Information of Hotels/Low-cost accommodation/Apartment hotels"
"6db04827-6e5b-400b-9fcd-1e7251fa18c8","商社通服務項目☯商社通服務項目☯Modalidades de serviços disponíveis na Plataforma para Empresas e Associações☯Modalidades de serviços disponíveis na Plataforma para Empresas e Associações","行政公職局,行政公职局,Direcção dos Serviços de Administração e Função Pública,Public Administration and Civil Service Bureau","0","1","0","System.Object[]","0","157","2025-07-05 22:38:26","商社通服務項目☯商社通服務項目☯Modalidades de serviços disponíveis na Plataforma para Empresas e Associações☯Modalidades de serviços disponíveis na Plataforma para Empresas e Associações"
"6dc4576e-56b5-4223-8d6a-12e44e4d525e","季度有繳納強制性制度供款的僱主數目☯季度有缴纳强制性制度供款的雇主数目☯Número de empregadores com contribuições do regime obrigatório por trimestre☯Number of employers who have paid contributions under the obligatory system in the quarter","社會保障基金,社会保障基金,Fundo de Segurança Social,Social Security Fund","1","0","0","System.Object[]","32","54","2026-07-20 16:59:27","以季度方式提供在相關季度的期間內，有繳納強制性制度供款的僱主數目。☯以季度方式提供在相关季度的期间内，有缴纳强制性制度供款的雇主数目。☯A prestação trimestral do número de empregadores com contribuições do regime obrigatório durante o respectivo trimestre.☯Available on a quarterly basis, the number of employers who have paid contributions under the obligatory system in the relevant quarter."
"6dd342ce-43fb-4ffc-bb24-12c278b82e5c","《統計年刊 2024》衛生統計按工作場所劃分的醫療機構工作人員數目☯《統計年刊 2024》衛生統計按工作場所劃分的醫療機構工作人員數目☯ESTATÍSTICAS DA SAÚDE N.º de profissionais por instituição médica☯ESTATÍSTICAS DA SAÚDE N.º de profissionais por instituição médica","衛生局,卫生局,Serviços de Saúde,Health Bureau","1","0","0","System.Object[]","13","30","2025-10-28 17:39:54","《統計年刊 2024》衛生統計按工作場所劃分的醫療機構工作人員數目☯《統計年刊 2024》衛生統計按工作場所劃分的醫療機構工作人員數目☯ESTATÍSTICAS DA SAÚDE N.º de profissionais por instituição médica☯ESTATÍSTICAS DA SAÚDE N.º de profissionais por instituição médica"
"6dfb981a-aa65-4b67-90bf-2b165f1c0c85","道路監控及偵測系統 ☯道路监控及侦测系统 ☯Sistema de vigilância e de detecção☯Road monitoring and detection system","交通事務局,交通事务局,Direcção dos Serviços para os Assuntos de Tráfego,Transport Bureau","1","0","0","System.Object[]","458","1186","2026-05-28 01:00:02","道路監控及偵測系統 ☯道路监控及侦测系统 ☯Sistema de vigilância e de detecção☯Road monitoring and detection system"
"6e1a68a2-2f2e-4412-b490-1b7c987e2554","金融票據☯金融票据☯BILHETES MONETÁRIOS☯MONETARY BILLS","澳門金融管理局,澳門金融管理局,AMCM,AMCM","1","0","0","System.Object[]","49","108","2026-09-03 17:04:22","由1987年至今的金融票據數據，包括已發行票據量、發行金額、月底結餘毛額、加權平均收益率及平均日數。其中，已發行票據量、發行金額及月底結餘毛額可再細分為一日、一星期、一個月、二個月、三個月、六個月及一年。加權平均收益率可按月計及年計來劃分。另外，金融票據的平均日數可分為當月發行金融票據的平均到期日數、從年初開始所發行金融票據的平均到期日數，以及所有未到期金融票據的平均到期日數。
☯由1987年至今的金融票据数据，包括已发行票据量、发行金额、月底结余毛额、加权平均收益率及平均日数。其中，已发行票据量、发行金额及月底结余毛额可再细分为一日、一星期、一个月、二个月、三个月、六个月及一年。加权平均收益率可按月计及年计来划分。另外，金融票据的平均日数可分为当月发行金融票据的平均到期日数、从年初开始所发行金融票据的平均到期日数，以及所有未到期金融票据的平均到期日数。
☯Os dados relativos aos bilhetes monetários, desde 1987 até à actualidade, incluem a quantidade de bilhetes emitidos, o montante emitido, o saldo bruto no final de cada mês, o rendimento médio ponderado e o prazo médio em dias. Entre estes, a quantidade de bilhetes emitidos, o montante emitido e o saldo bruto no final de cada mês podem ser subdivididos em intervalos de um dia, uma semana, um mês, dois meses, três meses, seis meses e um ano. O rendimento médio ponderado pode ser desagregado em períodos mensais ou anuais. Além disso, o prazo médio de dias dos bilhetes monetários pode ser dividido em três categorias: o prazo médio até à maturidade dos bilhetes emitidos durante o mês em curso, o prazo médio até à maturidade dos bilhetes emitidos desde o início do ano, e o prazo médio até à maturidade de todos os bilhetes ainda em circulação.
""
☯Os dados relativos aos bilhetes monetários, desde 1987 até à actualidade, incluem a quantidade de bilhetes emitidos, o montante emitido, o saldo bruto no final de cada mês, o rendimento médio ponderado e o prazo médio em dias. Entre estes, a quantidade de bilhetes emitidos, o montante emitido e o saldo bruto no final de cada mês podem ser subdivididos em intervalos de um dia, uma semana, um mês, dois meses, três meses, seis meses e um ano. O rendimento médio ponderado pode ser desagregado em períodos mensais ou anuais. Além disso, o prazo médio de dias dos bilhetes monetários pode ser dividido em três categorias: o prazo médio até à maturidade dos bilhetes emitidos durante o mês em curso, o prazo médio até à maturidade dos bilhetes emitidos desde o início do ano, e o prazo médio até à maturidade de todos os bilhetes ainda em circulação.
""
"
"6e232e15-1db5-4e82-96e3-4f15510afe87","按行業及所持身份證明文件的發出國家/地區統計外地僱員人數☯按行业及所持身份证明文件的发出国家/地区统计外地雇员人数☯Número de trabalhadores não residentes por ramo de actividade económica e por país/território de emissão de documento de identificação☯Number of non-resident workers by industry and country/region of issuance of identification document","勞工事務局,劳工事务局,Direcção dos Serviços para os Assuntos Laborais,Labour Affairs Bureau","0","1","0","System.Object[]","0","131","2026-02-02 15:45:50","按行業及所持身份證明文件的發出國家/地區統計外地僱員人數☯按行业及所持身份证明文件的发出国家/地区统计外地雇员人数☯Número de trabalhadores não residentes por ramo de actividade económica e por país/território de emissão de documento de identificação☯Number of non-resident workers by industry and country/region of issuance of identification document"
"6e3dd4d2-d167-40a5-b83c-b12dcd8b1796","市政工程資訊-現有工程☯市政工程资讯-现有工程☯Informações sobre obras municipais – em curso☯Municipal works information – existing works","市政署,市政署,Instituto para os Assuntos Municipais,Municipal Affairs Bureau","1","0","0","System.Object[]","69","53","2026-09-17 20:00:26","列出所有市政現有工程的相關資訊。☯列出所有市政现有工程的相关信息。☯Listagem de todas as informações sobre obras municipais em curso☯List of information about all existing municipal works."
"6e8c001a-ed63-4d96-9b7b-bc947bdb44f2","2021年1月至9月職業安全健康巡查之數據☯2021年1月至9月职业安全健康巡查之数据☯--☯--","勞工事務局,劳工事务局,Direcção dos Serviços para os Assuntos Laborais,Labour Affairs Bureau","1","0","0","System.Object[]","64","97","2021-10-11 16:13:59","2021年1月至9月職業安全健康巡查之數據
☯2021年1月至9月职业安全健康巡查之数据☯--☯--"
"6ea6f07b-aa47-4f24-8dd1-0a84317d6cb1","非高等教育班數（按學校類型和年級劃分）☯非高等教育班数（按学校类型和年级划分）☯Número de turmas (Classificação por tipo de escola e ano de escolaridade) (Estatística educativa não Superior)☯-","教育及青年發展局,教育及青年发展局,Direcção dos Serviços de Educação e de Desenvolvimento da Juventude,Education and Youth Development Bureau","1","0","0","System.Object[]","37","62","2026-03-16 17:17:41","班數（按學校類型和年級劃分）
☯班数（按学校类型和年级划分）
☯Número de turmas (Classificação por tipo de escola e ano de escolaridade)
☯-"
"6f3077e6-581f-41b8-b74c-ce2976bbee22","自助辦理社團及財團證明書申請量☯自助办理社团及财团证明书申请量☯Número de pedidos de certificados de associações e fundações através de auto-atendimento ☯Statistics on self-service applications for the Certificate of Association and Foundation","身份證明局,身份证明局,Direcção dos Serviços de Identificação,Identification Bureau","1","0","0","System.Object[]","16","48","2026-01-29 11:20:48","經自助服務機辦理社團及財團證明書申請量☯经自助服务机办理社团及财团证明书申请量☯Número de pedidos de Certificados de associações e fundações apresentados através dos quiosques de auto-atendimento☯Number of applications for Certificate of Association and Foundation completed at self-service kiosk"
"6f411fff-55f1-451e-babc-572bd90f56c0","網上辦理個人資料證明書申請量☯网上办理个人资料证明书申请量☯Número de pedidos online do certificado de dados pessoais☯Statistics on online applications for the Certificate of Personal Data","身份證明局,身份证明局,Direcção dos Serviços de Identificação,Identification Bureau","1","0","0","System.Object[]","15","47","2026-01-29 11:20:53","經一戶通辦理個人資料證明書的申請量
☯经一户通办理个人资料证明书的申请量
☯Número de pedidos de certificado de dados pessoais apresentados através da Conta Única de Macau☯Number of applications for Certificate of Personal Data completed on Macao One Account "
"6f43efe3-b22b-42e3-a0b9-a7ca64724b45","澳門高等院校外地生畢業人數統計—按學科範疇劃分☯澳门高等院校外地生毕业人数统计—按学科范畴划分☯Estatística do número de estudantes graduados do exterior nas instituições de ensino superior de Macau – por área disciplinar☯ ","教育及青年發展局,教育及青年发展局,Direcção dos Serviços de Educação e de Desenvolvimento da Juventude,Education and Youth Development Bureau","1","0","0","System.Object[]","10","29","2025-12-15 16:02:26","按學年方式，提供按學科範疇劃分的澳門高等院校外地生畢業人數☯按学年方式，提供按学科范畴划分的澳门高等院校外地生毕业人数☯Número de estudantes graduados do exterior nas instituições de ensino superior de Macau, por área disciplinar e por ano lectivo☯ "
"6f4afbcf-af24-4130-b2e5-60277a948b01","《統計年刊 2024》疾病預防及控制中心 衛生工作組工作概況☯《統計年刊 2024》疾病預防及控制中心 衛生工作組工作概況☯CENTRO DE PREVENÇÃO E CONTROLO DA DOENÇA Situação das actividades realizadas pelas Equipas Sanitárias☯CENTRO DE PREVENÇÃO E CONTROLO DA DOENÇA Situação das actividades realizadas pelas Equipas Sanitárias","衛生局,卫生局,Serviços de Saúde,Health Bureau","1","0","0","System.Object[]","10","24","2025-10-28 17:40:49","《統計年刊 2024》疾病預防及控制中心 衛生工作組工作概況☯《統計年刊 2024》疾病預防及控制中心 衛生工作組工作概況☯CENTRO DE PREVENÇÃO E CONTROLO DA DOENÇA Situação das actividades realizadas pelas Equipas Sanitárias☯CENTRO DE PREVENÇÃO E CONTROLO DA DOENÇA Situação das actividades realizadas pelas Equipas Sanitárias"
"6f5a0b12-72f6-487e-8cf9-262620a61f90","流動電信服務總用戶數☯流动电信服务总用户数☯Número total de subscritores do serviço telefónico móvel☯Total number of mobile services subscribers","郵電局,郵電局,CTT,CTT","1","0","0","System.Object[]","90","124","2026-08-31 17:05:21","自2001年7月起的澳門流動電信服務總用戶數☯2001年7月起的澳门流动电信服务总用户数☯Número total de subscritores do serviço telefónico móvel desde Julho de 2001☯Total number of mobile services subscribers of Macao since July 2001"
"6fb5d1aa-c8af-44b4-9ead-eb3c4946a8f5","本地就業居民☯本地就业居民☯Residentes empregados☯Employed residents","統計暨普查局,统计暨普查局,Direcção dos Serviços de Estatística e Censos,Statistics and Census Service","0","1","0","System.Object[]","0","40","2025-11-14 15:49:36","在調查日前7天內為賺取報酬或利潤而工作至少1小時的16歲及以上本地人口，亦包括無酬家屬幫工、沒有上班但與僱主保持工作聯繫的僱員，以及正在休假的僱主或自僱人士。☯在调查日前7天内为赚取报酬或利润而工作至少1小时的16岁及以上本地人口，亦包括无酬家属帮工、没有上班但与雇主保持工作联系的雇员，以及正在休假的雇主或自雇人士。☯População local com idade igual ou superior a 16 anos que, nos 7 dias anteriores à data de realização do inquérito, trabalhou pelo menos uma hora, com contrapartida de remuneração ou com vista a um lucro. Incluem-se também os trabalhadores familiares não remunerados, os trabalhadores por conta de outrem que não estavam ao serviço, mas mantinham um vínculo de emprego com o empregador, e os empregadores ou trabalhadores por conta própria que se encontravam de férias.☯Local population aged 16 and above who work for pay or profit at least 1 hour during the 7 days before enumeration. It also includes unpaid family workers, employees who are absent from work but have job attachment to the employer, as well employers or the self-employed who are on leave."
"7030a433-1bf8-43a1-8bcd-d1813203c1da","法律出版物☯法律出版物☯Publicações jurídicas☯Legal publication","法律及司法培訓中心 ,法律及司法培训中心,CFJJ,CFJJ","1","0","0","System.Object[]","30","62","2023-05-25 10:37:07","由法律及司法培訓中心出版的法律著作的統計☯由法律及司法培训中心出版的法律著作的统计☯Publicações jurídicas de CFJJ☯Legal publications of CFJJ"
"7054598b-7305-457d-b520-fe0250f8a610","本地生產總值 - 貨物出口☯本地生产总值 - 货物出口☯Produto Interno Bruto - Exportação de bens☯ ","統計暨普查局,统计暨普查局,Direcção dos Serviços de Estatística e Censos,Statistics and Census Service","0","1","0","System.Object[]","0","29","2025-11-10 14:46:43","貨物出口表示由本地輸出的任何貨物，但不包括直接轉運及暫時出口制度下出口的貨物。☯货物出口表示由本地输出的任何货物，但不包括直接转运及暂时出口制度下出口的货物。☯A exportação de bens refere-se à saída da Região Administrativa Especial de Macau de quaisquer mercadorias, com excepção das mercadorias que saem em regime de trânsito directo e de exportação temporária. ☯ "
"7055a894-2205-4c98-a256-ec4830fee92a","專科衛生護理範疇兒童綜合評估中心概況☯专科卫生护理范畴儿童综合评估中心概况☯Situação do Centro de Avaliação Conjunta Pediátrica, na área de cuidados de saúde diferenciados☯專科衛生護理範疇兒童綜合評估中心概況","衛生局,卫生局,Serviços de Saúde,Health Bureau","1","0","0","System.Object[]","71","75","2020-05-28 15:07:49","專科衛生護理範疇中，兒童綜合評估中心概況☯专科卫生护理范畴中，儿童综合评估中心概况☯Situação do Centro de Avaliação Conjunta Pediátrica, na área de cuidados de saúde diferenciados☯專科衛生護理範疇中，兒童綜合評估中心概況"
"70753a01-82c5-4979-9a16-3c737454d18d","按月統計申領失業津貼確認書的求職者數據☯按月统计申领失业津贴确认书的求职者数据☯Estatísticas mensais de candidatos a emprego que solicitaram a confirmação do subsídio de desemprego☯Monthly statistics of job seekers who applied for unemployment benefit confirmation","勞工事務局,劳工事务局,Direcção dos Serviços para os Assuntos Laborais,Labour Affairs Bureau","1","0","0","System.Object[]","34","48","2026-05-14 12:04:19","提供按月統計的申領失業津貼確認書求職者數據☯提供按月统计的申领失业津贴确认书求职者数据☯ Fornece dados estatísticos mensais sobre candidatos a emprego que solicitaram a confirmação do subsídio de desemprego☯Provides monthly statistical data on job seekers who applied for unemployment benefit confirmation"
"70c0289e-f52d-4b25-aca3-9e471af28e74","社區醫療衛生 (衛生中心)衛生中心醫務活動☯社区医疗卫生 (卫生中心)卫生中心医务活动☯Actividade médica dos centros de saúde, na área de cuidados de saúde comunitários (centros de saúde)☯社區醫療衛生 (衛生中心)衛生中心醫務活動","衛生局,卫生局,Serviços de Saúde,Health Bureau","1","0","0","System.Object[]","80","75","2024-12-19 14:58:24","社區醫療衛生 (衛生中心)衛生中心醫務活動☯社区医疗卫生 (卫生中心)卫生中心医务活动☯Actividade médica dos centros de saúde, na área de cuidados de saúde comunitários (centros de saúde) ☯社區醫療衛生 (衛生中心)衛生中心醫務活動"
"70c321b4-1d1f-43fc-8bc2-a930abdb0856","非高等教育教學人員人數(按年齡組和性別劃分)☯非高等教育教学人员人数(按年龄组和性别划分)☯Número de Pessoal docente (por PESSOA, classificados por grupos de idade e sexo)(Estatística educativa não Superior)☯-","教育及青年發展局,教育及青年发展局,Direcção dos Serviços de Educação e de Desenvolvimento da Juventude,Education and Youth Development Bureau","1","0","0","System.Object[]","17","40","2025-12-26 18:59:33","教學人員人數(按年齡組和性別劃分)
☯教学人员人数(按年龄组和性别划分)
☯Número de Pessoal docente (por PESSOA, classificados por grupos de idade e sexo)
☯-"
"70ce9ef1-d3c6-448f-a35a-4b4b29f1347f","保險密度及保險滲透率☯保险密度及保险渗透率☯Demais estatísticas da actividade seguradora☯Demais estatísticas da actividade seguradora","澳門金融管理局,澳門金融管理局,AMCM,AMCM","1","0","0","System.Object[]","26","77","2026-08-31 15:04:44","保險密度是指每人平均保費支出，而保險滲透率是保費收入對GDP之比率。☯保险密度是指每人平均保费支出，而保险渗透率是保费收入对GDP之比率。☯Entende-se por densidade de seguros a despesa média de prémios de seguro por pessoa, enquanto  penetração de seguros corresponde à proporção da receita de prémios em relação ao PIB.☯Entende-se por densidade de seguros a despesa média de prémios de seguro por pessoa, enquanto  penetração de seguros corresponde à proporção da receita de prémios em relação ao PIB."
"70ec66ef-a7bb-496b-9d62-5b3af02242db","鎖車吊車數目☯鎖車吊車數目☯No. de guindastes de travamento☯No. of locking cranes","治安警察局,治安警察局,CPSP,CPSP","1","0","0","System.Object[]","19","50","2026-02-06 15:08:51","鎖車吊車數目☯鎖車吊車數目☯No. de guindastes de travamento☯No. of locking cranes"
"712bf9fa-2ec1-4762-aa55-2cdaf23dd563","實時天氣☯实时天气☯Tempo Presente☯Actual Weather","地球物理氣象局,地球物理气象局,irecção dos Serviços Meteorológicos e Geofísicos,Meteorological and Geophysical Bureau","0","0","1","System.Object[]","0","1308","2022-02-10 12:21:54","每小時整點的實況天氣，包括氣溫、濕度、風向及風速等資訊。☯每小时整点的实况天气，包括气温、湿度、风向及风速等信息。☯Informações meteorológicas horárias, incluindo temperatura, humidade, direção e velocidade do vento.☯Hourly weather information including temperature, humidity, wind direction and wind speed"
"719e1a81-40da-4740-a729-1bd9bc91cf32","澳門高等院校教學人員人數統計─按來源地劃分☯澳门高等院校教学人员人数统计─按来源地划分☯Dados estatísticos do número de docentes das instituições do ensino superior de Macau (classificados por recrutamento local e exterior)☯-","教育及青年發展局,教育及青年发展局,Direcção dos Serviços de Educação e de Desenvolvimento da Juventude,Education and Youth Development Bureau","1","0","0","System.Object[]","22","40","2025-12-15 16:01:25","按學年方式，提供按來源劃分的澳門高等院校教學人員人數。☯按学年方式，提供按来源地划分的澳门高等院校教学人员人数。☯Número de docentes das instituições do ensino superior de Macau (classificados por recrutamento local e do exterior), calculado de acordo com o ano lectivo.☯-"
"71df13f1-ab9d-480d-927d-c0058bcb7351","民航局處理的查詢☯民航局处理的查询☯Tratamento de pedidos de informação☯Handling of general enquiries","民航局,民航局,Autoridade de Aviação Civil,Civil Aviation Authority","1","0","0","System.Object[]","47","104","2026-07-07 12:38:36","民航局處理的查詢☯民航局处理的查询☯Tratamento de pedidos de informação☯Handling of general enquiries"
"71ec63ba-f763-42f9-a6e7-f9eade27214a","中華民族雕塑園的民族雕塑的資訊列表☯中华民族凋塑园的民族凋塑的资讯列表☯Lista de informações sobre esculturas étnicas do Parque de Esculturas Étnicas chinesas☯List of information about ethnic sculptures of The Sculpture Park of the Chinese Ethnics","市政署,市政署,Instituto para os Assuntos Municipais,Municipal Affairs Bureau","0","1","0","System.Object[]","0","89","2025-05-19 17:06:30","中華民族雕塑園的民族雕塑的資訊列表。☯中华民族凋塑园的民族凋塑的资讯列表。☯Lista de informações sobre esculturas étnicas do Parque de Esculturas Étnicas chinesas.☯List of information about ethnic sculptures of The Sculpture Park of the Chinese Ethnics."
"7227d5e8-0559-4b3b-8838-f4f66457467c","資產負債表☯资产负债表☯Balanço patrimonial☯Balance sheet","社會保障基金,社会保障基金,Fundo de Segurança Social,Social Security Fund","1","0","0","System.Object[]","12","29","2025-09-29 16:20:44","以年度方式提供社會保障基金的資產負債表☯以年度方式提供社会保障基金的资产负债表☯Balanço patrimonial☯Balance sheet"
"725229fd-8148-40a9-932a-fdd52d0210e0","留宿旅客人均餐飲消費☯留宿旅客人均餐饮消费☯Despesa per capita dos turistas em alimentação☯ ","統計暨普查局,统计暨普查局,Direcção dos Serviços de Estatística e Censos,Statistics and Census Service","0","1","0","System.Object[]","0","29","2025-12-09 11:12:41","留宿旅客在餐飲方面的消費，包括在餐廳、咖啡廳及其他飲食場所的用餐費用。☯留宿旅客在餐饮方面的消费，包括在餐厅、咖啡厅及其他饮食场所的用餐费用。☯Refere-se à despesa dos turistas em alimentação. Inclui-se a despesa em restaurantes, cafés ou outros estabelecimentos de alimentação.☯ "
"725a1e1b-1bfc-4f3b-93c4-d72227034447","旅客平均逗留時間☯旅客平均逗留时间☯Período médio de permanência dos visitantes☯ ","統計暨普查局,统计暨普查局,Direcção dos Serviços de Estatística e Censos,Statistics and Census Service","0","1","0","System.Object[]","323","708","2025-11-25 16:53:45","根據旅客出入境日期及時間計算其逗留時間，並按證件簽發地統計的旅客平均逗留時間。☯根据旅客出入境日期及时间计算其逗留时间，并按证件签发地统计的旅客平均逗留时间。☯O período de permanência dum visitante é calculado de acordo com as datas de entrada e de saída e o tempo de estadia. Os dados sobre o período médio de permanência dos visitantes são compilados por local de emissão do documento de viagem.☯ "
"72cfb60c-2419-433d-aee3-46be83a67bc1","民事登記及證明服務量☯民事登记及证明服务量☯Número de serviços e de certidões de registo civil☯Number of Civil registration and certification services","法務局,法务局,Direcção dos Serviços de Assuntos de Justiça,Legal Affairs Bureau","1","0","0","System.Object[]","25","51","2025-02-11 11:02:14","以年度方式提供出生登記、死亡登記、結婚登記、兩願離婚登記、出生登記證明、死亡登記證明、結婚登記證明、以及離婚登記證明的統計數據。☯以年度方式提供出生登记、死亡登记、结婚登记、两愿离婚登记、出生登记证明、死亡登记证明、结婚登记证明、以及离婚登记证明的统计数据。☯Disponibilização anual de dados estatísticos relativos ao registo de nascimento, registo de óbito, registo de casamento, registo de divórcio por mútuo consentimento, certidão de registo de nascimento, certidão de registo de óbito, certidão de registo de casamento e certidão de registo de divórcio.☯Provides statistical data on birth registration, death registration, marriage registration, consensual divorce registration, birth registration certificate, death registration certificate, marriage registration certificate, and divorce registration certificate on an annual basis. (Unofficial translation of the above text, for reference only)"
"72fd6f84-599c-416a-bc5f-15533585eff3","澳門元利率☯澳门元利率☯Taxas de Juro da pataca☯Interest rates of pataca","澳門金融管理局,澳門金融管理局,AMCM,AMCM","1","0","0","System.Object[]","49","118","2026-09-15 17:00:18","由1995年至今的澳門元儲蓄存款、三個月定期存款及最優惠貸款利率。表內顯示的利率是調查銀行所提供利率的加權平均值。三個月定期存款利率是指存款額不少於十萬澳門元的利率。 ☯由1995年至今的澳门元储蓄存款、三个月定期存款及最优惠贷款利率。表内显示的利率是调查银行所提供利率的加权平均值。三个月定期存款利率是指存款额不少于十万澳门元的利率。☯Depósitos de poupança, depósitos a prazo de três meses e “Prime Rate” em MOP, reportados ao período compreendido entre 1995 e o momento presente. As taxas de juros indicadas na tabela correspondem às médias ponderadas que têm por base as taxas de juro comunicadas pelos bancos integrantes da amostra. As taxas de juro dos depósitos a três meses referem-se às dos depósitos com montante não inferior a MOP100,000.☯Depósitos de poupança, depósitos a prazo de três meses e “Prime Rate” em MOP, reportados ao período compreendido entre 1995 e o momento presente. As taxas de juros indicadas na tabela correspondem às médias ponderadas que têm por base as taxas de juro comunicadas pelos bancos integrantes da amostra. As taxas de juro dos depósitos a três meses referem-se às dos depósitos com montante não inferior a MOP100,000."
"735a63c0-dcdf-42a3-bc0a-868e5addae2c","其他類型罪案案件☯其他类型罪案案件☯Processos de outros tipos de crime☯ ","統計暨普查局,统计暨普查局,Direcção dos Serviços de Estatística e Censos,Statistics and Census Service","0","1","0","System.Object[]","0","30","2025-11-10 14:48:12","其他類型罪案數目。☯其他类型罪案数目。☯Referem-se ao número de processos de outros tipos de crime.☯ "
"73809a1a-3ed3-42ec-92c2-2e5ca5b196dd","備有輪椅停靠設備的巴士數量 ☯备有轮椅停靠设备的巴士数量 ☯Número de autocarros com lugares para cadeira de rodas☯Number of buses with space for wheelchair","交通事務局,交通事务局,Direcção dos Serviços para os Assuntos de Tráfego,Transport Bureau","1","0","0","System.Object[]","65","94","2026-05-27 01:00:10","備有輪椅停靠設備的巴士數量 ☯备有轮椅停靠设备的巴士数量 ☯Número de autocarros com lugares para cadeira de rodas☯Number of buses with space for wheelchair"
"7399718b-fd71-49c9-9090-219e389a8f62","澳門社會的濫藥趨勢、戒毒服務需求與發展規劃研究☯澳门社会的滥药趋势、戒毒服务需求与发展规划研究☯Estudo sobre a Tendência de Abuso de Drogas, Procura e Planeamento para o Desenvolvimento do Serviço de Desintoxicação na Sociedade de Macau☯Research on the Trend of Drug Abuse, Needs for Drug Use Treatment Services and Development Plans in Macao","懲教管理局,懲教管理局,DSC,DSC","1","0","0","System.Object[]","34","54","2022-08-09 16:58:37","項目簡介/活動內容、合作單位及參與之在囚人人次統計
☯项目简介/活动内容、合作单位及参与之在囚人人次统计☯Conteúdo do projeto e Número de reclusos participando☯Content of project and number of inmates participated"
"73af3123-cffc-41a8-aa3f-d5b7fd69d291","街市熟食檔收入☯街市熟食档收入☯Receitas dos lugares de comidas e bebidas nos mercados municipais☯ ","統計暨普查局,统计暨普查局,Direcção dos Serviços de Estatística e Censos,Statistics and Census Service","0","1","0","System.Object[]","0","24","2026-01-26 12:39:42","街市熟食檔從餐飲服務及其他相關業務中獲得的收入總額。☯街市熟食档从餐饮服务及其他相关业务中获得的收入总额。☯Referem-se ao valor total das receitas provenientes dos serviços de restauração e dos outros serviços correlacionados, dos lugares de comidas e bebidas nos mercados municipais.☯ "
"7409434e-baa0-4343-8088-2b85b3e1ef24","澳門主要景點之無障礙旅遊設施列表☯澳门主要景点之无障碍旅游设施列表☯Guia de Turismo Livre de Barreiras - Pontos turísticos☯Barrier-Free Access Guide - Major Attractions","旅遊局,旅游局,Direcção dos Serviços de Turismo,Macao Government Tourism Office","1","0","0","System.Object[]","40","156","2024-11-29 16:19:49","旅遊局“澳門無障礙旅遊設施調查＂內澳門主要景點之無障礙旅遊設施列表，提供升降機、洗手間及適合輪椅使用者的設施等資訊☯旅游局“澳门无障碍旅游设施调查＂内澳门主要景点之无障碍旅游设施列表，提供升降机、洗手间及适合轮椅使用者的设施等资讯☯Estão disponíveis informações sobre elevadores, lavatórios e instalações adequadas para os utentes de cadeira de rodas, no Guia de Turismo Livre de Barreiras - Pontos turísticos, resultante do Inquérito da DST sobre as Instalações Turísticas Sem Barreirasa☯Information on elevators, toilets and other facilities in major attractions suitable for wheelchair users included in the “Consultancy Study on Accessible Tourism Facilities in Macao”"
"7413b2cc-4fde-49f8-b030-dc0cb6fba685","社區醫療衛生 (其他)控煙檢控個案及巡查統計☯社区医疗卫生 (其他)控烟检控个案及巡查统计☯Estatística sobre casos de acusação e inspecção no âmbito do controlo de tabagismo, na área de cuidados de saúde comunitários(outros) ☯社區醫療衛生 (其他)控煙檢控個案及巡查統計","衛生局,卫生局,Serviços de Saúde,Health Bureau","1","0","0","System.Object[]","90","75","2024-12-19 14:59:56","社區醫療衛生 (其他)控煙檢控個案及巡查統計☯社区医疗卫生 (其他)控烟检控个案及巡查统计☯Estatística sobre casos de acusação e inspecção no âmbito do controlo de tabagismo, na área de cuidados de saúde comunitários(outros) ☯社區醫療衛生 (其他)控煙檢控個案及巡查統計"
"74350832-fadc-43f0-86e6-2742a5102812","酒店業增加值總額☯酒店业增加值总额☯Valor acrescentado bruto dos hotéis e similares☯ ","統計暨普查局,统计暨普查局,Direcção dos Serviços de Estatística e Censos,Statistics and Census Service","0","1","0","System.Object[]","0","25","2026-01-26 12:46:38","酒店業場所的收益減去消耗總額後的金額。收益包括客房收費、餐飲服務、會議設施租賃及其他相關服務費用；消耗總額包括購貨及佣金支出、員工支出、租金、水電費等經營費用。☯酒店业场所的收益减去消耗总额后的金额。收益包括客房收费、餐饮服务、会议设施租赁及其他相关服务费用；消耗总额包括购货及佣金支出、员工支出、租金、水电费等经营费用。☯Refere-se às receitas menos consumo intermédio total dos hotéis e similares. As receitas incluem as de alojamento em quartos, as dos serviços de restauração, as do aluguer de instalações destinadas a convenções e exposições e as dos outros serviços correlacionados. O consumo intermédio total abrange as despesas em compras de mercadorias e comissões pagas, as despesas com pessoal, as rendas de instalações, as despesas em água e electricidade, etc.☯ "
"747585e0-adc0-45ad-8064-f001c041403b","澳門高等院校外地生註冊人數統計─按院校劃分☯澳门高等院校外地生注册人数统计─按院校划分☯Dados estatísticos do número de estudantes do exterior que se matriculam nas instituições do ensino superior de Macau (classificados por instituições do ensino superior)☯-","教育及青年發展局,教育及青年发展局,Direcção dos Serviços de Educação e de Desenvolvimento da Juventude,Education and Youth Development Bureau","1","0","0","System.Object[]","22","49","2025-12-15 16:00:22","按學年方式，提供按院校劃分的澳門高等院校外地生註冊人數。☯按学年方式，提供按院校划分的澳门高等院校外地生注册人数。☯Número de estudantes do exterior que se matriculam nas instituições do ensino superior de Macau (classificados por instituições do ensino superior), calculado de acordo com o ano lectivo.☯-"
"74b5e518-933a-49fb-8de5-43653cea4de7","聘用外地僱員申請個案宗數統計☯聘用外地雇员申请个案宗数统计☯Estatística do número de pedidos de contratação de TNR☯Statistical Data on Applications for Hiring Non-resident Workers","勞工事務局,劳工事务局,Direcção dos Serviços para os Assuntos Laborais,Labour Affairs Bureau","0","1","0","System.Object[]","0","256","2026-02-02 15:20:43","聘用外地僱員申請個案宗數統計☯聘用外地雇员申请个案宗数统计☯Estatística do número de pedidos de contratação de TNR☯Statistical Data on Applications for Hiring Non-resident Workers"
"74de1dba-2755-44c1-a70f-07c0feeb4b07","賭博失調人數☯赌博失调人数☯Número de pessoas com transtorno do jogo☯---","社會工作局,社會工作局,Instituto de Acção Social,Social Welfare Bureau","1","0","0","System.Object[]","44","78","2026-09-10 17:43:10","賭博失調人數☯赌博失调人数☯Número de pessoas com transtorno do jogo☯---"
"74dfac87-bab7-4529-80d4-abc464ce136b","《統計年刊 2024》衛生統計健康指標☯《統計年刊 2024》衛生統計健康指標☯ESTATÍSTICAS DA SAÚDE  Indicadores de Saúde☯ESTATÍSTICAS DA SAÚDE  PIndicadores de Saúde","衛生局,卫生局,Serviços de Saúde,Health Bureau","1","0","0","System.Object[]","13","25","2025-10-28 17:40:14","《統計年刊 2024》衛生統計健康指標☯《統計年刊 2024》衛生統計健康指標☯ESTATÍSTICAS DA SAÚDE  Indicadores de Saúde☯ESTATÍSTICAS DA SAÚDE  Indicadores de Saúde"
"75184880-3bb4-40eb-9415-391102d38713","按殘疾級別及殘疾類別(多重殘疾已計算在各類殘疾)劃分的有效持殘疾評估登記證累計人數☯按残疾级别及残疾类别(多重残疾已计算在各类残疾)划分的有效持残疾评估登记证累计人数☯Total acumulado de pessoas portadoras do cartão válido divididas segundo o grau e tipo de deficiência (os respectivos valores da deficiência múltipla estão incluídos nos valores das diversas deficiências)☯--","社會工作局,社會工作局,Instituto de Acção Social,Social Welfare Bureau","1","0","0","System.Object[]","16","45","2026-07-24 16:55:58","按殘疾級別及殘疾類別(多重殘疾已計算在各類殘疾)劃分的有效持殘疾評估登記證累計人數，由於多重殘疾已計算在各類殘疾中，對於每一類殘疾的合計數字為人數，而六類殘疾的總合計數字為人次數，當中不包括一人重覆多次申請的人次數☯按残疾级别及残疾类别(多重残疾已计算在各类残疾)划分的有效持残疾评估登记证累计人数，由于多重残疾已计算在各类残疾中，对于每一类残疾的合计数字为人数，而六类残疾的总合计数字为人次数，当中不包括一人重复多次申请的人次数☯Total acumulado de pessoas portadoras do cartão válido divididas segundo o grau e tipo de deficiência (os respectivos valores da deficiência múltipla estão incluídos nos valores das diversas deficiências),2.	Como os valores da deficiência múltipla estão incluídos nos valores dos diferentes tipos de deficiência, é de referir que, o total de cada tipo de deficiência corresponde ao número de pessoas e o valor total dos seis tipos de deficiência corresponde ao número de pessoas por vezes. Importa dizer que não se encontram contabilizadas no número total de pessoas por vezes, as vezes que uma pessoa reiteradamente apresenta o pedido☯--"
"75314289-8733-42f3-bef6-76734039c499","《統計年刊 2024》疾病預防及控制中心 十大強制性申報疾病個案☯《統計年刊 2024》疾病預防及控制中心 十大強制性申報疾病個案☯CENTRO DE PREVENÇÃO E CONTROLO DA DOENÇA Os dez primeiros casos de doenças de declaração  obrigatória☯CENTRO DE PREVENÇÃO E CONTROLO DA DOENÇA Os dez primeiros casos de doenças de declaração  obrigatória","衛生局,卫生局,Serviços de Saúde,Health Bureau","1","0","0","System.Object[]","10","23","2025-10-28 17:38:07","《統計年刊 2024》疾病預防及控制中心 十大強制性申報疾病個案☯《統計年刊 2024》疾病預防及控制中心 十大強制性申報疾病個案☯CENTRO DE PREVENÇÃO E CONTROLO DA DOENÇA Os dez primeiros casos de doenças de declaração  obrigatória☯CENTRO DE PREVENÇÃO E CONTROLO DA DOENÇA Os dez primeiros casos de doenças de declaração  obrigatória"
"7578ac99-41a4-4c8c-8da2-fad18eb40c13","年終總人口☯年终总人口☯População total no fim do ano☯End-year total population","統計暨普查局,统计暨普查局,Direcção dos Serviços de Estatística e Censos,Statistics and Census Service","0","1","0","System.Object[]","277","497","2024-12-30 12:36:02","總人口包括本地人口、居澳外地僱員及外地學生。☯总人口包括本地人口、居澳外地雇员及外地学生。☯A população total engloba a população local, assim como os trabalhadores não residentes e os estudantes não residentes, ambos domiciliados em Macau.☯The total population is composed of local population, as well as non-resident workers and foreign students living in Macao."
"7580fa4d-f403-48b1-a8b6-6947df6040f6","按繳納資產移轉印花稅統計之樓宇單位買賣數目☯按缴纳资产移转印花税统计之楼宇单位买卖数目☯Número de fracções autónomas transaccionadas segundo o imposto de selo cobrado☯Number of building units transacted as per Stamp Duty record","統計暨普查局,统计暨普查局,Direcção dos Serviços de Estatística e Censos,Statistics and Census Service","0","1","0","System.Object[]","0","36","2024-12-30 17:13:41","參考期間完成繳納資產轉移印花稅程式的住宅（包括樓花）、商鋪、工業、辦公室等單位及停車位元的買賣數目。☯参考期间完成缴纳资产转移印花税程序的住宅（包括楼花）、商铺、工业、办公室等单位及停车位的买卖数目。☯Número de fracções autónomas habitacionais (incluindo as de edifícios em construção), de fracções autónomas destinadas: a lojas; à indústria e a escritórios, bem como de lugares de estacionamento, transaccionados durante o período de referência, segundo o imposto de selo cobrado.☯Refers to the total number of residential units (including pre-sale units), shops, industrial units, office units and parking spaces transacted during the reference period as per Stamp Duty record."
"75934262-0999-4258-a190-d9ffb5d1b3a9","到期墓地名單☯到期墓地名单☯Lista de sepulturas expiradas☯List of expired tombs","市政署,市政署,Instituto para os Assuntos Municipais,Municipal Affairs Bureau","1","0","0","System.Object[]","30","41","2026-07-22 01:00:55","市政墳場到期墓地名單☯市政坟场到期墓地名单☯List of expired tombs in municipal cemeteries☯List of expired tombs in municipal cemeteries"
"7597218c-7b07-47f2-866f-dccbd0738149","《食品中獸藥最高殘留限量》—相關獸藥的最高殘留限量等明細列表☯《食品中兽药最高残留限量》—相关兽药的最高残留限量等明细列表☯“Limites máximos de resíduos de medicamentos veterinários nos alimentos” – Lista de limites máximos de resíduos de medicamentos veterinários relevantes☯“Maximum Residue Limits of Veterinary Drugs in Foodstuffs”—Detailed list of maximum residue limits of relevant veterinary drugs","市政署,市政署,Instituto para os Assuntos Municipais,Municipal Affairs Bureau","0","1","0","System.Object[]","0","35","2024-12-18 17:38:35","列出藥物名稱、食用動物種類、部位、最高殘留限量等資訊。本食安標準在線數據庫之內容包含第13/2013號行政法規《食品中獸藥最高殘留限量》，若此數據庫資料與上述行政法規之內容有異，應以行政法規公布之內容為準。☯列出药物名称、食用动物种类、部位、最高残留限量等信息。本食安标准在线数据库之内容包含第13/2013号行政法规《食品中兽药最高残留限量》，若此数据库数据与上述行政法规之内容有异，应以行政法规公布之内容为准。☯Lista de informações sobre o nome do medicamento, espécies de animais para consumo, as suas partes, limites máximos de resíduos, etc. O conteúdo da presente Base de Dados sobre os Critérios de Segurança Alimentar inclui o Regulamento Administrativo n.º 13/2013, Limites máximos de resíduos de medicamentos veterinários nos alimentos. Caso os dados constantes desta base sejam diferentes do conteúdo dos regulamentos administrativos acima referidos, prevalece o conteúdo publicado nos regulamentos administrativos.☯List the drug names, types of food animals, parts, maximum residue limits and other information. The content of this online food safety standard database includes the Administrative Regulation No. 13/2013“Maximum Residue Limits of Veterinary Drugs in Foodstuffs”. In case of doubt or discrepancy between the content in the database and the administrative regulation, the latter shall prevail."
"759d6cb9-550b-465d-9552-72ff5e2c1300","動產登記及證明服務量☯动产登记及证明服务量☯Número de serviços e de certidões de registo comercial☯Number of movable Property registration and certification services","法務局,法务局,Direcção dos Serviços de Assuntos de Justiça,Legal Affairs Bureau","1","0","0","System.Object[]","17","54","2025-02-11 10:58:20","以年度方式提供汽車所有權的首次登記、汽車所有權移轉的登記、汽車所有權註銷的登記、汽車抵押權註銷的登記、船舶商業登記、航空器登記、汽車登記證明、船舶商業登記證明、以及航空器登記證明的統計數據。☯以年度方式提供汽车所有权的首次登记、汽车所有权移转的登记、汽车所有权注销的登记、汽车抵押权注销的登记、船舶商业登记、航空器登记、汽车登记证明、船舶商业登记证明、以及航空器登记证明的统计数据。☯Disponibilização anual de dados estatísticos relativos ao registo de empresário comercial, pessoa singular, registo de empresário comercial, pessoa colectiva (constituição de sociedade comercial), registo da dissolução e extinção da sociedade pelo encerramento da liquidação, certidão de admissibilidade da firma e certidão de registo comercial.☯Provide annual registration of car ownership, registration of car ownership transfer, car ownership cancellation registration, car mortgage cancellation registration, ship commercial registration, aircraft registration, car registration certificate, ship commercial registration certificate, and aircraft registration certificate statistics. (Unofficial translation of the above text, for reference only)"
"75a2a351-e0c7-4ec7-92b2-34d60d00d681","進口電量☯进口电量☯Volume de energia eléctrica importada☯Volume de energia eléctrica importada","環境保護局,环境保护局,Direcção dos Serviços de Protecção Ambiental,Environmental Protection Bureau","0","1","0","System.Object[]","0","120","2024-06-11 10:19:12","進口電量☯进口电量☯Volume de energia eléctrica importada☯Volume de energia eléctrica importada"
"75a5213f-caa4-4169-bc7f-0d17ec64c3b9","酒店業購貨及佣金支出☯酒店业购货及佣金支出☯Compras de mercadorias e comissões pagas pelos hotéis e similares☯ ","統計暨普查局,统计暨普查局,Direcção dos Serviços de Estatística e Censos,Statistics and Census Service","0","1","0","System.Object[]","0","23","2026-01-26 12:47:29","酒店業場所購買貨物及支付佣金的總費用。☯酒店业场所购买货物及支付佣金的总费用。☯Referem-se ao valor total das despesas em compras de mercadorias e comissões pagas pelas hotéis e similares.☯ "
"75ae7b32-fe6d-43bc-a1bc-425e0efdad63","互聯網接入服務用戶數 — 按接入技術劃分☯互联网接入服务用户数 — 按接入技术划分☯Número de subscritores do serviço de acesso à Internet – por tecnologia de acesso☯Number of Internet access service subscribers – by access technology","郵電局,郵電局,CTT,CTT","1","0","0","System.Object[]","44","79","2026-08-31 17:03:27","自2002年3月起的澳門互聯網接入服務的用戶數（按接入技術劃分）（2006年1月起提供撥號、寬頻、綜合網及私人租用線路之用戶數）☯自2002年3月起的澳门互联网接入服务的用户数（按接入技术划分）（2006年1月起提供拨号、宽带、综合网及私人租用线路之用户数）☯Número de subscritores do serviço de acesso à Internet de Macau desde Março de 2002 (por tecnologia de acesso) (O número de subscritores de acesso discado, banda larga, RDIS e Acesso Directo à Internet é fornecido a partir de Janeiro de 2006)☯Number of Internet access service subscribers of Macao since March 2002 (by access technology) (Numbers of subscribers of dial up, broadband, ISDN and Direct Internet Access are provided starting from January 2006)

"
"75bcdaac-8964-4db9-b7fa-25a87110119e","年度社會保障制度失業津貼受領人次及金額(澳門元)☯年度社会保障制度失业津贴受领人次及金额(澳门元)☯Número de vezes e montante (em patacas) de recebimento do subsídio de desemprego do regime da segurança social por ano☯Number of unemployment allowance applications under the Social Security System and expenditure on unemployment allowance in the year (patacas)","社會保障基金,社会保障基金,Fundo de Segurança Social,Social Security Fund","1","0","0","System.Object[]","50","63","2026-09-01 17:04:49","以年度方式提供在相關曆年內，失業津貼的受領人次及金額☯以年度方式提供在相关历年内，失业津贴的受领人次及金额☯Prestação anual do número de vezes e montante de recebimento do subsídio de desemprego durante o respectivo ano civil.☯Available on an annual basis, the number of unemployment allowance applications and expenditure on unemployment allowance in the relevant calendar year."
"75e6d28b-c4d8-4571-b33a-b524c89bb246","出境旅客☯出境旅客☯Saídas de visitantes☯ ","統計暨普查局,统计暨普查局,Direcção dos Serviços de Estatística e Censos,Statistics and Census Service","0","1","0","System.Object[]","0","34","2025-12-01 10:48:20","從本地出發前往其他地區的旅客總數。☯从本地出发前往其他地区的旅客总数。☯Referem-se ao número total de visitantes que saíram da Região Administrativa Especial de Macau para outro território/país.☯ "
"76142498-e3e4-4814-a341-2e2eac6dde6a","非高等教育各年齡和年級的學生人數☯非高等教育各年龄和年级的学生人数☯Número de alunos (por FREQUÊNCIA) por idade e ano de escolaridade(Estatística educativa não Superior)☯-","教育及青年發展局,教育及青年发展局,Direcção dos Serviços de Educação e de Desenvolvimento da Juventude,Education and Youth Development Bureau","1","0","0","System.Object[]","69","119","2025-12-26 18:59:40","各年齡和年級的學生人數
☯各年龄和年级的学生人数☯Número de alunos (por FREQUÊNCIA) por idade e ano de escolaridade☯-"
"762594ff-dab6-47c2-8d5c-f5053d65bbb8","非法改裝車☯非法改裝車☯Modificação ilegal de veículos☯Illegal modifications of vehicles","治安警察局,治安警察局,CPSP,CPSP","1","0","0","System.Object[]","25","48","2026-02-06 15:08:32","非法改裝車☯非法改裝車☯Modificação ilegal de veículos☯Illegal modifications of vehicles"
"765171ac-7feb-42b1-9e22-01f1b927d939","展覽專業觀眾☯展览专业观众☯Visitantes profissionais das exposições☯ ","統計暨普查局,统计暨普查局,Direcção dos Serviços de Estatística e Censos,Statistics and Census Service","0","1","0","System.Object[]","0","22","2026-01-26 12:38:27","參加展覽活動的專業觀眾，包括業內人士、買家及其他相關專業人員。☯参加展览活动的专业观众，包括业内人士、买家及其他相关专业人员。☯Referem-se aos visitantes profissionais que participaram nas exposições, incluindo os indivíduos especialistas do(s) ramo(s) de actividade económica, compradores e outros profissionais correlacionados.☯ "
"769a70f3-82bd-4e7a-ba8f-f968ca8a519c","《統計年刊 2024》專科醫療衛生範疇按專科劃分的住院人次☯《統計年刊 2024》專科醫療衛生範疇按專科劃分的住院人次☯CUIDADOS DE SAÚDE DIFERENCIADOS N.º de internamentos por especialidade☯CUIDADOS DE SAÚDE DIFERENCIADOS N.º de internamentos por especialidade","衛生局,卫生局,Serviços de Saúde,Health Bureau","1","0","0","System.Object[]","16","25","2025-10-28 17:39:39","《統計年刊 2024》專科醫療衛生範疇按專科劃分的住院人次☯《統計年刊 2024》專科醫療衛生範疇按專科劃分的住院人次☯CUIDADOS DE SAÚDE DIFERENCIADOS N.º de internamentos por especialidade☯CUIDADOS DE SAÚDE DIFERENCIADOS N.º de internamentos por especialidade"
"76a3b004-418a-42aa-8cb7-7615874b3d23","暫停營業之旅行社列表☯暂停营业之旅行社列表☯Suspensão da actividade - agência de viagens☯Suspension of Business - Travel Agency","旅遊局,旅游局,Direcção dos Serviços de Turismo,Macao Government Tourism Office","1","0","0","System.Object[]","11","34","2026-09-12 14:42:47","已向旅遊局提出暫停營業之旅行社列表☯已向旅游局提出暂停营业之旅行社列表☯Pedido de suspensão da actividade - agência de viagens☯Submitted Application for Suspension of Business - Travel Agency
"
"76c41942-3ef3-4f39-95c7-fb52ff13d4a6","年度社會保障制度結婚津貼受領人次及金額(澳門元)☯年度社会保障制度结婚津贴受领人次及金额(澳门元)☯Número de vezes e montante (em patacas) de recebimento do subsídio de casamento do regime da segurança social por ano☯Number of marriage allowance applications under the Social Security System and expenditure on marriage allowance in the year (patacas)","社會保障基金,社会保障基金,Fundo de Segurança Social,Social Security Fund","1","0","0","System.Object[]","21","42","2026-09-01 17:04:59","以年度方式提供在相關曆年內，結婚津貼的受領人次及金額☯以年度方式提供在相关历年内，结婚津贴的受领人次及金额☯Prestação anual do número de vezes e montante de recebimento do subsídio de casamento durante o respectivo ano civil.☯Available on an annual basis, the number of marriage allowance applications and expenditure on marriage allowance in the relevant calendar year."
"771183fa-e0bb-42ba-a177-105c9a893b23","《統計年刊 2024》疾病預防及控制中心 愛滋病諮詢服務☯《統計年刊 2024》疾病預防及控制中心 愛滋病諮詢服務☯CENTRO DE PREVENÇÃO E CONTROLO DA DOENÇA Serviço de consulta sobre SIDA☯CENTRO DE PREVENÇÃO E CONTROLO DA DOENÇA Serviço de consulta sobre SIDA","衛生局,卫生局,Serviços de Saúde,Health Bureau","1","0","0","System.Object[]","10","27","2025-10-28 17:37:34","《統計年刊 2024》疾病預防及控制中心 愛滋病諮詢服務☯《統計年刊 2024》疾病預防及控制中心 愛滋病諮詢服務☯CENTRO DE PREVENÇÃO E CONTROLO DA DOENÇA Serviço de consulta sobre SIDA☯CENTRO DE PREVENÇÃO E CONTROLO DA DOENÇA Serviço de consulta sobre SIDA"
"77e2c19b-785d-4fe0-8c27-e7f042a4033e","都市建築及城市規劃範疇已登記專業人士數目☯都市建筑及城市规划范畴已登记专业人士数目☯Número de Profissionais Inscritos nos Domínios da Construção Urbana e do Urbanismo☯Number of registered professionals in CAEU","土地工務局,土地工務局,DSSCU,DSSCU","1","0","0","System.Object[]","18","35","2026-05-21 10:50:42","都市建築及城市規劃範疇的資格認可和登記專業人士數目☯都市建筑及城市规划范畴的资格认可和登记专业人士数目☯Número de Profissionais Inscritos nos Domínios da Construção Urbana e do Urbanismo☯Number of registered professionals in CAEU"
"783aceb9-9563-47a8-af41-24505da1d45a","男性在囚人士☯男性在囚人士☯Reclusos de sexo masculino☯ ","統計暨普查局,统计暨普查局,Direcção dos Serviços de Estatística e Censos,Statistics and Census Service","0","1","0","System.Object[]","0","27","2025-11-10 14:49:07","在囚男性人士的數目。☯在囚男性人士的数目。☯Referem-se ao número de reclusos de sexo masculino.☯ "
"785db3bb-2def-424e-9f68-348659ab63e2","訂定特定的澳門特別行政區居民可自橫琴口岸澳方口岸區進口的供個人自用或消費的貨物表☯订定特定的澳门特别行政区居民可自横琴口岸澳方口岸区进口的供个人自用或消费的货物表☯Definir a tabela específica de mercadorias, destinadas ao uso ou consumo pessoal, que os residentes da RAEM podem importar a partir da Zona do Posto Fronteiriço de Macau do Posto Fronteiriço Hengqin☯Stipulations on specific list of goods for personal use or consumption that can be brought back to Macao by residents of Macao Special Administrative Region through the Macao border checkpoint area of Hengqin port","市政署,市政署,Instituto para os Assuntos Municipais,Municipal Affairs Bureau","1","0","0","System.Object[]","13","31","2025-06-25 17:10:13","列出貨物名稱、澳門對外貿易貨物分類表／協調制度編號、數量上限等資訊。本批示附件之自橫琴口岸澳方口岸區進口的供個人自用或消費的貨物表內容包含第32/2024號行政長官批示及澳門對外貿易貨物分類表／協調制度編號（第七修訂版），若此數據庫資料與上述行政長官批示之內容有異，應以行政長官批示公布之內容為準。☯列出货物名称、澳门对外贸易货物分类表／协调制度编号、数量上限等信息。本批示附件之自横琴口岸澳方口岸区进口的供个人自用或消费的货物表内容包含第32/2024号行政长官批示及澳门对外贸易货物分类表／协调制度编号（第七修订版），若此数据库数据与上述行政长官批示之内容有异，应以行政长官批示公布之内容为准。☯Indicar a designação das mercadorias, código de referência segundo a nomenclatura para o comércio externo de Macau/sistema harmonizado, quantidades máximas, etc. A Tabela de mercadorias destinadas ao uso ou consumo pessoal importadas através da Zona do Posto Fronteiriço da Parte de Macau do Posto Fronteiriço de Hengqin, anexa ao presente despacho, contém o Despacho do Chefe do Executivo n.º 32/2024 e o Código de referência segundo a nomenclatura para o comércio externo de Macau/sistema harmonizado (7.a Revisão). Caso as informações contidas nesta base de dados sejam diferentes do conteúdo do mencionado Despacho do Chefe do Executivo, prevalecerá o conteúdo publicado neste.☯List of information about name of goods, the Nomenclature for the External Trade of Macao/Harmonized System (NCEM/HS), maximum quantity, among others. The list of goods for personal use or consumption that can be brought back to Macao through the Macao border checkpoint area of Hengqin port in the annex of this Writ of Instruction includes the Chief Executive Writ of Instruction No. 32/2024 and the 7th Revision of the Nomenclature for the External Trade of Macao/Harmonized System (NCEM/HS). In the event of any discrepancy between the information in this database and the one in the Chief Executive Writ of Instruction, the content published by the Chief Executive Writ of Instruction shall prevail"
"7863f0c5-d945-41c8-bb74-ec89a03d98cb","特區政府專題網站目錄☯特区政府专题网站目录☯Directório de Websites Temáticos☯RAEM Thematic websites","行政公職局,行政公职局,Direcção dos Serviços de Administração e Função Pública,Public Administration and Civil Service Bureau","0","1","0","System.Object[]","0","63","2025-07-04 11:36:23","特区政府专题网站目录☯特区政府RSS订阅目录☯Directório de Websites Temáticos☯RAEM Thematic websites"
"786ef3ef-1fe6-45c4-8274-8ba49c3a1752","餐廳菜式類型統計☯餐厅菜式类型统计☯Estatística de tipos de cozinha☯Statistics on restaurant cuisine types","旅遊局,旅游局,Direcção dos Serviços de Turismo,Macao Government Tourism Office","1","0","0","System.Object[]","29","63","2026-08-06 15:38:02","由旅遊局發出牌照之餐廳所提供菜式類型之統計
☯由旅游局发出牌照之餐厅所提供菜式类型之统计☯Estatística de tipos de cozinha nos restraurantes licenciados pela DST☯Statistics on the types of cuisine offered by restaurants licensed by MGTO"
"7917ef0e-c532-4c27-98ce-4b026cb718ab","本地生產總值實質變動率 - 資本形成總額☯本地生产总值实质变动率 - 资本形成总额☯Taxa de variação real do Produto Interno Bruto - Formação bruta de capital☯ ","統計暨普查局,统计暨普查局,Direcção dos Serviços de Estatística e Censos,Statistics and Census Service","0","1","0","System.Object[]","0","30","2025-11-11 12:13:13","剔除價格變化因素後的資本形成總額變動，用以衡量生產者在固定資產及庫存投資上的實質變動。☯剔除价格变化因素后的资本形成总额变动，用以衡量生产者在固定资产及库存投资上的实质变动。☯A variação da formação bruta de capital, após a eliminação dos factores que influenciam os preços, serve para medir a variação real do investimento de produtores em bens de capital fixo e em existências.☯ "
"7929ca80-7c5c-476c-812e-7c8348eb2eac","政務服務資訊中心：各類性質個案的回覆情況☯政务服务资讯中心：各类性质个案的回复情况☯Centro de Informações dos Serviços Governamentais: Situação de resposta a casos de natureza diversa☯Government Services Information Centre: Reply Status of Cases by Type","行政公職局,行政公职局,Direcção dos Serviços de Administração e Função Pública,Public Administration and Civil Service Bureau","1","0","0","System.Object[]","27","51","2026-07-01 09:19:55","按年及個案性質統計政務服務資訊中心轉介個案的回覆情況。☯按年及个案性质统计政务服务资讯中心转介个案的回复情况。☯Estatística anual sobre o andamento dos processos encaminhados pelo Centro de Informações dos Serviços Governamentais e sua natureza.☯Statistics on the response status of cases referred by the Government Services Information Centre, categorized by year and case nature.
"
"794d6b36-8e12-4453-a2d2-8b2099618fed","按年齡層及殘疾類別劃分的有效持殘疾評估登記證累計人數☯按年龄层及残疾类别划分的有效持残疾评估登记证累计人数☯Total acumulado de pessoas portadoras do cartão válido divididas segundo a faixa etária e o tipo de deficiência☯--","社會工作局,社會工作局,Instituto de Acção Social,Social Welfare Bureau","1","0","0","System.Object[]","15","41","2026-07-24 16:56:04","按年齡層及殘疾類別劃分的有效持殘疾評估登記證累計人數☯按年龄层及残疾类别划分的有效持残疾评估登记证累计人数☯Total acumulado de pessoas portadoras do cartão válido divididas segundo a faixa etária e o tipo de deficiência☯--"
"797c4260-8380-40b5-86eb-7eb1aaa2c429","違規駕駛統計☯違規駕駛統計☯Dirigindo ilegalmente☯Driving illegally","治安警察局,治安警察局,CPSP,CPSP","1","0","0","System.Object[]","31","53","2026-02-06 15:08:47","違規駕駛統計☯違規駕駛統計☯Dirigindo ilegalmente☯Driving illegally"
"79d2e703-269f-4d72-8777-bf32f3240cb2","呼吸系統疾病導致的死亡☯呼吸系统疾病导致的死亡☯Óbitos por doenças do aparelho respiratório☯ ","統計暨普查局,统计暨普查局,Direcção dos Serviços de Estatística e Censos,Statistics and Census Service","0","1","0","System.Object[]","0","27","2025-11-10 14:49:59","因呼吸系統疾病導致的死亡人數。☯因呼吸系统疾病导致的死亡人数。☯Referem-se ao número de pessoas que faleceram por doenças do aparelho respiratório.☯ "
"79d5631e-022f-49b1-8d36-211f5ab57b50","不過夜大灣區入境旅客☯不过夜大湾区入境旅客☯Entradas de excursionistas da Grande Baía☯ ","統計暨普查局,统计暨普查局,Direcção dos Serviços de Estatística e Censos,Statistics and Census Service","0","1","0","System.Object[]","0","26","2025-12-01 10:48:31","入境且未在旅遊地區過夜的大灣區旅客總數。☯入境且未在旅游地区过夜的大湾区旅客总数。☯Referem-se ao número de visitantes da Grande Baía que entraram no território visitado, mas nele não passaram a noite.☯ "
"79f1bc87-a171-468d-9bd3-b113b13d8da1","對歐盟的進口貨值☯对欧盟的进口货值☯Valor da importação de mercadorias da União Europeia☯Value of imports from the EU","統計暨普查局,统计暨普查局,Direcção dos Serviços de Estatística e Censos,Statistics and Census Service","0","1","0","System.Object[]","0","27","2024-12-30 17:13:16","來自原產地為歐盟的貨物價值。☯来自原产地为欧盟的货物价值。☯Valor da importação de mercadorias originalmente produzidas na União Europeia.☯Value of goods whose origin is the EU."
"79fc8504-4e31-454d-9d5e-c5a9f2d2f275","經旅行社安排入住酒店業場所的住客☯经旅行社安排入住酒店业场所的住客☯Hóspedes que se hospedaram nos estabelecimentos hoteleiros através das agências de viagens☯ ","統計暨普查局,统计暨普查局,Direcção dos Serviços de Estatística e Censos,Statistics and Census Service","0","1","0","System.Object[]","0","27","2025-12-01 10:46:32","通過旅行社安排入住酒店業場所的住客總數。☯通过旅行社安排入住酒店业场所的住客总数。☯Referem-se ao número total de hóspedes que se hospedaram nos estabelecimentos hoteleiros através das agências de viagens.☯ "
"7a163ead-13e2-4142-a170-c039da317ef8","展覽平均舉行之日數☯展览平均举行之日数☯Duração média das exposições☯Average duration of exhibitions","統計暨普查局,统计暨普查局,Direcção dos Serviços de Estatística e Censos,Statistics and Census Service","0","1","0","System.Object[]","0","28","2024-12-30 17:13:58","展覽平均舉行之日數。☯展览平均举行之日数。☯Número médio de dias das exposições realizadas.☯Average number of days for which exhibitions are held."
"7a5936da-e826-48e3-8a9e-7552d723f77d","飲食店舖在職員工☯饮食店铺在职员工☯Pessoal ao serviço dos restaurantes e estabelecimentos similares☯ ","統計暨普查局,统计暨普查局,Direcção dos Serviços de Estatística e Censos,Statistics and Census Service","0","1","0","System.Object[]","0","23","2026-01-26 12:43:15","在飲食店舖工作的全職及無薪員工總數。☯在饮食店铺工作的全职及无薪员工总数。☯Refere-se ao número total de trabalhadores remunerados a tempo completo e de trabalhadores não remunerados que laboram nos restaurantes e estabelecimentos similares.☯ "
"7a80bc67-bccf-44c3-b0fd-f83788c36c0d","按登記用途統計之註冊機動車☯按登记用途统计之注册机动车☯Veículos matriculados, segundo a finalidade☯Licensed Motor Vehicles by Registered Usage","交通事務局,交通事务局,Direcção dos Serviços para os Assuntos de Tráfego,Transport Bureau","1","0","0","System.Object[]","18","45","2026-05-22 01:01:57","按登記用途統計之註冊機動車☯按登记用途统计之注册机动车☯Veículos matriculados, segundo a finalidade☯Licensed Motor Vehicles by Registered Usage"
"7ab16252-21d0-4fa1-9448-19dd7ba2cdc4","疾病預防控制範疇按歲組劃分的傷害事故死亡人數☯疾病预防控制范畴按岁组划分的伤害事故死亡人数☯Número de óbitos de acidente, na área de prevenção e controlo de doenças, de acordo com o grupo etário☯疾病預防控制範疇按歲組劃分的傷害事故死亡人數","衛生局,卫生局,Serviços de Saúde,Health Bureau","1","0","0","System.Object[]","53","76","2024-12-19 15:00:16","疾病預防控制範疇中，以歲組劃分的傷害事故死亡人數☯疾病预防控制范畴中，以岁组划分的伤害事故死亡人数☯Número de óbitos de acidente, na área de prevenção e controlo de doenças, de acordo com o grupo etário☯疾病預防控制範疇中，以歲組劃分的傷害事故死亡人數"
"7ad279ae-c84a-4885-9461-d571fddb2791","接送員名單☯接送员名单☯Lista dos transferistas☯List of transferists","旅遊局,旅游局,Direcção dos Serviços de Turismo,Macao Government Tourism Office","1","0","0","System.Object[]","37","140","2026-09-13 08:04:28","接送員名單☯接送员名单☯Lista dos transferistas
☯List of transferists"
"7af2fae3-e5bb-4244-b475-09bfa8774d2e","設計及新型註冊申請量☯设计及新型注册申请量☯Números dos Pedidos de Registo de Desenho e Modelo☯Number of Applications of Industrial Design and Model Registration","經濟及科技發展局,经济及科技发展局,Direcção dos Serviços de Economia e Desenvolvimento Tecnológico,Macao Economic Bureau","1","0","0","System.Object[]","41","92","2026-07-10 15:05:09","提供設計及新型註冊申請統計資料☯提供设计及新型注册申请统计资料☯Dados estatísticos dos pedidos de registo de desenho ou modelo☯Statistics on industrial model and design registration applications"
"7b0bddbc-438f-41b2-9c0a-12dee6443a50","非高等教育學生人數（按學校類型和年級劃分）☯非高等教育学生人数（按学校类型和年级划分）☯Número de alunos (Classificação por tipo de escola e ano de escolaridade) (Estatística educativa não Superior)☯-","教育及青年發展局,教育及青年发展局,Direcção dos Serviços de Educação e de Desenvolvimento da Juventude,Education and Youth Development Bureau","1","0","0","System.Object[]","449","420","2026-03-16 17:17:45","學生人數（按學校類型和年級劃分）
☯学生人数（按学校类型和年级划分）
☯Número de alunos (Classificação por tipo de escola e ano de escolaridade)
☯-"
"7b50ebd0-e20d-48fc-b216-4126ffb35bac","收取殘疾津貼人數☯收取残疾津贴人数☯Número de pessoas que recebem o subsídio de invalidez☯---","社會工作局,社會工作局,Instituto de Acção Social,Social Welfare Bureau","1","0","0","System.Object[]","27","53","2026-08-11 10:29:21","收取殘疾津貼人數☯收取残疾津贴人数☯Número de pessoas que recebem o subsídio de invalidez☯---"
"7b77b148-fa15-4e05-a1ba-d549cd87335f","非高等教育開辦職業技術課程校部數 (按學校分類劃分)☯非高等教育开办职业技术课程校部数 (按学校分类划分)☯Número de unidades escolares que organizam o curso de ensino técnico-profissional (Classificado por tipo de escola)(Estatística educativa não Superior)☯-","教育及青年發展局,教育及青年发展局,Direcção dos Serviços de Educação e de Desenvolvimento da Juventude,Education and Youth Development Bureau","1","0","0","System.Object[]","15","43","2025-12-26 18:59:45","開辦職業技術課程校部數 (按學校分類劃分)
☯开办职业技术课程校部数 (按学校分类划分)
☯Número de unidades escolares que organizam o curso de ensino técnico-profissional (Classificado por tipo de escola)
☯-"
"7b7ac4fe-47b9-4974-98de-8859ceec69b8","工業准照申請量☯工业准照申请量☯Número de pedidos da licença industrial☯Industrial License Applications","經濟及科技發展局,经济及科技发展局,Direcção dos Serviços de Economia e Desenvolvimento Tecnológico,Macao Economic Bureau","1","0","0","System.Object[]","36","86","2026-09-15 15:00:20","提供工業准照申請統計資料☯提供工业准照申请统计资料☯Fornecimento de dados estatísticos relativos aos pedidos da licença industrial☯Provide Statistics on Industrial License Applications"
"7baa885b-7dca-4efa-ab65-16c6dee4ddd2","紫外線預報☯紫外线预报☯Previsão do Índice da Ultraviolet (UV)☯Forecast Ultraviolet (UV) Index","地球物理氣象局,地球物理气象局,irecção dos Serviços Meteorológicos e Geofísicos,Meteorological and Geophysical Bureau","0","0","1","System.Object[]","0","130","2022-02-10 14:59:20","當天的紫外線指數預測。☯当天的紫外线指数预测。☯Previsão diária do índice Ultraviolet (UV).☯Forecast of Daily Ultraviolet (UV) Index."
"7c09e60a-4290-4729-9675-dd47460dddd6","工業單位每平方米平均價格☯工业单位每平方米平均价格☯Preço médio por metro quadrado das fracções autónomas industriais☯Average price per square metre of industrial units","統計暨普查局,统计暨普查局,Direcção dos Serviços de Estatística e Censos,Statistics and Census Service","0","1","0","System.Object[]","32","83","2024-12-30 12:51:42","每平方米實用面積平均成交價。☯每平方米实用面积平均成交价。☯Refere-se ao preço médio de transacção por metro quadrado de área útil.☯Refers to the average transaction price per square metre of usable area."
"7c16a873-a0a8-436a-b52f-2e99d077cbe3","年度收入數據☯年度收入数据☯Dados de receita anual☯Annual revenue data","社會保障基金,社会保障基金,Fundo de Segurança Social,Social Security Fund","1","0","0","System.Object[]","18","34","2025-09-29 16:21:09","以年度方式提供社會保障基金的收入數據☯以年度方式提供社会保障基金的收入数据☯Dados de receita anual☯Annual revenue data"
"7c3820ce-a13b-4058-9ade-613303c91c8a","人力資源範疇衛生局人員數目☯人力资源范畴卫生局人员数目☯Número de trabalhadores dos Serviços de Saúde, na área de recursos humanos☯人力資源範疇衛生局人員數目","衛生局,卫生局,Serviços de Saúde,Health Bureau","1","0","0","System.Object[]","111","99","2024-12-19 14:58:40","人力資源範疇中，衛生局人員數目☯人力资源范畴中，卫生局人员数目☯Número de trabalhadores dos Serviços de Saúde, na área de recursos humanos☯人力資源範疇中，衛生局人員數目"
"7c4efa0e-fc02-46c4-aba4-1b807d822a01","澳門高等院校研究人員人數統計─按聘用方式劃分☯澳门高等院校研究人员人数统计─按聘用方式划分☯Dados estatísticos do número de investigadores das instituições do ensino superior de Macau (classificados pela forma de contratação)☯-","教育及青年發展局,教育及青年发展局,Direcção dos Serviços de Educação e de Desenvolvimento da Juventude,Education and Youth Development Bureau","1","0","0","System.Object[]","17","37","2025-12-15 16:01:34","按學年方式，提供按聘用方式劃分的澳門高等院校研究人員人數。☯按学年方式，提供按聘用方式划分的澳门高等院校研究人员人数。☯Número de investigadores das instituições do ensino superior de Macau (classificados pela forma de contratação), calculado de acordo com o ano lectivo.☯-"
"7c530888-f4ca-40db-8369-b4efbb836630","列出各區親子廁所分佈的資訊列表☯列出各区亲子厕所分布的信息列表☯Lista de informações sobre a distribuição de sanitários familiares por zona☯List of information about distribution of parent-child toilets in various districts","市政署,市政署,Instituto para os Assuntos Municipais,Municipal Affairs Bureau","1","1","0","System.Object[]","14","52","2026-06-12 10:00:27","列出各區親子廁所分佈的資訊列表☯列出各区亲子厕所分布的信息列表☯Lista de informações sobre a distribuição de sanitários familiares por zona☯List of information about distribution of parent-child toilets in various districts"
"7cdfc531-cac1-4b10-8a6e-48d9273c3117","非高等教育教學人員人數(按服務時間和教育階段劃分)☯非高等教育教学人员人数(按服务时间和教育阶段划分)☯Número de Pessoal docente (por PESSOA, classificados por Tempo de serviço e nível de ensino)(Estatística educativa não Superior)☯-","教育及青年發展局,教育及青年发展局,Direcção dos Serviços de Educação e de Desenvolvimento da Juventude,Education and Youth Development Bureau","1","0","0","System.Object[]","42","38","2025-12-26 18:59:35","教學人員人數(按服務時間和教育階段劃分)
☯教学人员人数(按服务时间和教育阶段划分)
☯Número de Pessoal docente (por PESSOA, classificados por Tempo de serviço e nível de ensino)
☯-"
"7cecff4b-c07c-4a10-a64b-4a16fa73d812","財務管理範疇預算開支和實際開支☯财务管理范畴预算开支和实际开支☯Dotações orçamentadas e montantes despendidos, na área de gestão financeira☯財務管理範疇預算開支和實際開支 ","衛生局,卫生局,Serviços de Saúde,Health Bureau","1","0","0","System.Object[]","83","137","2024-12-19 14:58:42","財務管理範疇中，預算開支和實際開支☯财务管理范畴中，预算开支和实际开支☯Dotações orçamentadas e montantes despendidos, na área de gestão financeira☯財務管理範疇中，預算開支和實際開支"
"7cf74234-486e-44f6-a23a-9f046c50fe09","2024年度流感樣疾病和新冠病毒感染監測報告☯2024年度流感樣疾病和新冠病毒感染監測報告☯Relatório de vigilância sobre doenças com sintomas semelhantes aos da  gripe e infecção pelo novo coronavírus☯Relatório de vigilância sobre doenças com sintomas semelhantes aos da  gripe e infecção pelo novo coronavírus","衛生局,卫生局,Serviços de Saúde,Health Bureau","1","0","0","System.Object[]","20","40","2025-10-28 17:35:58","2024年度_流感樣疾病和新冠病毒感染監測報告_數據☯2024年度_流感樣疾病和新冠病毒感染監測報告_數據☯Relatório de vigilância sobre doenças com sintomas semelhantes aos da 
gripe e infecção pelo novo coronavírus☯Relatório de vigilância sobre doenças com sintomas semelhantes aos da 
gripe e infecção pelo novo coronavírus"
"7d13efc0-0a93-4505-8deb-621734e28596","參與禁毒教育活動的數據☯参与禁毒教育活动的数据☯Dados Relativos àParticipação nasActividades de Formação sobre o Combate ao Vício da Droga☯---","社會工作局,社會工作局,Instituto de Acção Social,Social Welfare Bureau","1","0","0","System.Object[]","26","40","2026-03-16 11:18:10","禁毒教育活動的參與數據（包括活動次數及參與人數）☯禁毒教育活动的参与数据（包括活动次数及参与人数）☯Dados Relativos àParticipação nasActividades de Formação sobre o Combate ao Vício da Droga☯---"
"7d719d79-b477-402d-a87a-a0b534326723","動物絕育手術統計☯动物绝育手术统计☯Estatísticas sobre as cirurgias de esterilização de animais☯Statistics on neutering surgery of animals","市政署,市政署,Instituto para os Assuntos Municipais,Municipal Affairs Bureau","0","1","0","System.Object[]","0","126","2025-05-30 14:36:42","為減少動物的過度繁殖，市政署會為流浪及家養的犬、貓提供絕育手術服務。有關數據將列出每季度市政署為動物進行絕育手術的數量。☯为减少动物的过度繁殖，市政署会为流浪及家养的犬、猫提供绝育手术服务。有关数据将列出每季度市政署为动物进行绝育手术的数量。☯Para reduzir a reprodução excessiva de animais, o IAM presta serviços de esterilização de cães e gatos vadios e domésticos. Os dados vão indicar o número de esterilizações de animais que o IAM realiza por trimestre.☯To reduce the overbreeding of animals, the Municipal Affairs Bureau (IAM) provides neutering surgery service for stray and domestic dogs and cats. The data lists the number of neutering surgery of animals carried out by IAM for each quarter."
"7da15d0f-968e-495c-971a-c30a05049884","公開招標項目的資訊列表☯公开招标项目的资讯列表☯Lista de informações sobre projectos de concurso público☯List of information about public tender items","市政署,市政署,Instituto para os Assuntos Municipais,Municipal Affairs Bureau","1","1","0","System.Object[]","74","163","2026-09-18 19:00:39","列出公開招標項目名稱、展開採購及最後更新日期等資訊列表。☯列出公开招标项目名称、展开采购及最后更新日期等资讯列表。☯Listar os nomes dos itens para concurso público, as informações sobre o desenvolvimento da aquisição, a data da última actualização, etc.☯List of name of public tender items, start date of procurement process and date of latest update, etc."
"7dd8aeff-a4d7-4809-8d8e-4a571a855dbe","經濟型住宿場所客房☯经济型住宿场所客房☯Quartos de hóspedes dos alojamentos de baixo custo☯ ","統計暨普查局,统计暨普查局,Direcção dos Serviços de Estatística e Censos,Statistics and Census Service","0","1","0","System.Object[]","0","23","2025-12-01 10:47:19","經濟型住宿場所內可供住客使用的客房總數。☯经济型住宿场所内可供住客使用的客房总数。☯Referem-se ao número total de quartos disponíveis para hóspedes nos alojamentos de baixo custo.☯ "
"7de171c7-55e5-4100-95bf-da5ccff2c5a0","自助辦理澳門特區旅行證件申請量☯自助办理澳门特区旅行证件申请量☯Número de pedidos de documentos de viagem da RAEM através de auto-atendimento ☯Statistics on self-service applications for Macao SAR travel documents","身份證明局,身份证明局,Direcção dos Serviços de Identificação,Identification Bureau","1","0","0","System.Object[]","22","44","2026-01-29 11:21:05","經自助服務機辦理特區護照、特區旅行證及往港旅遊證申請量☯经自助服务机办理特区护照、特区旅行证及往港旅游证申请量☯Número de pedidos de passaporte da RAEM, título de viagem da RAEM e título de visita apresentados através dos quiosques de auto-atendimento☯Number of applications for Macao SAR Passport, Macao SAR Travel Permit and Visit Permit to HKSAR completed at self-service kiosk"
"7de59ab5-1fb5-4e66-b6e5-cf6138908463","路環監獄出獄人數統計☯路环监狱出狱人数统计☯Estatística sobre o número de libertação de pessoas do Estabelecimento Prisional de Coloane☯Number of inmates released from Coloane Prison","懲教管理局,懲教管理局,DSC,DSC","1","0","0","System.Object[]","24","42","2026-01-19 17:34:04","路環監獄出獄人數統計☯路环监狱出狱人数统计☯Estatística sobre o número de libertação de pessoas do Estabelecimento Prisional de Coloane☯Number of inmates released from Coloane Prison"
"7de91447-c7ac-46dd-9997-7848e5cf31a3","外賣店員工支出☯外卖店员工支出☯Despesas com pessoal das lojas de take-away☯ ","統計暨普查局,统计暨普查局,Direcção dos Serviços de Estatística e Censos,Statistics and Census Service","0","1","0","System.Object[]","0","27","2026-01-26 12:41:40","外賣店的員工薪酬、福利和其他相關費用的支出總額。☯外卖店的员工薪酬、福利和其他相关费用的支出总额。☯Referem-se ao valor total das despesas em remunerações, benefícios e outras despesas correlacionadas, pagas pelas lojas de take-away aos trabalhadores.☯ "
"7e02d3d4-7942-4dd8-a921-20a5c5f06733","貨櫃貨物毛重☯货柜货物毛重☯Peso bruto da carga contentorizada☯Gross weight of containerized cargo","統計暨普查局,统计暨普查局,Direcção dos Serviços de Estatística e Censos,Statistics and Census Service","0","1","0","System.Object[]","6","47","2025-11-14 17:17:06","經澳門陸路口岸及港口處理的進口、出口及轉口貨櫃貨物的總毛重。☯经澳门陆路口岸及港口处理的进口、出口及转口货柜货物的总毛重。☯Peso bruto total da carga contentorizada entrada, saída e em regime de trânsito, processada nos postos fronteiriços terrestres e portos de Macau.☯Total gross weight of inward, outward and transit containerized cargo handled at border crossing points and ports of Macao."
"7e1eca8e-6ffe-4f74-8c81-25c25beb45b2","文化遺產資料☯文化遗产资料☯Informações sobre o património cultural☯Cultural Heritage Information","文化局,文化局,Instituto Cultural,Cultural Affairs Bureau","0","1","0","System.Object[]","0","363","2024-11-19 15:40:53","非遺清單、非遺名錄、被評定的不動產 (文物建築)、澳門歷史城區的資料，包括名稱、簡介等基本內容。☯非遗清单、非遗名录、被评定的不动产 (文物建筑)、澳门历史城区的资料，包括名称、简介等基本内容。
☯Informação sobre o Inventário do Património Cultural Intangível, Lista do Património Cultural Intangível, Bens imóveis classificados e o Centro Histórico de Macau, incluindo nome, introdução, etc.☯Information about the Inventory of Intangible Cultural Heritage, the List of Intangible Cultural Heritage, classified immovable properties, and World Heritage - The Historic Centre of Macao, including the name, introduction, etc."
"7e4b02aa-1c7a-406d-b4d1-eb34c60f3434","旅遊激勵計劃之統計☯旅游激励计划之统计☯Estatísticas do Plano de Apoioao Turismo☯Statistics of Travel Stimulation Program","旅遊局,旅游局,Direcção dos Serviços de Turismo,Macao Government Tourism Office","1","0","0","System.Object[]","40","86","2026-04-23 15:52:30","旅遊激勵計劃之統計☯旅游激励计划之统计☯Estatísticas do Plano de Apoioao Turismo☯Statistics of Travel Stimulation Program"
"7ebb8058-209a-4154-8150-e29a57d16288","《統計年刊 2024》社區醫療衛生範疇 - 其他 按歲組及捐血次數劃分的成功捐血者人數☯《統計年刊 2024》社區醫療衛生範疇 - 其他 按歲組及捐血次數劃分的成功捐血者人數☯CUIDADOS DE SAÚDE COMUNITÁRIOS - OUTROS Número de dadores efectivos por grupo etário☯CUIDADOS DE SAÚDE COMUNITÁRIOS - OUTROS Número de dadores efectivos por grupo etário","衛生局,卫生局,Serviços de Saúde,Health Bureau","1","0","0","System.Object[]","11","23","2025-10-28 17:41:19","《統計年刊 2024》社區醫療衛生範疇 - 其他 按歲組及捐血次數劃分的成功捐血者人數☯《統計年刊 2024》社區醫療衛生範疇 - 其他 按歲組及捐血次數劃分的成功捐血者人數☯CUIDADOS DE SAÚDE COMUNITÁRIOS - OUTROS Número de dadores efectivos por grupo etário☯CUIDADOS DE SAÚDE COMUNITÁRIOS - OUTROS Número de dadores efectivos por grupo etário"
"7f326d65-4baf-48bf-9134-94f26900b884","教育完成率☯教育完成率☯Taxa de conclusão do ensino☯ ","教育及青年發展局,教育及青年发展局,Direcção dos Serviços de Educação e de Desenvolvimento da Juventude,Education and Youth Development Bureau","1","0","0","System.Object[]","14","29","2025-12-15 16:03:37","提供教育效益指標：按非高等教育階段劃分的完成率☯提供教育效益指标：按非高等教育阶段划分的完成率☯Fornecer indicadores da eficiência educativa: Taxa de conclusão por nível do ensino não superior☯ "
"7f65228b-5597-4337-8da4-a25c43336f56","路氹城生態保護區水質數據☯路氹城生态保护区水质数据☯Dados de água da zona ecológica☯Dados de água da zona ecológica","環境保護局,环境保护局,Direcção dos Serviços de Protecção Ambiental,Environmental Protection Bureau","0","1","0","System.Object[]","0","212","2021-03-23 17:10:39","關於路氹城生態保護區水質數據☯关于路凼城生态保护区水质数据☯Sobre os dados de água da zona ecológica☯Sobre os dados de água da zona ecológica"
"7f66c4d7-9448-445c-8776-26fcf43a441e","外來直接投資累計總額☯外来直接投资累计总额☯Stock do investimento directo do exterior ☯Inward direct investment - Stock","統計暨普查局,统计暨普查局,Direcção dos Serviços de Estatística e Censos,Statistics and Census Service","0","1","0","System.Object[]","50","94","2024-12-30 12:42:12","另一經濟領域（地域）居民在澳門所作的直接投資金額之歷年滾存。☯另一经济领域（地域）居民在澳门所作的直接投资金额之历年滚存。☯Valor acumulado de todo o investimento directo feito em Macau por residentes doutras áreas económicas (territórios) ao longo dos anos.☯The accumulated value of direct investment made in Macao by residents of another economic territory (region) over the past years."
"7f8d2c18-4137-42c2-b420-3a540a04ed81","遞交竣工檢驗的住宅資料☯递交竣工检验的住宅资料☯Informações sobre os empreendimentos habitacionais cujo pedido de vistoria à obra concluída já foi apresentado☯Submit residential information for completion inspection","土地工務局,土地工務局,DSSCU,DSSCU","1","0","0","System.Object[]","22","61","2026-07-29 17:13:05","於參考期間遞交竣工檢驗申請的住宅資料☯于参考期间递交竣工检验申请的住宅资料☯Informações sobre os empreendimentos habitacionais cujo pedido de vistoria à obra concluída foi apresentado durante o período de referência.☯Residential information submitted for completion inspection application during the reference period"
"7fa413bc-5229-4f33-96e5-2e8645269b07","火警出勤宗數.☯火警出勤宗数☯ da saída de incêndio☯NumberOfDispatchForFireRescue","消防局,消防局,CB,CB","1","0","0","System.Object[]","76","93","2024-10-14 12:35:44","根據經第18/2016號行政法規重新公布的第24/2001號行政法規《消防局組織及運作》，消防局任務包括：在發生火災、水災、倒塌等一切危及人命或人身完整以及財產之災難時提供救助等。 
因此，為持續優化消防局的滅火救援工作，本局會定期將收集到的救援車輛出勤數據進行整合分析，以便製作更具針對性救援及宣教方案。
根據經第18/2016號行政法規重新公布的第24/2001號行政法規《消防局組織及運作》，消防局任務包括：對緊急病人及遇難人提供救助等。
因此，為持續優化消防局救護服務工作，本局會定期將收集到的救護車輛出勤數據進行整合分析，以便製作更具針對性救護及宣教方案。☯根据经第18/2016号行政法规重新公布的第24/2001号行政法规《消防局组织及运作》，消防局任务包括：在发生火灾、水灾、倒塌等一切危及人命或人身完整以及财产之灾难时提供救助等。 
因此，为持续优化消防局的灭火救援工作，本局会定期将收集到的救援车辆出勤数据进行整合分析，以便制作更具针对性救援及宣教方案。
根据经第18/2016号行政法规重新公布的第24/2001号行政法规《消防局组织及运作》，消防局任务包括：对紧急病人及遇难人提供救助等。
因此，为持续优化消防局救护服务工作，本局会定期将收集到的救护车辆出勤数据进行整合分析，以便制作更具针对性救护及宣教方案。☯De acordo com o Regulamento Administrativo n.º 24/2001 - Organização e funcionamento do Corpo de Bombeiros, republicado pelo Regulamento Administrativo n.º 18/2016, o Corpo de Bombeiros tem como missão prestar socorro em caso de incêndios, inundações, desabamentos e, de uma maneira geral, em todos os sinistros que ponham em risco a vida e/ou integridade física das pessoas, bem como os seus haveres.
Com o objectivo de optimizar constantemente as tarefas de combate a incêndios e socorro do Corpo de Bombeiros, esta Corporação irá proceder à integração e à análise dos dados de saída de veículos de socorro que foram recolhidos periodicamente, no sentido de elaborar os planos mais específicos de socorro e sensibilização e educação.
De acordo com o Regulamento Administrativo n.º 24/2001 - Organização e funcionamento do Corpo de Bombeiros, republicado pelo Regulamento Administrativo n.º 18/2016, o Corpo de Bombeiros tem como missão prestar socorro a sinistrados e a doentes, em estado de emergência.
Com o intuito de optimizar constantemente os trabalhos dos serviços de emergência médica do Corpo de Bombeiros, esta Corporação irá proceder à integração e à análise dos dados de saída de ambulâncias que foram recolhidos periodicamente, no sentido de elaborar os planos mais específicos de emergência médica e sensibilização e educação.☯In accordance with the Administrative Regulation No. 24/2001 “Organization and Functioning of Fire Services”, as amended and republished by the Administrative Regulation No. 18/2016, the missions of Fire Services include: To provide assistance in the event of fires, floods, landslides and other calamities that threaten lives or physical integrity of people, as well as their property.

In view of this, Fire Services will integrate and analyze regularly the data collected about emergency vehicle attendance, to formulate more targeted plans for rescue, publicity and education, in order to optimize continuously its firefighting and rescue operations.

In accordance with the Administrative Regulation No. 24/2001 “Organization and Functioning of Fire Services”, as amended and republished by the Administrative Regulation No. 18/2016, the missions of Fire Services include: To provide assistance to patients and victims in case of an emergency.

In view of this, Fire Services will integrate and analyze regularly the data collected about ambulance attendance, to formulate more targeted plans for ambulance response, publicity and education, in order to optimize continuously its ambulance service.
"
"8040df8c-3769-45d4-91a1-062263fbb56b","打擊非法入境(被捕非法入境者人數)☯打击非法入境(被捕非法入境者人数)☯Combate às actividades de imigração ilegal(Imigrantes ilegais detidos)☯Combating illegal immigration activities (Detained illegal immigrants)","中華人民共和國澳門特別行政區海關,中華人民共和國澳門特別行政區海關,SA,SA","1","1","0","System.Object[]","36","72","2024-07-29 11:31:46","被捕非法入境者人數☯被捕非法入境者人数☯Combate às actividades de imigração ilegal(Imigrantes ilegais detidos)☯Combating illegal immigration activities (Detained illegal immigrants)"
"805f8d1c-b07a-46c6-83d4-2fc789fa2058","航空作業人員執照☯航空作业人员执照☯Data de Licença de Pessoal Aeronáutico☯Data of Aeronautical Personnel License","民航局,民航局,Autoridade de Aviação Civil,Civil Aviation Authority","1","0","0","System.Object[]","84","124","2026-07-18 14:37:52","航空作業人員執照數目☯航空作业人员执照数目☯Número de Licença de Pessoal Aeronáutico☯Number of Aeronautical Personnel License"
"80ddc191-fc5d-4f00-868d-cdf0c6144997","行政長官選舉委員會委員選舉結果統計☯行政长官选举委员会委员选举结果统计☯Resultado das Eleições dos Membros da Comissão Eleitoral do Chefe do Executivo☯Statistics on results of election of members for the Chief Executive Election Committee","行政公職局,行政公职局,Direcção dos Serviços de Administração e Função Pública,Public Administration and Civil Service Bureau","1","0","0","System.Object[]","66","156","2025-07-24 17:07:59","2004年至今，行政長官選舉委員會之第一界別、第二界別各分組及第三界別中的勞工界和社會服務界委員選舉的結果統計☯2004年至今，行政长官选举委员会之第一界别、第二界别各分组及第三界别中的劳工界和社会服务界委员选举的结果统计☯Estatísticas dos resultados das eleições dos membros do 1.º sector, dos subsectores do 2.º sector, do subsector do trabalho e dos serviços sociais do 3.º sector, da Comissão Eleitoral do Chefe do Executivo, de 2004 até à data☯Statistics since 2004 to the present on the results of the election of members for the Chief Executive Election Committee from sub-sectors of the first sector and the second sector, and the labor and social service sub-sectors of the third sector "
"80e43d6f-fdc5-4af7-ad4e-c81326d02c5b","固定電話總線數☯固定电话总线数☯Número total de linhas telefónicas fixas☯Total number of fixed telephone lines","郵電局,郵電局,CTT,CTT","1","0","0","System.Object[]","135","153","2026-08-31 17:06:39","自2002年3月起的澳門固定電話總線數☯自2002年3月起的澳门固定电话总线数☯Número total de linhas telefónicas fixas de Macau desde Março de 2002☯Total number of fixed telephone lines of Macao since March 2002"
"8125a800-5a9c-493b-8542-9be37e5a2526","街市熟食檔員工支出☯街市熟食档员工支出☯Despesas com pessoal dos lugares de comidas e bebidas nos mercados municipais☯ ","統計暨普查局,统计暨普查局,Direcção dos Serviços de Estatística e Censos,Statistics and Census Service","0","1","0","System.Object[]","0","24","2026-01-26 12:39:53","街市熟食檔的員工薪酬、福利和其他相關費用的支出總額。☯街市熟食档的员工薪酬、福利和其他相关费用的支出总额。☯Referem-se ao valor total das despesas em remunerações, benefícios e outras despesas correlacionadas, pagas pelos lugares de comidas e bebidas nos mercados municipais aos trabalhadores.☯ "
"813659c9-961b-4ec2-af3e-087a132e676f","圖書館館藏資源☯图书馆馆藏资源☯Colecção da Biblioteca da Universidade Politécnica de Macau☯Macau Polytechnic University Library Collections","澳門理工大學,澳门理工大学,Universidade Politécnica de Macau,Macao Polytechnic University","1","0","0","System.Object[]","59","111","2025-08-15 10:17:57","澳門理工大學圖書館館藏資源☯澳门理工大学图书馆馆藏资源☯Colecção da Biblioteca da Universidade Politécnica de Macau☯Macau Polytechnic University Library Collections"
"8142c05e-818a-478a-9256-4ecd494d3f87","澳門垃圾焚化中心☯澳门垃圾焚化中心☯Dados de central de incineração de resíduos sólidos de Macau☯Dados de central de incineração de resíduos sólidos de Macau","環境保護局,环境保护局,Direcção dos Serviços de Protecção Ambiental,Environmental Protection Bureau","0","1","0","System.Object[]","0","531","2021-03-23 17:10:53","關於澳门垃圾焚化中心數據☯关于澳门垃圾焚化中心數據☯Sobre os  dados de central de incineração de resíduos sólidos de Macau☯Sobre os dados de central de incineração de resíduos sólidos de Macau"
"81c17efc-3e92-484e-ab14-de7fa0f90f01","工程改道消息☯工程改道消息☯Informações sobre alteração de trânsito☯Informações sobre alteração de trânsito","交通事務局,交通事务局,Direcção dos Serviços para os Assuntos de Tráfego,Transport Bureau","1","0","0","System.Object[]","79","167","2026-09-19 01:02:05","工程改道消息☯工程改道消息☯Informações sobre alteração de trânsito☯Informações sobre alteração de trânsito"
"81e74759-a898-4875-b6f1-4572c3054229","旅遊行業培訓之統計☯旅游行业培训之统计☯Estatísticas de acções de formação☯Statistics of tourism industry training","旅遊局,旅游局,Direcção dos Serviços de Turismo,Macao Government Tourism Office","1","0","0","System.Object[]","48","96","2026-04-23 15:52:36","旅遊行業培訓之統計☯旅游行业培训之统计☯Estatísticas de acções de formação☯Statistics of tourism industry training"
"81f67dfa-4e4d-4a7a-b93c-1fdf4f3fe757","公民教育資源中心、資訊廊、食品資訊站及中華民族雕塑園☯公民教育资源中心、资讯廊、食品资讯站及中华民族雕塑园☯Centro de Recursos de Educação Cívica, Quiosque de Educação Cívica, Posto de Informações sobre Produtos Alimentares e Parque de Esculturas Étnicas Chinesas☯Civic Education Resource Centre, Civic Education Kiosk, Food Information Corner and the Sculpture Park of the Chinese Ethnics","市政署,市政署,Instituto para os Assuntos Municipais,Municipal Affairs Bureau","1","1","0","System.Object[]","49","166","2026-08-04 10:00:11","提供公民教育資源中心、公民教育資訊廊、食品資訊站及中華民族雕塑園的使用及位置資訊。☯提供公民教育资源中心、公民教育资讯廊、食品资讯站及中华民族雕塑园的使用及位置资讯。☯Fornecer informações sobre a utilização e localização do Centro de Recursos de Educação Cívica, Quiosque de Educação Cívica, Posto de Informações sobre Produtos Alimentares e Parque de Esculturas Étnicas Chinesas.☯Provision of information about the use and locations of Civic Education Resource Centre, Civic Education Kiosk, Food Information Corner and the Sculpture Park of the Chinese Ethnics."
"82417ec4-0c6f-4eb4-b480-b28750014cbb","貨幣供應量 M2－按種類及貨幣分類☯货币供应量 M2－按种类及货币分类☯MASSA MONETÁRIA M2 POR TIPO E MOEDA☯MONEY SUPPLY M2 BY TYPE AND CURRENCY","澳門金融管理局,澳門金融管理局,AMCM,AMCM","1","0","0","System.Object[]","22","44","2026-09-03 17:07:20","由1984年至今按貨幣分類的貨幣供應量M2的數據，包括貨幣供應量M1及準貨幣負債。貨幣供應量M1包括流通貨幣及居民活期存款。準貨幣負債包括居民儲蓄存款、通知存款、定期存款、其他存款及可轉讓存款證明書。自2013年10月起，其他貨幣並不包括人民幣和美元。☯由1984年至今按货币分类的货币供应量M2的数据，包括货币供应量M1及准货币负债。货币供应量M1包括流通货币及居民活期存款。准货币负债包括居民储蓄存款、通知存款、定期存款、其他存款及可转让存款证明书。自2013年10月起，其他货币并不包括人民币和美元。☯Mostram-se os dados da massa monetária M2 por tipo e moeda reportados de 1984 até ao presente, incluindo M1 e responsabilidades quase-monetárias. A massa monetária M1 inclui a circulação monetária e os depósitos à ordem de residentes. As responsabilidades quase-monetárias incluem os depósitos de poupança, depósitos com pré-aviso, depósitos a prazo, outros depósitos e certificados de depósito negociáveis de residentes. A partir de Outubro de 2013, outras moedas não incluem RMB e USD.☯Mostram-se os dados da massa monetária M2 por tipo e moeda reportados de 1984 até ao presente, incluindo M1 e responsabilidades quase-monetárias. A massa monetária M1 inclui a circulação monetária e os depósitos à ordem de residentes. As responsabilidades quase-monetárias incluem os depósitos de poupança, depósitos com pré-aviso, depósitos a prazo, outros depósitos e certificados de depósito negociáveis de residentes. A partir de Outubro de 2013, outras moedas não incluem RMB e USD."
"8276e580-6fb7-4b34-b411-6671ea51a922","路環監獄在囚人數刑罰種類統計☯路环监狱在囚人数刑罚种类统计☯Estatística sobre o tipo de penas dos reclusos no Estabelecimento Prisional de Coloane☯Distribution of Coloane Prison inmates by type of detention","懲教管理局,懲教管理局,DSC,DSC","1","0","0","System.Object[]","39","53","2026-01-19 17:34:02","路環監獄在囚人數刑罰種類統計☯路环监狱在囚人数刑罚种类统计☯Estatística sobre o tipo de penas dos reclusos no Estabelecimento Prisional de Coloane☯Distribution of Coloane Prison inmates by type of detention"
"8285f4fe-d243-4ccf-b11a-3ed681d13b9a","藝文活動資料☯艺文活动资料☯Informação sobre atividades artísticas e culturais☯Arts and cultural activities information","文化局,文化局,Instituto Cultural,Cultural Affairs Bureau","0","1","0","System.Object[]","0","201","2024-11-19 15:35:04","文化局未來及現正舉辦中的藝文活動清單，包括活動名稱、簡介、舉辦日期等基本內容。☯文化局未来及现正举办中的艺文活动清单，包括活动名称、简介、举办日期等基本内容。☯Lista das actividades artísticas e culturais actualmente realizadas pelo Instituto Cultural, incluindo o nome, introdução, data do evento e outros conteúdos básicos
☯List of arts and cultural activities currently held by the Cultural Affairs Bureau, including the name, introduction, date of the event and other basic contents."
"828e1917-fcf7-4285-a5a6-97aae4534da1","法律查詢統計☯法律查询统计☯Estatística relativa à consulta jurídica☯Legal inquiry statistics","法務局,法务局,Direcção dos Serviços de Assuntos de Justiça,Legal Affairs Bureau","1","0","0","System.Object[]","20","57","2026-08-10 10:29:03","按年以季度方式統計法務局接收的法律查詢數據。☯按年以季度方式统计法务局接收的法律查询数据。☯Estatística efectuada trimestralmente por ano relativa aos dados sobre a consulta jurídica recebidos pela DSAJ.☯Legal inquiry data received by the Legal Affairs Bureau is complied on a yearly and quarterly basis. (Unofficial translation of the above text, for reference only)"
"82c2f842-77c1-41d6-94ec-d40885747965","經濟型住宿場所床位☯经济型住宿场所床位☯Lugares-cama dos alojamentos de baixo custo☯ ","統計暨普查局,统计暨普查局,Direcção dos Serviços de Estatística e Censos,Statistics and Census Service","0","1","0","System.Object[]","0","25","2025-12-01 10:47:05","經濟型住宿場所內可供住客使用的床位總數。☯经济型住宿场所内可供住客使用的床位总数。☯Referem-se ao número total de lugares-cama disponíveis para hóspedes nos alojamentos de baixo custo.☯ "
"82ced562-d1fb-49fa-aab2-312e5a5acbb4","《食品中食品添加劑使用標準》—相關添加劑的明細列表☯《食品中食品添加剂使用标准》—相关添加剂的明细列表☯“Normas relativas à utilização de aditivos alimentares em géneros alimentícios” - Lista de aditivos relevantes☯“Standard for Uses of Food Additives in Foodstuffs”—Detailed list of relevant food additives","市政署,市政署,Instituto para os Assuntos Municipais,Municipal Affairs Bureau","0","1","0","System.Object[]","0","149","2024-12-18 17:38:28","列出食品添加劑名稱、功能、分類、食品類別、最大使用量等資訊。此數據庫之內容僅包含第5/2024號行政法規《食品中食品添加劑使用標準》附件三之內容，使用者利用此數據庫查找食品添加劑之規範時，仍須與相關法規一併細閱。若此數據庫資料與上述行政法規之內容有異，應以行政法規公布之內容為準。(本行政法規自二零二四年五月一日起生效)。☯列出食品添加剂名称、功能、分类、食品类别、最大使用量等信息。此数据库之内容仅包含第5/2024号行政法规《食品中食品添加剂使用标准》附件三之内容，用户利用此数据库查找食品添加剂之规范时，仍须与相关法规一并细阅。若此数据库数据与上述行政法规之内容有异，应以行政法规公布之内容为准。(本行政法规自二零二四年五月一日起生效)。☯Lista as informações sobre aditivos alimentares, a sua designação, função, classificação, tipo de alimento, dose máxima de utilização, etc. Esta base de dados contém apenas o conteúdo do Anexo III do Regulamento Administrativo n.º 5/2024 (Normas relativas à utilização de aditivos alimentares em géneros alimentícios), devendo os utilizadores fazer ainda uma leitura minuciosa do diploma legal em causa quando pesquise as normas sobre os aditivos alimentares por meio desta base de dados. Em caso de discrepância entre as informações desta base de dados e o conteúdo do referido regulamento administrativo, prevalece o publicado no mesmo regulamento administrativo. (O presente regulamento administrativo entra em vigor no dia 1 de Maio de 2024)☯List the names, functions, category, food category, maximum use levels of food additives and other information. List of names, functions, classifications, food categories, maximum use levels and other information about food additives. The content of this database only covers the content of Annex 3 of Administrative Regulation No. 5/2024 “Standards on the Use of Food Additives in Foodstuffs”. When searching for the specifications for food additives with this database, users should still read the relevant regulation in detail. In the case of discrepancy between the content of the database and that of the aforementioned Administrative Regulation, the content published in the Administrative Regulation shall prevail. (This Administrative Regulation is effective starting from 1 May 2024.)"
"82d4311e-819e-49dd-9a99-00b87cda5056","遞交新設計計劃的商業單位☯递交新设计计划的商业单位☯Fracções comerciais com novo projecto de arquitectura☯Commercial units submitting new design plans","土地工務局,土地工務局,DSSCU,DSSCU","1","0","0","System.Object[]","22","58","2026-07-29 17:13:18","於參考期間新遞交設計計劃的商業單位☯于参考期间新递交设计计划的商业单位☯Informações sobre as fracções comerciais com novo projecto de arquitectura, apresentado durante o período de referência.☯Commercial units of the new design plan submitted during the reference period"
"83212c5e-031d-4fce-8c16-d234536e5109","出租售賣亭、小食店、茶座及餐廳的資訊列表☯出租售卖亭、小食店、茶座及餐厅的信息列表☯Lista de Quiosque, Snack Bar, Café e Restaurante☯List of Kiosk ,Snack Bar, Café and Restaurant","市政署,市政署,Instituto para os Assuntos Municipais,Municipal Affairs Bureau","1","0","0","System.Object[]","32","97","2025-11-11 13:00:21","出租售賣亭、小食店、茶座及餐廳的資訊列表☯出租售卖亭、小食店、茶座及餐厅的信息列表☯Lista de Quiosque, Snack Bar, Café e Restaurante☯List of Kiosk ,Snack Bar, Café and Restaurant"
"8333cdcd-578e-4407-986d-1603a56bb0a2","疾病預防控制範疇澳門防疫接種計劃主要覆蓋率☯疾病预防控制范畴澳门防疫接种计划主要覆盖率☯Taxa de cobertura das principais vacinas, na área de prevenção e controlo de doenças☯疾病預防控制範疇澳門防疫接種計劃主要覆蓋率","衛生局,卫生局,Serviços de Saúde,Health Bureau","1","0","0","System.Object[]","59","82","2024-12-19 14:58:53","疾病預防控制範疇中，澳門防疫接種計劃主要覆蓋率☯疾病预防控制范畴中，澳门防疫接种计划主要覆盖率☯Taxa de cobertura das principais vacinas, na área de prevenção e controlo de doenças☯疾病預防控制範疇中，澳門防疫接種計劃主要覆蓋率"
"837a6043-1ea8-44f4-8762-34b774cc610f","人力資源範疇實習醫生概況☯人力资源范畴实习医生概况☯Situação dos internos, na área de recursos humanos ☯人力資源範疇實習醫生概況","衛生局,卫生局,Serviços de Saúde,Health Bureau","1","0","0","System.Object[]","90","81","2024-12-19 14:58:22","人力資源範疇中，實習醫生概況☯人力资源范畴中，实习医生概况☯Situação dos internos, na área de recursos humanos☯人力資源範疇中，實習醫生概況"
"8382ccef-2c34-403d-93d4-a10177950340","《統計年刊 2024》人力資源 按所屬單位劃分的高級衛生技術員數目☯《統計年刊 2024》人力資源 按所屬單位劃分的高級衛生技術員數目☯RECURSOS HUMANOS N.º de técnicos superiores de saúde por subunidade  orgânica☯RECURSOS HUMANOS N.º de técnicos superiores de saúde por subunidade  orgânica","衛生局,卫生局,Serviços de Saúde,Health Bureau","1","0","0","System.Object[]","15","24","2025-10-28 17:36:33","《統計年刊 2024》人力資源 按所屬單位劃分的高級衛生技術員數目☯《統計年刊 2024》人力資源 按所屬單位劃分的高級衛生技術員數目☯RECURSOS HUMANOS N.º de técnicos superiores de saúde por subunidade  orgânica☯RECURSOS HUMANOS N.º de técnicos superiores de saúde por subunidade  orgânica"
"841cb054-ad21-4ecd-940b-0c294930731b","空運危險品許可☯空运危险品许可☯Autorização de Transporte Aéreo de Mercadorias Perigosas☯Permit to Carry Dangerous Goods by Air ","民航局,民航局,Autoridade de Aviação Civil,Civil Aviation Authority","1","0","0","System.Object[]","58","79","2026-01-06 16:04:16","空運危險品許可的發出數量☯空运危险品许可的发出数量☯Número de Autorização de Transporte Aéreo de Mercadorias Perigosas☯Number of Permit to Carry Dangerous Goods by Air "
"8425e95c-9550-44d0-b804-51fe490030f3","大灣區入境旅客☯大湾区入境旅客☯Entradas de visitantes da Grande Baía☯ ","統計暨普查局,统计暨普查局,Direcção dos Serviços de Estatística e Censos,Statistics and Census Service","0","1","0","System.Object[]","53","126","2025-11-25 17:10:10","來自大灣區的入境旅客總數。☯来自大湾区的入境旅客总数。☯Referem-se ao número total de entradas de visitantes da Grande Baía.☯ "
"84a3e7ee-6509-4e28-868c-c9c1dee325bc","可疑交易報告數據☯可疑交易报告数据☯Estatísticas do número de STRs☯Statistics of Suspicious Transaction Report (STRs)","金融情報辦公室	,金融情報辦公室	,GIF,GIF","1","0","0","System.Object[]","120","165","2026-07-15 12:50:17","按各舉報機構分類，依季度累計可疑交易報告數量☯按各举报机构分类，依季度累计可疑交易报告数量☯Cumulative count on STR reports based on sectors, partitioned by quarters.☯Cumulative count on STR reports based on sectors, partitioned by quarters."
"85050aeb-957d-4057-98a2-2d9a0409c95e","澳門主要酒店業場所之無障礙旅遊設施列表☯澳门主要酒店业场所之无障碍旅游设施列表☯Guia de Turismo Livre de Barreiras - Estabelecimentos da Indústria Hoteleira☯Barrier-Free Access Guide - Establishments of Hotel Industry","旅遊局,旅游局,Direcção dos Serviços de Turismo,Macao Government Tourism Office","1","0","0","System.Object[]","16","78","2024-11-29 16:19:44","旅遊局“澳門無障礙旅遊設施調查＂內澳門主要酒店業場所之無障礙旅遊設施列表，提供升降機、洗手間及適合輪椅使用者的設施等資訊☯旅游局“澳门无障碍旅游设施调查＂内澳门主要酒店业场所之无障碍旅游设施列表，提供升降机、洗手间及适合轮椅使用者的设施等资讯☯Estão disponíveis informações sobre elevadores, lavatórios e instalações adequadas para os utentes de cadeira de rodas, no Guia de Turismo Livre de Barreiras - Estabelecimentos da Indústria Hoteleira, resultante do Inquérito da DST sobre as Instalações Turísticas Sem Barreirasa☯Information on elevators, toilets and other facilities in establishments of hotel industry suitable for wheelchair users included in the “Consultancy Study on Accessible Tourism Facilities in Macao”"
"851a5247-4154-4365-87e6-65b48548fcea","中國內地入境旅客☯中国内地入境旅客☯Entradas de visitantes do Interior da China☯ ","統計暨普查局,统计暨普查局,Direcção dos Serviços de Estatística e Censos,Statistics and Census Service","0","1","0","System.Object[]","0","52","2025-12-01 10:48:44","入境旅客所持證件由中國內地簽發的總數。☯入境旅客所持证件由中国内地签发的总数。☯Referem-se ao número total de entradas de visitantes com documentos de viagem emitidos pelo Interior da China.☯ "
"851a8395-3447-4f50-a5c7-4a78b02fe443","陸路入境旅客☯陆路入境旅客☯Entradas de visitantes por via terrestre☯ ","統計暨普查局,统计暨普查局,Direcção dos Serviços de Estatística e Censos,Statistics and Census Service","0","1","0","System.Object[]","0","38","2025-12-01 10:48:50","通過陸路入境的旅客數量。☯通过陆路入境的旅客数量。☯Referem-se ao número total de entradas de visitantes por via terrestre.☯ "
"85418220-3af5-4482-ba4d-972f781a89c0","社區醫療衛生 (衛生中心)按門診種類和歲組劃分的門診人次☯社区医疗卫生 (卫生中心)按门诊种类和岁组划分的门诊人次☯Número de consultas externas consoante o tipo de consulta e grupo etário, na área de cuidados de saúde comunitários(centros de saúde) ☯社區醫療衛生 (衛生中心)按門診種類和歲組劃分的門診人次","衛生局,卫生局,Serviços de Saúde,Health Bureau","1","0","0","System.Object[]","89","72","2024-12-19 14:59:42","社區醫療衛生 (衛生中心)按門診種類和歲組劃分的門診人次☯社区医疗卫生 (卫生中心)按门诊种类和岁组划分的门诊人次☯Número de consultas externas consoante o tipo de consulta e grupo etário, na área de cuidados de saúde comunitários(centros de saúde) ☯社區醫療衛生 (衛生中心)按門診種類和歲組劃分的門診人次"
"85a07fb2-9e5a-4cbf-a2a1-7c3692bea38f","被判非監禁刑罰的澳門居民重犯狀況☯被判非监禁刑罚的澳门居民重犯状况☯A actual situação de reincidência dos residentes de Macau condenados à pena não privativa de liberdade☯---","社會工作局,社會工作局,Instituto de Acção Social,Social Welfare Bureau","1","0","0","System.Object[]","28","52","2026-08-10 17:44:50","被判非監禁刑罰的澳門居民重犯狀況☯被判非监禁刑罚的澳门居民重犯状况☯A actual situação de reincidência dos residentes de Macau condenados à pena não privativa de liberdade☯-"
"85c45d4a-0d00-409b-bf4d-a66f75827ab1","街市貨品價格☯街市货品价格☯Preços das mercadorias nos mercados☯Price of goods in market","市政署,市政署,Instituto para os Assuntos Municipais,Municipal Affairs Bureau","0","1","0","System.Object[]","0","205","2025-06-26 15:31:21","列出街市主要貨品價格。☯列出街市主要货品价格。☯Lista dos preços das principais mercadorias vendidas nos mercados.☯List of prices of main goods in market."
"85f25fe8-bf23-498a-b292-5162a7d2adf2","2024年度_強制申報疾病數☯2024年度_強制申報疾病數☯Relatório Mensal de Doenças de Declaração Obrigatória Monthly Report of Notifiable Diseases☯Relatório Mensal de Doenças de Declaração Obrigatória Monthly Report of Notifiable Diseases","衛生局,卫生局,Serviços de Saúde,Health Bureau","1","0","0","System.Object[]","12","25","2025-10-28 17:35:53","2024年度_強制申報疾病數_數據☯2024年度_強制申報疾病數_數據☯Relatório Mensal de Doenças de Declaração Obrigatória
Monthly Report of Notifiable Diseases☯Relatório Mensal de Doenças de Declaração Obrigatória
Monthly Report of Notifiable Diseases"
"861fdfc4-0cbb-452c-a96e-63d255d63421","循環系統疾病的死亡佔比☯循环系统疾病的死亡占比☯Proporção de óbitos por doenças do aparelho circulatório☯ ","統計暨普查局,统计暨普查局,Direcção dos Serviços de Estatística e Censos,Statistics and Census Service","0","1","0","System.Object[]","0","27","2025-11-10 14:49:50","因循環系統疾病致死的人數佔全年死亡人數的比例。☯因循环系统疾病致死的人数占全年死亡人数的比例。☯Percentagem de óbitos por doenças do aparelho circulatório em relação ao número de óbitos no ano de referência.☯ "
"86992501-a09a-4655-9c09-fd6e71e20498","市政署認證及認可的清單列表☯市政署认证及认可的清单列表☯Lista de certificação e acreditação do IAM☯List of certification and accreditation standards of IAM","市政署,市政署,Instituto para os Assuntos Municipais,Municipal Affairs Bureau","1","0","0","System.Object[]","37","77","2026-06-02 14:00:27","列出市政署認證及認可內容的列表☯列出市政署认证及认可内容的列表☯Listagem de conteúdo de certificação e acreditação do IAM☯List of certification and accreditation standards of IAM"
"86a3ceca-6506-4ea8-9d33-6a23b9773784","年度有繳納強制性制度供款的僱主數目☯年度有缴纳强制性制度供款的雇主数目☯Número de empregadores com contribuições do regime obrigatório por ano☯Number of employers who have paid contributions under the obligatory system in the year","社會保障基金,社会保障基金,Fundo de Segurança Social,Social Security Fund","1","0","0","System.Object[]","33","56","2026-09-01 17:00:56","以年度方式提供在相關曆年內，有繳納強制性制度供款的僱主數目。☯以年度方式提供在相关历年内，有缴纳强制性制度供款的雇主数目。☯A prestação anual do número de empregadores com contribuições do regime obrigatório durante o respectivo ano.☯Available on an annual basis, the number of employers who have paid contributions under the obligatory system in the relevant calendar year."
"86fa6ca4-f6c3-48af-93ed-5b9c47d9d1ba","澳門大賽車博物館客流狀況☯澳门大赛车博物馆客流状况 ☯Fluxo de visitantes do Museu do Grande Prémio de Macau☯Visitor flow of Macao Grand Prix Museum","旅遊局,旅游局,Direcção dos Serviços de Turismo,Macao Government Tourism Office","0","1","0","System.Object[]","0","86","2025-04-03 10:33:41","澳門大賽車博物館客流狀況

狀態代碼 ""-1"" - 系統錯誤
狀態代碼 ""0"" - 閉館
狀態代碼 ""1"" - 舒適
狀態代碼 ""2"" - 比較舒適
狀態代碼 ""3"" - 有點擁擠
狀態代碼 ""4"" - 比較擁擠
狀態代碼 ""5"" - 非常擁擠☯澳门大赛车博物馆客流状况 

状态代码 ""-1"" - 系统错误
状态代码 ""0"" - 闭馆
状态代码 ""1"" - 舒适
状态代码 ""2"" - 比较舒适
状态代码 ""3"" - 有点拥挤
状态代码 ""4"" - 比较拥挤
状态代码 ""5"" - 非常拥挤☯Fluxo de visitantes do Museu do Grande Prémio de Macau

Código de status ""-1"" - Erro do sistema
Código de status ""0"" - Fechado
Código de status ""1"" - Confortável
Código de status ""2"" - Relativamente confortavel
Código de status ""3"" - Ligeiramente lotado
Código de status ""4"" - Lotado
Código de status ""5"" - Superlotado☯Visitor flow of Macao Grand Prix Museum

Status Code ""-1"" - System Error
Status Code ""0"" - Closed
Status Code ""1"" - Comfortable
Status Code ""2"" - Moderatre
Status Code ""3"" - Lightly Congested
Status Code ""4"" - Congested
Status Code ""5"" - Heavily Congested"
"87021240-e9e6-4d12-ad29-7da3f4297886","澳門批發市場蔬菜秤重資料☯澳门批发市场蔬菜秤重资料☯Dados sobre a balança de vegetais do Mercado Abastecedor de Macau☯Information on weight of vegetables in wholesale market of Macao","市政署,市政署,Instituto para os Assuntos Municipais,Municipal Affairs Bureau","1","0","0","System.Object[]","19","47","2026-09-14 17:01:04","批發市場蔬菜重量快速抽查數據☯批发市场蔬菜重量快速抽查数据☯Dados de inspecção rápida do peso dos vegetais no Mercado Abastecedor☯Data of quick sample inspection of weight of vegetables in wholesale market"
"871af199-6275-4866-abe3-8b4ea6407c83","固定電話線數 — 按用戶類別劃分☯固定电话线数 — 按用户类别划分☯Número de linhas telefónicas fixas - por tipo de utilizadores☯Number of fixed telephone lines - by user category","郵電局,郵電局,CTT,CTT","1","0","0","System.Object[]","88","75","2026-08-31 17:06:12","自2006年1月起的澳門固定電話線數（按用戶類別劃分）☯自2006年1月起的澳门固定电话线数（按用户类别划分）☯Número de linhas telefónicas fixas de Macau desde Janeiro de 2006 (por tipo de utilizadores)☯Number of fixed telephone lines of Macao since January 2006 (by user category)"
"871d9773-850d-4d72-a3ca-825401b321e9","公司會議☯公司会议☯Reunião da sociedade☯ ","統計暨普查局,统计暨普查局,Direcção dos Serviços de Estatística e Censos,Statistics and Census Service","0","1","0","System.Object[]","0","24","2026-01-26 12:39:21","由公司主辦或承辦的會議數量，這些會議在酒店、大型會議展覽中心等收費場地舉行。☯由公司主办或承办的会议数量，这些会议在酒店、大型会议展览中心等收费场地举行。☯Os dados referem-se ao número de reuniões organizadas ou coordenadas pelas empresas. As reuniões realizam-se em locais arrendados, nomeadamente, em hotéis, em grandes centros de convenções e exposições, etc.☯ "
"87312c4f-21ed-4378-80ba-eb8f91f44dd3","海事博物館入場參觀人次統計☯海事博物馆入场参观人次统计☯Estatísticas sobre o número de visitantes do Museu Marítimo☯Statistics on the number of visitors to the Maritime Museum","海事及水務局,海事及水務局,DSAMA,DSAMA","1","0","0","System.Object[]","26","53","2026-01-22 15:56:32","海事博物館2019至2025年每年入場參觀人次☯海事博物馆2019至2025年每年入场参观人次☯Número anual de visitantes do Museu Marítimo de 2019 a 2025☯Annual number of visitors to the Maritime Museum from 2019 to 2025"
"873355cc-8f9d-460f-9a4d-191ef6e33c09","澳門輕軌之無障礙旅遊設施列表☯澳门轻轨之无障碍旅游设施列表☯Guia de Turismo Livre de Barreiras - Metro Ligeiro☯Barrier-Free Access Guide - Light Rapid Transit","旅遊局,旅游局,Direcção dos Serviços de Turismo,Macao Government Tourism Office","1","0","0","System.Object[]","27","138","2024-11-29 16:20:06","旅遊局“澳門無障礙旅遊設施調查＂內澳門輕軌之無障礙旅遊設施列表，提供升降機、洗手間及適合輪椅使用者的設施等資訊☯旅游局“澳门无障碍旅游设施调查＂内澳门轻轨之无障碍旅游设施列表，提供升降机、洗手间及适合轮椅使用者的设施等资讯☯Estão disponíveis informações sobre elevadores, lavatórios e instalações adequadas para os utentes de cadeira de rodas, no Guia de Turismo Livre de Barreiras - Metro Ligeiro, resultante do Inquérito da DST sobre as Instalações Turísticas Sem Barreirasa☯Information on elevators, toilets and other facilities in Light Rapid Transit suitable for wheelchair users included in the “Consultancy Study on Accessible Tourism Facilities in Macao”"
"87365b1e-1a12-47f0-9770-55e0759ee505","衛生範疇按工作場所劃分的醫護人員數目統計☯卫生范畴按工作场所划分的医护人员数目统计☯Estatísticas do pessoal de saúde por local de trabalho, na área de saúde☯衛生範疇按工作場所劃分的醫護人員數目統計","衛生局,卫生局,Serviços de Saúde,Health Bureau","1","0","0","System.Object[]","63","73","2024-12-19 14:59:11","衛生範疇中，以工作場所劃分的醫護人員數目統計☯卫生范畴中，以工作场所划分的医护人员数目统计☯Estatísticas do pessoal de saúde por local de trabalho, na área de saúde☯衛生範疇中，以工作場所劃分的醫護人員數目統計"
"876cc68a-9179-4ae7-a44f-d1469f10c007","暫停營業之餐廳, 酒吧, 舞廳, 簡便餐飲場所及美食廣場食品攤檔列表☯暂停营业之餐厅, 酒吧, 舞厅, 简便餐饮场所及美食广场食品摊档列表☯Suspensão da actividade - restaurante, bar, sala de dança, estabelecimento de refeições simples e quiosque da área de restauração☯Suspension of Business - Restaurant, Bar, Nightclub, Light Refreshment Establishment, and Food Court Kiosk ","旅遊局,旅游局,Direcção dos Serviços de Turismo,Macao Government Tourism Office","1","0","0","System.Object[]","22","63","2026-09-18 14:43:47","已向旅遊局提出暫停營業之餐廳, 酒吧, 舞廳, 簡便餐飲場所及美食廣場食品攤檔列表
☯已向旅游局提出暂停营业之餐厅, 酒吧, 舞厅, 简便餐饮场所及美食广场食品摊档列表☯Pedido de suspensão da actividade - restaurante, bar, sala de dança, estabelecimento de refeições simples e quiosque da área de restauração☯Submitted Applicaion for Suspension of Business - Restaurant, Bar, Nightclub, Light Refreshment Establishment, and Food Court Kiosk "
"878bae1b-0f7a-4e21-9cfb-17db973b3774","專科衛生護理範疇結核病防治中心概況☯ 专科卫生护理范畴结核病防治中心概况☯Situação do Centro de Prevenção e Tratamento de Tuberculose, na área de cuidados de saúde diferenciados☯專科衛生護理範疇結核病防治中心概況","衛生局,卫生局,Serviços de Saúde,Health Bureau","1","0","0","System.Object[]","58","63","2020-05-28 16:24:44","專科衛生護理範疇中，結核病防治中心概況☯专科卫生护理范畴中，结核病防治中心概况☯Situação do Centro de Prevençào e Tratamento de Tuberculose, na área de cuidados de saúde diferenciados☯專科衛生護理範疇中，結核病防治中心概況"
"8796fbf1-c5cb-4312-9560-88a8705128b5","輟學率☯辍学率☯Taxa de abandono escolar☯ ","教育及青年發展局,教育及青年发展局,Direcção dos Serviços de Educação e de Desenvolvimento da Juventude,Education and Youth Development Bureau","1","0","0","System.Object[]","16","32","2025-12-15 16:02:41","提供教育效益指標：義務教育階段的輟學率☯提供教育效益指标：义务教育阶段的辍学率☯Fornecer indicadores da eficiência educativa: Taxa de abandono escolar na escolaridade obrigatória☯ "
"87bd55b3-29cf-4bde-86d3-d41e377efb0c","工作環境的職業安全健康巡查宗數、次數及建議項次☯工作环境的职业安全健康巡查宗数、次数及建议项次☯Visitas Inspectivas sobre Segurança e Saúde Ocupaciona☯occupational safety and health inspection","勞工事務局,劳工事务局,Direcção dos Serviços para os Assuntos Laborais,Labour Affairs Bureau","1","0","0","System.Object[]","50","163","2026-07-31 16:25:40","提供建築工地、酒店、商業場所、辦事處場所及勞務場所，以及參與有關准照檢查委員會之職安健的數據☯提供建筑工地、酒店、商业场所、办事处场所及劳务场所，以及参与有关准照检查委员会之职安健的数据☯Visitas Inspectivas sobre Segurança e Saúde Ocupaciona☯occupational safety and health inspection"
"87db05f2-1040-45d5-a189-c72db7c70395","社區醫療衛生 (其他)按病毒學檢驗項目劃分的檢驗數目☯社区医疗卫生 (其他)按病毒学检验项目划分的检验数目☯Número de análises por modalidade de análise virológica, na área  de cuidados de saúde comunitários(outros)☯社區醫療衛生 (其他)按病毒學檢驗項目劃分的檢驗數目","衛生局,卫生局,Serviços de Saúde,Health Bureau","1","0","0","System.Object[]","97","79","2024-12-19 14:59:51","社區醫療衛生 (其他)按病毒學檢驗項目劃分的檢驗數目☯社区医疗卫生 (其他)按病毒学检验项目划分的检验数目☯Número de análises por modalidade de análise virológica, na área  de cuidados de saúde comunitários(outros)☯社區醫療衛生 (其他)按病毒學檢驗項目劃分的檢驗數目"
"88009ec8-cad3-484e-9399-7448969294ad","《統計年刊 2024》人力資源 實習醫生概況☯《統計年刊 2024》人力資源 實習醫生概況☯RECURSOS HUMANOS Situação sobre os Internatos Médicos☯RECURSOS HUMANOS Situação sobre os Internatos Médicos","衛生局,卫生局,Serviços de Saúde,Health Bureau","1","0","0","System.Object[]","12","26","2025-10-28 17:36:24","《統計年刊 2024》人力資源 實習醫生概況☯《統計年刊 2024》人力資源 實習醫生概況☯RECURSOS HUMANOS Situação sobre os Internatos Médicos☯RECURSOS HUMANOS Situação sobre os Internatos Médicos"
"8800f187-c29b-461e-a7bc-abc47ec1055f","高中畢業生升學率☯高中毕业生升学率☯Taxa de prosseguimento dos estudos dos finalistas do ensino secundário complementar☯ ","教育及青年發展局,教育及青年发展局,Direcção dos Serviços de Educação e de Desenvolvimento da Juventude,Education and Youth Development Bureau","1","0","0","System.Object[]","23","40","2025-12-15 16:02:12","提供教育效益指標：高中畢業生的升學率☯提供教育效益指标：高中毕业生的升学率☯Fornecer indicadores da eficiência educativa: Taxa de prosseguiment☯ "
"8812ecc5-e9ab-4e2f-b971-d3c16e46bd32","酒店業場所入住率☯酒店业场所入住率☯Taxa de ocupação nos estabelecimentos hoteleiros☯ ","統計暨普查局,统计暨普查局,Direcção dos Serviços de Estatística e Censos,Statistics and Census Service","0","1","0","System.Object[]","171","305","2025-11-25 16:31:45","入住的客房數目佔客房總數的百分比。☯入住的客房数目占客房总数的百分比。☯Relação entre o número de quartos ocupados pelos hóspedes e o total de quartos de hóspedes.☯ "
"883dfdc0-13b5-484b-84ba-c2fb7feb288c","非強制央積金—按不同原因申請提取款項的審批份數及發放金額☯非强制央积金—按不同原因申请提取款项的审批份数及发放金额☯Regime de Previdência Central Não Obrigatório - Situação de apreciação e autorização dos requerimentos de levantamento de verbas conforme diferentes razões☯Non-Mandatory Central Provident Fund System - Status of assessment and authorization of resource withdrawal requests according to different reasons","社會保障基金,社会保障基金,Fundo de Segurança Social,Social Security Fund","1","0","0","System.Object[]","22","36","2026-09-01 17:05:26","因應不同提款申請原因審批數據及批准申請涉及的發放金額☯因应不同提款申请原因审批数据及批准申请涉及的拨款金额☯Regime de Previdência Central Não Obrigatório - Situação de apreciação e autorização dos requerimentos de levantamento de verbas conforme diferentes razões☯Non-Mandatory Central Provident Fund System - Status of assessment and authorization of resource withdrawal requests according to different reasons"
"887bc306-f65c-478d-9c40-59e5c617f278","以調查個案接收方式作為分類的個案數☯以调查个案接收方式作为分类的个案数☯Número de casos classificados por formas de recepção de casos de investigação☯Number of cases classified by the form in which investigation was received","個人資料保護局,个人资料保护局,DSPDP,DSPDP","1","0","0","System.Object[]","12","25","2025-12-04 10:42:07","個人資料保護局以調查個案接收方式作為分類的個案數☯个人资料保护局以调查个案接收方式作为分类的个案数☯Número de casos classificados por formas de recepção de casos de investigação da DSPDP☯Number of cases classified by the form in which investigation was received at the Personal Data Protection Bureau"
"8897215d-91f7-4fd6-bf02-f36ff5c639ae","新能源/環保巴士數量☯新能源/环保巴士数量☯N.º de autocarros movidos a energias amigas do ambiente☯N.º de autocarros movidos a energias amigas do ambiente","交通事務局,交通事务局,Direcção dos Serviços para os Assuntos de Tráfego,Transport Bureau","1","0","0","System.Object[]","57","119","2026-05-27 01:00:26","新能源/環保巴士數量☯新能源/环保巴士数量☯N.º de autocarros movidos a energias amigas do ambiente
☯N.º de autocarros movidos a energias amigas do ambiente
"
"889a1a8f-e320-4c53-bdef-ca723701f50e","個人遊中國內地出境旅客☯个人游中国内地出境旅客☯Saídas de visitantes do Interior da China com visto individual☯ ","統計暨普查局,统计暨普查局,Direcção dos Serviços de Estatística e Censos,Statistics and Census Service","0","1","0","System.Object[]","0","29","2025-12-01 10:47:57","以個人遊方式從中國內地入境後離境的旅客數量。☯以个人游方式从中国内地入境后离境的旅客数量。☯Referem-se ao número de visitantes do Interior da China com visto individual que vieram à Região Administrativa Especial de Macau e depois saíram.☯ "
"89042238-2479-42a7-908b-32c7c952efdf","街市熟食檔購貨及佣金支出☯街市熟食档购货及佣金支出☯Compras de mercadorias e comissões pagas pelos lugares de comidas e bebidas nos mercados municipais☯ ","統計暨普查局,统计暨普查局,Direcção dos Serviços de Estatística e Censos,Statistics and Census Service","0","1","0","System.Object[]","0","26","2026-01-26 12:39:47","街市熟食檔在購入食品及飲品、購入作轉售的貨品及佣金支出的總額。☯街市熟食档在购入食品及饮品、购入作转售的货品及佣金支出的总额。☯Referem-se ao valor total das despesas em compras de bebidas e comidas, de mercadorias para revendas e comissões pagas pelos lugares de comidas e bebidas nos mercados municipais.☯ "
"89280441-fa02-4e11-ac34-19f2ae215ee8","外賣店經營費用☯外卖店经营费用☯Despesas de exploração das lojas de take-away☯ ","統計暨普查局,统计暨普查局,Direcção dos Serviços de Estatística e Censos,Statistics and Census Service","0","1","0","System.Object[]","0","27","2026-01-26 12:41:37","外賣店在日常營運中產生的各項費用總額，包括租金、水電費、消秏品等。☯外卖店在日常营运中产生的各项费用总额，包括租金、水电费、消秏品等。☯Referem-se ao valor total das despesas geradas pela exploração da actividade corrente, das lojas de take-away. Incluem-se as rendas de instalações, as despesas em água, electricidade, bens de consumo, etc.☯ "
"89501108-4daa-4929-b694-1ceb9ff909c0","社區醫療衛生範疇 - 衛生中心 衛生中心保健指標☯社區醫療衛生範疇 - 衛生中心 衛生中心保健指標☯CUIDADOS DE SAÚDE COMUNITÁRIOS - CENTROS DE  SAÚDE Movimento assistencial nos Centros de Saúde☯CUIDADOS DE SAÚDE COMUNITÁRIOS - CENTROS DE  SAÚDE Movimento assistencial nos Centros de Saúde","衛生局,卫生局,Serviços de Saúde,Health Bureau","1","0","0","System.Object[]","11","26","2025-10-28 17:38:43","社區醫療衛生範疇 - 衛生中心 衛生中心保健指標☯社區醫療衛生範疇 - 衛生中心 衛生中心保健指標☯CUIDADOS DE SAÚDE COMUNITÁRIOS - CENTROS DE  SAÚDE Movimento assistencial nos Centros de Saúde☯CUIDADOS DE SAÚDE COMUNITÁRIOS - CENTROS DE  SAÚDE Movimento assistencial nos Centros de Saúde"
"89567807-481e-4f1c-8ba1-4d95806e9127","露天場地外借的資訊列表☯露天场地外借的资讯列表☯Lista de informações sobre os espaços ao ar livre para cedência☯List of information about loan of outdoor venues","市政署,市政署,Instituto para os Assuntos Municipais,Municipal Affairs Bureau","0","1","0","System.Object[]","0","40","2025-07-16 17:37:21","列出各區的露天場地清單。☯列出各区的露天场地清单。☯Lista de locais ao ar livre em cada zona.☯List of outdoor venues in various districts."
"89e1c669-18e3-4929-942f-94b691f55817","人均本地生產總值☯人均本地生产总值☯Produto Interno Bruto (PIB) per capita☯Per-capita GDP","統計暨普查局,统计暨普查局,Direcção dos Serviços de Estatística e Censos,Statistics and Census Service","0","1","0","System.Object[]","152","252","2024-12-30 12:43:11","衡量經濟發展水平和人民生活水平。☯衡量经济发展水平和人民生活水平。☯Mede quer o nível de desenvolvimento económico quer o padrão de vida dos residentes.☯To reflect the level of economic development and living standards of residents."
"89f1a98f-4195-4272-b3bb-72a3b5555a8a","社團及財團數量統計☯社团及财团数量统计☯Estatística das associações e fundações☯Statistics on Association and Foundation","身份證明局,身份证明局,Direcção dos Serviços de Identificação,Identification Bureau","1","0","0","System.Object[]","137","216","2026-01-29 11:21:14","社團及財團累計數量☯社团及财团累计数量☯Número cumulativo de associações e fundações☯Cumulative number of associations and foundations"
"89fd397e-d3ab-4185-9872-c036e389bb36","本地生產總值實質變動率 - 政府最終消費支出☯本地生产总值实质变动率 - 政府最终消费支出☯Taxa de variação real do Produto Interno Bruto - Despesa de consumo final do Governo☯ ","統計暨普查局,统计暨普查局,Direcção dos Serviços de Estatística e Censos,Statistics and Census Service","0","1","0","System.Object[]","0","27","2025-11-10 14:47:14","剔除價格變化因素後的政府最終消費支出變動，用以衡量政府提供公共服務的物品及勞務價值的實質變動。☯剔除价格变化因素后的政府最终消费支出变动，用以衡量政府提供公共服务的物品及劳务价值的实质变动。☯A variação da despesa de consumo final do Governo, após a eliminação dos factores que influenciam os preços, serve para medir a variação real do valor dos bens e serviços consumidos durante a prestação dos serviços públicos pelo Governo.☯ "
"89ff0fc7-52fe-4eb5-9272-6c96971f8b01","會議及展覽激勵計劃☯会议及展览激励计划☯Programa de Estímulo às Convenções e Exposições☯Convention and Exhibition Stimulation Programme","招商投資促進局,招商投资促进局,IPIM,IPIM","1","0","0","System.Object[]","62","85","2026-05-15 11:27:51","本計劃旨在為策劃在澳門特別行政區舉辦會展活動的主辦單位提供資助，以推進會展國際化、市場化、專業化、數字化、綠色化發展步伐，提升會展業的競爭力，助力經濟適度多元，打造澳門成為國際知名舉辦會展活動的目的地，增強會展帶動產業作用，進一步推動區域合作，吸引更多會展項目及商務旅客來澳。☯本计划旨在为策划在澳门特别行政区举办会展活动的主办单位提供资助，以推进会展国际化、市场化、专业化、数字化、绿色化发展步伐，提升会展业的竞争力，助力经济适度多元，打造澳门成为国际知名举办会展活动的目的地，增强会展带动产业作用，进一步推动区域合作，吸引更多会展项目及商务旅客来澳。☯O Programa visa o fornecimento de apoio financeiro às empresas organizadoras que planeiam realizar actividades de convenção e exposição na Região Administrativa Especial de Macau, de forma a promover a internacionalização, mercadorização, profissionalização, digitalização e ecologização das convenções e exposições, aumentar a competitividade da indústria, estimular a diversificação adequada da economia, tornar Macau como um destino conhecido internacionalmente para a realização de convenções e exposições, fortalecer o efeito dinamizador destes eventos noutras indústrias, aprofundar a promoção da cooperação das regiões e atrair a presença de mais projectos de convenções e exposições e de visitantes com interesses de negócio.☯The purpose of this Programme is to provide financial support to organisers who plan to hold conventions and exhibitions in Macao Special Administrative Region, so as to enhance the internationalisation, marketisation, professionalism, digitalisation and green development of MICE events, and to enhance the competitiveness of MICE industry, contributing to Macao’s appropriate economic diversification, building Macao into an internationally renowned MICE destination, enhancing the role of the MICE industry in terms of driving other industries forward, further promoting regional co-operation, and attracting more MICE projects and business tourists to Macao."
"8a19f2e8-d7dc-4199-acb1-d197495af98e","外來直接投資流量☯外来直接投资流量☯Fluxo do investimento directo do exterior☯Flows of inward direct investment","統計暨普查局,统计暨普查局,Direcção dos Serviços de Estatística e Censos,Statistics and Census Service","0","1","0","System.Object[]","0","28","2024-12-30 17:13:14","指在參考年內直接投資的變動。在外來直接投資而言，流量為正值代表投資流入，負值代表投資流出。流量負值除資金撤走外，亦可能由企業與境外有聯繫公司的債務交易等因素所引致。☯指在参考年内直接投资的变动。在外来直接投资而言，流量为正值代表投资流入，负值代表投资流出。流量负值除资金撤走外，亦可能由企业与境外有联系公司的债务交易等因素所引致。☯Refere-se à variação do investimento directo no ano de referência. O fluxo de valor positivo do investimento directo do exterior, significa entrada de investimento e o fluxo de valor negativo indica saída de investimento. Além da retirada de capital social, o fluxo de valor negativo pode também resultar de dívidas entre a empresa e as sociedades interligadas no exterior, entre outras razões.☯Refer to change in direct investment during the reference year. For inward direct investment, a positive value of flows represents an inflow of investment while a negative value represents an outflow of investment. A negative value of flows can be caused by the withdrawal of funds or by other factors such as debt transactions between the enterprise and the overseas associated company."
"8a200003-1ec8-45db-a48c-b61031f9f234","澳門高等院校教職員人數統計─按院校劃分☯澳门高等院校教职员人数统计─按院校划分☯Dados estatísticos sobre o número de docentes e trabalhadores das instituições do ensino superior de Macau (classificados por instituições do ensino superior)☯-","教育及青年發展局,教育及青年发展局,Direcção dos Serviços de Educação e de Desenvolvimento da Juventude,Education and Youth Development Bureau","1","0","0","System.Object[]","20","41","2025-12-15 16:03:02","按學年方式，提供按院校劃分的澳門高等院校教職員人數。☯按学年方式，提供按院校划分的澳门高等院校教职员人数。☯Número de docentes e trabalhadores das instituições do ensino superior de Macau (classificados por instituições do ensino superior), calculado de acordo com o ano lectivo.☯-"
"8a529d30-a379-4acd-89ed-1c1cd8b31b83","專科衛生護理範疇仁伯爵綜合醫院醫務活動☯ 专科卫生护理范畴仁伯爵综合医院医务活动☯Actividade médica do Centro Hospitalar Conde de São Januário, na área de cuidados de saúde diferenciados ☯專科衛生護理範疇仁伯爵綜合醫院醫務活動","衛生局,卫生局,Serviços de Saúde,Health Bureau","1","0","0","System.Object[]","61","62","2024-12-19 14:59:18","專科衛生護理範疇中，仁伯爵綜合醫院醫務活動☯专科卫生护理范畴中，仁伯爵综合医院医务活动☯Actividade médica do Centro Hospitalar Conde de São Januário, na área de cuidados de saúde diferenciados☯專科衛生護理範疇中，仁伯爵綜合醫院醫務活動"
"8b18b752-1c15-437a-b4ea-f827e50877cf","以查詢方式作為分類的個案數☯以查询方式作为分类的个案数☯Número de casos classificados por formas de consulta☯Number of cases classified by form of enquiry ","個人資料保護局,个人资料保护局,DSPDP,DSPDP","1","0","0","System.Object[]","15","43","2025-12-04 10:41:46","個人資料保護局以查詢方式作為分類的個案數字☯个人资料保护局以查询方式作为分类的个案数字☯Número de casos classificados por formas de consulta da DSPDP☯Number of cases classified by form of enquiry at the Personal Data Protection Bureau"
"8b354f13-c1a0-44c7-81e3-19475b032ee2","留宿旅客總消費☯留宿旅客总消费☯Despesa total dos turistas☯ ","統計暨普查局,统计暨普查局,Direcção dos Serviços de Estatística e Censos,Statistics and Census Service","0","1","0","System.Object[]","0","83","2025-12-09 11:13:09","留宿旅客購買作為自用或送贈他人的商品及服務之總消費，包括由旅客或他人（如親友或僱主）支付的消費，但不包括博彩、捐款、購買資產或用作再出售商品的支出。☯留宿旅客购买作为自用或送赠他人的商品及服务之总消费，包括由旅客或他人（如亲友或雇主）支付的消费，但不包括博彩、捐款、购买资产或用作再出售商品的支出。☯Refere-se à despesa total dos turistas em compras de bens e serviços quer para consumo próprio, quer para oferta a outrem. Inclui-se a despesa paga pelos turistas ou por outras pessoas (tais como: familiares ou empregadores), mas excluem-se as despesas no jogo, os donativos e as despesas relacionadas com as aquisições de bens de capital e de bens para revenda.☯ "
"8b560057-5974-42dd-82a4-6de0f8d26da8","澳門特別行政區立法會選舉結果 – 間接選舉當選候選人☯澳门特别行政区立法会选举结果 - 间接选举当选候选人☯Resultado das eleições legislativas da Região Administrativa Especial de Macau – candidatos eleitos por sufrágio indirecto☯Resultado das eleições legislativas da Região Administrativa Especial de Macau – candidatos eleitos por sufrágio indirecto","行政公職局,行政公职局,Direcção dos Serviços de Administração e Função Pública,Public Administration and Civil Service Bureau","1","0","0","System.Object[]","29","62","2026-02-02 12:21:01","由2001年至今，澳門特別行政區立法會選舉，間接選舉當選候選人☯由2001年至今，澳门特别行政区立法会选举，间接选举当选候选人☯Candidatos eleitos por sufrágio indirecto das eleições legislativas da Região Administrativa Especial de Macau, de 2001 até ao presente☯Candidatos eleitos por sufrágio indirecto das eleições legislativas da Região Administrativa Especial de Macau, de 2001 até ao presente"
"8b711bf1-9976-4135-a058-197c62af3561","本地生產總值 - 進口☯本地生产总值 - 进口☯Produto Interno Bruto - Importação☯ ","統計暨普查局,统计暨普查局,Direcção dos Serviços de Estatística e Censos,Statistics and Census Service","0","1","0","System.Object[]","0","25","2025-11-10 14:46:48","進口等於貨物進口加服務進口的總和。☯进口等于货物进口加服务进口的总和。☯A importação é o resultado da soma da importação de bens com a importação de serviços. ☯ "
"8b759bf6-3458-4f8c-be22-2de3638f4ed6","餐廳資料☯餐厅资料☯Informações dos Restaurantes☯Information of Restaurants","旅遊局,旅游局,Direcção dos Serviços de Turismo,Macao Government Tourism Office","1","1","0","System.Object[]","974","2585","2026-09-19 07:55:03","已領有牌照之實體 - 餐廳資料☯已领有牌照之实体 - 餐厅资料☯Informações dos entidades licenciadas - Restaurantes☯Information of licensed entities - Restaurants"
"8b86285b-dab6-43f9-8d51-b41a03f7be01","澳門高等院校本地生註冊人數統計─按課程程度劃分☯澳门高等院校本地生注册人数统计─按课程程度划分☯Dados estatísticos do número de estudantes locais que se matriculam nas instituições do ensino superior de Macau (classificados por nível de curso)☯-","教育及青年發展局,教育及青年发展局,Direcção dos Serviços de Educação e de Desenvolvimento da Juventude,Education and Youth Development Bureau","1","0","0","System.Object[]","14","35","2025-12-15 16:02:49","按學年方式，提供按課程程度劃分的澳門高等院校本地生註冊人數。☯按学年方式，提供按课程程度划分的澳门高等院校本地生注册人数。☯Número de estudantes locais que se matriculam nas instituições do ensino superior de Macau (classificados por nível de curso), calculado de acordo com o ano lectivo.☯-"
"8b94626c-7170-40eb-9e8c-750ee82a51ba","旅遊行業監管之統計☯旅游行业监管之统计☯Estatísticas de fiscalização da indústria☯Statistics of tourism industry supervision","旅遊局,旅游局,Direcção dos Serviços de Turismo,Macao Government Tourism Office","1","0","0","System.Object[]","23","64","2026-04-23 15:52:34","旅遊行業監管之統計☯旅游行业监管之统计☯Estatísticas de fiscalização da indústria☯Statistics of tourism industry supervision"
"8ba4507c-200a-47de-890d-3f3b96c9b772","澳門高等院校畢業學生人數統計—按學科範疇劃分☯澳门高等院校毕业学生人数统计—按学科范畴划分☯Estatística do número de estudantes graduados das instituições de ensino superior de Macau – por área disciplinar☯ ","教育及青年發展局,教育及青年发展局,Direcção dos Serviços de Educação e de Desenvolvimento da Juventude,Education and Youth Development Bureau","1","0","0","System.Object[]","16","29","2025-12-15 16:02:28","按學年方式，提供按學科範疇劃分的澳門高等院校畢業學生人數☯按学年方式，提供按学科范畴划分的澳门高等院校毕业学生人数☯Número de estudantes graduados das instituições de ensino superior de Macau, por área disciplinar e por ano lectivo☯ "
"8bcddaac-6ec0-426e-95af-1f5dd8b033ed","CEPA貨物出口☯CEPA货物出口☯Exportação de mercadorias no âmbito do CEPA☯Exports of Goods under CEPA","經濟及科技發展局,经济及科技发展局,Direcção dos Serviços de Economia e Desenvolvimento Tecnológico,Macao Economic Bureau","1","0","0","System.Object[]","97","129","2026-07-21 15:59:12","按年度方式，提供CEPA貨物出口貨物類別、貨值及豁免稅款統計資料☯按年度方式，提供CEPA货物出口货物类别、货值及豁免税款统计资料☯Dados estatísticos de tipos de mercadorias exportadas no âmbito do CEPA, valor das exportações de mercadorias e de impostos isentos disponibilizados anualmente☯Statistics on categories and value of and tariffs waived on exports of goods under CEPA provided on an annual basis"
"8bd18c3f-2c98-4946-a581-fe81e766f47d","澳門高等院校研究人員人數統計─按院校劃分☯澳门高等院校研究人员人数统计─按院校划分☯Dados estatísticos do número de investigadores das instituições do ensino superior de Macau (classificados por instituições do ensino superior) ☯-","教育及青年發展局,教育及青年发展局,Direcção dos Serviços de Educação e de Desenvolvimento da Juventude,Education and Youth Development Bureau","1","0","0","System.Object[]","14","36","2025-12-15 15:59:20","按學年方式，提供按院校劃分的澳門高等院校研究人員人數。☯按学年方式，提供按院校划分的澳门高等院校研究人员人数。☯Número de investigadores das instituições do ensino superio de Macau (classificados por instituições do ensino superior), calculado de acordo com o ano lectivo.☯-"
"8c5c0b1e-3f21-4fbf-861b-218f87bd992d","退休及撫卹制度-辦理在生證明人數–按辦理途徑劃分☯退休及抚恤制度-办理在生证明人数–按办理途径划分☯Regime de Aposentação e Sobrevivência – Número de beneficiários que realizaram a prova de vida – Por meios de realização☯ ","退休基金會,退休基金会,Fundo de Pensões,Pension Fund","1","0","0","System.Object[]","35","71","2026-05-18 14:40:17","按辦理途徑統計當年退休及撫卹制度中辦理在生證明人數☯按办理途径统计当年退休及抚恤制度中办理在生证明人数☯Estatística do número de beneficiários do Regime de Aposentação e Sobrevivência que realizaram a prova de vida desse ano, de acordo com os meios de realização☯ "
"8c8e3806-0b45-4b8b-a6aa-0ad84a3b8b37","警官/消防官/關務官/獄警警官培訓課程畢業人數☯ 警官/消防官/关务官/狱警警官培训课程毕业人数☯Alunos que concluíram o Curso de Formação de Oficiais☯No. of Graduates Completed the Officers Training Course (Public Security Field)","澳門保安部隊高等學校,澳門保安部隊高等學校,ESFSM,ESFSM","1","0","1","System.Object[]","21","61","2025-01-23 12:36:36","警官/消防官/關務官/獄警警官培訓課程畢業人數☯ 警官/消防官/关务官/狱警警官培训课程毕业人数☯Alunos que concluíram o Curso de Formação de Oficiais☯No. of Graduates Completed the Officers Training Course (Public Security Field)"
"8d031b75-02de-46fd-a3be-97c6b9c6bed0","酒店業場所客房☯酒店业场所客房☯Quartos de hóspedes dos estabelecimentos hoteleiros☯ ","統計暨普查局,统计暨普查局,Direcção dos Serviços de Estatística e Censos,Statistics and Census Service","0","1","0","System.Object[]","117","241","2025-11-25 16:22:10","酒店業場所內可供住客使用的客房總數。☯酒店业场所内可供住客使用的客房总数。☯Referem-se ao número total de quartos disponíveis para hóspedes nos estabelecimentos hoteleiros.☯ "
"8d089bb5-5b2d-4b56-9f47-efbc35fe8870","空氣污染物實測濃度☯空气污染物实测浓度☯Concentração dos poluentes☯Pollutant Concentration","地球物理氣象局,地球物理气象局,irecção dos Serviços Meteorológicos e Geofísicos,Meteorological and Geophysical Bureau","0","0","1","System.Object[]","0","662","2023-12-05 16:22:47","每小時錄得的空氣污染物濃度。☯每小时录得的空气污染物浓度。☯Registos horários de concentração dos poluentes. ☯Hourly recorded concentration of pollutants."
"8d86962d-9d38-4930-b787-291ce38fd3a6","退休及撫卹制度-在職會員-按退休工齡劃分☯退休及抚恤制度-在职会员-按退休工龄划分☯Regime de Aposentação e Sobrevivência – Subscritores no activo – Por anos de serviço prestados para efeitos de aposentação☯ ","退休基金會,退休基金会,Fundo de Pensões,Pension Fund","1","0","0","System.Object[]","77","119","2026-05-18 14:43:07","按退休工齡統計當年退休及撫卹制度中在職會員之人數☯按退休工龄统计当年退休及抚恤制度中在职会员之人数☯Estatística do número de subscritores no activo do Regime de Aposentação e Sobrevivência desse ano por anos de serviço prestados para efeitos de aposentação☯ "
"8da69d81-0c94-41dc-aa0d-b08ab51238fd","黑煙車數目☯黑煙車數目☯Lançamento de fumo poluente☯Vehicles emitting black smoke","治安警察局,治安警察局,CPSP,CPSP","1","0","0","System.Object[]","20","48","2026-02-06 15:08:40","黑煙車數目☯黑煙車數目☯Lançamento de fumo poluente☯Vehicles emitting black smoke"
"8e124be2-c834-445d-9054-a49cc77d8ab4","實時潮汐資料☯实时潮汐资料☯Altura actual da maré☯Actual tidal data","海事及水務局,海事及水務局,DSAMA,DSAMA","0","1","0","System.Object[]","0","350","2022-06-17 15:25:00","查詢實時潮汐資料☯查询实时潮汐资料☯Altura actual da maré☯Actual tidal data"
"8e43d245-d7b9-4f31-9a02-f996590cf401","澳門高等院校外地生畢業人數統計─按院校劃分☯澳门高等院校外地生毕业人数统计─按院校划分☯Dados estatísticos do número de estudantes graduados do exterior nas instituições do ensino superior de Macau (classificados por instituições do ensino superior)☯-","教育及青年發展局,教育及青年发展局,Direcção dos Serviços de Educação e de Desenvolvimento da Juventude,Education and Youth Development Bureau","1","0","0","System.Object[]","13","37","2025-12-15 16:02:58","按學年方式，提供按院校劃分的澳門高等院校外地生畢業人數。☯按学年方式，提供按院校划分的澳门高等院校外地生毕业人数。☯Número de estudantes graduados do exterior nas instituições do ensino superior de Macau (classificados por instituições do ensino superior), calculado de acordo com o ano lectivo.☯-"
"8e648669-3aa6-4f04-98e5-0ea6cc36bab5","澳門高等院校本地生註冊人數統計─按性別劃分☯澳门高等院校本地生注册人数统计─按性别划分☯Dados estatísticos do número de estudantes locais que se matriculam nas instituições do ensino superior de Macau (classificados por sexo)☯-","教育及青年發展局,教育及青年发展局,Direcção dos Serviços de Educação e de Desenvolvimento da Juventude,Education and Youth Development Bureau","1","0","0","System.Object[]","17","33","2025-12-15 15:59:58","按學年方式，提供按性別劃分的澳門高等院校本地生註冊人數。☯按学年方式，提供按性别划分的澳门高等院校本地生注册人数。☯Número de estudantes locais que se matriculam nas instituições do ensino superior de Macau (classificados por sexo), calculado de acordo com o ano lectivo.☯-"
"8e972ba2-7075-46d3-b6a0-de14f143c02a","循環系統疾病導致的死亡☯循环系统疾病导致的死亡☯Óbitos por doenças do aparelho circulatório☯ ","統計暨普查局,统计暨普查局,Direcção dos Serviços de Estatística e Censos,Statistics and Census Service","0","1","0","System.Object[]","0","36","2025-11-10 14:50:05","因循環系統疾病導致的死亡人數。☯因循环系统疾病导致的死亡人数。☯Referem-se ao número de pessoas que faleceram por doenças do aparelho circulatório.☯ "
"8eaa0291-efe9-4044-ac76-a6ec5824cdc2","藥劑師☯药剂师☯Farmacêutico☯ ","統計暨普查局,统计暨普查局,Direcção dos Serviços de Estatística e Censos,Statistics and Census Service","0","1","0","System.Object[]","0","28","2025-11-10 14:48:33","根據第18/2020號法律《醫療人員專業資格及執業註冊制度》的藥劑師。☯根据第18/2020号法律《医疗人员专业资格及执业注册制度》的药剂师。☯Refere-se ao ""Farmacêutico"", que está estabelecido na Lei n.º 18/2020, “Regime da qualificação e inscrição para o exercício de actividade dos profissionais de saúde”.☯ "
"8eac1399-6e7c-4436-9b3e-5cf370170ecb","《統計年刊 2024》衛生統計按根本死因組別劃分的死亡人數☯《統計年刊 2024》衛生統計按根本死因組別劃分的死亡人數☯ESTATÍSTICAS DA SAÚDE Óbitos segundo os grupos de causas antecedentes de morte☯ESTATÍSTICAS DA SAÚDE Óbitos segundo os grupos de causas antecedentes de morte","衛生局,卫生局,Serviços de Saúde,Health Bureau","1","0","0","System.Object[]","11","27","2025-10-28 17:40:07","《統計年刊 2024》衛生統計按根本死因組別劃分的死亡人數☯《統計年刊 2024》衛生統計按根本死因組別劃分的死亡人數☯ESTATÍSTICAS DA SAÚDE Óbitos segundo os grupos de causas antecedentes de morte☯ESTATÍSTICAS DA SAÚDE Óbitos segundo os grupos de causas antecedentes de morte"
"8ee2db9e-ff20-415a-bc13-d506a8c9d774","自然人選民登記的統計☯自然人选民登记的统计☯Estatística Sobre o Recenseamento Eleitoral de Pessoas Singulares☯-","行政公職局,行政公职局,Direcção dos Serviços de Administração e Função Pública,Public Administration and Civil Service Bureau","1","0","0","System.Object[]","43","125","2026-01-16 15:41:04","自然人選民登記統計☯自然人选民登记统计☯Estatística Sobre o Recenseamento Eleitoral de Pessoas Singulares☯-"
"8ee41172-129e-489a-9058-da5fc542917e","侵犯財產罪案件☯侵犯财产罪案件☯Processos de crimes contra o património☯ ","統計暨普查局,统计暨普查局,Direcção dos Serviços de Estatística e Censos,Statistics and Census Service","0","1","0","System.Object[]","0","38","2025-11-10 14:48:01","侵犯財產罪案數目。☯侵犯财产罪案数目。☯Referem-se ao número de processos de crimes contra o património.☯ "
"8f027144-4376-43d0-a289-2a5ab9eccd9c","待領養動物的資訊列表☯待领养动物的资讯列表☯Lista de informações sobre animais para adopção☯List of information about animals awaiting adoption","市政署,市政署,Instituto para os Assuntos Municipais,Municipal Affairs Bureau","0","1","0","System.Object[]","0","99","2025-05-19 17:04:33","待領養動物的資訊列表。☯待领养动物的资讯列表。☯Lista de informações sobre animais para adopção.☯List of information about animals awaiting adoption."
"8f51b0b7-6e17-4c76-8fcc-8532d79b5e7b","有營業的公寓☯有营业的公寓☯Pensões em actividade☯ ","統計暨普查局,统计暨普查局,Direcção dos Serviços de Estatística e Censos,Statistics and Census Service","0","1","0","System.Object[]","0","25","2025-12-01 10:47:27","擁有營業場所的公寓數量。☯拥有营业场所的公寓数量。☯Referem-se ao número de pensões que estavam em actividade.☯ "
"8f5946b3-61ae-48b0-ac8d-dcaac9abeee5","考試與認證服務清單☯考试与认证服务清单☯Lista dos serviços de testes e certificações☯Testing and Certification Services","澳門理工大學,澳门理工大学,Universidade Politécnica de Macau,Macao Polytechnic University","1","0","0","System.Object[]","14","35","2025-08-15 10:17:53","澳門理工大學提供之專業考試與認證服務清單。☯澳門理工大學提供之專業考試與認證服務清單。☯Lista dos serviços de testes e certificações profissionais prestados pela Universidade Politécnica de Macau.☯List of Testing and Certification Services provided by the Macao Polytechnic University."
"8f60cdc1-a858-4889-ab2e-058826f827c3","年度新增任意性制度受益人數目☯年度新增任意性制度受益人数目☯Número de novos beneficiários inscritos no regime facultativo por ano☯Number of new beneficiaries of the arbitrary system in the year","社會保障基金,社会保障基金,Fundo de Segurança Social,Social Security Fund","1","0","0","System.Object[]","23","50","2026-09-01 17:00:58","以年度方式提供在相關曆年內，新登錄成為任意性制度受益人的數目。☯以年度方式提供在相关历年内，新登录成为任意性制度受益人的数目。☯A prestação anual do número de novos beneficiários inscritos no regime facultativo durante o respectivo ano.☯Available on an annual basis, the number of beneficiaries newly enrolled under the arbitrary system in the relevant calendar year."
"8faddb1e-6458-44bb-99b4-6fce146e5af5","房地產中介人准照☯房地产中介人准照☯licença de mediador imobiliário☯licença de mediador imobiliário","房屋局,房屋局,IH,IH","1","0","0","System.Object[]","16","44","2026-09-18 14:00:19","房地產中介人准照☯房地产中介人准照☯licença de mediador imobiliário☯licença de mediador imobiliário"
"8fe3b6d5-10f4-42af-8c95-21589e59d6dd","季度強制性制度供款總金額（澳門元）☯季度强制性制度供款总金额（澳门元）☯Montante total das contribuições do regime obrigatório por trimestre (MOP)☯Total amount of contributions received under the obligatory system in the quarter (patacas)","社會保障基金,社会保障基金,Fundo de Segurança Social,Social Security Fund","1","0","0","System.Object[]","40","56","2026-07-20 16:59:34","以季度方式提供在相關季度的期間內，強制性制度供款的總收納金額。☯以季度方式提供在相关季度的期间内，强制性制度供款的总收纳金额。☯A prestação trimestral do montante totalmente cobrado das contribuições do regime obrigatório dentro do respectivo trimestre.☯Available on a quarterly basis, the total amount of contributions received under the obligatory system in the relevant quarter."
"8ff5d0ef-235c-4847-a4ca-0f9d5b515bb6","商標註冊申請量☯商标注册申请量☯Números dos Pedidos de Registo de Marca☯Number of Applications of Trademark Registration","經濟及科技發展局,经济及科技发展局,Direcção dos Serviços de Economia e Desenvolvimento Tecnológico,Macao Economic Bureau","1","0","0","System.Object[]","167","313","2026-07-10 15:05:02","提供商標註冊申請統計資料☯提供商标注册申请统计资料☯Dados estatísticos dos pedidos de registo de marca☯Statistics on trademark registration applications"
"90086c72-3ea9-4e9b-ba05-5bc74fb1a80d","住院病床☯住院病床☯Cama de internamento☯Inpatient bed","統計暨普查局,统计暨普查局,Direcção dos Serviços de Estatística e Censos,Statistics and Census Service","0","1","0","System.Object[]","0","69","2024-12-30 11:04:29","屬醫院服務設施，有定期保養和配備醫護人員，及可供即時入住的病床，如普通住院病床、深切治療部病床等。☯属医院服务设施，有定期保养和配备医护人员，及可供实时入住的病床，如普通住院病床、深切治疗部病床等。☯""É um equipamento hospitalar que tem manutenção regular, é acompanhada por profissionais de saúde e está disponível para a admissão imediata do doente no hospital. Incluem-se as camas que estão no internamento geral, na unidade de cuidados intensivos, etc.
""☯A hospital bed that is maintained regularly, staff with medical professionals, and is available for immediate admission of a patient, e.g. general inpatient beds, beds in intensive care units."
"903163e7-73ee-493d-a9bf-0cd04ed9b8dd","街市熟食檔場所☯街市熟食档场所☯Lugares de comidas e bebidas nos mercados municipais☯ ","統計暨普查局,统计暨普查局,Direcção dos Serviços de Estatística e Censos,Statistics and Census Service","0","1","0","System.Object[]","0","27","2026-01-26 12:41:00","從事街市熟食檔的場所總數。☯从事街市熟食档的场所总数。☯São todos os lugares de comidas e bebidas nos mercados municipais.☯ "
"903f92bd-4c6e-439a-9a92-57ffcdde03a9","境外直接投資累計總額☯境外直接投资累计总额☯Stock do investimento directo no exterior ☯Outward direct investment - Stock","統計暨普查局,统计暨普查局,Direcção dos Serviços de Estatística e Censos,Statistics and Census Service","0","1","0","System.Object[]","51","98","2024-12-30 12:42:08","澳門企業在另一經濟領域（地域）所作的直接投資金額之歷年滾存。☯澳门企业在另一经济领域（地域）所作的直接投资金额之历年滚存。☯Valor acumulado de todo o investimento directo feito por empresas de Macau noutras áreas económicas (territórios) ao longo dos anos.☯The accumulated value of direct investment made by Macao enterprises in another economic territory (region) over the past years. "
"9092c031-7e19-405d-b516-0f1d496f9185","放射師☯放射师☯Técnico de radiologia☯ ","統計暨普查局,统计暨普查局,Direcção dos Serviços de Estatística e Censos,Statistics and Census Service","0","1","0","System.Object[]","0","27","2025-11-10 14:48:56","根據第18/2020號法律《醫療人員專業資格及執業註冊制度》的放射師。☯根据第18/2020号法律《医疗人员专业资格及执业注册制度》的放射师。☯Refere-se ao ""Técnico de radiologia"", que está estabelecido na Lei n.º 18/2020, “Regime da qualificação e inscrição para o exercício de actividade dos profissionais de saúde”.☯ "
"909abc62-9350-4008-90c4-1a2971c0a6e7","政府會議☯政府会议☯Reunião do Governo☯ ","統計暨普查局,统计暨普查局,Direcção dos Serviços de Estatística e Censos,Statistics and Census Service","0","1","0","System.Object[]","0","25","2026-01-26 12:39:26","由政府主辦或承辦的會議數量，這些會議在酒店、大型會議展覽中心等收費場地舉行。☯由政府主办或承办的会议数量，这些会议在酒店、大型会议展览中心等收费场地举行。☯Os dados referem-se ao número de reuniões organizadas ou coordenadas pelo Governo. As reuniões realizam-se em locais arrendados, nomeadamente, em hotéis, em grandes centros de convenções e exposições, etc.☯ "
"912b8468-1141-40b3-baa5-92aca4ac3560","年度有繳納強制性制度供款的受益人數目☯年度有缴纳强制性制度供款的受益人数目☯Número de beneficiários com contribuições do regime obrigatório por ano☯Number of beneficiaries who have paid contributions under the obligatory system in the year","社會保障基金,社会保障基金,Fundo de Segurança Social,Social Security Fund","1","0","0","System.Object[]","29","58","2026-09-01 17:00:54","以年度方式提供在相關曆年內，有繳納強制性制度供款的受益人數目。☯以年度方式提供在相关历年内，有缴纳强制性制度供款的受益人数目。☯A prestação trimestral do número de beneficiários com contribuições do regime obrigatório durante o respectivo ano.☯Available on an annual basis, the number of beneficiaries who have paid contributions under the obligatory system in the relevant calendar year"
"9146a018-5141-432f-a9f2-fefa4539fe56","年度社會保障制度提前獲發養老金受領人數及金額(澳門元)☯年度社会保障制度提前获发养老金受领人数及金额(澳门元)☯Número de beneficiários e montante (em patacas) de recebimento da antecipação da pensão para idosos do regime da segurança social por ano☯Number of early old-age pension recipients under the Social Security System and expenditure on early old-age pension in the year (patacas)","社會保障基金,社会保障基金,Fundo de Segurança Social,Social Security Fund","1","0","0","System.Object[]","30","50","2026-09-01 17:04:55","以年度方式提供在相關曆年內，提前獲發養老金的受領人數及金額☯以年度方式提供在相关历年内，提前获发养老金的受领人数及金额☯Prestação anual do número de vezes e montante de recebimento da antecipação da pensão para idosos durante o respectivo ano civil☯Available on an annual basis, the number of early old-age pension recipients and expenditure on early old-age pension in the relevant calendar year."
"9179ac62-ddbc-413d-a74a-bbea8d4b0bdd","打擊非法入境(被移交法院人士)☯打击非法入境(被移交法院人士)☯Combate às actividades de imigração ilegal (Indivíduos Enviados a Tribunal)☯Combating illegal immigration activities (Individuals Sent to Court)","中華人民共和國澳門特別行政區海關,中華人民共和國澳門特別行政區海關,SA,SA","1","1","0","System.Object[]","50","124","2024-07-29 11:31:47","被移交法院的非法入境人士☯被移交法院的非法入境人士☯Combate às actividades de imigração ilegal (Indivíduos Enviados a Tribunal)☯Combating illegal immigration activities (Individuals Sent to Court)"
"91b30f1a-ede2-4953-89c5-06a705e78bb1","流動電信服務用戶數 — 按網絡標準及繳費方式劃分☯流动电信服务用户数 — 按网络标准及缴费方式划分☯Número de utilizadores dos serviços de telecomunicações móveis – classificado conforme o padrão de rede e os meios de pagamento☯Number of mobile services subscribers - by network standard and payment method","郵電局,郵電局,CTT,CTT","1","0","0","System.Object[]","50","111","2026-08-31 17:04:53","1. 自2001年7月起的澳門流動電信服務用戶數（按網絡標準及繳費方式劃分）
2. 5G登記用戶數包括一般5G用戶及使用5G升級計劃/數據速度升級服務的用戶☯1. 自2001年7月起的澳门流动电信服务用户数（按网络标准及缴费方式划分）
2. 5G登记用户数包括一般5G用户及使用5G升级计划/数据速度升级服务的用户☯1. Número de utilizadores dos serviços de telecomunicações móveis de Macau desde Julho de 2001 (classificado conforme o padrão de rede e os meios de pagamento)
2. Número de assinantes do 5G Pós Pago inclui subscritores gerais do 5G e subscritores de planos “upgrade” / serviços “upgrade” de velocidade de dados 5G☯1. Number of mobile services subscribers of Macao since July 2001 (by network standard and payment method)
2. Number of 5G postpaid subscribers includes regular 5G users, and users who are using 5G upgrade plans or data speed upgrade service"
"91fbb2be-669e-4d46-842d-55a55296e3ef","投資者、管理人員及具特別資格技術人員臨時居留許可獲批個案按行業統計分類☯投资者、管理人员及具特别资格技术人员临时居留许可获批个案按行业统计分类☯Pedidos Aprovados relativos a investidores, quadros dirigentes e técnicos especializados de Classificados por Estatísticas de Sector☯Statistics and Industry Classification of Approved Investors, Managements and Technical Personnel","招商投資促進局,招商投资促进局,IPIM,IPIM","1","0","0","System.Object[]","25","43","2026-01-21 14:43:43","統計透過第3/2005號行政法規《投資者、管理人員及具特別資格技術人員臨時居留許可統計數據》獲批臨時居留許可個案首次申請按行業統計分類☯统计透过第3/2005号行政法规《投资者、管理人员及具特别资格技术人员临时居留许可统计数据》获批临时居留许可个案首次申请按行业统计分类☯Novos Pedidos Aprovados de Classificados por Estatísticas de acordo com o Regulamento Administrativo nº. 3/2005, que regula o «Regime de fixação de residência temporária de investidores, quadros dirigentes e técnicos especializados»☯Statistics and Industry Classification of Approved New Investors, Managements and Technical Personnel applications in accordance with Administrative Regulation no. 3/2005 “Investors, Managerial Personnel, Technical and Professional Qualification Holders Temporary Residency Scheme”"
"92780a32-8439-4c7a-94ea-cc7699ab6645","按來源地統計之新登記機動車☯按来源地统计之新登记机动车☯Veículos com matrículas novas, segundo o local de origem☯New Registration of Motor Vehicles by Place of Origin","交通事務局,交通事务局,Direcção dos Serviços para os Assuntos de Tráfego,Transport Bureau","1","0","0","System.Object[]","16","71","2026-05-22 01:01:54","按來源地統計之新登記機動車
☯按来源地统计之新登记机动车☯Veículos com matrículas novas, segundo o local de origem
☯New Registration of Motor Vehicles by Place of Origin
"
"92824cd3-ef32-4cc4-862b-d45b320b5b9d","澳門國際機場乘客量☯澳门国际机场乘客量☯Número de Passageiros no Aeroporto Internacional de Macau☯Number of Passengers at Macau International Airport","民航局,民航局,Autoridade de Aviação Civil,Civil Aviation Authority","0","1","0","System.Object[]","60","500","2023-12-15 17:52:30","按年提供澳門國際機場的客運數量☯按年提供澳门国际机场的客运数量☯Fornecer anualmente o número de passageiros no Aeroporto Internacional de Macau☯Provides the number of passengers at Macau International Airport annually"
"92de06db-9779-4f44-9c34-1859561d048f","「星級旅遊服務認可計劃」獲獎餐廳食肆☯「星级旅游服务认可计划」获奖餐厅食肆☯“Programa de Avaliação de Serviços Turísticos de Qualidade”Restaurantes Premiados☯“Quality Tourism Services Accreditation Scheme”Awarded Restaurants","旅遊局,旅游局,Direcção dos Serviços de Turismo,Macao Government Tourism Office","1","0","0","System.Object[]","73","144","2026-08-27 08:10:02","「星級旅遊服務認可計劃」獲獎餐廳食肆☯「星级旅游服务认可计划」获奖餐厅食肆☯“Programa de Avaliação de Serviços Turísticos de Qualidade”Restaurantes Premiados☯ “Quality Tourism Services Accreditation Scheme”Awarded Restaurants"
"92f1f9a2-8025-4043-b22a-ee912cf24372","建議投訴及異議的種類統計☯建议投诉及异议的种类统计☯Estatística sobre os tipos de sugestões, queixas e reclamações☯Statistics of suggestions, complaints and claims by category","市政署,市政署,Instituto para os Assuntos Municipais,Municipal Affairs Bureau","1","0","0","System.Object[]","15","41","2025-06-24 20:00:10","列出年度接收的市政個案分類概況☯列出年度接收的市政个案分类概况☯Especifique situação de classificação sobre os casos municipais recebidos por ano☯Lists the annual number of cases on municipal affairs received by category"
"9317439d-3638-48d1-a0bd-e07c99ca3264","本地銀行同業負債（按類別）☯本地银行同业负债（按类别）☯RESPONSABILIDADES PARA COM BANCOS RESIDENTES☯DOMESTIC INTERBANK LIABILITIES","澳門金融管理局,澳門金融管理局,AMCM,AMCM","1","0","0","System.Object[]","18","40","2026-09-03 17:04:32","由1984年至今按類別及貨幣分類的本地銀行同業負債，主要包括可轉讓存款證及按貨幣分類的其他本地銀行同業負債，而後者涵蓋不可轉讓存款證。自2013年10月起，其他貨幣並不包括人民幣和美元。☯由1984年至今按类别及货币分类的本地银行同业负债，主要包括可转让存款证及按货币分类的其他本地银行同业负债，而后者涵盖不可转让存款证。自2013年10月起，其他货币并不包括人民币和美元。☯Mostram-se os dados relativos os passivos interbancários locais classificados por tipo e moeda registados desde 1984 até ao presente, incluindo certificados de depósito negociáveis (CD) e outros passivos interbancários locais classificados por moeda, abrangendo estes últimos também certificados de depósito não negociáveis. A partir de Outubro de 2013, as outras moedas não incluem renminbi e USD.☯Mostram-se os dados relativos os passivos interbancários locais classificados por tipo e moeda registados desde 1984 até ao presente, incluindo certificados de depósito negociáveis (CD) e outros passivos interbancários locais classificados por moeda, abrangendo estes últimos também certificados de depósito não negociáveis. A partir de Outubro de 2013, as outras moedas não incluem renminbi e USD."
"932c4d31-6512-42b9-b66b-026d761f23ee","道路總長度☯道路总长度☯Comprimento de vias☯Road length","土地工務局,土地工務局,DSSCU,DSSCU","1","0","0","System.Object[]","120","205","2026-09-07 16:32:11","自1999年起澳門特別行政區之道路總長度統計數據☯自1999年起澳门特别行政区之道路总长度统计数据☯A partir de 1999, dados estatísticos do comprimento de vias da RAEM☯The statistics of road length of Macau SAR since 1999"
"934bbc43-57e5-4b9a-9e71-6d64725808c4","大橋車流量(友誼)☯大桥车流量(友谊)☯Fluxo de veículos na Ponte da Amizade☯Bridge traffic flow (Amizade)","交通事務局,交通事务局,Direcção dos Serviços para os Assuntos de Tráfego,Transport Bureau","1","0","0","System.Object[]","143","259","2026-05-23 13:00:02","大橋車流量(友誼)☯大桥车流量(友谊)☯Fluxo de veículos na Ponte da Amizade☯Bridge traffic flow (Amizade)"
"9375859d-68bd-4142-b878-db50df85fef5","以查詢者類別作為分類的個案數☯以查询者类别作为分类的个案数☯Número de casos classificados por categorias de consultantes☯Number of cases classified by type of enquirer ","個人資料保護局,个人资料保护局,DSPDP,DSPDP","1","0","0","System.Object[]","12","31","2025-12-04 10:41:49","個人資料保護局以查詢者類別作為分類的個案數字☯个人资料保护局以查询者类别作为分类的个案数字☯Número de casos classificados por categorias de consultantes da DSPDP☯Number of cases classified by type of enquirer at the Personal Data Protection Bureau"
"9393780a-b3be-46c8-83b7-65af28051ac7","澳門高等院校外地生畢業人數統計─按性別劃分☯澳门高等院校外地生毕业人数统计─按性别划分☯Dados estatísticos do número de estudantes graduados do exterior nas instituições do ensino superior de Macau (classificados por sexo)☯-","教育及青年發展局,教育及青年发展局,Direcção dos Serviços de Educação e de Desenvolvimento da Juventude,Education and Youth Development Bureau","1","0","0","System.Object[]","36","37","2025-12-15 16:01:15","按學年方式，提供按性別劃分的澳門高等院校外地生畢業人數。☯按学年方式，提供按性别划分的澳门高等院校外地生毕业人数。☯Número de estudantes graduados do exterior nas instituições do ensino superior de Macau (classificados por sexo), calculado de acordo com o ano lectivo.☯-"
"93a987b7-224f-4750-a7a1-7b4f35d9c4a9","市政諮詢委員會專題小組職責及成員名單☯市政咨询委员会专题小组职责及成员名单☯Lista de membros dos grupos de assuntos específicos do Conselho Consultivo para os Assuntos Municipais e suas funções☯Duties and list of members of focus groups of Consultative Committee on Municipal Affairs","市政署,市政署,Instituto para os Assuntos Municipais,Municipal Affairs Bureau","1","0","0","System.Object[]","14","32","2025-05-08 10:53:42","市政諮詢委員會專題小組職責及成員名單☯市政咨询委员会专题小组职责及成员名单☯Lista de membros dos grupos de assuntos específicos do Conselho Consultivo para os Assuntos Municipais e suas funções☯Duties and list of members of focus groups of Consultative Committee on Municipal Affairs"
"93ad7b2e-7948-42e4-8e1c-041593a2e1b5","按供款制度劃分的供款金額☯按供款制度划分的供款金额☯Contribuições segundo a sua origem☯Contributions according to their origin","社會保障基金,社会保障基金,Fundo de Segurança Social,Social Security Fund","1","0","0","System.Object[]","15","26","2026-09-01 17:00:23","按供款制度劃分的供款金額☯按供款制度划分的供款金额☯Contribuições segundo a sua origem☯Contributions according to their origin"
"93bd9aa7-99b3-4c17-ab33-b8ad9cfdd288","超速統計☯超速統計☯Excesso de velocidade☯Speeding","治安警察局,治安警察局,CPSP,CPSP","1","0","0","System.Object[]","33","60","2026-02-06 15:08:38","超速統計☯超速統計☯Excesso de velocidade☯Speeding"
"93fc6528-af82-44ad-b86a-5b43d1639195","救護車出勤宗數☯救护车出勤宗数☯Os casos da saída de ambulância ☯numberOfCasesOfAmbulanceAttendance","消防局,消防局,CB,CB","1","0","0","System.Object[]","101","128","2024-10-14 12:35:43","根據經第18/2016號行政法規重新公布的第24/2001號行政法規《消防局組織及運作》，消防局任務包括：在發生火災、水災、倒塌等一切危及人命或人身完整以及財產之災難時提供救助等。 
因此，為持續優化消防局的滅火救援工作，本局會定期將收集到的救援車輛出勤數據進行整合分析，以便製作更具針對性救援及宣教方案。
根據經第18/2016號行政法規重新公布的第24/2001號行政法規《消防局組織及運作》，消防局任務包括：對緊急病人及遇難人提供救助等。
因此，為持續優化消防局救護服務工作，本局會定期將收集到的救護車輛出勤數據進行整合分析，以便製作更具針對性救護及宣教方案。☯根据经第18/2016号行政法规重新公布的第24/2001号行政法规《消防局组织及运作》，消防局任务包括：在发生火灾、水灾、倒塌等一切危及人命或人身完整以及财产之灾难时提供救助等。 
因此，为持续优化消防局的灭火救援工作，本局会定期将收集到的救援车辆出勤数据进行整合分析，以便制作更具针对性救援及宣教方案。
根据经第18/2016号行政法规重新公布的第24/2001号行政法规《消防局组织及运作》，消防局任务包括：对紧急病人及遇难人提供救助等。
因此，为持续优化消防局救护服务工作，本局会定期将收集到的救护车辆出勤数据进行整合分析，以便制作更具针对性救护及宣教方案。☯De acordo com o Regulamento Administrativo n.º 24/2001 - Organização e funcionamento do Corpo de Bombeiros, republicado pelo Regulamento Administrativo n.º 18/2016, o Corpo de Bombeiros tem como missão prestar socorro em caso de incêndios, inundações, desabamentos e, de uma maneira geral, em todos os sinistros que ponham em risco a vida e/ou integridade física das pessoas, bem como os seus haveres.
Com o objectivo de optimizar constantemente as tarefas de combate a incêndios e socorro do Corpo de Bombeiros, esta Corporação irá proceder à integração e à análise dos dados de saída de veículos de socorro que foram recolhidos periodicamente, no sentido de elaborar os planos mais específicos de socorro e sensibilização e educação.
De acordo com o Regulamento Administrativo n.º 24/2001 - Organização e funcionamento do Corpo de Bombeiros, republicado pelo Regulamento Administrativo n.º 18/2016, o Corpo de Bombeiros tem como missão prestar socorro a sinistrados e a doentes, em estado de emergência.
Com o intuito de optimizar constantemente os trabalhos dos serviços de emergência médica do Corpo de Bombeiros, esta Corporação irá proceder à integração e à análise dos dados de saída de ambulâncias que foram recolhidos periodicamente, no sentido de elaborar os planos mais específicos de emergência médica e sensibilização e educação.☯In accordance with the Administrative Regulation No. 24/2001 “Organization and Functioning of Fire Services”, as amended and republished by the Administrative Regulation No. 18/2016, the missions of Fire Services include: To provide assistance in the event of fires, floods, landslides and other calamities that threaten lives or physical integrity of people, as well as their property.

In view of this, Fire Services will integrate and analyze regularly the data collected about emergency vehicle attendance, to formulate more targeted plans for rescue, publicity and education, in order to optimize continuously its firefighting and rescue operations.

In accordance with the Administrative Regulation No. 24/2001 “Organization and Functioning of Fire Services”, as amended and republished by the Administrative Regulation No. 18/2016, the missions of Fire Services include: To provide assistance to patients and victims in case of an emergency.

In view of this, Fire Services will integrate and analyze regularly the data collected about ambulance attendance, to formulate more targeted plans for ambulance response, publicity and education, in order to optimize continuously its ambulance service."
"94004498-31e3-4e27-b518-d30caebc9263","公寓住客平均留宿時間☯公寓住客平均留宿时间☯Período médio de permanência dos hóspedes das pensões☯ ","統計暨普查局,统计暨普查局,Direcção dos Serviços de Estatística e Censos,Statistics and Census Service","0","1","0","System.Object[]","0","23","2025-12-01 10:46:20","住客在公寓類型住宿場所的總留宿時間除以這些住客的數目。☯住客在公寓类型住宿场所的总留宿时间除以这些住客的数目。☯Tempo total de permanência dos hóspedes de pensões dividido pelo número de hóspedes destes estabelecimentos.☯ "
"941d0db4-55df-4f81-a648-9b20e5eb7be5","公共地方總規章之檢控統計☯公共地方总规章之检控统计☯Estatística de acusações por violação do Regulamento Geral dos Espaços Públicos☯Statistics on prosecutions for violation of General Regulations Governing Public Places","市政署,市政署,Instituto para os Assuntos Municipais,Municipal Affairs Bureau","1","0","0","System.Object[]","17","71","2026-09-14 17:00:28","統計冷氣機滴水、棄置固體廢料、寵物排泄物、吐痰或擤鼻涕、擺放或棄置任何物料或物件及其他共六項的1月至12月的檢控宗數。☯统计冷气机滴水、弃置固体废料、宠物排泄物、吐痰或擤鼻涕、摆放或弃置任何物料或对象及其他共六项的1月至12月的检控宗数。☯Estatística das acusações por pingos de águas provenientes de aparelho de ar condicionado, e actos de abandonar resíduos sólidos, não limpar dejectos dos animais de estimação, cuspir ou lançar muco nasal, colocar ou abandonar quaisquer materiais ou objectos e outros seis itens, entre Janeiro e Dezembro.☯Statistics of cases of prosecution relevant to a total of six items, namely water dripping from air-conditioners, disposal of solid waste, pet fouling, spitting or expelling of nasal mucus, placement or disposal of any material or object and others, from January to December."
"944126cb-858c-4ec7-8670-30c8d16a4671","《統計年刊 2024》財務管理 醫療補貼計劃☯《統計年刊 2024》財務管理 醫療補貼計劃☯GESTÃO DE RECURSOS FINANCEIROS Programa de Comparticipação nos Cuidados de Saúde☯GESTÃO DE RECURSOS FINANCEIROS Programa de Comparticipação nos Cuidados de Saúde","衛生局,卫生局,Serviços de Saúde,Health Bureau","1","0","0","System.Object[]","11","23","2025-10-28 17:36:05","《統計年刊 2024》財務管理 醫療補貼計劃☯《統計年刊 2024》財務管理 醫療補貼計劃☯GESTÃO DE RECURSOS FINANCEIROS Programa de Comparticipação nos Cuidados de Saúde☯GESTÃO DE RECURSOS FINANCEIROS Programa de Comparticipação nos Cuidados de Saúde"
"9457299b-bc0d-49ce-916b-9137d290fa21","商業班機☯商业班机☯Voos comerciais☯Commercial flights","統計暨普查局,统计暨普查局,Direcção dos Serviços de Estatística e Censos,Statistics and Census Service","0","1","0","System.Object[]","0","40","2025-11-14 17:16:25","從澳門國際機場出發及到達的航班班次。☯从澳门国际机场出发及到达的航班班次。☯Referem-se ao número de partidas e chegadas de voos no Aeroporto Internacional de Macau.☯Number of departing and arriving flights at the Macau International Airport."
"94b45472-f574-4341-a7d8-73c5005e1030","擔任處長官職資格課程☯担任处长官职资格课程☯Curso de Habilitação para o Exercício do Cargo de Chefe de Divisão☯Curso de Habilitação para o Exercício do Cargo de Chefe de Divisão","行政公職局,行政公职局,Direcção dos Serviços de Administração e Função Pública,Public Administration and Civil Service Bureau","1","0","0","System.Object[]","116","374","2026-02-09 10:18:36","按年度統計已完成「擔任處長官職資格課程」的學員人數☯按年度统计已完成「担任处长官职资格课程」的学员人数☯Estatística anual do número de formandos que concluíram o Curso de Habilitação para o Exercício do Cargo de Chefe de Divisão☯Estatística anual do número de formandos que concluíram o Curso de Habilitação para o Exercício do Cargo de Chefe de Divisão"
"94fd0c1f-35b2-4b01-8a40-809981f9cd4b","未完稅煙酒☯未完税烟酒☯Cigarro e vinho sem direitos aduaneiros pagos☯Cigarette and wine without customs duties paid","中華人民共和國澳門特別行政區海關,中華人民共和國澳門特別行政區海關,SA,SA","1","1","0","System.Object[]","23","65","2024-07-29 11:31:44","海關檢獲之未完稅煙酒☯海关检获之未完税烟酒☯Cigarro e vinho sem direitos aduaneiros pagos☯Cigarette and wine without customs duties paid"
"9528b8da-f04a-45ed-bd04-540804fa3b60","疾病預防控制範疇按地點劃分接受疫苗接種的數目☯疾病预防控制范畴按地点划分接受疫苗接种的数目☯Número de vacinações, na área de prevenção e controlo de doenças de acordo com o local de vacinação☯疾病預防控制範疇按地點劃分接受疫苗接種的數目","衛生局,卫生局,Serviços de Saúde,Health Bureau","1","0","0","System.Object[]","77","97","2024-12-19 14:58:54","疾病預防控制範疇中，以地點劃分接受疫苗接種的數目☯疾病预防控制范畴中，以地点划分接受疫苗接种的数目☯Número de vacinações, na área de prevenção e controlo de doenças de acordo com o local de vacinação☯疾病預防控制範疇中，以地點劃分接受疫苗接種的數目"
"9597648d-bd5b-4d5e-9f22-21ec282531fc","酒店業場所床位☯酒店业场所床位☯Lugares-cama dos estabelecimentos hoteleiros☯ ","統計暨普查局,统计暨普查局,Direcção dos Serviços de Estatística e Censos,Statistics and Census Service","0","1","0","System.Object[]","0","28","2025-12-01 10:47:11","酒店業場所內可供住客使用的床位總數。☯酒店业场所内可供住客使用的床位总数。☯Referem-se ao número total de lugares-cama disponíveis para hóspedes nos estabelecimentos hoteleiros.☯ "
"95f396af-c579-4711-8df3-d90eb0c3a4a0","環保能源車輛☯环保能源车辆☯Veículos a energias amigas do ambiente☯Green Energy Vehicles","交通事務局,交通事务局,Direcção dos Serviços para os Assuntos de Tráfego,Transport Bureau","1","0","0","System.Object[]","21","47","2026-05-22 01:01:04","環保能源車輛
☯环保能源车辆☯Veículos a energias amigas do ambiente
☯Green Energy Vehicles
"
"960a1565-d7f3-41c6-92a0-989694aca0b1","人力資源範疇按所屬單位劃分的高級衛生技術員數目☯人力资源范畴按所属单位划分的高级卫生技术员数目☯Número de técnicos superiores de saúde por  subunidade a que pertencem, na área de recursos humanos☯人力資源範疇按所屬單位劃分的高級衛生技術員數目","衛生局,卫生局,Serviços de Saúde,Health Bureau","1","0","0","System.Object[]","73","61","2024-12-19 14:58:35","人力資源範疇中，以所屬單位劃分的高級衛生技術員數目☯人力资源范畴中，以所属单位划分的高级卫生技术员数目☯Número de técnicos superiores de saúde por subunidade a que pertencem, na área de recursos humanos☯人力資源範疇中，以所屬單位劃分的高級衛生技術員數目"
"9641305a-eaca-4003-b4cf-91b0c8551cb9","澳門高等院校外地生註冊人數統計─按課程程度劃分☯澳门高等院校外地生注册人数统计─按课程程度划分☯Dados estatísticos do número de estudantes do exterior que se matriculam nas instituições do ensino superior de Macau (classificados por nível de curso)☯-","教育及青年發展局,教育及青年发展局,Direcção dos Serviços de Educação e de Desenvolvimento da Juventude,Education and Youth Development Bureau","1","0","0","System.Object[]","17","37","2025-12-15 16:02:51","按學年方式，提供按課程程度劃分的澳門高等院校外地生註冊人數。☯按学年方式，提供按课程程度划分的澳门高等院校外地生注册人数。☯Número de estudantes do exterior que se matriculam nas instituições do ensino superior de Macau (classificados por nível de curso), calculado de acordo com o ano lectivo.☯-"
"96525dc6-66ce-41fb-8138-2fd84580884a","澳門古樹名木清單☯澳门古树名木清单☯Lista de árvores antigas e de reconhecido valor de Macau☯List of ancient and valuable trees in Macao","市政署,市政署,Instituto para os Assuntos Municipais,Municipal Affairs Bureau","0","1","0","System.Object[]","0","303","2025-06-20 15:17:42","列出本澳古樹編號、名稱、學名及地點。☯列出本澳古树编号、名称、学名及地点。☯São listados o número, o nome, o nome científico e o local de árvores antigas.☯List of numbers, names, scientific names and locations of ancient trees in Macao."
"96b6fb39-510c-4e39-a7b0-057ac2554d3d","專科衛生護理範疇按歲組和就醫地點劃分送往外地治療之病人☯专科卫生护理范畴按岁组和就医地点划分送往外地治疗之病人☯Utentes enviados para tratamento no exterior por grupo etário, na àrea de cuidados de saúde diferenciados☯專科衛生護理範疇按歲組和就醫地點劃分送往外地治療之病人","衛生局,卫生局,Serviços de Saúde,Health Bureau","1","0","0","System.Object[]","61","62","2024-12-19 14:59:35","專科衛生護理範疇按歲組和就醫地點劃分送往外地治療之病人☯专科卫生护理范畴按岁组和就医地点划分送往外地治疗之病人☯Utentes enviados para tratamento no exterior por grupo etário, na àrea de cuidados de saúde diferenciados☯專科衛生護理範疇按歲組和就醫地點劃分送往外地治療之病人"
"9725f212-2fac-4f04-9d28-95ea97463a77","已領有市政署准照/登記證明的餐飲場所☯已领有市政署准照/登记证明的餐饮场所☯Estabelecimentos de restauração e bebidas que tenham licença/certidão de registo do IAM☯Food and beverage establishments that are licensed by/registered with the Municipal Affairs Bureau (IAM)","市政署,市政署,Instituto para os Assuntos Municipais,Municipal Affairs Bureau","0","1","0","System.Object[]","0","168","2026-07-01 12:39:27","提供已領有市政署准照/登記證明的餐飲場所資訊。☯提供已领有市政署准照/登记证明的餐饮场所信息。☯Informações disponíveis sobre os estabelecimentos de restauração e bebidas que tenham licença/certidão de registo do IAM☯Provide information about the food and beverage establishments that are licensed by/registered with the Municipal Affairs Bureau (IAM)."
"9752015a-cbfb-4fa6-a4d8-3bafb4075013","街道橫額分佈位置☯街道横额分布位置☯Localização de distribuição de banners de rua☯Location distribution of street banners","市政署,市政署,Instituto para os Assuntos Municipais,Municipal Affairs Bureau","0","1","0","System.Object[]","0","68","2024-12-18 17:39:08","列出市政署對外可供申請之街道橫額資訊及所在位置。☯列出市政署对外可供申请之街道横额信息及所在位置。☯Listagem das informações e localização de banners publicitários de rua do IAM disponíveis para requerimento público☯List of information and locations of street banners under IAM that are available for external booking."
"97860dc0-f66c-4565-bc4d-8d46059b50f5","零售鮮活食品場所的登記制度—相關場所的明細列表☯零售鲜活食品场所的登记制度—相关场所的明细列表☯“Regime de registo de estabelecimentos de venda a retalho de géneros alimentícios frescos e vivos” - Lista de estabelecimentos relevantes☯Registration System for Retail Establishments of Fresh and Live Food—Detailed list of relevant establishments","市政署,市政署,Instituto para os Assuntos Municipais,Municipal Affairs Bureau","1","0","0","System.Object[]","81","65","2026-01-20 12:00:08","列出本澳已領有登記證明的零售鮮活食品場所。☯列出本澳已领有登记证明的零售鲜活食品场所。☯Lista dos estabelecimentos de venda a retalho de géneros alimentícios frescos e vivos em Macau com certidão de registo.☯List the retail establishments of fresh and live food in Macao that have already obtained the registration certificate."
"98472ebf-0ff1-4362-adf8-df4a1e99e37b","工作意外統計數據 - 按行業統計工作意外受害人因暫時無工作能力的缺勤日數☯工作意外统计数据 - 按行业统计工作意外受害人因暂时无工作能力的缺勤日数☯Dados estatísticos dos acidentes de trabalho - Dias de trabalho perdidos por incapacidade temporária segundo ramos de actividade económica☯Statistics on occupational accidents - Days of absence of occupational accident victims due to temporary incapacity by industry","勞工事務局,劳工事务局,Direcção dos Serviços para os Assuntos Laborais,Labour Affairs Bureau","1","0","0","System.Object[]","20","48","2026-07-31 16:25:17","按行業統計工作意外受害人因暫時無工作能力的缺勤日數☯按行业统计工作意外受害人因暂时无工作能力的缺勤日数☯Dias de trabalho perdidos por incapacidade temporária segundo ramos de actividade económica☯Days of absence of occupational accident victims due to temporary incapacity by industry"
"98716f1e-4f98-4226-afc4-5f683e2d9290","預製菜與食品安全的統計數據☯预制菜与食品安全的统计数据☯Dados estatísticos sobre pratos pré-preparados e segurança alimentar☯Statistical data on pre-cooked dishes and food safety","市政署,市政署,Instituto para os Assuntos Municipais,Municipal Affairs Bureau","1","0","0","System.Object[]","22","52","2025-06-25 17:08:55","預製菜與食品安全的統計數據☯预制菜与食品安全的统计数据☯Dados estatísticos sobre pratos pré-preparados e segurança alimentar☯Statistical data on pre-cooked dishes and food safety"
"9877d360-edb7-4fc8-a09c-00afecc8eb62","一戶通服務項目(外地僱員/非居民服務項目)☯一户通服务项目(外地雇员/非居民服务项目)☯Modalidades de serviços disponíveis na Conta Única de Macau (Trabalhador Não Residente/Modalidades de serviços destinados aos não residentes)☯Macao One Account Service Items (Non-resident Worker/ Non-resident of Macao Service Items)","行政公職局,行政公职局,Direcção dos Serviços de Administração e Função Pública,Public Administration and Civil Service Bureau","0","1","0","System.Object[]","0","100","2025-07-05 21:18:52","一戶通服務項目(外地僱員/非居民服務項目)☯一户通服务项目(外地雇员/非居民服务项目)☯Modalidades de serviços disponíveis na Conta Única de Macau (Trabalhador Não Residente/Modalidades de serviços destinados aos não residentes)☯Macao One Account Service Items (Non-resident Worker/ Non-resident of Macao Service Items)"
"98a70a6a-755e-47db-b0b6-619d2df331f1","郊野公園及自然生態區☯郊野公园及自然生态区☯Parques naturais e zonas ecológicas☯Country parks and nature conservation areas","市政署,市政署,Instituto para os Assuntos Municipais,Municipal Affairs Bureau","1","1","0","System.Object[]","52","194","2026-05-13 10:00:06","提供各郊野公園及自然生態區的使用及位置資訊。☯提供各郊野公园及自然生态区的使用及位置资讯。☯Fornece informações relativas à utilização e localização dos parques naturais e zonas ecológicas.☯Providing information about the use and locations of country parks and nature conservation areas."
"98c8ca66-41ec-4959-a185-bd3000013506","澳門高等院校教學人員人數統計─按性別劃分☯澳门高等院校教学人员人数统计─按性别划分☯Dados estatísticos do número de docentes das instituições do ensino superior de Macau (classificados por sexo)☯-","教育及青年發展局,教育及青年发展局,Direcção dos Serviços de Educação e de Desenvolvimento da Juventude,Education and Youth Development Bureau","1","0","0","System.Object[]","35","34","2025-12-15 16:01:23","按學年方式，提供按性別劃分的澳門高等院校教學人員人數。☯按学年方式，提供按性别划分的澳门高等院校教学人员人数。☯Número de docentes e trabalhadores das instituições do ensino superior de Macau (classificados por sexo), calculado de acordo com o ano lectivo.
☯-"
"990984ee-d736-4fad-b126-948f860aec80","路環監獄在囚人數統計(按所持身份證明文件分類)☯路环监狱在囚人数统计(按所持身份证明文件分类)☯Estatística sobre o número de reclusos no Estabelecimento Prisional de Coloane (Conforme o documento de identificação titulado)☯Number of Coloane Prison inmates (according to the ID document held)","懲教管理局,懲教管理局,DSC,DSC","1","0","0","System.Object[]","44","63","2026-01-19 17:34:15","路環監獄在囚人數統計(按所持身份證明文件分類)☯路环监狱在囚人数统计(按所持身份证明文件分类)☯Estatística sobre o número de reclusos no Estabelecimento Prisional de Coloane (Conforme o documento de identificação titulado)☯Number of Coloane Prison inmates (according to the ID document held)"
"99687ec0-739f-4c3d-9f84-13f2e31344a1","澳門主要會展場地之無障礙旅遊設施列表☯澳门主要会展场地之无障碍旅游设施列表☯Guia de Turismo Livre de Barreiras - Local da convenção e exposição☯Barrier-Free Access Guide - Major Convention & Exhibition Venues","旅遊局,旅游局,Direcção dos Serviços de Turismo,Macao Government Tourism Office","1","0","0","System.Object[]","14","62","2024-11-29 16:20:02","旅遊局“澳門無障礙旅遊設施調查＂內澳門主要會展場地之無障礙旅遊設施列表，提供升降機、洗手間及適合輪椅使用者的設施等資訊☯旅游局“澳门无障碍旅游设施调查＂内澳门主要会展场地之无障碍旅游设施列表，提供升降机、洗手间及适合轮椅使用者的设施等资讯☯Estão disponíveis informações sobre elevadores, lavatórios e instalações adequadas para os utentes de cadeira de rodas, no Guia de Turismo Livre de Barreiras - Local da convenção e exposição, resultante do Inquérito da DST sobre as Instalações Turísticas Sem Barreirasa
☯Information on elevators, toilets and other facilities in major convention and exhibition venues suitable for wheelchair users included in the “Consultancy Study on Accessible Tourism Facilities in Macao”"
"997c6e81-24d7-41d9-919a-5edbda2d0fbb","海岸線長度☯海岸线长度☯Comprimento da orla costeira☯Coastline length","土地工務局,土地工務局,DSSCU,DSSCU","1","0","0","System.Object[]","83","153","2025-10-21 09:40:59","2025年後澳門特別行政區之海岸線長度統計數據，其中：2025年後之數據按第209/2025號行政長官批示核准之澳門特別行政區海岸線勘定，勘定時間基準為2025年5月1日。☯2025年後澳门特别行政区之海岸线长度统计数据，其中：2025年後之数据按第209/2025号行政长官批示核准之澳门特别行政区海岸线勘定，勘定时间基准为2025年5月1日。☯A partir de 2025, dados estatísticos do comprimento da orla costeira da RAEM, nomeadamente conforme os dados após o ano 2025, a orla costeira da Região Administrativa Especial de Macau, aprovada por Despacho do Chefe do Executivo n.o 209/2025, com data de referência da prospecção e delimitação o dia 1 de Maio de 2025.☯The statistics of length of coastline in Macao SAR since year 2025. The data provided is based on the definition of the Macao SAR coastline, approved by Executive Order No. 209/2025, with the reference date of prospection and demarcation on the 1st of May of 2025."
"99db40c7-a3cf-4e4c-9f11-19974fb971d0","《統計年刊 2024》疾病預防及控制中心 放射防護範疇工作數字☯《統計年刊 2024》疾病預防及控制中心 放射防護範疇工作數字☯CENTRO DE PREVENÇÃO E CONTROLO DA DOENÇA Figuras de trabalho de proteção contra radiação☯CENTRO DE PREVENÇÃO E CONTROLO DA DOENÇA Figuras de trabalho de proteção contra radiação","衛生局,卫生局,Serviços de Saúde,Health Bureau","1","0","0","System.Object[]","10","23","2025-10-28 17:37:05","《統計年刊 2024》疾病預防及控制中心 放射防護範疇工作數字☯《統計年刊 2024》疾病預防及控制中心 放射防護範疇工作數字☯CENTRO DE PREVENÇÃO E CONTROLO DA DOENÇA Figuras de trabalho de proteção contra radiação☯CENTRO DE PREVENÇÃO E CONTROLO DA DOENÇA Figuras de trabalho de proteção contra radiação"
"9a2266e2-883b-4b88-b01a-156e45f18bb1","企業創新研發資助計劃項目統計☯企业创新研发资助计划项目统计☯Estatísticas de Financiamento para Empresa☯Statistics of Funding for enterprise innovation and R&D","經濟及科技發展局,经济及科技发展局,Direcção dos Serviços de Economia e Desenvolvimento Tecnológico,Macao Economic Bureau","1","0","0","System.Object[]","15","77","2025-06-12 12:07:50","企業創新研發資助計劃項目統計☯企业创新研发资助计划项目统计☯Estatísticas de Financiamento para Empresa☯Statistics of Funding for enterprise innovation and R&D"
"9a2d06de-9d4e-4aa8-bd3a-f9d9fe8d94a8","非高等教育各類學校和教育階段的學校數(按教育階段計算)☯非高等教育各类学校和教育阶段的学校数(按教育阶段计算) ☯Número de escolas por tipo de escola e nível de ensino (Estatística educativa não Superior)☯-","教育及青年發展局,教育及青年发展局,Direcção dos Serviços de Educação e de Desenvolvimento da Juventude,Education and Youth Development Bureau","1","0","0","System.Object[]","19","45","2025-12-26 18:59:53","各類學校和教育階段的學校數(按教育階段計算)☯各类学校和教育阶段的学校数(按教育阶段计算)☯Número de escolas por tipo de escola e nível de ensino☯-"
"9a5c1c83-77f7-48b4-b625-8324e7ca2db5","按外地僱員類別統計完成個案數目及涉及的申請和批准人數☯按外地雇员类别统计完成个案数目及涉及的申请和批准人数☯Número de pedidos concluídos e trabalhadores não residentes solicitados e autorizados, segundo a sua modalidade☯Number of completed applications, non-resident workers being applied and authorized by type of non-resident workers","勞工事務局,劳工事务局,Direcção dos Serviços para os Assuntos Laborais,Labour Affairs Bureau","0","1","0","System.Object[]","0","106","2026-02-02 15:21:52","按外地僱員類別統計完成個案數目及涉及的申請和批准人數☯按外地雇员类别统计完成个案数目及涉及的申请和批准人数☯Número de pedidos concluídos e trabalhadores não residentes solicitados e autorizados, segundo a sua modalidade☯Number of completed applications, non-resident workers being applied and authorized by type of non-resident workers "
"9a67248f-3229-4881-832e-56797ea39be6","投資者""一站式""服務新投資項目數量☯投资者""一站式""服务新投资项目数量☯Serviçoonestopaoinvestidornovoprojecto☯Investor'sonestopserivcenewproject","招商投資促進局,招商投资促进局,IPIM,IPIM","1","0","0","System.Object[]","34","67","2026-01-20 17:03:36","貿促局的投資者“一站式”服務，為投資者在澳落實項目的過程中提供全方位的支援和協助，除通過約見、互聯網、電話等渠道接待投資者之外，貿促局亦會委派專人由簡單的諮詢開始全程跟進項目，直至協助落實在澳投資計劃涉及的各項行政程序。
☯贸促局的投资者“一站式”服务，为投资者在澳落实项目的过程中提供全方位的支持和协助，除通过约见、互联网、电话等渠道接待投资者之外，贸促局亦会委派专人由简单的咨询开始全程跟进项目，直至协助落实在澳投资计划涉及的各项行政程序。☯Os serviços “One-Stop” do IPIM prestam assistência abrangente aos investidores que implementam os seus projectos em Macau. Para além de receber investidores através de entrevistas, Internet, telefonemas, entre outros, o IPIM também designa pessoal para acompanhamento dos projectos mediante o fornecimento de informações básicas, dando auxílio na implementação de projectos de investimento em Macau, no que toca aos procedimentos administrativos envolvidos.☯IPIM offers Investor’s “One-Stop” Service, which provides investors with a full range of support and assistance for the implementation process of investor’s projects launched in Macao. In addition to appointments, e-mails and phone calls with investor, IPIM designates personnel to assist from the stage of initial enquiry, conduct comprehensive project follow-up which helps facilitate the implementation of investment project in Macao as well as the proceeding of relevant administrative procedures."
"9a7d388d-1c8b-4ee0-aa56-4c62a416c947","留宿大灣區入境旅客☯留宿大湾区入境旅客☯Entradas de turistas da Grande Baía☯ ","統計暨普查局,统计暨普查局,Direcção dos Serviços de Estatística e Censos,Statistics and Census Service","0","1","0","System.Object[]","0","28","2025-12-01 10:48:23","從大灣區入境並在旅遊地區至少住宿一晚的旅客總數。☯从大湾区入境并在旅游地区至少住宿一晚的旅客总数。☯Referem-se ao número de visitantes que vieram da Grande Baía ao território visitado e nele passaram pelo menos uma única noite.☯ "
"9a8e6942-94ef-4499-b6a2-e262fe9ac43b","按部門分類的澳門銀行本地債權☯按部门分类的澳门银行本地债权☯CRÉDITO INTERNO DOS BANCOS DE MACAU POR SECTOR☯DOMESTIC CLAIMS OF MACAO BANKS BY SECTOR","澳門金融管理局,澳門金融管理局,AMCM,AMCM","1","0","0","System.Object[]","16","39","2026-09-03 17:07:27","由1984年至今按部門分類的澳門銀行本地債權，包括公共部門債權淨值、非金融公共機構債權、私人部門債權，以及澳門金融管理局和澳門銀行債權。公共部門債權淨值是指對公共部門信貸減公共部門存款；公共部門不包括印務局、郵電局、政府退休基金、政府退休基金會－公積金制度、社會保障基金－公積金制度，以及非金融公共機構 (NFPE)。非金融公共機構是指政府佔超過50%股權的實體。☯由1984年至今按部门分类的澳门银行本地债权，包括公共部门债权净值、非金融公共机构债权、私人部门债权，以及澳门金融管理局和澳门银行债权。 公共部门债权净值是指对公共部门信贷减公共部门存款; 公共部门不包括印务局、邮电局、政府退休基金、政府退休基金会-公积金制度、社会保障基金-公积金制度，以及非金融公共机构 （NFPE）。 非金融公共机构是指政府占超过50%股权的实体。☯Mostra-se o crédito interno dos bancos de Macau por sector decorrido de 1984 até à presente data, incluindo crédito líquido do sector público, créditos sobre Empresas Públicas Não-Financeiras, créditos sobre o sector privado e créditos sobre a Autoridade Monetária de Macau e bancos em Macau. O crédito líquido do sector público é crédito ao sector público menos depósitos do sector público; sendo que o sector público exclui a Imprensa Oficial, a Direcção dos Serviços de Correios e Telecomunicações, o Fundo de Pensões, o Fundo de Pensões - Regime de Previdência, o Fundo de Segurança Social - Regime de Previdência e as Empresas Públicas Não-Financeiras. As Empresas Públicas Não-Financeiras são entidades com a participação do Governo a mais de 50%.☯Mostra-se o crédito interno dos bancos de Macau por sector decorrido de 1984 até à presente data, incluindo crédito líquido do sector público, créditos sobre Empresas Públicas Não-Financeiras, créditos sobre o sector privado e créditos sobre a Autoridade Monetária de Macau e bancos em Macau. O crédito líquido do sector público é crédito ao sector público menos depósitos do sector público; sendo que o sector público exclui a Imprensa Oficial, a Direcção dos Serviços de Correios e Telecomunicações, o Fundo de Pensões, o Fundo de Pensões - Regime de Previdência, o Fundo de Segurança Social - Regime de Previdência e as Empresas Públicas Não-Financeiras. As Empresas Públicas Não-Financeiras são entidades com a participação do Governo a mais de 50%."
"9aa3bd94-58b0-439a-8680-8891b3b14166","澳門區域旅遊數據 - 按來源地及統計分區的的旅客到訪人次 ☯澳门区域旅游数据 - 按来源地及统计分区的的旅客到访人次☯Dados Turísticos Regionais de Macau - Chegada de visitantes por local de origem e zonas estatísticas☯Macao District Tourism Data - Visitor Arrival by Place of Origin and Statistical District","旅遊局,旅游局,Direcção dos Serviços de Turismo,Macao Government Tourism Office","1","0","0","System.Object[]","95","187","2026-08-31 17:44:21","澳門區域旅遊數據 - 按來源地及統計分區的的旅客到訪人次 ☯澳门区域旅游数据 - 按来源地及统计分区的的旅客到访人次☯Dados Turísticos Regionais de Macau - Chegada de visitantes por local de origem e zonas estatísticas☯Macao District Tourism Data - Visitor Arrival by Place of Origin and Statistical District"
"9ab61a12-d8b1-454a-979d-0979c454eb89","少年感化院離院人數統計☯少年感化院离院人数统计☯Estatística sobre o número de libertação de jovens do Instituto de Menores☯Number of juveniles discharged from the Youth Correctional Institution","懲教管理局,懲教管理局,DSC,DSC","1","0","0","System.Object[]","20","42","2026-01-19 17:34:12","少年感化院離院人數統計☯少年感化院离院人数统计☯Estatística sobre o número de libertação de jovens do Instituto de Menores☯Number of juveniles discharged from the Youth Correctional Institution"
"9ad865aa-015b-4129-8c80-ba79a4c246e6","網上辦理刑事紀錄證明書申請量☯网上办理刑事纪录证明书申请量☯Número de pedidos online do certificado de registo criminal☯Statistics on online applications for the Certificate of Criminal Record","身份證明局,身份证明局,Direcção dos Serviços de Identificação,Identification Bureau","1","0","0","System.Object[]","16","50","2026-01-29 11:20:55","經一戶通辦理刑事紀錄證明書的申請量☯经一户通办理刑事纪录证明书的申请量☯Número de pedidos de certificado de registo criminal apresentados através da Conta Única de Macau☯Number of applications for Certificate of Criminal Record completed on Macao One Account"
"9b2c67a3-ef1a-44d8-822f-5f47821d47b9","經濟型住宿場所住客☯经济型住宿场所住客☯Hóspedes dos alojamentos de baixo custo☯ ","統計暨普查局,统计暨普查局,Direcção dos Serviços de Estatística e Censos,Statistics and Census Service","0","1","0","System.Object[]","0","24","2025-12-01 10:46:39","入住經濟型住宿場所的住客總數。☯入住经济型住宿场所的住客总数。☯Referem-se ao número total de hóspedes que se hospedaram nos alojamentos de baixo custo.☯ "
"9b2cce5e-015b-4d2e-a2b8-12d61f2cdcb6","按性別及殘疾級別劃分的有效持殘疾評估登記證累計人數☯按性别及残疾级别划分的有效持残疾评估登记证累计人数☯Total acumulado de pessoas portadoras do cartão válido divididas segundo o sexo e o grau de deficiência☯--","社會工作局,社會工作局,Instituto de Acção Social,Social Welfare Bureau","1","0","0","System.Object[]","15","45","2026-07-24 16:56:03","按性別及殘疾級別劃分的有效持殘疾評估登記證累計人數☯按性别及残疾级别划分的有效持残疾评估登记证累计人数☯Total acumulado de pessoas portadoras do cartão válido divididas segundo o sexo e o grau de deficiência☯--"
"9b3a279b-ba35-4f61-b04b-5c83b0403059","《統計年刊 2024》疾病預防及控制中心 按事故類別劃分的傷害事故死亡人數☯《統計年刊 2024》疾病預防及控制中心 按事故類別劃分的傷害事故死亡人數☯CENTRO DE PREVENÇÃO E CONTROLO DA DOENÇA Número de óbitos de acidentes por tipo de acidentes☯CENTRO DE PREVENÇÃO E CONTROLO DA DOENÇA Número de óbitos de acidentes por tipo de acidentes","衛生局,卫生局,Serviços de Saúde,Health Bureau","1","0","0","System.Object[]","10","23","2025-10-28 17:37:10","《統計年刊 2024》疾病預防及控制中心 按事故類別劃分的傷害事故死亡人數☯《統計年刊 2024》疾病預防及控制中心 按事故類別劃分的傷害事故死亡人數☯CENTRO DE PREVENÇÃO E CONTROLO DA DOENÇA Número de óbitos de acidentes por tipo de acidentes☯CENTRO DE PREVENÇÃO E CONTROLO DA DOENÇA Número de óbitos de acidentes por tipo de acidentes"
"9c555082-70e8-452f-a86b-073cd0da4a55","污水處理廠數據(澳門半島)☯污水处理厂数据(澳门半岛)☯Dados de estação de tratamento de águas residuais(Península de Macau)☯Dados de estação de tratamento de águas residuais(Península de Macau)","環境保護局,环境保护局,Direcção dos Serviços de Protecção Ambiental,Environmental Protection Bureau","0","1","0","System.Object[]","0","221","2021-04-22 10:20:40","關於污水處理廠數據(澳門半島)
Category: 
macau - 澳門半島污水處理廠☯关于污水處理廠數據(澳门半岛)
Category:
macau - 澳门半岛污水处理厂 ☯Sobre os dados de estação de tratamento de águas residuais(Península de Macau)
Category:
macau - Estação de Tratamento de Águas Residuais da Península de Macau☯Sobre os dados de estação de tratamento de águas residuais(Península de Macau)
Category:
macau - Estação de Tratamento de Águas Residuais da Península de Macau"
"9cb05b08-b36a-4263-aad1-5e8e8bb2fcc8","脊醫☯脊医☯Quiroprático☯ ","統計暨普查局,统计暨普查局,Direcção dos Serviços de Estatística e Censos,Statistics and Census Service","0","1","0","System.Object[]","0","26","2025-11-10 14:48:53","根據第18/2020號法律《醫療人員專業資格及執業註冊制度》的脊醫。☯根据第18/2020号法律《医疗人员专业资格及执业注册制度》的脊医。☯Refere-se ao ""Quiroprático"", que está estabelecido na Lei n.º 18/2020, “Regime da qualificação e inscrição para o exercício de actividade dos profissionais de saúde”.☯ "
"9cf41449-cdb6-41cf-94e3-e2f6b48899ce","服務質量指標的履行情況☯服务质量指标的履行情况☯Situação do cumprimento dos indicadores de qualidade de serviços☯Implementation status of service quality indicators","經濟及科技發展局,经济及科技发展局,Direcção dos Serviços de Economia e Desenvolvimento Tecnológico,Macao Economic Bureau","1","0","0","System.Object[]","3","40","2024-12-31 12:37:21","服務質量指標的履行情況
☯服务质量指标的履行情况
☯Situação do cumprimento dos indicadores de qualidade de serviços
☯Implementation status of service quality indicators
"
"9d257556-9d52-4a59-afa0-d1a2a2bab0a8","污水處理廠數據(氹仔)☯污水处理厂数据(氹仔)☯Dados de estação de tratamento de águas residuais(Taipa)☯Dados de estação de tratamento de águas residuais(Taipa)","環境保護局,环境保护局,Direcção dos Serviços de Protecção Ambiental,Environmental Protection Bureau","0","1","0","System.Object[]","0","179","2021-03-23 17:11:02","關於污水處理廠數據(氹仔)
Category: 
taipa - 氹仔污水處理廠☯关于污水处理厂数据(氹仔)
Category:
taipa -  氹仔污水处理厂 ☯Sobre os dados de estação de tratamento de águas residuais(Taipa)
Category: 
taipa - Estação de Tratamento de Águas Residuais da Taipa☯Sobre os dados de estação de tratamento de águas residuais(Taipa)
Category: 
taipa - Estação de Tratamento de Águas Residuais da Taipa"
"9d476c1a-ed25-4afc-a9b1-be0e3f56e575","《統計年刊 2024》專科醫療衛生範疇手術室概況☯《統計年刊 2024》專科醫療衛生範疇手術室概況☯CUIDADOS DE SAÚDE DIFERENCIADOS Movimento do Bloco Operatório☯CUIDADOS DE SAÚDE DIFERENCIADOS Movimento do Bloco Operatório","衛生局,卫生局,Serviços de Saúde,Health Bureau","1","0","0","System.Object[]","20","84","2025-10-28 17:41:38","《統計年刊 2024》專科醫療衛生範疇手術室概況☯《統計年刊 2024》專科醫療衛生範疇手術室概況☯CUIDADOS DE SAÚDE DIFERENCIADOS Movimento do Bloco Operatório☯CUIDADOS DE SAÚDE DIFERENCIADOS Movimento do Bloco Operatório"
"9d5944cc-bc61-4b58-bcd3-70f9990cfd3c","本地生產總值實質變動率 - 服務進口☯本地生产总值实质变动率 - 服务进口☯Taxa de variação real do Produto Interno Bruto - Importação de serviços☯ ","統計暨普查局,统计暨普查局,Direcção dos Serviços de Estatística e Censos,Statistics and Census Service","0","1","0","System.Object[]","0","25","2025-11-10 14:47:43","剔除價格變化因素後的服務進口變動，用以衡量本地居民從非本地居民取得（購買）服務的實質變動。☯剔除价格变化因素后的服务进口变动，用以衡量本地居民从非本地居民取得（购买）服务的实质变动。☯A variação da importação de serviços, após a eliminação dos factores que influenciam os preços, serve para medir a variação real dos serviços adquiridos aos não residentes, pelos residentes da Região Administrativa Especial de Macau.☯ "
"9d66f0fe-89be-40bc-9003-4976944e0cf0","經濟型住宿場所入住率☯经济型住宿场所入住率☯Taxa de ocupação nos alojamentos de baixo custo☯ ","統計暨普查局,统计暨普查局,Direcção dos Serviços de Estatística e Censos,Statistics and Census Service","0","1","0","System.Object[]","0","26","2025-12-01 10:46:53","經濟型住宿場所入住的客房數目佔其客房總數的百分比。☯经济型住宿场所入住的客房数目占其客房总数的百分比。☯Relação entre o número de quartos ocupados pelos hóspedes nos alojamentos de baixo custo e o total de quartos de hóspedes.☯ "
"9d745557-d9e1-4e4f-9c19-422d72cd7091","澳門癌症登記年報的女性癌症新個案數☯澳门癌症登记年报的女性癌症新个案数☯Número de novos casos de cancro feminino no relatório anual do Registo do Cancro de Macau☯Number of new cases of female cancer in the annual report of the Macao Cancer Registry","衛生局,卫生局,Serviços de Saúde,Health Bureau","1","0","0","System.Object[]","14","32","2024-12-31 13:09:14","為掌握癌症對澳門居民健康的影響，衛生局自2003年建立澳門癌症登記系統，監測本澳癌症的流行情況和變化趨勢，每年制作《澳門癌症登記年報》公佈癌症發展的新動向，作為制訂癌症防治和醫療資源配置的參考資料。☯为掌握癌症对澳门居民健康的影响，卫生局自2003年建立澳门癌症登记系统，监测本澳癌症的流行情况和变化趋势，每年制作《澳门癌症登记年报》公布癌症发展的新动向，作为制订癌症防治和医疗资源分配的参考数据。☯A fim de compreender o impacto do cancro na saúde dos residentes de Macau, os Serviços de Saúde criaram o Sistema de Registo do Cancro de Macau desde 2003 para monitorizar a prevalência e tendência do cancro em Macau.☯In order to grasp the impact of cancer on the health of Macao residents, the Health Bureau has established the Macao Cancer Registry System since 2003 to monitor the prevalence and trend of cancer in Macao."
"9e45b415-c24d-4dc9-9079-02ef79518c3d","低地台巴士數量 ☯低地台巴士数量 ☯Número de autocarros com piso rebaixado ☯Number of low-floor buses","交通事務局,交通事务局,Direcção dos Serviços para os Assuntos de Tráfego,Transport Bureau","1","0","0","System.Object[]","58","84","2026-05-27 01:00:05","低地台巴士數量 ☯低地台巴士数量 ☯Número de autocarros com piso rebaixado ☯Number of low-floor buses"
"9e5e327f-4873-4f2b-8e8b-92244802215e","政務服務資訊中心：滿意度調查結果☯政务服务资讯中心：满意度调查结果☯Centro de Informações dos Serviços Governamentais: Resultados do inquérito sobre o grau de satisfação☯Government Services Information Centre: Satisfaction Survey Results","行政公職局,行政公职局,Direcção dos Serviços de Administração e Função Pública,Public Administration and Civil Service Bureau","1","0","0","System.Object[]","34","74","2026-07-01 09:20:02","按年統計使用政務服務資訊中心服務的市民就不同服務指標的滿意程度。☯按年统计使用政务服务资讯中心服务的市民就不同服务指标的满意程度。☯Estatística anual sobre o grau de satisfação dos cidadãos conforme os diferentes indicadores dos serviços prestados pelo Centro de Informações dos Serviços Governamentais.☯Annual statistics on the satisfaction levels of citizens using services from the Government Services Information Centre, based on various service indicators."
"9e7a248e-b021-4e91-9d55-dd9484e7f815","按行業統計外地僱員完成個案數目及涉及的申請和批准的外地僱員人數☯按行业统计外地雇员完成个案数目及涉及的申请和批准的外地雇员人数☯Número de pedidos concluídos e trabalhadores não residentes solicitados e autorizados, por ramo de actividade económica☯Number of completed applications and number of non-resident workers being applied and authorized by industry","勞工事務局,劳工事务局,Direcção dos Serviços para os Assuntos Laborais,Labour Affairs Bureau","0","1","0","System.Object[]","0","92","2026-02-02 15:45:55","按行業統計外地僱員完成個案數目及涉及的申請和批准的外地僱員人數☯按行业统计外地雇员完成个案数目及涉及的申请和批准的外地雇员人数☯Número de pedidos concluídos e trabalhadores não residentes solicitados e autorizados, por ramo de actividade económica☯Number of completed applications and number of non-resident workers being applied and authorized by industry"
"9ed78b7d-da28-4607-808a-5ced47e63fd4","市政署的招聘資訊列表☯市政署的招聘资讯列表☯Lista de informações de recrutamento do IAM☯List of information about recruitment of  Municipal Affairs Bureau","市政署,市政署,Instituto para os Assuntos Municipais,Municipal Affairs Bureau","1","1","0","System.Object[]","20","89","2026-03-05 20:00:37","市政署的招聘資訊列表☯市政署的招聘资讯列表☯Lista de informações de recrutamento do IAM☯List of information about recruitment of  Municipal Affairs Bureau"
"9f1df215-db42-4084-8e8a-055a222250b9","腫瘤的死亡佔比☯肿瘤的死亡占比☯Proporção de óbitos por tumores☯ ","統計暨普查局,统计暨普查局,Direcção dos Serviços de Estatística e Censos,Statistics and Census Service","0","1","0","System.Object[]","0","28","2025-11-10 14:49:48","因腫瘤致死的人數佔全年死亡人數的比例。☯因肿瘤致死的人数占全年死亡人数的比例。☯Percentagem de óbitos por tumores em relação ao número de óbitos no ano de referência.☯ "
"9f7de051-0a68-4a00-9e94-eadcce5425d5","每千人口中註冊牙醫生或牙醫師☯每千人口中注册牙医生或牙医师☯Médicos dentistas/odontologistas por 1.000 habitantes☯ ","統計暨普查局,统计暨普查局,Direcção dos Serviços de Estatística e Censos,Statistics and Census Service","0","1","0","System.Object[]","0","67","2025-11-10 14:50:23","年終牙醫生及牙醫師數目 / 年終人口 *1000☯年终牙医生及牙医师数目 / 年终人口 *1000☯Número de médicos dentistas e odontologistas no fim do ano / população no fim do ano *1.000☯ "
"a00c3b82-415e-454e-bc44-89657d86000a","企業創新研發資助計劃－非認證企業類項目統計☯企业创新研发资助计划－非认证企业类项目统计☯Estatísticas de Financiamento para Empresa - Categoria de Empresas não Certificadas☯Statistics of Funding for enterprise innovation and R&D - Non-certified Enterprises","經濟及科技發展局,经济及科技发展局,Direcção dos Serviços de Economia e Desenvolvimento Tecnológico,Macao Economic Bureau","1","0","0","System.Object[]","12","27","2025-12-09 09:12:09","企業創新研發資助計劃－非認證企業類項目統計☯企业创新研发资助计划－非认证企业类项目统计☯Estatísticas de Financiamento para Empresa - Categoria de Empresas não Certificadas☯Statistics of Funding for enterprise innovation and R&D - Non-certified Enterprises"
"a031f588-692e-4067-9db2-c218e98f2eb7","聘用外地僱員企業/實體名單☯聘用外地雇员企业/实体名单☯Lista das empresas/entidades com trabalhadores não residentes ao serviço☯Enterprises/Entities with non-resident workers","勞工事務局,劳工事务局,Direcção dos Serviços para os Assuntos Laborais,Labour Affairs Bureau","0","1","0","System.Object[]","0","821","2026-02-02 15:45:58","聘用外地僱員企業/實體名單☯聘用外地雇员企业/实体名单☯Lista das empresas/entidades com trabalhadores não residentes ao serviço☯Enterprises/Entities with non-resident workers"
"a04f781e-48ec-4b5b-9014-599966652d3e","幸運博彩娛樂場數目☯幸运博彩娱乐场数目☯Número de casinos☯-","博彩監察協調局,博彩监察协调局,DICJ,DICJ","1","0","0","System.Object[]","60","167","2026-07-16 17:38:48","幸運博彩娛樂場數目☯幸运博彩娱乐场数目☯Número de casinos☯-"
"a059e919-31fa-4bf3-b5df-e41912f9f82d","人壽保險團體業務毛保費結構☯人寿保险团体业务毛保费结构☯Composição dos prémios do seguro  vida em grupo☯Composição dos prémios do seguro  vida em grupo","澳門金融管理局,澳門金融管理局,AMCM,AMCM","1","0","0","System.Object[]","15","35","2026-08-31 15:06:40","按人壽保險項目分類的團體業務毛保費統計數字，為年內累計值。☯按人壽保險項目分類的團體業務毛保費統計數字，为年内累计值。☯Estatísticas relativas aos prémios brutos de seguros de grupo, classificados por ramo vida, correspondendo aos valores acumulados ao longo do ano.☯Estatísticas relativas aos prémios brutos de seguros de grupo, classificados por ramo vida, correspondendo aos valores acumulados ao longo do ano."
"a0e4bcb0-d1b5-41c8-9d74-b8e66b75b949","工作意外統計數據 - 按意外後果統計工作意外受害人數☯工作意外统计数据 - 按意外后果统计工作意外受害人数☯Dados estatísticos dos acidentes de trabalho - Vítimas de acidentes de trabalho segundo as consequências☯Statistics on occupational accidents - Number of occupational accident victims by consequence of accident","勞工事務局,劳工事务局,Direcção dos Serviços para os Assuntos Laborais,Labour Affairs Bureau","1","0","0","System.Object[]","24","42","2026-07-31 16:25:32","按意外後果統計工作意外受害人數☯按意外后果统计工作意外受害人数☯Vítimas de acidentes de trabalho segundo as consequências☯Number of occupational accident victims by consequence of accident"
"a0e6c76b-7c8b-4e9c-a0c1-d83c199fb432","許可申請宗數☯许可申请宗数☯Número de pedidos de autorização☯Number of cases filed as application of authorization","個人資料保護局,个人资料保护局,DSPDP,DSPDP","1","0","0","System.Object[]","11","26","2025-12-04 10:41:54","個人資料保護局許可申請宗數☯个人资料保护局许可申请宗数☯Número de pedidos de autorização apresentados à DSPDP☯Number of cases filed as application of authorization at the Personal Data Protection Bureau "
"a0e7084c-3b43-48c3-93a9-2b0f17b6d54e","在囚人之文娛康樂活動☯在囚人之文娱康乐活动☯Actividades Recreativo-culturais para reclusos☯Cultural and Recreational Activities for Inmates","懲教管理局,懲教管理局,DSC,DSC","1","0","0","System.Object[]","29","43","2026-01-22 16:14:38","項目簡介/活動內容、合作/支持單位及在囚人參與人次統計☯项目简介/活动内容、合作/支持单位及在囚人参与人次统计☯Tipos e conteúdo das Actividades Recreativo-culturais e Número de reclusos participando☯Types and content of Cultural and Recreational Activities and number of inmates participated"
"a109bcb9-b0d3-420c-8af4-094a25d630b7","在囚人之學校教育安排☯在囚人之学校教育安排☯Educação escolar dos reclusos☯School Education of Inmates","懲教管理局,懲教管理局,DSC,DSC","1","0","0","System.Object[]","25","35","2026-01-22 16:14:44","參與小學、初中回歸教育、大專或高等院校之在囚人及參加各學科的人次統計☯参与小学、初中回归教育、大专或高等院校之在囚人及参加各学科的人次统计☯Reclusos participando na Ensino Primário Recorrentes, Ensino Secundário Geral Recorrentes e Cursos Universitários ou de Ensino Superior☯Inmates participated in Primary School Level Recurrent Education, Junior Secondary School Level Recurrent Education and Programs by Tertiary or Higher Education Institution"
"a11a12cb-15cd-4ec0-b7fe-74569f441c7b","""FreeWiFi.MO""服務點資料☯""FreeWiFi.MO""服务点资料☯Informações sobre os pontos de serviço do “FreeWiFi.MO”☯Information of “FreeWiFi.MO” service locations","郵電局,郵電局,CTT,CTT","1","0","0","System.Object[]","137","282","2026-07-02 10:16:14","""FreeWiFi.MO""服務點資料☯""FreeWiFi.MO""服务点资料☯Informações sobre os pontos de serviço do “FreeWiFi.MO”☯Information of “FreeWiFi.MO” service locations"
"a17edb61-3bd0-4643-83ca-6bf0bd60851e","居民定期存款－按到期時間及貨幣分類☯居民定期存款－按到期时间及货币分类☯COMPOSIÇÃO DOS DEPÓSITOS A PRAZO DE RESIDENTES POR PRAZO E MOEDA☯RESIDENT TIME DEPOSITS BY MATURITY AND CURRENCY","澳門金融管理局,澳門金融管理局,AMCM,AMCM","1","0","0","System.Object[]","16","40","2026-09-03 17:09:38","由1984年至今按到期時間及貨幣分類的居民定期存款。定期存款包括由本地銀行發行的不可轉讓存款證。自2013年10月起，其他貨幣並不包括人民幣和美元。☯由1984年至今按到期时间及货币分类的居民定期存款。定期存款包括由本地银行发行的不可转让存款证。自2013年10月起，其他货币并不包括人民币和美元。☯Mostram-se a composição dos depósitos a prazo de residentes por prazo e moeda decorridos de 1984 até à presente data. Os depósitos a prazo incluem os CDs não-negociáveis emitidos pelos bancos em Macau. A partir de Outubro de 2013, outras moedas não incluem RMB e USD.☯Mostram-se a composição dos depósitos a prazo de residentes por prazo e moeda decorridos de 1984 até à presente data. Os depósitos a prazo incluem os CDs não-negociáveis emitidos pelos bancos em Macau. A partir de Outubro de 2013, outras moedas não incluem RMB e USD."
"a18c1cc3-5620-4dfe-9d64-ee487836a60f","疾病預防控制範疇按歲組劃分的傷害事故人數☯疾病预防控制范畴按岁组划分的伤害事故人数☯Número de vítimas por acidente, na área de prevenção e controlo de doenças, de acordo com o grupo etário☯疾病預防控制範疇按歲組劃分的傷害事故人數","衛生局,卫生局,Serviços de Saúde,Health Bureau","1","0","0","System.Object[]","51","71","2024-12-19 15:00:14","疾病預防控制範疇中，以歲組劃分的傷害事故人數☯疾病预防控制范畴中，以岁组划分的伤害事故人数☯Número de vítimas por acidente, na área de prevenção e controlo de doenças, de acordo com o grupo etário☯疾病預防控制範疇中，以歲組劃分的傷害事故人數"
"a190df98-e96e-4776-9fa4-434f0e982f1e","專科衛生護理範疇按求診原因劃分的急診就診人次☯专科卫生护理范畴按求诊原因划分的急诊就诊人次☯Número de atendimentos na urgência consoante o motivo de procura de consulta, na área de cuidados de saúde diferenciados☯專科衛生護理範疇按求診原因劃分的急診就診人次","衛生局,卫生局,Serviços de Saúde,Health Bureau","1","0","0","System.Object[]","91","93","2024-12-19 14:58:25","專科衛生護理範疇中，按求診原因劃分的急診就診人次☯专科卫生护理范畴中，按求诊原因划分的急诊就诊人次☯Número de atendimentos na urgência, consoante o motivo de procura de consulta,  na área de cuidados de saúde diferenciados☯專科衛生護理範疇中，按求診原因劃分的急診就診人次"
"a2fb5ca4-eead-40db-ba09-e282fa58a59d","年度整體投資組合回報☯年度整体投资组合回报☯Retorno Anual Geral do Portfólio☯Total Portfolio Annual Return","社會保障基金,社会保障基金,Fundo de Segurança Social,Social Security Fund","1","0","0","System.Object[]","15","30","2024-12-26 16:01:35","以年度方式提供在相關曆年內，銀行定期存款和環球金融投資的回報金額和收益率數據☯以年度方式提供在相关历年内，银行定期存款和环球金融投资的回报金额和收益率数据☯Retorno Anual Geral do Portfólio☯Total Portfolio Annual Return"
"a3120e07-b449-419a-ac5a-67f47c606887","街市熟食檔盈利比率☯街市熟食档盈利比率☯Proporção do excedente bruto dos lugares de comidas e bebidas nos mercados municipais☯ ","統計暨普查局,统计暨普查局,Direcção dos Serviços de Estatística e Censos,Statistics and Census Service","0","1","0","System.Object[]","0","23","2026-01-26 12:39:33","街市熟食檔的盈利與收入的比例，用以評估飲食業場所的盈利能力。☯街市熟食档的盈利与收入的比例，用以评估饮食业场所的盈利能力。☯Refere-se à relação entre o excedente bruto e as receitas, dos lugares de comidas e bebidas nos mercados municipais. O indicador serve para avaliar a capacidade dos estabelecimentos do ramo da restauração gerarem excedente bruto.☯ "
"a31814e1-1843-4903-8cab-8d49af328f73","衛生範疇年終人口統計☯卫生范畴年终人口统计☯Estatísticas da populaçào no final do ano, na área de saúde☯衛生範疇年終人口統計","衛生局,卫生局,Serviços de Saúde,Health Bureau","1","0","0","System.Object[]","197","216","2024-12-19 14:59:08","衛生範疇中，以性別區分之年終人口統計☯卫生范畴中，以性别区分之年终人口统计☯Estatísticas da populaçào no final do ano, na área de saúde☯衛生範疇中，以性別區分之年終人口統計"
"a31fbaa6-7b6d-4172-bb5e-96001f39008b","按行業統計外地僱員人數及企業/實體數目☯按行业统计外地雇员人数及企业/实体数目☯Número de trabalhadores não residentes e empresas / entidades por ramo de actividade económica☯Number of non-resident workers and enterprises/entities by industry","勞工事務局,劳工事务局,Direcção dos Serviços para os Assuntos Laborais,Labour Affairs Bureau","0","1","0","System.Object[]","0","293","2026-02-02 15:45:46","按行業統計外地僱員人數及企業/實體數目☯按行业统计外地雇员人数及企业/实体数目☯Número de trabalhadores não residentes e empresas / entidades por ramo de actividade económica☯Number of non-resident workers and enterprises/entities by industry"
"a333ba8d-8eb3-42e2-8aa2-d5b6dc37de95","定期刊物登記 - 恆常出版周報☯定期刊物登记 - 恒常出版周报☯Registo de Publicações Periódicas-  Semanal com edições regulares☯Periodical Registration – Weekly publications publishing on a regular basis","新聞局,新聞局,GCS,GCS","1","0","0","System.Object[]","61","105","2026-08-17 16:16:50","按《出版法》第15條規定，在新聞局設立出版登記，為定期刊物進行登記。根據《出版登記規章》的規定，刊物登記後，如日刊在 180 天期限內仍未出版、其他刊物在一年期限內仍未出版，或刊物出版中斷的時間與上述期限相同的情況下，登記將被吊銷。刊物登記不須繳付任何費用☯按《出版法》第15条规定，在新闻局设立出版登记，为定期刊物进行登记。根据《出版登记规章》的规定，刊物登记后，如日刊在 180 天期限内仍未出版、其他刊物在一年期限内仍未出版，或刊物出版中断的时间与上述期限相同的情况下，登记将被吊销。刊物登记不须缴付任何费用。☯Nos termos do artigo 15º da Lei de Imprensa, é criado no Gabinete de Comunicação Social um registo de imprensa, do qual deve constar o registo de publicações periódicas.  Segundo o Regulamento do Registo de Imprensa, o registo será cancelado se a publicação não começar a ser publicada no prazo de cento e oitenta dias, caso seja diária, ou no prazo de um ano, caso o não seja, a contar da data da inscrição, ou se estiver interrompida por igual tempo. Os registos de publicações são gratuitos.☯According to Article 15 of the Press Law, the Government Information Bureau (GCS) is responsible for registering newspapers, publishers and periodicals. Under the Media Registration Regulations, if a daily publication is registered but has not been published for 180 days, or if other registered periodicals have not been published for a period of one year or have been suspended for a period of one year, their registration will be cancelled. Registration of publications is free of charge."
"a339b904-0aee-4fd2-975f-9ceb29cd3ee1","酒店業經營費用☯酒店业经营费用☯Despesas de exploração dos hotéis e similares☯ ","統計暨普查局,统计暨普查局,Direcção dos Serviços de Estatística e Censos,Statistics and Census Service","0","1","0","System.Object[]","0","27","2026-01-26 12:47:32","酒店業場所為維持日常運作所支付的所有費用的總額，包括員工支出、租金、水電費、物資採購等。☯酒店业场所为维持日常运作所支付的所有费用的总额，包括员工支出、租金、水电费、物资采购等。☯Referem-se ao valor total das despesas pagas pelos hotéis e similares para assegurarem a actividade corrente. Incluem-se as despesas com pessoal, as rendas de instalações, as despesas em água, electricidade, as compras de materiais, etc.☯ "
"a355e2d4-3fcd-4d64-a22e-32746c5c24ae","海路出境旅客☯海路出境旅客☯Saídas de visitantes por via marítima☯ ","統計暨普查局,统计暨普查局,Direcção dos Serviços de Estatística e Censos,Statistics and Census Service","0","1","0","System.Object[]","0","28","2025-12-01 10:48:17","通過海路方式從本地出發前往其他地區的旅客總數。☯通过海路方式从本地出发前往其他地区的旅客总数。☯Referem-se ao número total de visitantes que saíram da Região Administrativa Especial de Macau para outro território/país por via marítima.☯ "
"a3656732-ba67-4faa-8a1b-15a1b0b22520","社區醫療衛生 (其他)藥物監測概況☯社区医疗卫生 (其他)药物监测概况☯Situação da farmacovigilância, na área de cuidados de saúde comunitários(outros) ☯社區醫療衛生 (其他)藥物監測概況","衛生局,卫生局,Serviços de Saúde,Health Bureau","1","0","0","System.Object[]","136","135","2022-11-26 15:48:22","社區醫療衛生 (其他)藥物監測概況☯社区医疗卫生 (其他)药物监测概况☯Situação da farmacovigilância, na área de cuidados de saúde comunitários(outros) ☯社區醫療衛生 (其他)藥物監測概況"
"a36733b2-b28e-4307-992b-8eaa76a38568","非高等教育學校資料統計表☯非高等教育学校资料统计表☯Tabela de dados estatísticos escolares (Estatística educativa não Superior)☯-","教育及青年發展局,教育及青年发展局,Direcção dos Serviços de Educação e de Desenvolvimento da Juventude,Education and Youth Development Bureau","1","0","0","System.Object[]","89","143","2025-12-26 18:59:55","學校資料統計表☯学校资料统计表☯Tabela de dados estatísticos escolares☯-"
"a3cc281b-4ae8-4a23-a966-7b015868db6c","人壽保險個人業務毛保費結構☯人寿保险个人业务毛保费结构☯Composição dos prémios do seguro de vida em individuais☯Composição dos prémios do seguro de vida em individuais","澳門金融管理局,澳門金融管理局,AMCM,AMCM","1","0","0","System.Object[]","15","41","2026-08-31 15:04:48","按人壽保險項目分類的個人業務毛保費統計數字，為年內累計值。☯按人寿保险项目分类的个人业务毛保费统计数字，为年内累计值。☯Estatísticas relativas aos prémios brutos de seguros individuais, classificados por ramos de seguro  vida, com valores acumulados ao longo do ano.☯Estatísticas relativas aos prémios brutos de seguros individuais, classificados por ramos de seguro  vida, com valores acumulados ao longo do ano."
"a41235db-0e66-4709-a1bd-13e2114506e9","飲食業盈利☯饮食业盈利☯Excedente bruto do ramo da restauração☯ ","統計暨普查局,统计暨普查局,Direcção dos Serviços de Estatística e Censos,Statistics and Census Service","0","1","0","System.Object[]","0","27","2026-01-26 12:44:27","飲食業場所的收入減去經營費用、員工支出、購貨及佣金支出等費用，再加上庫存變動後的淨利潤。☯饮食业场所的收入减去经营费用、员工支出、购货及佣金支出等费用，再加上库存变动后的净利润。☯Refere-se ao valor líquido do lucro dos estabelecimentos do ramo da restauração que é igual às receitas menos despesas de exploração, menos despesas com pessoal, menos despesas em compras de mercadorias e comissões pagas, etc., mais variação de existência.☯ "
"a4326e75-2fa5-4809-a696-caad108ef3ba","第二產業比重☯第二产业比重☯Peso do sector secundário☯Relative importance of the secondary sector","統計暨普查局,统计暨普查局,Direcção dos Serviços de Estatística e Censos,Statistics and Census Service","0","1","0","System.Object[]","0","40","2024-12-30 17:13:53","產業結構(比重)的計算是加總各行業的增加值得出增加值總額後，再計算當中各行業增加值的占比。第二產業包括製造業、水電及氣體生產供應業、建築業。☯产业结构(比重)的计算是加总各行业的增加值得出增加值总额后，再计算当中各行业增加值的占比。第二产业包括制造业、水电及气体生产供应业、建筑业。☯A estrutura sectorial (peso do sector) reflecte o peso do valor acrescentado de cada ramo de actividade económica, em relação ao valor acrescentado bruto, que é o somatório dos valores acrescentados de todos os ramos. O sector secundário abrange os seguintes ramos: indústrias transformadoras; produção e distribuição de electricidade, gás e água, bem como construção.☯Industrial structure (relative importance of industries) reflects the proportions of value added of various industries in Gross Value Added, which is the sum of value added of all industries. The secondary sector covers Manufacturing; Electricity, Gas & Water Supply; and Construction."
"a44a507c-1a38-4c76-a6e5-077ae8062a10","路環監獄在囚人數統計☯路环监狱在囚人数统计☯Estatística sobre os reclusos no Estabelecimento Prisional de Coloane☯Number of inmates in Coloane Prison","懲教管理局,懲教管理局,DSC,DSC","1","0","0","System.Object[]","34","50","2026-01-19 17:33:55","路環監獄在囚人數統計☯路环监狱在囚人数统计☯Estatística sobre os reclusos no Estabelecimento Prisional de Coloane☯Number of inmates in Coloane Prison"
"a49a0fe0-285b-438f-984c-b9ea2ebc2bbd","政務服務資訊中心：首十位最多人查詢的部門☯政务服务资讯中心：首十位最多人查询的部门☯Centro de Informações dos Serviços Governamentais: Os dez Serviços mais consultados☯Government Services Information Centre: Top Ten Most Inquired Departments","行政公職局,行政公职局,Direcção dos Serviços de Administração e Função Pública,Public Administration and Civil Service Bureau","1","0","0","System.Object[]","40","61","2026-07-01 09:20:08","按年統計首十位最多市民查詢公共服務的部門。☯按年统计首十位最多市民查询公共服务的部门。☯Estatística anual sobre os dez Serviços com mais assuntos consultados pelos cidadãos.☯Annual statistics on the top ten departments most inquired about by citizens regarding public services."
"a4ac23b4-1cec-4937-baaa-0dbc7b9eff02","《統計年刊 2024》專科醫療衛生範疇按歲組劃分的住院人次☯《統計年刊 2024》專科醫療衛生範疇按歲組劃分的住院人次☯CUIDADOS DE SAÚDE DIFERENCIADOS N.º de internamentos por grupo etário☯CUIDADOS DE SAÚDE DIFERENCIADOS N.º de internamentos por grupo etário","衛生局,卫生局,Serviços de Saúde,Health Bureau","1","0","0","System.Object[]","10","23","2025-10-28 17:39:43","《統計年刊 2024》專科醫療衛生範疇按歲組劃分的住院人次☯《統計年刊 2024》專科醫療衛生範疇按歲組劃分的住院人次☯CUIDADOS DE SAÚDE DIFERENCIADOS N.º de internamentos por grupo etário☯CUIDADOS DE SAÚDE DIFERENCIADOS N.º de internamentos por grupo etário"
"a4aca956-7da5-456c-8145-c63c6253a030","呼吸系統疾病的死亡佔比☯呼吸系统疾病的死亡占比☯Proporção de óbitos por doenças do aparelho respiratório☯ ","統計暨普查局,统计暨普查局,Direcção dos Serviços de Estatística e Censos,Statistics and Census Service","0","1","0","System.Object[]","0","30","2025-11-10 14:49:45","因呼吸系統疾病致死的人數佔全年死亡人數的比例。☯因呼吸系统疾病致死的人数占全年死亡人数的比例。☯Percentagem de óbitos por doenças do aparelho respiratório em relação ao número de óbitos no ano de referência.☯ "
"a4bd1b63-1fcb-48b6-9e27-8e87a5b87add","旅行社盈利比率☯旅行社盈利比率☯Proporção do excedente bruto das agências de viagens☯Proporção do excedente bruto das agências de viagens","統計暨普查局,统计暨普查局,Direcção dos Serviços de Estatística e Censos,Statistics and Census Service","0","1","0","System.Object[]","0","28","2026-01-26 12:45:59","旅行社的淨利潤與總收入的比例，用以衡量旅行社的盈利能力。☯旅行社的净利润与总收入的比例，用以衡量旅行社的盈利能力。☯Refere-se à relação entre o valor líquido do lucro e o valor total das receitas, das agências de viagens. O indicador serve para medir a capacidade das agências gerarem excedente bruto.☯ "
"a536616e-d870-4137-8dd6-0b2125a6c2a5","電池回收位置清單☯电池回收位置清单☯Lista de locais de recolha de pilhas e baterias☯List of battery collection points","環境保護局,环境保护局,Direcção dos Serviços de Protecção Ambiental,Environmental Protection Bureau","0","1","0","System.Object[]","0","40","2025-06-12 10:39:56","電池回收位置清單☯电池回收位置清单☯Lista de locais de recolha de pilhas e baterias☯List of battery collection points"
"a541b4d3-3b75-44f8-88cd-1b132641b766","侵犯商標權及侵犯著作權物品☯侵犯商标权及侵犯著作权物品☯Os artigos violados de Direitos à Marca e de Autor☯Trademark infringement and copyright infringement items","中華人民共和國澳門特別行政區海關,中華人民共和國澳門特別行政區海關,SA,SA","1","1","0","System.Object[]","37","78","2024-07-29 11:31:41","海關檢獲侵犯商標權及侵犯著作權之物品☯海关检获侵犯商标权及侵犯著作权之物品☯Os artigos violados de Direitos à Marca e de Autor☯Trademark infringement and copyright infringement items"
"a58e7922-2ef7-478b-a2d3-66acd9fdc397","負責任博彩資訊亭數目☯负责任博彩信息亭数目☯Número de quiosques sobre o Jogo Responsável☯---","社會工作局,社會工作局,Instituto de Acção Social,Social Welfare Bureau","1","0","0","System.Object[]","28","51","2026-09-10 17:43:11","負責任博彩資訊亭數目☯负责任博彩信息亭数目☯Número de quiosques sobre o Jogo Responsável☯---"
"a5a05d0e-30c5-4298-81d5-e6bee5af5e8b","污水處理廠數據(路環)☯污水处理厂数据(路环)☯Dados de estação de tratamento de águas residuais(Coloane)☯Dados de estação de tratamento de águas residuais(Coloane)","環境保護局,环境保护局,Direcção dos Serviços de Protecção Ambiental,Environmental Protection Bureau","0","1","0","System.Object[]","0","166","2021-04-22 10:20:34","關於污水處理廠數據(路環)
Category:
coloane -  路環污水處理廠☯关于污水处理厂数据(路环)
Category:
coloane - 路环污水处理厂☯Sobre os dados de estação de tratamento de águas residuais(Coloane)
Category:
coloane - Estação de Tratamento de Águas Residuais de Coloane☯Sobre os dados de estação de tratamento de águas residuais(Coloane)
Category:
coloane - Estação de Tratamento de Águas Residuais de Coloane"
"a5a586a9-7067-4f60-bb44-7af8c4304968","期末駕駛執照統計☯期末驾驶执照统计☯Estatísticas das cartas de condução até ao fim do período☯ Driving Licence Statistics (End-Period)","交通事務局,交通事务局,Direcção dos Serviços para os Assuntos de Tráfego,Transport Bureau","1","0","0","System.Object[]","18","58","2026-05-22 01:01:17","期末駕駛執照統計
☯期末驾驶执照统计☯Estatísticas das cartas de condução até ao fim do período
☯ Driving Licence Statistics (End-Period)
"
"a5fd41cb-e911-4f13-8a41-327c62fe9e31","平安通呼援服務的服務數據☯平安通呼援服务的服务数据☯Dados dos Serviços de Tele-Assistência “Peng On Tung”☯---","社會工作局,社會工作局,Instituto de Acção Social,Social Welfare Bureau","1","0","0","System.Object[]","33","64","2026-02-05 11:54:56","平安通呼援服務的服務數據☯平安通呼援服务的服务数据☯Dados dos Serviços de Tele-Assistência “Peng On Tung”☯---"
"a610b85a-766c-4352-8847-3569bde2d028","發明專利註冊申請量☯发明专利注册申请量☯Números dos Pedidos de Registo de Patente de Invenção☯Number of Applications of Invention Patent Registration","經濟及科技發展局,经济及科技发展局,Direcção dos Serviços de Economia e Desenvolvimento Tecnológico,Macao Economic Bureau","1","0","0","System.Object[]","67","146","2026-07-10 15:05:03","提供發明專利註冊申請統計資料☯提供发明专利注册申请统计资料☯Dados estatísticos dos pedidos de extensão de patente de invenção☯Statistics on invention patent registration applications"
"a63ed7a4-c86e-48d2-b3e8-870155e8d156","CEPA澳門服務提供者證明書☯CEPA澳门服务提供者证明书☯Certificado de Prestador de Serviços de Macau do CEPA☯CEPA Macao Service Supplier Certificate","經濟及科技發展局,经济及科技发展局,Direcção dos Serviços de Economia e Desenvolvimento Tecnológico,Macao Economic Bureau","1","0","0","System.Object[]","72","93","2026-07-10 15:05:13","提供CEPA澳門服務提供者證明書統計資料☯提供CEPA澳门服务提供者证明书统计资料☯Dados estatísticos de Certificado de Prestador de Serviço no âmbito do CEPA☯CEPA Macao Service Supplier Certificate statistics"
"a66cefe2-a7d3-4620-b5b4-9b16b1d698cb","非高等教育校部數(按教育類型和教育階段劃分)☯非高等教育校部数(按教育类型和教育阶段划分)☯Número de unidades escolares (Classificado por modalidades de educação e nível de ensino)(Estatística educativa não Superior)☯-","教育及青年發展局,教育及青年发展局,Direcção dos Serviços de Educação e de Desenvolvimento da Juventude,Education and Youth Development Bureau","1","0","0","System.Object[]","20","42","2025-12-26 18:59:50","校部數(按教育類型和教育階段劃分)
☯校部数(按教育类型和教育阶段划分)
☯Número de unidades escolares (Classificado por modalidades de educação e nível de ensino)
☯-"
"a6acd799-7765-4172-9726-63c3b3285664","註冊機動車☯注册机动车☯Veículos matriculados☯Licensed Motor Vehicles","交通事務局,交通事务局,Direcção dos Serviços para os Assuntos de Tráfego,Transport Bureau","1","0","0","System.Object[]","24","42","2026-05-22 01:01:52","註冊機動車
☯注册机动车
☯Veículos matriculados
☯Licensed Motor Vehicles
"
"a6c93e31-63df-403e-9d8b-27c5ad59c08f","最新第一組《公報》☯最新第一组《公报》☯Último Boletim Oficial I Série ☯Last Official Gazette Series I ","法務局,法务局,Direcção dos Serviços de Assuntos de Justiça,Legal Affairs Bureau","0","1","0","System.Object[]","0","45","2025-11-21 10:33:53","提供最近期《澳門特別行政區公報》第一組目錄資料及內文連結。☯提供最近期《澳门特别行政区公报》第一组目录数据及内文链接。☯Sumário da I Série do Boletim Oficial da Região Administrativa Especial de Macau com hiperligações para o texto.☯Summary of the Official Gazette Series I of the Macao Special Administrative Region with hyperlinks to the text."
"a6d4bdd3-1c79-45ac-b768-3836579c02cb","飲食業經營費用☯饮食业经营费用☯Despesas de exploração do ramo da restauração☯ ","統計暨普查局,统计暨普查局,Direcção dos Serviços de Estatística e Censos,Statistics and Census Service","0","1","0","System.Object[]","0","24","2026-01-26 12:45:36","飲食業場所在日常營運中產生的各項費用總額，包括租金、水電費、消秏品等。☯饮食业场所在日常营运中产生的各项费用总额，包括租金、水电费、消秏品等。☯Referem-se ao valor total das despesas geradas pela exploração da actividade corrente, dos estabelecimentos do ramo da restauração. Incluem-se as rendas de instalações, as despesas em água, electricidade, bens de consumo, etc.☯ "
"a6e350c5-4010-48ea-806d-a0e566984cbe","澳門特區旅行證件持有人統計☯澳门特区旅行证件持有人统计☯Estatística dos titulares dos documentos de viagem da RAEM☯Statistics on Macao SAR travel document holders","身份證明局,身份证明局,Direcção dos Serviços de Identificação,Identification Bureau","1","0","0","System.Object[]","40","97","2026-01-29 11:48:01","特區旅行證件持有人人數☯特区旅行证件持有人人数☯Número de titulares dos documentos de viagem da RAEM☯Number of holders of Macao SAR travel document"
"a6fcdddd-24ae-4a22-91e5-cea4aceb9cd5","對外科技合作資助計劃－聯合資助類（與巴西聖保羅研究基金會聯合資助）項目統計☯对外科技合作资助计划－联合资助类（与巴西圣保罗研究基金会联合资助）项目统计☯Estatísticas de Programa de Apoio Financeiro para Cooperação em Ciência e Tecnologia com o Exterior - Categoria de Co-financiamento (FDCT-FAPESP)☯Statistics of Funding Scheme for External Science and Technology Cooperation - Joint Funding (FDCT-FAPESP)","經濟及科技發展局,经济及科技发展局,Direcção dos Serviços de Economia e Desenvolvimento Tecnológico,Macao Economic Bureau","1","0","0","System.Object[]","11","26","2025-12-09 09:12:15","對外科技合作資助計劃－聯合資助類（與巴西聖保羅研究基金會聯合資助）項目統計☯对外科技合作资助计划－联合资助类（与巴西圣保罗研究基金会联合资助）项目统计☯Estatísticas de Programa de Apoio Financeiro para Cooperação em Ciência e Tecnologia com o Exterior - Categoria de Co-financiamento (FDCT-FAPESP)☯Statistics of Funding Scheme for External Science and Technology Cooperation - Joint Funding (FDCT-FAPESP)"
"a7059c6d-880b-4abd-8bef-45a9498442ba","休憩區☯休憩区☯Zonas de Lazer☯Leisure areas","市政署,市政署,Instituto para os Assuntos Municipais,Municipal Affairs Bureau","1","1","0","System.Object[]","103","505","2026-09-14 17:00:06","提供各區休憩區的使用及位置資訊。☯提供各區休憩區的使用及位置資訊。☯Fornece informações relativas à utilização e localização das zonas de lazer.☯Providing information about the use and locations of leisure areas in various districts."
"a720aa23-be53-4c38-83c6-d01938bb4429","學生輔導服務資料☯学生辅导服务资料☯Informações sobre os serviços de aconselhamento estudantil☯-","教育及青年發展局,教育及青年发展局,Direcção dos Serviços de Educação e de Desenvolvimento da Juventude,Education and Youth Development Bureau","1","0","0","System.Object[]","17","34","2025-12-01 10:19:39","提供學生輔導服務的團隊資料☯提供学生辅导服务的团队资料☯Informações sobre a equipa que presta serviços de tutoria estudantil☯-"
"a7525a1a-46ce-4c64-ad8b-2aea86179a6f","澳門癌症登記年報男性癌症新個案數☯澳门癌症登记年报男性癌症新个案数☯Número de novos casos de cancro masculino no relatório anual do Registo do Cancro de Macau☯Number of new cases of male cancer in the annual report of the Macao Cancer Registry","衛生局,卫生局,Serviços de Saúde,Health Bureau","1","0","0","System.Object[]","14","30","2024-12-31 13:09:19","為掌握癌症對澳門居民健康的影響，衛生局自2003年建立澳門癌症登記系統，監測本澳癌症的流行情況和變化趨勢，每年制作《澳門癌症登記年報》公佈癌症發展的新動向，作為制訂癌症防治和醫療資源配置的參考資料。☯为掌握癌症对澳门居民健康的影响，卫生局自2003年建立澳门癌症登记系统，监测本澳癌症的流行情况和变化趋势，每年制作《澳门癌症登记年报》公布癌症发展的新动向，作为制订癌症防治和医疗资源分配的参考数据。

☯A fim de compreender o impacto do cancro na saúde dos residentes de Macau, os Serviços de Saúde criaram o Sistema de Registo do Cancro de Macau desde 2003 para monitorizar a prevalência e tendência do cancro em Macau.☯In order to grasp the impact of cancer on the health of Macao residents, the Health Bureau has established the Macao Cancer Registry System since 2003 to monitor the prevalence and trend of cancer in Macao."
"a7bf5cb3-91a4-4474-81b0-233a9b7ad1bd","澳門國際機場離澳航班資訊(中文)☯澳门国际机场离澳航班资讯(中文)☯Informação dos voos de partida do Aeroporto Internacional de Macau (Chinês)☯Departure flight information of Macau International Airport (Chinese)","民航局,民航局,Autoridade de Aviação Civil,Civil Aviation Authority","0","1","0","System.Object[]","0","154","2023-03-15 12:10:19","按需要提供澳門國際機場離澳航班資訊(中文)☯按需要提供澳门国际机场离澳航班资讯(中文)☯Fornecer as informações de voos de partida do Aeroporto Internacional de Macau sob demanda (Chinês)☯Provides the departure flight information of Macau International Airport on demand (Chinese)"
"a813b3d9-7479-4b9a-ade9-30c994aa2730","市場藥物監測統計☯市场药物监测统计☯Estatísticas da vigilância medicamentosa no mercado☯-","藥物監督管理局,药物监督管理局,ISAF,ISAF","1","0","0","System.Object[]","26","79","2026-01-30 15:21:54","關於藥物上市後安全性及質量監測主要數據，包括發出藥物安全通告、藥物安全監測報告、藥物季度快訊、西藥質量檢驗、中成藥質量檢驗及中藥材質量檢驗的數據；有關發出藥品廣告許可，以及聲稱對健康有好處產品廣告許可的數據。☯关于药物上市后安全性及质量监测主要数据，包括发出药物安全通告、药物安全监测报告、药物季度快讯、西药质量检验、中成药质量检验及中药材质量检验的数据；有关发出药品广告许可，以及声称对健康有好处产品广告许可的数据。☯Principais dados sobre a vigilância da segurança e da qualidade de medicamentos após a sua comercialização, incluindo a emissão de notificação sobre a segurança farmacêutica, relatório sobre a vigilância de segurança farmacêutica, notícia trimestral farmacêutica, dados relativos a análise de qualidade sobre medicamentos ocidentais, análise de qualidade sobre medicamentos tradicionais chineses e análise de qualidade sobre ingredientes medicinais chineses; dados relativos à emissão de autorização de publicidade dos medicamentos e de autorização de publicidade dos produtos apresentados como tendo efeitos benéficos para a saúde.☯-"
"a825c247-a2e3-4449-aeac-de56a9e96ad2","澳門接受的航空器型別☯澳门接受的航空器型别☯Aeronaves e modelos aceitos em Macau☯Type Accepted Aircraft and Model in Macao","民航局,民航局,Autoridade de Aviação Civil,Civil Aviation Authority","1","0","0","System.Object[]","72","131","2026-07-18 14:33:29","已接受的航空器類型和型號清單☯已接受的航空器类型和型号清单☯Lista de Aeronaves e modelos aceitos☯List of Accepted Aircraft Type and Model"
"a82786a2-ef66-4eb8-a5a3-d474553695f0","按聘用情況劃分有供款的僱主及有關本地僱員數目☯按聘用情况划分有供款的雇主及有关本地雇员数目☯Empregadores que efectuaram contribuições e respectivos trabalhadores residentes classificados por situação de contratação☯Employers who made contributions and their resident workers classified by employment status","社會保障基金,社会保障基金,Fundo de Segurança Social,Social Security Fund","1","0","0","System.Object[]","14","28","2026-09-01 17:00:31","按聘用情況劃分有供款的僱主及有關本地僱員數目☯按聘用情况划分有供款的雇主及有关本地雇员数目☯Empregadores que efectuaram contribuições e respectivos trabalhadores
residentes classificados por situação de contratação☯Employers who made contributions and their resident workers classified by employment status"
"a838371e-5e72-4571-bd17-d844a0782bf5","澳門大賽車博物館參觀人次統計☯澳门大赛车博物馆参观人次统计☯Número de visitantes do Museu do Grande Prémio de Macau☯Visitor statistics for the Macau Grand Prix Museum","旅遊局,旅游局,Direcção dos Serviços de Turismo,Macao Government Tourism Office","1","0","0","System.Object[]","12","30","2026-08-31 17:44:25","自2021年4月起，澳門大賽車博物館每月參觀人次統計
☯自2021年4月起，澳门大赛车博物馆每月参观人次统计☯Estatística mensal do número de visitantes do Museu do Grande Prémio de Macau desde Abril de 2021☯Monthly visitor statistics for the Macau Grand Prix Museum since April 2021"
"a84c7044-b6b0-40b5-a302-b5fc14d01468","澳門高等院校註冊學生人數統計─按性別劃分☯澳门高等院校注册学生人数统计─按性别划分☯Dados estatísticos do número de estudantes matriculados nas instituições do ensino superior de Macau (classificados por sexo)☯--","教育及青年發展局,教育及青年发展局,Direcção dos Serviços de Educação e de Desenvolvimento da Juventude,Education and Youth Development Bureau","1","0","0","System.Object[]","36","38","2025-12-15 16:02:43","按學年方式，提供按性別劃分的澳門高等院校註冊學生人數。☯按学年方式，提供按性别划分的澳门高等院校注册学生人数。☯Número de estudantes matriculados nas instituições do ensino superior de Macau (classificados por sexo), calculado de acordo com o ano lectivo.☯-"
"a8667609-d4f9-4f40-a8f8-144b61ca580c","屬在建至竣工階段的酒店資料☯属在建至竣工阶段的酒店资料☯Informações sobre os empreendimentos hoteleiros que se encontram em fase de construção ou de conclusão☯Information about the hotel from the stage of construction to completion","土地工務局,土地工務局,DSSCU,DSSCU","1","0","0","System.Object[]","27","71","2026-07-29 17:13:11","於參考期間仍處於在建至竣工階段的酒店資料 (在建至竣工指由接納申請人動工批示開始至獲發使用准照前)☯于参考期间仍处于在建至竣工阶段的酒店资料 (在建至竣工指由接纳申请人动工批示开始至获发使用准照前)☯Informações sobre os empreendimentos hoteleiros que se encontram em fase de construção ou de conclusão durante o período de referência (da fase de construção até à de conclusão refere-se ao período compreendido entre a data do despacho de aprovação do pedido para início da obra do requerente e a da emissão de licença de utilização).☯Information on hotels that are still in the stage of construction to completion during the reference period (under construction to completion refers to the period from the acceptance of the applicant's construction approval to before the issuance of the license)"
"a86ca0f9-bbb0-40e0-844a-1ade1f2650be","在囚人職業培訓☯在囚人职业培训☯Programas de formação de Habilidades Vocacionais para reclusos☯Vocational Training Programs for Inmates","懲教管理局,懲教管理局,DSC,DSC","1","0","0","System.Object[]","26","40","2026-01-22 16:14:41","培訓工場種類、數目，以及參與培訓的在囚人人次統計☯培训工场种类、数目，以及参与培训的在囚人人次统计☯Tipos de oficinas de formação de Habilidades Vocacionais e número de reclusos participando na formação☯Types of Vocational Training Workshops and number of inmates participated"
"a874a891-5bf7-4d1e-84ea-b968cddc5f4d","疾病預防控制範疇按歲組劃分的愛滋病病毒感染個案☯疾病预防控制范畴按岁组划分的爱滋病病毒感染个案☯Casos de infecção por VIH, na área de prevenção e controlo de doenças, consoante a idade☯疾病預防控制範疇按歲組劃分的愛滋病病毒感染個案","衛生局,卫生局,Serviços de Saúde,Health Bureau","1","0","0","System.Object[]","54","71","2024-12-19 14:58:51","疾病預防控制範疇中，以歲組劃分的愛滋病病毒感染個案☯疾病预防控制范畴中，以岁组划分的爱滋病病毒感染个案☯Casos de infecção por VIH, na área de prevenção e controlo de doenças, consoante a idade☯疾病預防控制範疇中，以歲組劃分的愛滋病病毒感染個案"
"a8b7ad63-8532-49f4-863f-e31f822e2341","澳門銀行同業拆息☯澳门银行同业拆息☯MAIBOR☯MAIBOR - MACAO INTERBANK OFFERED RATES","澳門金融管理局,澳門金融管理局,AMCM,AMCM","1","0","0","System.Object[]","26","132","2026-09-15 17:00:54","由1988年至今的澳門銀行同業拆息數據，可分為一星期、一個月、兩個月、三個月、六個月及一年。除此之外，每個期限可細分為期末值及平均值。☯由1988年至今的澳门银行同业拆息数据，可分为一星期、一个月、两个月、三个月、六个月及一年。除此之外，每个期限可细分为期末值及平均值。☯Mostram-se os dados das taxas de juro interbancárias de Macau (MAIBOR) registados de 1988 até ao presente, classificadas por prazo de vencimento: 1 semana, 1 mês, 2 meses, 3 meses, 6 meses e 1 ano. Além disso, cada prazo pode ser detalhado em valor de final de período e valor médio.☯Mostram-se os dados das taxas de juro interbancárias de Macau (MAIBOR) registados de 1988 até ao presente, classificadas por prazo de vencimento: 1 semana, 1 mês, 2 meses, 3 meses, 6 meses e 1 ano. Além disso, cada prazo pode ser detalhado em valor de final de período e valor médio."
"a8d9fda6-6f1c-4b5f-bcd6-dfa105ac8821","政務服務資訊中心：服務項目（之服務數量）統計☯政务服务资讯中心：服务项目（之服务数量）统计☯Centro de Informações dos Serviços Governamentais: Dados sobre tipo de serviços (quantidade de serviços prestados)☯Government Services Information Centre: Service Items (Service Quantity) Statistics","行政公職局,行政公职局,Direcção dos Serviços de Administração e Função Pública,Public Administration and Civil Service Bureau","1","0","0","System.Object[]","22","42","2026-07-01 09:20:14","按年統計市民使用政務服務資訊中心服務的數目。☯按年统计市民使用政务服务资讯中心服务的数目。☯Estatística anual sobre serviços prestados pelo Centro de Informações dos Serviços Governamentais.☯Annual statistics on the number of citizens using services from the Government Services Information Centre."
"a9141ce6-ca3b-4ad9-989c-b1bf62e065de","社區醫療衛生範疇 - 衛生中心 衛生中心醫務活動☯社區醫療衛生範疇 - 衛生中心 衛生中心醫務活動☯CUIDADOS DE SAÚDE COMUNITÁRIOS - CENTROS DE  SAÚDE Movimento assistencial nos Centros de Saúde☯CUIDADOS DE SAÚDE COMUNITÁRIOS - CENTROS DE  SAÚDE Movimento assistencial nos Centros de Saúde","衛生局,卫生局,Serviços de Saúde,Health Bureau","1","0","0","System.Object[]","12","24","2025-10-28 17:39:09","社區醫療衛生範疇 - 衛生中心 衛生中心醫務活動☯社區醫療衛生範疇 - 衛生中心 衛生中心醫務活動☯CUIDADOS DE SAÚDE COMUNITÁRIOS - CENTROS DE  SAÚDE Movimento assistencial nos Centros de Saúde☯CUIDADOS DE SAÚDE COMUNITÁRIOS - CENTROS DE  SAÚDE Movimento assistencial nos Centros de Saúde"
"a97369f7-0368-4f62-ab55-045b1e190ce8","飲食店舖收入☯饮食店铺收入☯Receitas dos restaurantes e estabelecimentos similares☯ ","統計暨普查局,统计暨普查局,Direcção dos Serviços de Estatística e Censos,Statistics and Census Service","0","1","0","System.Object[]","0","26","2026-01-26 12:43:03","飲食店舖從餐飲服務及其他相關業務中獲得的收入總額。☯饮食店铺从餐饮服务及其他相关业务中获得的收入总额。☯Referem-se ao valor total das receitas provenientes dos serviços de restauração e dos outros serviços correlacionados, dos restaurantes e estabelecimentos similares.☯ "
"a98eea7e-7004-45c2-b289-db11745ba528","季度外地僱員聘用費總金額（澳門元）☯季度外地雇员聘用费总金额（澳门元）☯Montante total das taxas de contratação de trabalhadores não residentes por trimestre (MOP)☯Total amount of employment fee for non-resident workers received in the quarter (patacas)","社會保障基金,社会保障基金,Fundo de Segurança Social,Social Security Fund","1","0","0","System.Object[]","45","66","2026-07-20 16:59:46","以季度方式提供在相關季度的期間內，外地僱員聘用費的總收納金額。☯以季度方式提供在相关季度的期间内，外地雇员聘用费的总收纳金额。☯A prestação trimestral do montante totalmente cobrado das taxas de contratação de trabalhadores não residentes dentro do respectivo trimestre.☯Available on a quarterly basis, the total amount of employment fee for non-resident workers received in the relevant quarter."
"a9a2ce34-54fd-4789-a999-716526acdee0","外賣店場所☯外卖店场所☯Lojas de take-away☯ ","統計暨普查局,统计暨普查局,Direcção dos Serviços de Estatística e Censos,Statistics and Census Service","0","1","0","System.Object[]","0","39","2026-01-26 12:41:50","從事外賣店的場所總數，包括飲食店舖、外賣店及街市熟食檔。☯从事外卖店的场所总数，包括饮食店铺、外卖店及街市熟食档。☯São todas as lojas de take-away, incluindo os restaurantes e estabelecimentos similares, as lojas de take-away, bem como os lugares de comidas e bebidas nos mercados municipais.☯ "
"a9b52a2a-f878-40cb-8d47-7afd4f16bb5b","旅行社資料☯旅行社资料☯Informacoes dos Agencia de Viagens ☯Information of Travel agency","旅遊局,旅游局,Direcção dos Serviços de Turismo,Macao Government Tourism Office","1","0","0","System.Object[]","187","202","2026-09-17 07:47:03","已領有牌照之實體 - 旅行社資料
☯已领有牌照之实体 - 旅行社资料
☯Informacoes dos entidades licenciadas - Agencia de Viagens
☯Information of licensed entities - Travel agency"
"a9ffbdd1-5d6e-4c64-9978-ba4a8a595d83","澳門高等院校本地生註冊人數統計─按院校劃分☯澳门高等院校本地生注册人数统计─按院校划分☯Dados estatísticos do número de estudantes locais que se matriculam nas instituições do ensino superior de Macau (classificados por instituições do ensino superior)☯-","教育及青年發展局,教育及青年发展局,Direcção dos Serviços de Educação e de Desenvolvimento da Juventude,Education and Youth Development Bureau","1","0","0","System.Object[]","25","53","2025-12-15 16:02:47","按學年方式，提供按院校劃分的澳門高等院校本地生註冊人數。☯按学年方式，提供按院校划分的澳门高等院校本地生注册人数。☯Número de estudantes locais que se matriculam nas instituições do ensino superior de Macau (classificados por instituições do ensino superior), calculado de acordo com o ano lectivo.☯-"
"aa093093-f72e-492e-a3e0-b912a3bc634b","對外科技合作資助計劃－聯合資助類（與法蘭西共和國政府聯合資助）☯对外科技合作资助计划－联合资助类（与法兰西共和国政府联合资助）☯Programa de Apoio Financeiro para Cooperação em Ciência e Tecnologia com o Exterior Categoria de Co-financiamento (Macau, a RAE da China - a República Francesa)☯Funding Scheme for External Science and Technology Cooperation Joint funding (Macao SAR, China-France)","經濟及科技發展局,经济及科技发展局,Direcção dos Serviços de Economia e Desenvolvimento Tecnológico,Macao Economic Bureau","1","0","0","System.Object[]","12","26","2025-12-09 09:12:48","對外科技合作資助計劃－聯合資助類（與法蘭西共和國政府聯合資助）項目統計☯对外科技合作资助计划－联合资助类（与法兰西共和国政府联合资助）项目统计☯Estatísticas de Programa de Apoio Financeiro para Cooperação em Ciência e Tecnologia com o Exterior Categoria de Co-financiamento (Macau, a RAE da China - a República Francesa)☯Statistics of Funding Scheme for External Science and Technology Cooperation Joint funding (Macao SAR, China-France)"
"aa0ef3a9-b9f7-4b2c-a233-2b4cc9648115","留宿個人遊中國內地入境旅客☯留宿个人游中国内地入境旅客☯Entradas de turistas do Interior da China com visto individual☯ ","統計暨普查局,统计暨普查局,Direcção dos Serviços de Estatística e Censos,Statistics and Census Service","0","1","0","System.Object[]","0","28","2025-12-01 10:48:28","以個人遊方式從中國內地入境並在旅遊地區至少住宿一晚的旅客數量。☯以个人游方式从中国内地入境并在旅游地区至少住宿一晚的旅客数量。☯Referem-se ao número de visitantes que vieram do Interior da China ao território visitado com visto individual e nele passaram pelo menos uma única noite.☯ "
"aa186473-da03-4b2e-9555-50eab0747e94","博彩業盈利☯博彩业盈利☯Excedente bruto do sector do jogo☯ ","統計暨普查局,统计暨普查局,Direcção dos Serviços de Estatística e Censos,Statistics and Census Service","0","1","0","System.Object[]","0","27","2026-01-26 12:47:42","博彩及相關服務收入加上庫存變化，再減去員工支出、經營費用、購貨、佣金及客戶回贈所得的金額；有關金額並未扣除稅項（如博彩特別稅）☯博彩及相关服务收入加上库存变化，再减去员工支出、经营费用、购货、佣金及客户回赠所得的金额；有关金额并未扣除税项（如博彩特别税）☯Refere-se às receitas do jogo e dos serviços relacionados mais variação de existências, menos despesas com pessoal, menos despesas de exploração, menos compras de mercadorias, comissões e ofertas a clientes, antes da dedução de impostos (por exemplo, o imposto especial sobre o jogo).☯ "
"aaaafcf3-9327-40d5-b01d-44f651941370","保險公司數目☯保险公司数目☯Número total de seguradoras☯Número total de seguradoras","澳門金融管理局,澳門金融管理局,AMCM,AMCM","1","0","0","System.Object[]","33","76","2026-08-31 15:02:16","保險公司及再保險公司的數目。
☯保险公司及再保险公司的数目。
☯Número de seguradoras e companhia de resseguros.☯Número de seguradoras e companhia de resseguros."
"aae52fd8-3d52-47ae-9b0d-bc77ec6ac232","旅遊快訊☯旅游快讯☯What's On☯What's On","旅遊局,旅游局,Direcção dos Serviços de Turismo,Macao Government Tourism Office","0","0","1","System.Object[]","0","555","2020-05-29 11:34:58","介紹澳門每月舉行的節慶活動、表演、展覽等。☯介绍澳门每月举行的节庆活动、表演、展览等。☯Apresentação em chinês tradicional, chinês simplificado e inglês as actividades de eventos e festividades, actuações, exposições entre outros.
☯A monthly newsletter introduces current events, festivals, activities, performances and exhibitions.
"
"ab00e8d9-47dd-4121-bd01-a7816be2f6ed","法律推廣工作之統計數據☯法律推广工作之统计数据☯Dados estatísticos relativos aos trabalhos de divulgação jurídica☯Statistics on legal promotion work","法務局,法务局,Direcção dos Serviços de Assuntos de Justiça,Legal Affairs Bureau","1","0","0","System.Object[]","24","60","2026-08-10 10:29:07","按年以季度方式統計法務局的法律推廣數據，包括中小學普法講座的場數及人數、社區講座的場數及人數、多媒體帖文發佈次數。☯按年以季度方式统计法务局的法律推广数据，包括中小学普法讲座的场数及人数、小区讲座的场数及人数、多媒体帖文发布次数。☯Dados estatísticos efectuados trimestralmente por ano relativos aos trabalhos de divulgação jurídica da DSAJ, incluem-se o número de sessões e de participantes das palestras destinadas à divulgação jurídica junto das escolas primárias e secundárias, o número de sessões e de participantes das palestras junto da comunidade, bem com o número de publicação de informações multimédia com texto.☯The Legal Affairs Bureau's legal promotion data is collected on a quarterly basis annually, including the number and number of legal popularization lectures in primary and secondary schools, the number and number of community lectures, and the number of multimedia posts."
"ab086024-b35e-4a5e-bf57-8a3c93822830","人力資源範疇按專科部門劃分的專科醫生數目☯人力资源范畴按专科部门划分的专科医生数目☯Número de médicos especialistas por serviço de cuidados diferenciados, na área de recursos humanos ☯人力資源範疇按專科部門劃分的專科醫生數目","衛生局,卫生局,Serviços de Saúde,Health Bureau","1","0","0","System.Object[]","152","185","2024-12-19 14:58:37","人力資源範疇中，以專科部門劃分的專科醫生數目☯人力资源范畴中，以专科部门划分的专科医生数目☯Número de médicos especialistas por serviço de cuidados diferenciados, na área de recursos humanos☯人力資源範疇中，以專科部門劃分的專科醫生數目"
"ab1194bd-2848-4749-b294-d51a66388086","澳門大學科目資料庫☯澳门大学科目资料库☯Catálogo de Disciplinas da Universidade de Macau☯Course Catalog of the University of Macau","澳門大學,澳門大學,UM,UM","0","1","0","System.Object[]","0","247","2022-12-01 11:29:07","學士學位課程及研究生課程科目資訊。☯学士学位课程及研究生课程科目资讯。☯Informação curricular sobre os cursos de licenciatura e de pós-graduação.☯Course information about the undergraduate and postgraduate programmes."
"ab3cba50-b218-4878-8638-3db55205da90","澳門大學雙學位課程項目☯澳门大学双学位课程项目☯Programas de duplo grau da Universidade de Macau☯Dual Degree Programmes of University of Macau","澳門大學,澳門大學,UM,UM","1","0","0","System.Object[]","75","129","2026-04-23 17:01:06","澳大雙學位課程項目及合作院校列表。☯澳大双学位课程项目及合作院校列表。☯Lista dos programas de duplo grau da UM, e das universidades parceiras.☯List of UM dual degree programmes and partner universities."
"ab56e705-cbda-47a3-9f8a-2658159809f4","國籍申請統計☯国籍申请统计☯Estatística dos requerimentos relativos à nacionalidade☯Statistics on nationality application","身份證明局,身份证明局,Direcção dos Serviços de Identificação,Identification Bureau","1","0","0","System.Object[]","119","237","2026-01-29 11:47:45","國籍申請狀況☯国籍申请状况☯Número de requerimentos relativos à nacionalidade☯Number of different kinds of nationality application"
"ab9bd367-79e2-430b-953d-ea78a3042162","《統計年刊 2024》衛生統計醫院病床數目☯《統計年刊 2024》衛生統計醫院病床數目☯ESTATÍSTICAS DA SAÚDE Camas de hospita☯ESTATÍSTICAS DA SAÚDE Camas de hospita","衛生局,卫生局,Serviços de Saúde,Health Bureau","1","0","0","System.Object[]","11","27","2025-10-28 17:39:50","《統計年刊 2024》衛生統計醫院病床數目☯《統計年刊 2024》衛生統計醫院病床數目☯ESTATÍSTICAS DA SAÚDE Camas de hospita☯ESTATÍSTICAS DA SAÚDE Camas de hospita"
"ac13496c-eacd-42fd-b27c-4ecc4ea41d4b","澳門癌症登記年報每十萬男性之癌症死亡率☯澳门癌症登记年报的癌症女性死亡个案数☯O relatório anual do Registo do Cancro de Macau é a taxa de mortalidade por cancro por 100.000 homens☯The annual report of the Macau Cancer Registry is the cancer mortality rate per 100,000 men","衛生局,卫生局,Serviços de Saúde,Health Bureau","1","0","0","System.Object[]","17","29","2024-12-31 13:08:34","為掌握癌症對澳門居民健康的影響，衛生局自2003年建立澳門癌症登記系統，監測本澳癌症的流行情況和變化趨勢，每年制作《澳門癌症登記年報》公佈癌症發展的新動向，作為制訂癌症防治和醫療資源配置的參考資料。☯为掌握癌症对澳门居民健康的影响，卫生局自2003年建立澳门癌症登记系统，监测本澳癌症的流行情况和变化趋势，每年制作《澳门癌症登记年报》公布癌症发展的新动向，作为制订癌症防治和医疗资源分配的参考数据。☯A fim de compreender o impacto do cancro na saúde dos residentes de Macau, os Serviços de Saúde criaram o Sistema de Registo do Cancro de Macau desde 2003 para monitorizar a prevalência e tendência do cancro em Macau.☯In order to grasp the impact of cancer on the health of Macao residents, the Health Bureau has established the Macao Cancer Registry System since 2003 to monitor the prevalence and trend of cancer in Macao."
"ac55c2f1-780a-4dc8-875f-851b2203b706","停車場資料☯停车场资料☯Informações dos parques de estacionamento☯Information of car parks ","交通事務局,交通事务局,Direcção dos Serviços para os Assuntos de Tráfego,Transport Bureau","0","1","0","System.Object[]","0","5756","2020-07-03 10:07:35","停車場資料☯停车场资料☯Informações dos parques de estacionamento☯Information of car parks "
"acab2d2d-7548-4401-bc76-9ae2336a1880","2024年醫院抗微生物藥物耐藥監測報告☯2024年醫院抗微生物藥物耐藥監測報告☯2024 Surveillance Report on  Hospital Antimicrobial  Resistance☯2024 Surveillance Report on  Hospital Antimicrobial  Resistance","衛生局,卫生局,Serviços de Saúde,Health Bureau","1","0","0","System.Object[]","14","25","2025-10-28 17:35:49","2024年醫院抗微生物藥物耐藥監測報告_數據☯2024年醫院抗微生物藥物耐藥監測報告_數據☯2024 Surveillance Report on 
Hospital Antimicrobial 
Resistance☯2024 Surveillance Report on 
Hospital Antimicrobial 
Resistance"
"acbc1c4d-3df8-4747-9ad1-5f2dbd02ebc7","退休及撫卹制度-收取退休金及撫卹金的人數-按平均年齡劃分☯退休及抚恤制度-收取退休金及抚恤金的人数-按平均年龄划分☯Regime de Aposentação e Sobrevivência – Número de beneficiários de pensões de aposentação e de sobrevivência – Por idade média☯ ","退休基金會,退休基金会,Fundo de Pensões,Pension Fund","1","0","0","System.Object[]","88","114","2026-05-18 14:39:47","根據平均年齡統計當年退休及撫卹制度中收取退休金或撫卹金的人數及份數☯根据平均年龄统计当年退休及抚恤制度中收取退休金或抚恤金的人数及份数☯Estatística do número de beneficiários de pensão de aposentação ou de sobrevivência e do número de pensões recebidas do Regime de Aposentação e Sobrevivência desse ano, de acordo com a idade média☯ "
"acf74845-3078-4ee7-a0a3-68122516b80f","攤檔抽籤及競投的資訊列表☯摊档抽签及竞投的资讯列表☯Lista de informações acerca do sorteio e do concurso para atribuição de bancas☯List of information about drawing of lots and auction of stalls","市政署,市政署,Instituto para os Assuntos Municipais,Municipal Affairs Bureau","1","0","0","System.Object[]","25","35","2025-06-30 18:00:30","攤檔抽籤及競投的資訊列表☯摊档抽签及竞投的资讯列表☯Lista de informações acerca do sorteio e do concurso para atribuição de bancas☯List of information about drawing of lots and auction of stalls"
"acf87967-2d46-4eac-8f6c-40ed7db25c03","年度社會保障制度養老金及殘疾金額外給付金額(澳門元)☯年度社会保障制度养老金及残疾金额外给付金额(澳门元)☯Montante (em patacas) da prestação extraordinária da pensão para idosos e da pensão de invalidez do regime da segurança social por ano☯Expenditure on the additional payment of Social Security System’s old-age and disability pension in the year (patacas)","社會保障基金,社会保障基金,Fundo de Segurança Social,Social Security Fund","1","0","0","System.Object[]","25","47","2026-09-01 17:05:01","以年度方式提供在相關曆年內，養老金及殘疾金額外給付金額☯以年度方式提供在相关历年内，养老金及残疾金额外给付金额☯Prestação anual do montante da prestação extraordinária da pensão para idosos e da pensão de invalidez do regime da segurança social durante o respectivo ano civil☯Available on an annual basis, the expenditure on the additional payment of old-age and disability pension in the relevant calendar year."
"adb5e9ad-3462-45e5-980b-4775949dcf77","按貨幣分類的本地私人部門信貸 ☯按货币分类的本地私人部门信贷☯CRÉDITO INTERNO AO SECTOR PRIVADO POR MOEDA☯DOMESTIC CREDIT TO THE PRIVATE SECTOR BY CURRENCY","澳門金融管理局,澳門金融管理局,AMCM,AMCM","1","0","0","System.Object[]","15","38","2026-09-03 17:09:32","由1984年至今按貨幣分類的本地私人部門信貸，包括貸款及墊款、銀行承兌匯票及票據貼現，以及澳門金融投資。自2013年10月起，其他貨幣並不包括人民幣和美元。金融投資包括債務證券及股權投資。☯由1984年至今按货币分类的本地私人部门信贷，包括贷款及垫款、银行承兑汇票及票据贴现，以及澳门金融投资。自2013年10月起，其他货币并不包括人民币和美元。金融投资包括债务证券及股权投资。☯Mostra-se o crédito interno ao sector privado por moeda decorrido desde de 1984 até à presente data, incluindo empréstimos e adiantamentos, letras descontadas e outros efeitos e aplicações financeiras. A partir de Outubro de 2013, outras moedas não incluem RMB e USD. As aplicações financeiras incluem os títulos de dívida e investimentos no capital.☯Mostra-se o crédito interno ao sector privado por moeda decorrido desde de 1984 até à presente data, incluindo empréstimos e adiantamentos, letras descontadas e outros efeitos e aplicações financeiras. A partir de Outubro de 2013, outras moedas não incluem RMB e USD. As aplicações financeiras incluem os títulos de dívida e investimentos no capital."
"adcc9c8d-77d7-4dba-9811-f697d299393d","網上辦理社團及財團證明書申請量☯网上办理社团及财团证明书申请量☯Número de pedidos online de certificados de associações e fundações☯Statistics on online applications for the Certificate of Association and Foundation","身份證明局,身份证明局,Direcção dos Serviços de Identificação,Identification Bureau","1","0","0","System.Object[]","14","46","2026-01-29 11:20:45","經商社通辦理社團及財團證明書的申請量☯经商社通办理社团及财团证明书的申请量☯Número de pedidos de Certificados de associações e fundações apresentados através da Plataforma para Empresas e Associações☯Number of applications for Certificate of Association and Foundation completed on Business and Associations Platform"
"add0fa13-cd09-4786-a953-de909952edee","季度新增強制性制度登錄受益人數目☯季度新增强制性制度登录受益人数目☯Número de novos beneficiários inscritos no regime obrigatório por trimestre☯Number of beneficiaries newly enrolled under the obligatory system in the quarter","社會保障基金,社会保障基金,Fundo de Segurança Social,Social Security Fund","1","0","0","System.Object[]","38","59","2026-07-20 16:59:29","以季度方式提供在相關季度的期間內，新登錄成為強制性制度受益人的數目。☯以季度方式提供在相关季度的期间内，新登录成为强制性制度受益人的数目。☯A prestação trimestral do número de novos beneficiários inscritos no regime obrigatório durante o respectivo trimestre.☯Available on a quarterly basis, the number of beneficiaries newly enrolled under the obligatory system in the relevant quarter."
"ae018aeb-8058-44e7-acd2-e8986638d717","交通意外死亡事故(人數)☯交通意外死亡事故(人數)☯Número de mortes em acidentes de viação (pessoas)☯Traffic accident fatalities (no. of persons)","治安警察局,治安警察局,CPSP,CPSP","1","0","0","System.Object[]","67","101","2026-02-06 15:08:02","交通意外死亡事故(人數)☯交通意外死亡事故(人數)☯Número de mortes em acidentes de viação (pessoas)☯Traffic accident fatalities (no. of persons)"
"ae0e402a-6e67-4cf7-96cb-c38b9df5ae7a","屬已建成 (正進行驗樓) 階段的住宅資料☯属已建成 (正进行验楼) 阶段的住宅资料☯Informações sobre os empreendimentos habitacionais construídos (em vistoria)☯Residential information at the stage of completed (building inspection in progress)","土地工務局,土地工務局,DSSCU,DSSCU","1","0","0","System.Object[]","55","109","2026-07-29 17:12:58","於參考期間仍處於已建成(正進行驗樓)階段，該階段指由遞交竣工檢驗申請至獲發使用准照前☯于参考期间仍处于已建成(正进行验楼)阶段，该阶段指由递交竣工检验申请至获发使用准照前☯
Durante o período de referência, os empreendimentos habitacionais encontram-se em fase de conclusão (em vistoria), fase referente ao período compreendido entre a data da apresentação do pedido de vistoria à obra concluída e a da emissão de licença de utilização.☯During the reference period, it is still in the completed (building inspection is in progress) stage, which refers to the period from the submission of the completion inspection application to the issuance of the license for use"
"ae337be1-b599-4932-9344-31fd3d4d28f4","新登記機動車☯新登记机动车☯Veículos com matrículas novas☯Newly Registered Motor Vehicles","交通事務局,交通事务局,Direcção dos Serviços para os Assuntos de Tráfego,Transport Bureau","1","0","0","System.Object[]","26","45","2026-05-22 01:01:03","新登記機動車☯新登记机动车☯Veículos com matrículas novas
☯Newly Registered Motor Vehicles
"
"aeb5f3fd-b8d7-4562-8f4f-f28764eb7c9a","獲頒發體育獎金獎狀資料☯获颁發体育奖金奖状资料☯ ☯Bonuses and Certificates of Merit in Sports","體育局,体育局,Instituto do Desporto,Sports Bureau","1","0","0","System.Object[]","80","143","2025-03-27 17:21:36","獲頒發體育獎金獎狀人數☯获颁發体育奖金奖状人数☯ ☯Number of people awarded bonuses and certificate of merit
"
"aed09b15-caec-4c70-ab11-659c9e1b04d5","專項食品調查報告☯专项食品调查报告☯Relatório de investigação de produtos alimentares específicos☯Reports on targeted food surveillance","市政署,市政署,Instituto para os Assuntos Municipais,Municipal Affairs Bureau","1","0","0","System.Object[]","14","30","2026-07-01 13:01:05","列出專項食品調查的檢測樣本及數據☯列出专项食品调查的检测样本及数据☯Indicar as amostras submetidas a teste e os dados da investigação de produtos alimentares específicos☯List of random samples and data on targeted food surveillance"
"aee0fdc7-9873-4b64-bc2d-bb0508d50bc0","季度任意性制度供款總金額（澳門元）☯季度任意性制度供款总金额（澳门元）☯Montante total das contribuições do regime facultativo por trimestre (MOP)☯Total amount of contributions received under the arbitrary system in the quarter (patacas)","社會保障基金,社会保障基金,Fundo de Segurança Social,Social Security Fund","1","0","0","System.Object[]","36","55","2026-07-20 16:59:42","以季度方式提供在相關季度的期間內，任意性制度供款的總收納金額。☯以季度方式提供在相关季度的期间内，任意性制度供款的总收纳金额。☯A prestação trimestral do montante totalmente cobrado das contribuições do regime facultativo dentro do respectivo trimestre.☯Available on a quarterly basis, the total amount of contributions received under the arbitrary system in the relevant quarter."
"af282331-112f-44b4-ac91-8d2850144952","澳門高等院校教學人員人數統計─按院校劃分☯澳门高等院校教学人员人数统计─按院校划分☯Dados estatísticos do número de docentes das instituições do ensino superior de Macau (classificados por instituições do ensino superior)☯-","教育及青年發展局,教育及青年发展局,Direcção dos Serviços de Educação e de Desenvolvimento da Juventude,Education and Youth Development Bureau","1","0","0","System.Object[]","16","40","2025-12-15 16:03:04","按學年方式，提供按院校劃分的澳門高等院校教學人員人數。☯按学年方式，提供按院校划分的澳门高等院校教学人员人数。☯Número de docentes das instituições do ensino superior de Macau (classificados por instituições do ensino superior), calculado de acordo com o ano lectivo.☯-"
"af32c417-8135-4e60-bf05-ecb24e78afcf","按供款制度及行業劃分有供款的新登錄受益人數目☯按供款制度及行业划分有供款的新登录受益人数目☯Novos beneficiários que efectuaram contribuições, classificados segundo o regime de contribuições e ramos de actividade económica☯New beneficiaries who made contributions, classified according to the contribution regime and branches of economic activity","社會保障基金,社会保障基金,Fundo de Segurança Social,Social Security Fund","1","0","0","System.Object[]","17","37","2026-09-02 10:15:13","按供款制度及行業劃分有供款的新登錄受益人數目☯按供款制度及行业划分有供款的新登录受益人数目☯Novos beneficiários que efectuaram contribuições, classificados segundo o regime de contribuições e ramos de actividade económica☯New beneficiaries who made contributions, classified according to the contribution regime and branches of economic activity"
"af4a12cf-7e30-4400-b591-0797eb3bba93","離境航班準點率☯离境航班准点率☯Taxa de pontualidade de voo de partida☯On-time rate of departure flight","民航局,民航局,Autoridade de Aviação Civil,Civil Aviation Authority","1","0","0","System.Object[]","176","304","2026-07-03 18:15:10","離境航班準點率☯离境航班准点率☯Taxa de pontualidade de voo de partida☯On-time rate of departure flight"
"af5492e6-4613-4995-8ee1-30f6f6284b3e","社區醫療衛生 (衛生中心)按歲組劃分的衛生中心門診人次☯社区医疗卫生 (卫生中心)按岁组划分的卫生中心门诊人次☯Número de consultas externas dos centros de saúde consoante grupo etário, na área de cuidados de saúde comunitários(centros de saúde)  ☯社區醫療衛生 (衛生中心)按歲組劃分的衛生中心門診人次","衛生局,卫生局,Serviços de Saúde,Health Bureau","1","0","0","System.Object[]","103","81","2024-12-19 14:59:39","社區醫療衛生 (衛生中心)按歲組劃分的衛生中心門診人次☯社区医疗卫生 (卫生中心)按岁组划分的卫生中心门诊人次☯Número de consultas externas dos centros de saúde consoante grupo etário, na área de cuidados de saúde comunitários(centros de saúde)  ☯社區醫療衛生 (衛生中心)按歲組劃分的衛生中心門診人次"
"afcfdf6b-398e-467d-a173-5ac43e9968ae","職業技能鑑定統計資料☯职业技能鉴定统计资料☯Estatísticas de avaliação da qualificação profissional☯Statistics of vocational skill evaluation","勞工事務局,劳工事务局,Direcção dos Serviços para os Assuntos Laborais,Labour Affairs Bureau","1","0","0","System.Object[]","251","107","2026-08-28 12:50:57","職業技能鑑定統計資料☯职业技能鉴定统计资料☯Estatísticas de avaliação da qualificação profissional☯Statistics of vocational skill evaluation"
"afd76393-a28f-4390-a033-8725b7e2b480","年度有繳納任意性制度供款的受益人數目☯年度有缴纳任意性制度供款的受益人数目☯Número de beneficiários com contribuições do regime facultativo por ano☯Number of beneficiaries who have paid contributions under the arbitrary system in the year","社會保障基金,社会保障基金,Fundo de Segurança Social,Social Security Fund","1","0","0","System.Object[]","22","44","2026-09-01 17:00:51","以年度方式提供在相關曆年內，有繳納任意性制度供款的受益人數目。☯以年度方式提供在相关历年内，有缴纳任意性制度供款的受益人数目。☯A prestação anual do número de beneficiários com contribuições do regime facultativo durante o respectivo ano.☯Available on an annual basis, the number of beneficiaries who have paid contributions under the arbitrary system in the relevant calendar year."
"affdd689-6fc8-496d-8c29-b96cbfcb1571","澳門高等院校註冊學生人數統計—按學科範疇劃分☯澳门高等院校注册学生人数统计—按学科范畴划分☯Estatística do número de estudantes inscritos nas instituições de ensino superior de Macau - por área disciplinar☯ ","教育及青年發展局,教育及青年发展局,Direcção dos Serviços de Educação e de Desenvolvimento da Juventude,Education and Youth Development Bureau","1","0","0","System.Object[]","15","28","2025-12-15 16:02:18","按學年方式，提供按學科範疇劃分的澳門高等院校註冊學生人數☯按学年方式，提供按学科范畴划分的澳门高等院校注册学生人数☯Número de estudantes inscritos nas instituições de ensino superior de Macau, por área disciplinar e por ano lectivo.☯ "
"b073f3eb-0e6c-4d2d-b4d2-9664a2fdf785","澳門票據交換所統計－退還票據☯澳门票据交换所统计－退还票据☯MOVIMENTO NA CÂMARA DE COMPENSAÇÃO DE MACAU - TÍTULOS DEVOLVIDOS ☯MACAO CLEARING HOUSE OPERATIONS - CHEQUES AND BILLS RETURNED","澳門金融管理局,澳門金融管理局,AMCM,AMCM","1","0","0","System.Object[]","16","37","2026-09-03 17:04:39","由1999年至今的澳門元及港元退還票據的數據，包括數目及價值。☯由1999年至今的澳门元及港元退还票据的数据，包括数目及价值。☯Mostram-se os dados relativos aos títulos devolvidos em patacas ou em dólares de Hong Kong registados desde 1999 até ao presente momento, incluindo número e valor.☯Mostram-se os dados relativos aos títulos devolvidos em patacas ou em dólares de Hong Kong registados desde 1999 até ao presente momento, incluindo número e valor."
"b149bb1b-1d38-4263-a8bc-c9ddcef1da7f","《統計年刊 2024》疾病預防及控制中心 蚊的控制工作☯《統計年刊 2024》疾病預防及控制中心 蚊的控制工作☯CENTRO DE PREVENÇÃO E CONTROLO DA DOENÇA Controlo de Mosquitos☯CENTRO DE PREVENÇÃO E CONTROLO DA DOENÇA Controlo de Mosquitos","衛生局,卫生局,Serviços de Saúde,Health Bureau","1","0","0","System.Object[]","12","27","2025-10-28 17:40:53","《統計年刊 2024》疾病預防及控制中心 蚊的控制工作☯《統計年刊 2024》疾病預防及控制中心 蚊的控制工作☯CENTRO DE PREVENÇÃO E CONTROLO DA DOENÇA Controlo de Mosquitos☯CENTRO DE PREVENÇÃO E CONTROLO DA DOENÇA Controlo de Mosquitos"
"b18793dc-b452-4732-88c7-9cc72b4eb99c","《統計年刊 2024》專科醫療衛生範疇按專科劃分的手術人次☯《統計年刊 2024》專科醫療衛生範疇按專科劃分的手術人次☯CUIDADOS DE SAÚDE DIFERENCIADOS N.º de intervenções cirúrgicas por especialidade ☯CUIDADOS DE SAÚDE DIFERENCIADOS N.º de intervenções cirúrgicas por especialidade ","衛生局,卫生局,Serviços de Saúde,Health Bureau","1","0","0","System.Object[]","13","24","2025-10-28 17:41:32","《統計年刊 2024》專科醫療衛生範疇按專科劃分的手術人次☯《統計年刊 2024》專科醫療衛生範疇按專科劃分的手術人次☯CUIDADOS DE SAÚDE DIFERENCIADOS N.º de intervenções cirúrgicas por especialidade ☯CUIDADOS DE SAÚDE DIFERENCIADOS N.º de intervenções cirúrgicas por especialidade "
"b1907340-eebf-4872-ba2f-ca74f0484a3c","道路工程執行情況☯道路工程執行情況☯Obras Viárias e respectiva execuçã☯Obras Viárias e respectiva execuçã","交通事務局,交通事务局,Direcção dos Serviços para os Assuntos de Tráfego,Transport Bureau","1","0","0","System.Object[]","43","117","2026-05-27 13:01:13","道路工程執行情況☯道路工程执行情况☯Obras Viárias e respectiva execuçã☯Obras Viárias e respectiva execuçã"
"b1ac4673-f2ce-4188-94de-7891cdc24b13","狗糞收集點☯狗粪收集点☯Pontos de recolha de excrementos de cão☯Dog excreta collection points","市政署,市政署,Instituto para os Assuntos Municipais,Municipal Affairs Bureau","1","1","0","System.Object[]","72","194","2026-05-28 10:00:04","提供各區狗糞收集點的使用及位置資訊。☯提供各区狗粪收集点的使用及位置信息。☯Informações disponíveis sobre o uso e a localização dos pontos de recolha de excrementos de cão de diversas zonas☯Provide information about the use and locations of dog excreta collection points in different districts"
"b1d4d29c-8eff-43d1-8f21-0db38a1c6240","輸入原水量☯输入原水量☯Volume de Água Bruta Importada☯Volume of Imported Raw Water","海事及水務局,海事及水務局,DSAMA,DSAMA","1","0","0","System.Object[]","52","132","2026-09-08 12:09:25","自2006年1月起從珠海輸入至澳門的原水量統計。☯自2006年1月起从珠海输入至澳门的原水量统计。☯Dados estatísticos do volume de água bruta de Zhuhai a Macau desde Janeiro de 2006☯Statistics on the volume of raw water supplied from Zhuhai to Macao since January 2006"
"b2272848-ee21-4ada-a5a6-445f85682520","2023年接收建議、投訴及異議個案列表☯2023年接收建议、投诉及异议个案☯Os casos sobre sugestões, queixas e reclamações recebidas em 2023☯Receive suggestions, complaints and objection cases in 2023","勞工事務局,劳工事务局,Direcção dos Serviços para os Assuntos Laborais,Labour Affairs Bureau","1","0","0","System.Object[]","36","78","2024-04-10 18:18:24","勞工事務局每年接收之建議、投訴及異議個案分類☯劳工事务局每年接收之建议、投诉及异议个案分类☯Classificação das sugestões, queixas e reclamações recebidas anualmente pela Direcção dos Serviços para os Assuntos Laborais☯Classification of suggestions, complaints and objections received by the Labor Affairs Bureau each year"
"b2290058-1cc9-4933-9bae-15af56552e5d","食品預警☯食品预警☯Alerta alimentar☯Food alerts","市政署,市政署,Instituto para os Assuntos Municipais,Municipal Affairs Bureau","1","1","0","System.Object[]","15","41","2026-09-14 17:00:34","有關本澳有關食品預警的資訊☯有关本澳有关食品预警的资讯☯Informações sobre alertas alimentares em Macau☯Information related to food alerts in Macao"
"b22af4d3-722a-4080-aac8-580737df9f30","藥劑專業人員數目☯药剂专业人员数目☯Número de profissionais farmacêuticos☯-","藥物監督管理局,药物监督管理局,ISAF,ISAF","1","0","0","System.Object[]","22","46","2026-01-30 15:21:44","本澳藥劑師、中藥師及藥房技術助理數目☯本澳药剂师、中药师及药房技术助理数目☯Número de farmacêuticos, farmacêuticos de medicina tradicional chinesa e ajudantes técnicos de farmácia em Macau☯-"
"b241571f-fd72-444c-aa1d-53d021462501","留宿旅客人均購物消費☯留宿旅客人均购物消费☯Despesa per capita dos turistas em compras☯ ","統計暨普查局,统计暨普查局,Direcção dos Serviços de Estatística e Censos,Statistics and Census Service","0","1","0","System.Object[]","0","32","2025-12-09 11:12:47","留宿旅客在購物方面的消費，包括購買作自用或送贈他人的商品及服務。☯留宿旅客在购物方面的消费，包括购买作自用或送赠他人的商品及服务。☯Refere-se à despesa dos turistas em compras. Inclui-se a despesa em compras de bens e serviços quer para consumo próprio, quer para oferta a outrem.☯ "
"b2867ad6-33e2-4229-ba84-499ad1031643","澳門消費爭議調解及仲裁中心調解個案數據☯澳门消费争议调解及仲裁中心调解个案数据☯Dados sobre os casos de mediação tratados pelo Centro de Mediação e de Arbitragem de Conflitos de Consumo de Macau☯Data of mediation cases at Macao Consumer Mediation and Arbitration Centre","經濟及科技發展局,经济及科技发展局,Direcção dos Serviços de Economia e Desenvolvimento Tecnológico,Macao Economic Bureau","1","0","0","System.Object[]","1","32","2024-12-31 12:37:03","澳門消費爭議調解及仲裁中心調解個案數據
☯澳门消费争议调解及仲裁中心调解个案数据
☯Dados sobre os casos de mediação tratados pelo Centro de Mediação e de Arbitragem de Conflitos de Consumo de Macau
☯Data of mediation cases at Macao Consumer Mediation and Arbitration Centre
"
"b31b107d-f862-4138-8b2d-d66abc9832d5","販賣及吸食毒品案件宗數及送交檢察院人數☯贩卖及吸食毒品案件宗数及送交检察院人数☯Número de processos instaurados relativos a tráfico e consumo de droga e número de indivíduos presentes ao Ministério Público☯Number of drug trafficking and drug taking cases and persons transferred to the Public Prosecutions Office","司法警察局,司法警察局,PJ,PJ","1","0","0","System.Object[]","31","58","2026-08-13 14:56:44","販賣及吸食毒品案件宗數及送交檢察院人數☯贩卖及吸食毒品案件宗数及送交检察院人数☯Número de processos instaurados relativos a tráfico e consumo de droga e número de indivíduos presentes ao Ministério Público☯Number of drug trafficking and drug taking cases and persons transferred to the Public Prosecutions Office"
"b37c3a63-75da-4dcf-bbc5-5d2a20b75434","季度新增任意性制度登錄受益人數目☯季度新增任意性制度登录受益人数目☯Número de novos beneficiários inscritos no regime facultativo por trimestre☯Number of new beneficiaries of the arbitrary system in the quarter","社會保障基金,社会保障基金,Fundo de Segurança Social,Social Security Fund","1","0","0","System.Object[]","32","55","2026-07-20 16:59:36","以季度方式提供在相關季度的期間內，新登錄成為任意性制度的受益人數目。☯以季度方式提供在相关季度的期间内，新登录成为任意性制度的受益人数目。☯A prestação trimestral do número de novos beneficiários inscritos no regime facultativo durante o respectivo trimestre.☯Number of beneficiaries newly enrolled under the arbitrary system in the quarter."
"b3c1b91c-656c-4c44-87f2-59f0757876c2","各區用電量☯各区用电量☯Consumo de Energia Eléctrica por Área Geográfica☯Consumo de Energia Eléctrica por Área Geográfica","環境保護局,环境保护局,Direcção dos Serviços de Protecção Ambiental,Environmental Protection Bureau","0","1","0","System.Object[]","0","181","2024-06-11 10:18:54","各區用電量☯各区用电量☯Consumo de Energia Eléctrica por Área Geográfica☯Consumo de Energia Eléctrica por Área Geográfica"
"b3ca1f6d-ed32-4caa-8f70-bffa92d26283","《統計年刊 2024》專科醫療衛生範疇按歲組劃分的門診人次☯《統計年刊 2024》專科醫療衛生範疇按歲組劃分的門診人次☯CUIDADOS DE SAÚDE DIFERENCIADOS N.º de consultas externas por grupo etário☯CUIDADOS DE SAÚDE DIFERENCIADOS N.º de consultas externas por grupo etário","衛生局,卫生局,Serviços de Saúde,Health Bureau","1","0","0","System.Object[]","13","35","2025-10-28 17:39:35","《統計年刊 2024》專科醫療衛生範疇按歲組劃分的門診人次☯《統計年刊 2024》專科醫療衛生範疇按歲組劃分的門診人次☯CUIDADOS DE SAÚDE DIFERENCIADOS N.º de consultas externas por grupo etário☯CUIDADOS DE SAÚDE DIFERENCIADOS N.º de consultas externas por grupo etário"
"b44118e9-4941-4244-b1c6-2a7b434b2af1","2024年度社會住宿設施傳染病定點監測☯2024年度社會住宿設施傳染病定點監測☯Vigilância-sentinela das doenças transmissíveis nos equipamentos sociais com serviço de internamento☯Sentinel Surveillance of Infectious Diseases in Social Residential Institutions Report","衛生局,卫生局,Serviços de Saúde,Health Bureau","1","0","0","System.Object[]","11","48","2025-10-30 15:05:34","2024年度社會住宿設施傳染病定點監測☯2024年度社會住宿設施傳染病定點監測☯Vigilância-sentinela das doenças transmissíveis nos equipamentos sociais com serviço de internamento☯Sentinel Surveillance of Infectious Diseases in Social Residential Institutions
Report"
"b4839bbb-546b-4cc0-877d-c95e74a126a3","ISBN 澳門出版者名錄☯ISBN 澳门出版者名录☯ISBN Lista do Editor de Macau☯ISBN Lista do Editor de Macau","文化局,文化局,Instituto Cultural,Cultural Affairs Bureau","0","1","0","System.Object[]","0","50","2025-03-20 16:32:49","提供澳門出版者的信息
☯提供澳门出版者的信息
☯Fornecer informações sobre os editores de Macau
☯Fornecer informações sobre os editores de Macau
"
"b485d9c8-0c25-438c-ac9b-58fe35b90c50","服務中心☯服务中心☯Centros de prestação de serviços ao público☯Public services centres","市政署,市政署,Instituto para os Assuntos Municipais,Municipal Affairs Bureau","1","1","0","System.Object[]","35","169","2026-06-12 10:00:10","提供市政署服務中心的相關資訊。☯提供市政署服务中心的相关资讯。☯Fornecimento de informações sobre centros de prestação de serviços ao público.☯Provision of relevant information about IAM public service centres."
"b4fa6540-4295-4bf6-81d3-3377dd013fa1","酒吧資料☯酒吧资料☯Bares☯Bars","旅遊局,旅游局,Direcção dos Serviços de Turismo,Macao Government Tourism Office","1","1","0","System.Object[]","1910","4154","2026-09-02 07:35:03","已領有牌照之實體 - 酒吧資料
☯已领有牌照之实体 - 酒吧资料☯Informações dos entidades licenciadas - Bares☯Information of licensed entities - Bars "
"b556d624-d01b-42cd-8919-e1829f14aedb","社區醫療衛生 (其他)私人醫務活動場所數目☯社区医疗卫生 (其他)私人医务活动场所数目☯Número de estabelecimentos de actividade privada de prestação de cuidados de saúde, na área de cuidados de saúde comunitários (outros)☯社區醫療衛生 (其他)私人醫務活動場所數目","衛生局,卫生局,Serviços de Saúde,Health Bureau","1","0","0","System.Object[]","84","73","2024-12-19 14:59:58","社區醫療衛生 (其他)私人醫務活動場所數目☯社区医疗卫生 (其他)私人医务活动场所数目☯Número de estabelecimentos de actividade privada de prestação de cuidados de saúde, na área de cuidados de saúde generalizados (outros) ☯社區醫療衛生 (其他)私人醫務活動場所數目"
"b55ffc73-f8ff-4b36-a9bc-cca64186395f","澳門特別行政區立法會選舉結果 - 直接選舉當選候選人☯澳门特别行政区立法会选举结果 - 直接选举当选候选人☯Resultado das eleições legislativas da Região Administrativa Especial de Macau – candidatos eleitos por sufrágio directo☯Resultado das eleições legislativas da Região Administrativa Especial de Macau – candidatos eleitos por sufrágio directo","行政公職局,行政公职局,Direcção dos Serviços de Administração e Função Pública,Public Administration and Civil Service Bureau","1","0","0","System.Object[]","32","57","2026-02-02 12:21:10","由2001年至今，澳門特別行政區立法會選舉，直接選舉當選候選人☯由2001年至今，澳门特别行政区立法会选举，直接选举当选候选人☯Candidatos eleitos por sufrágio directo das eleições legislativas da Região Administrativa Especial de Macau, de 2001 até ao presente☯Candidatos eleitos por sufrágio directo das eleições legislativas da Região Administrativa Especial de Macau, de 2001 até ao presente"
"b592a9c4-6fd5-4c71-97df-b6601b2e0d41","強烈季候風信號☯强烈季侯风信号☯Sinal de ventos fortes de monção☯Strong Monsoon Signal","地球物理氣象局,地球物理气象局,irecção dos Serviços Meteorológicos e Geofísicos,Meteorological and Geophysical Bureau","0","0","1","System.Object[]","0","157","2023-12-05 17:11:39","提供現時生效的強烈季侯風信號。☯提供现时生效的强烈季侯风信号。☯Informações sobre sinal de ventos fortes de monção em vigor.☯Provide Strong Monsoon signal in force."
"b633350f-b89e-48f7-8c2c-5910346f28ed","期末互聯網用戶☯期末互联网用户☯Assinantes de internet no fim do período☯Internet subscribers at end-period","統計暨普查局,统计暨普查局,Direcção dos Serviços de Estatística e Censos,Statistics and Census Service","0","1","0","System.Object[]","0","31","2025-11-14 17:20:16","向電訊供應商登記使用互聯網服務使用者數目。☯向电讯供应商登记使用互联网服务使用者数目。☯Número de assinantes registados nas operadoras de telecomunicações que usam os serviços de internet.☯Number of subscribers registered to internet service of telecommunications providers."
"b646fdb0-a8f5-4c7c-8ea0-0265175bead8","雙學位課程項目清單☯双学位课程项目清单☯Lista dos cursos de duplo grau académico☯List of Dual degree programme ","澳門理工大學,澳门理工大学,Universidade Politécnica de Macau,Macao Polytechnic University","1","0","0","System.Object[]","15","31","2025-08-15 10:17:46","澳門理工大學開辦之雙學位課程清單。☯澳门理工大学开办之双学位课程清单。☯Lista dos cursos de duplo grau académico ministrados pela Universidade Politécnica de Macau.☯List of dual degree programme provided by Macau Polytechnic University."
"b704058a-8289-4e49-9aff-6590c4426f38","互聯網接入服務的總用戶數☯互联网接入服务的总用户数☯Número total de subscritores do serviço de acesso à Internet☯Total number of Internet access service subscribers","郵電局,郵電局,CTT,CTT","1","0","0","System.Object[]","347","212","2026-08-31 17:02:26","自2002年3月起的澳門互聯網接入服務的總用戶數（2006年1月起的數值包括撥號、寬頻、綜合網及私人租用線路之總用戶數）☯自2002年3月起的澳门互联网接入服务的总用户数（2006年1月起的数值包括拨号、宽带、综合网及私人租用线路之总用户数）☯Número total de subscritores do serviço de acesso à Internet desde Março de 2002 (os valores desde Janeiro de 2006 incluem o número total de utilizadores de “Dial-up”, banda larga, ISDN e circuitos alugados)☯Total number of Internet access service subscribers of Macao since March 2002 (Figures include dial up, broadband, ISDN and Direct Internet Access users since January 2006)"
"b74c2cfb-1f5b-43ef-81f3-0cc82fddebaa","《統計年刊 2024》疾病預防及控制中心 十大癌症新增個案☯《統計年刊 2024》疾病預防及控制中心 十大癌症新增個案☯CENTRO DE PREVENÇÃO E CONTROLO DA DOENÇA Os dez primeiros novos casos de cancro☯CENTRO DE PREVENÇÃO E CONTROLO DA DOENÇA Os dez primeiros novos casos de cancro","衛生局,卫生局,Serviços de Saúde,Health Bureau","1","0","0","System.Object[]","14","28","2025-10-28 17:37:30","《統計年刊 2024》疾病預防及控制中心 十大癌症新增個案☯《統計年刊 2024》疾病預防及控制中心 十大癌症新增個案☯CENTRO DE PREVENÇÃO E CONTROLO DA DOENÇA Os dez primeiros novos casos de cancro☯CENTRO DE PREVENÇÃO E CONTROLO DA DOENÇA Os dez primeiros novos casos de cancro"
"b770b0dd-b028-4a34-aa40-d14a601a29da","《統計年刊 2024》社區醫療衛生範疇 - 其他 捐血者概況☯《統計年刊 2024》社區醫療衛生範疇 - 其他 捐血者概況☯CUIDADOS DE SAÚDE COMUNITÁRIOS - OUTROS Situação dos Dadores☯CUIDADOS DE SAÚDE COMUNITÁRIOS - OUTROS Situação dos Dadores","衛生局,卫生局,Serviços de Saúde,Health Bureau","1","0","0","System.Object[]","11","24","2025-10-28 17:41:23","《統計年刊 2024》社區醫療衛生範疇 - 其他 捐血者概況☯《統計年刊 2024》社區醫療衛生範疇 - 其他 捐血者概況☯CUIDADOS DE SAÚDE COMUNITÁRIOS - OUTROS Situação dos Dadores☯CUIDADOS DE SAÚDE COMUNITÁRIOS - OUTROS Situação dos Dadores"
"b79a4137-1df4-42c3-8a18-c85c829abbba","《統計年刊 2024》人力資源 衛生局人員數目☯《統計年刊 2024》人力資源 衛生局人員數目☯RECURSOS HUMANOS N.º de trabalhadores dos Serviços de Saúde☯RECURSOS HUMANOS N.º de trabalhadores dos Serviços de Saúde","衛生局,卫生局,Serviços de Saúde,Health Bureau","1","0","0","System.Object[]","22","29","2025-10-28 17:37:00","《統計年刊 2024》人力資源 衛生局人員數目☯《統計年刊 2024》人力資源 衛生局人員數目☯RECURSOS HUMANOS N.º de trabalhadores dos Serviços de Saúde☯RECURSOS HUMANOS N.º de trabalhadores dos Serviços de Saúde"
"b7a0a0c8-d92e-4a9d-85eb-8ac2e8f74d25","拯救工作宗數☯拯救工作宗数☯Casos de tarefas de salvamento☯Number of rescue work cases","消防局,消防局,CB,CB","1","0","0","System.Object[]","24","41","2024-10-14 12:44:15","根據經第18/2016號行政法規重新公佈的第24/2001號行政法規《消防局組織及運作》，消防局任務包括：在發生火災、水災、倒塌等一切危及人命或人身完整以及財產之災難時提供救助等。 
因此，為持續優化消防局的滅火救援工作，本局會定期將收集到的救援車輛出勤資料進行整合分析，以便製作更具針對性救援及宣教方案。
☯根据经第18/2016号行政法规重新公布的第24/2001号行政法规《消防局组织及运作》，消防局任务包括：在发生火灾、水灾、倒塌等一切危及人命或人身完整以及财产之灾难时提供救助等。 
因此，为持续优化消防局的灭火救援工作，本局会定期将收集到的救援车辆出勤数据进行整合分析，以便制作更具针对性救援及宣教方案。
☯De acordo com o Regulamento Administrativo n.º 24/2001 - Organização e funcionamento do Corpo de Bombeiros, republicado pelo Regulamento Administrativo n.º 18/2016, o Corpo de Bombeiros tem como missão prestar socorro em caso de incêndios, inundações, desabamentos e, de uma maneira geral, em todos os sinistros que ponham em risco a vida e/ou integridade física das pessoas, bem como os seus haveres. Com o objectivo de optimizar constantemente as tarefas de combate a incêndios e socorro do Corpo de Bombeiros, esta Corporação irá proceder à integração e à análise dos dados de saída de veículos de socorro que foram recolhidos periodicamente, no sentido de elaborar os planos mais específicos de socorro e sensibilização e educação. De acordo com o Regulamento Administrativo n.º 24/2001 - Organização e funcionamento do Corpo de Bombeiros, republicado pelo Regulamento Administrativo n.º 18/2016, o Corpo de Bombeiros tem como missão prestar socorro a sinistrados e a doentes, em estado de emergência. Com o intuito de optimizar constantemente os trabalhos dos serviços de emergência médica do Corpo de Bombeiros, esta Corporação irá proceder à integração e à análise dos dados de saída de ambulâncias que foram recolhidos periodicamente, no sentido de elaborar os planos mais específicos de emergência médica e sensibilização e educação.☯According to Administrative Regulation No. 24/2001 ""Organization and Operation of the Fire Department"" re-published by Administrative Regulation No. 18/2016, the tasks of the Fire Department include: in the event of fire, flood, collapse and other disasters that endanger human life or personal integrity as well as property. Provide assistance when necessary. 
Therefore, in order to continue to optimize the firefighting and rescue work of the fire department, the bureau will regularly integrate and analyze the collected rescue vehicle attendance data in order to develop more targeted rescue and education plans.
"
"b7a0fd10-6f61-47d6-afa1-21537c2020c7","自助辦理澳門特區永久性居民身份證續期申請量☯自助办理澳门特区永久性居民身份证续期申请量☯Número de pedidos de renovação do BIR permanente da RAEM através de auto-atendimento☯Statistics on self-service applications for Macao SAR Permanent Resident Identity Card renewal","身份證明局,身份证明局,Direcção dos Serviços de Identificação,Identification Bureau","1","0","0","System.Object[]","27","52","2026-01-29 11:21:06","經自助服務機辦理澳門特區永久性居民身份證續期申請量☯经自助服务机办理澳门特区永久性居民身份证续期申请量☯Número de pedidos de renovação do BIR permanente da RAEM apresentados através dos quiosques de auto-atendimento☯Number of applications for renewal of Macao SAR permanent resident identity card completed at self-service kiosk"
"b7a3b50b-ad05-4851-8822-cca41c4fe14b","動物領養及領回統計☯动物领养及领回统计☯Estatísticas sobre a adopção e reclamação de animais☯Statistics on adoption and redemption of animals","市政署,市政署,Instituto para os Assuntos Municipais,Municipal Affairs Bureau","0","1","0","System.Object[]","0","40","2025-05-30 14:35:52","市政署會為流浪或被遺棄的動物配對合適的領養人，亦會通知飼主領回具有身份標識的流浪動物。有關數據將列出每季度從市政署領養或領回的動物數量。☯市政署会为流浪或被遗弃的动物配对合适的领养人，亦会通知饲主领回具有身份标识的流浪动物。有关数据将列出每季度从市政署领养或领回的动物数量。☯O IAM arranjará adoptantes adequados para os animais vadios e abandonados, bem como notificar os donos para reclamarem os animais vadios com identificação. Os dados vão indicar o número de animais adoptados ou reclamados pelo IAM em cada trimestre.☯The Municipal Affairs Bureau (IAM) matches stray and abandoned animals to suitable adopters and notifies the owners to redeem the stray animals with identity tags. The data lists the number of animals adopted or redeemed from IAM for each quarter."
"b7adb807-69b0-417c-ae8b-4604fccb9282","旅行社場所☯旅行社场所☯Estabelecimentos das agências de viagens☯ ","統計暨普查局,统计暨普查局,Direcção dos Serviços de Estatística e Censos,Statistics and Census Service","0","1","0","System.Object[]","0","25","2026-01-26 12:46:28","從事組織和安排旅遊活動的經濟單位。☯从事组织和安排旅游活动的经济单位。☯São agentes económicos que organizam actividades turísticas.☯ "
"b7b15d9b-3b82-4813-9451-f12bb9269b92","《統計年刊 2024》財務管理 預算開支和實際開支☯《統計年刊 2024》財務管理 預算開支和實際開支☯GESTÃO DE RECURSOS FINANCEIROS Dotações orçamentadas e montantes despendidos☯GESTÃO DE RECURSOS FINANCEIROS Dotações orçamentadas e montantes despendidos","衛生局,卫生局,Serviços de Saúde,Health Bureau","1","0","0","System.Object[]","17","37","2025-10-28 17:36:18","《統計年刊 2024》財務管理 預算開支和實際開支☯《統計年刊 2024》財務管理 預算開支和實際開支☯GESTÃO DE RECURSOS FINANCEIROS Dotações orçamentadas e montantes despendidos☯GESTÃO DE RECURSOS FINANCEIROS Dotações orçamentadas e montantes despendidos"
"b7c6dee5-3963-4f1f-b563-2c8010cdd896","《統計年刊 2024》疾病預防及控制中心 環境及食物衛生部採樣工作概況☯《統計年刊 2024》疾病預防及控制中心 環境及食物衛生部採樣工作概況☯CENTRO DE PREVENÇÃO E CONTROLO DA DOENÇA Situação das colheitas de amostras realizadas pelo Núcleo  de Higiene Ambiental e Alimentar☯CENTRO DE PREVENÇÃO E CONTROLO DA DOENÇA Situação das colheitas de amostras realizadas pelo Núcleo  de Higiene Ambiental e Alimentar","衛生局,卫生局,Serviços de Saúde,Health Bureau","1","0","0","System.Object[]","11","25","2025-10-28 17:40:45","《統計年刊 2024》疾病預防及控制中心 環境及食物衛生部採樣工作概況☯《統計年刊 2024》疾病預防及控制中心 環境及食物衛生部採樣工作概況☯CENTRO DE PREVENÇÃO E CONTROLO DA DOENÇA Situação das colheitas de amostras realizadas pelo Núcleo  de Higiene Ambiental e Alimentar☯CENTRO DE PREVENÇÃO E CONTROLO DA DOENÇA Situação das colheitas de amostras realizadas pelo Núcleo  de Higiene Ambiental e Alimentar"
"b7ec5a24-4328-4e80-986b-61cfdbbff4d2","獲發使用准照住宅資料☯获发使用准照住宅资料☯Informações sobre os empreendimentos habitacionais com licença de utilização☯Residential information issued with a license to use","土地工務局,土地工務局,DSSCU,DSSCU","1","0","0","System.Object[]","45","84","2026-07-29 17:13:07","於參考期間獲發使用准照 (俗稱""入伙紙"")的住宅資料☯于参考期间获发使用准照 (俗称""入伙纸"")的住宅资料☯Informações sobre os empreendimentos habitacionais com licença de utilização, emitida durante o período de referência.☯Information on residences that have been licensed for use during the reference period"
"b7ef2411-a129-4979-a1e4-fd072b58c2dc","本地生產總值實質變動率☯本地生产总值实质变动率☯Taxa de variação real do Produto Interno Bruto (PIB)☯GDP changes in real terms","統計暨普查局,统计暨普查局,Direcção dos Serviços de Estatística e Censos,Statistics and Census Service","0","1","0","System.Object[]","37","93","2024-12-30 12:42:49","剔除價格變化因素後的物量變動，用以衡量經濟發展速度。☯剔除价格变化因素后的物量变动，用以衡量经济发展速度。☯É a variação de volume depois de deduzido o efeito da variação de preços, servindo para medir a velocidade do desenvolvimento económico.☯The volume change after eliminating the effect of price change, which is used to measure economic growth."
"b8114892-d23e-44f1-860d-8528f9bbc2ac","住宅樓花樓價指數☯住宅楼花楼价指数☯Índice de preços de habitações em construção ☯Price index for pre-sale residential units","統計暨普查局,统计暨普查局,Direcção dos Serviços de Estatística e Censos,Statistics and Census Service","0","1","0","System.Object[]","41","124","2024-12-30 12:52:05","反映參考期與基期之間住宅樓花單位價格的變動。☯反映参考期与基期之间住宅楼花单位价格的变动。☯Reflecte a variação de preços de fracções autónomas habitacionais em construção entre o período de referência e o período base.☯Reflects the change in prices of pre-sale residential units between the reference period and the base period."
"b81695f0-9b8d-4a06-8433-eeb3dac72c19","已獲許可經營自行駕駛之機動車輛租賃業務的公司資料☯已获许可经营自行驾驶之机动车辆租赁业务的公司资料☯Lista dos aluguer de automóveis☯List of self-drive rent-a-car","旅遊局,旅游局,Direcção dos Serviços de Turismo,Macao Government Tourism Office","1","0","0","System.Object[]","96","117","2026-09-18 08:04:02","已獲許可經營自行駕駛之機動車輛租賃業務的公司資料☯已获许可经营自行驾驶之机动车辆租赁业务的公司资料☯Lista dos aluguer de automóveis
☯List of self-drive rent-a-car"
"b867cde2-8c33-4a07-842b-4cba9d983b7a","陸路口岸跨境汽車流量(架次)☯陆路口岸跨境汽车流量(架次)☯Movimento de automóveis transfronteiriços passados pelos postos fronteiriços terrestres (números)☯Cross-border vehicle flow at land ports (times)","中華人民共和國澳門特別行政區海關,中華人民共和國澳門特別行政區海關,SA,SA","1","1","0","System.Object[]","51","160","2024-07-29 11:31:40","本澳各陸路口岸跨境汽車流量統計 (架次)☯本澳各陆路口跨境汽车流量统计（架次）☯Estatísticas do tráfego transfronteiriço de veículos em vários portos terrestres de Macau (número de veículos)☯Statistics of cross-border vehicle traffic at various land ports in Macao (number of vehicles)"
"b8faaeb3-9192-44aa-8cac-0c9f39116c7e","石油氣耗用量☯石油气耗用量☯Volume de gás de petróleo liquefeito consumido☯Liquefied petroleum gas consumption","統計暨普查局,统计暨普查局,Direcção dos Serviços de Estatística e Censos,Statistics and Census Service","0","1","0","System.Object[]","0","32","2025-11-14 17:22:10","供住戶及場所使用之石油氣消耗量。☯供住户及场所使用之石油气消耗量。☯Volume de gás de petróleo liquefeito consumido pelos agregados familiares e pelos estabelecimentos.☯Consumption of liquefied petroleum gas by households and establishments."
"b90ae8f3-a84c-401a-b3d7-4090ff2b5019","本地居民失業率☯本地居民失业率☯Taxa de desemprego dos residentes☯Unemployment rate of local residents","統計暨普查局,统计暨普查局,Direcção dos Serviços de Estatística e Censos,Statistics and Census Service","0","1","0","System.Object[]","109","225","2025-11-14 17:07:50","失業居民佔勞動居民的百分比。☯失业居民占劳动居民的百分比。☯Proporção dos residentes desempregados em relação aos residentes em actividade.☯Percentage share of the number of unemployed residents to the resident labour force."
"b946196a-46e9-4c7c-8a49-654fee6b7bc9","本地就業居民月工作收入中位數☯本地就业居民月工作收入中位数☯Mediana do rendimento mensal do emprego dos residentes empregados ☯Median monthly employment earnings of employed residents","統計暨普查局,统计暨普查局,Direcção dos Serviços de Estatística e Censos,Statistics and Census Service","0","1","0","System.Object[]","115","225","2025-11-14 17:08:31","在參考期內為賺取報酬、利潤或家庭收入而工作至少一小時的年齡在16歲及以上本地人口。為僱員的工作收入是指工作薪酬，包括薪金、佣金、貼士、超時工作報酬、獎金、津貼、雙糧、花紅、由僱主直接支付的獎賞等。為僱主及自僱人士的工作收入是指由生產總額扣除生產開支及資產折舊後的餘額。☯在参考期内为赚取报酬、利润或家庭收入而工作至少一小时的年龄在16岁及以上本地人口。为雇员的工作收入是指工作薪酬，包括薪金、佣金、贴士、超时工作报酬、奖金、津贴、双粮、花红、由雇主直接支付的奖赏等。为雇主及自雇人士的工作收入是指由生产总额扣除生产开支及资产折旧后的余额。☯Refere-se à população local com idade igual ou superior a 16 anos que, no período de referência, tinha trabalhado pelo menos uma hora, com contrapartida de remuneração, ou com vista a um lucro ou ganho familiar. No caso dos trabalhadores por conta de outrem, o rendimento do emprego coincide com a remuneração do trabalho, incluindo o salário, as comissões, as gorjetas, as remunerações por horas extraordinárias, os prémios, os subsídios, os subsídios de férias e de Natal, as participações nos lucros, os prémios distribuídos aos trabalhadores pela entidade patronal, etc. No caso dos empregadores e dos trabalhadores por conta própria, o rendimento do emprego corresponde ao montante de produção bruta menos as despesas de produção e o valor dos activos produtivos consumidos na criação desse rendimento.☯Employed residents refer to residents aged 16 and above who work for pay, profit or family gain for at least 1 hour during the reference period. For employees, employment earnings refer to income received from employment, which include salaries, commissions, gratuities, overtime pay, bonuses, allowances, double-pay and rewards directly paid by employers, etc. For employers and own-account workers, employment earnings refer to the amount after deducting production costs and depreciation of assets from total production value."
"b951fbee-3988-45f6-8bc3-d6cb5d8cee1f","《統計年刊 2024》疾病預防及控制中心 按地點劃分接受疫苗接種的數目☯《統計年刊 2024》疾病預防及控制中心 按地點劃分接受疫苗接種的數目☯CENTRO DE PREVENÇÃO E CONTROLO DA DOENÇA N.º de Vacinas Administradas por local☯CENTRO DE PREVENÇÃO E CONTROLO DA DOENÇA N.º de Vacinas Administradas por local","衛生局,卫生局,Serviços de Saúde,Health Bureau","1","0","0","System.Object[]","11","23","2025-10-28 17:37:57","《統計年刊 2024》疾病預防及控制中心 按地點劃分接受疫苗接種的數目☯《統計年刊 2024》疾病預防及控制中心 按地點劃分接受疫苗接種的數目☯CENTRO DE PREVENÇÃO E CONTROLO DA DOENÇA N.º de Vacinas Administradas por local☯CENTRO DE PREVENÇÃO E CONTROLO DA DOENÇA N.º de Vacinas Administradas por local"
"b9cda47f-98c9-437c-9656-b008d424cb50","企業創新研發資助計劃－重點研發類項目統計☯企业创新研发资助计划－重点研发类项目统计☯Estatísticas de Financiamento para Empresa - Categoria de Projectos-chave de I&D☯Statistics of Funding for enterprise innovation and R&D - Key R&D Projects","經濟及科技發展局,经济及科技发展局,Direcção dos Serviços de Economia e Desenvolvimento Tecnológico,Macao Economic Bureau","1","0","0","System.Object[]","11","25","2025-12-09 09:13:16","企業創新研發資助計劃－重點研發類項目統計☯企业创新研发资助计划－重点研发类项目统计☯Estatísticas de Financiamento para Empresa - Categoria de Projectos-chave de I&D☯Statistics of Funding for enterprise innovation and R&D - Key R&D Projects"
"b9d8343c-9aa5-4127-b0cf-4b678384921c","《統計年刊 2024》專科醫療衛生範疇十大診斷和治療輔助檢查人次☯《統計年刊 2024》專科醫療衛生範疇十大診斷和治療輔助檢查人次☯CUIDADOS DE SAÚDE DIFERENCIADOS N.º de utentes correspondente aos dez primeiros  diagnósticos e tratamentos complementares☯CUIDADOS DE SAÚDE DIFERENCIADOS N.º de utentes correspondente aos dez primeiros  diagnósticos e tratamentos complementares","衛生局,卫生局,Serviços de Saúde,Health Bureau","1","0","0","System.Object[]","11","27","2025-10-28 17:39:19","《統計年刊 2024》專科醫療衛生範疇十大診斷和治療輔助檢查人次☯《統計年刊 2024》專科醫療衛生範疇十大診斷和治療輔助檢查人次☯CUIDADOS DE SAÚDE DIFERENCIADOS N.º de utentes correspondente aos dez primeiros  diagnósticos e tratamentos complementares☯CUIDADOS DE SAÚDE DIFERENCIADOS N.º de utentes correspondente aos dez primeiros  diagnósticos e tratamentos complementares"
"ba4c5fab-0ede-44b6-9c67-cd7b2be6602b","非強制央積金—政府管理子帳戶款項轉移申請數目及金額☯非强制央积金—政府管理子帐户款项转移申请数目及金额☯Regime de previdência central não obrigatório - Número e valor dos requerimentos de transferência de verbas acerca de subcontas de gestão do Governo☯Non-Mandatory Central Provident Fund — Number and Amount of Fund Transfer Applications for Government-Managed Sub-Accounts","社會保障基金,社会保障基金,Fundo de Segurança Social,Social Security Fund","1","0","0","System.Object[]","18","34","2026-09-01 17:05:31","政府管理子帳戶款項轉出及轉入申請的當年批准申請的數目及金額。☯政府管理子帐户款项转出及转入申请的当年批准申请的数目及金额。☯Número e valor dos requerimentos autorizados no ano em que foram efectuadas as transferências de e para subcontas de gestão do Governo.☯The number and amount of approved applications for transferring funds out of and to the government-managed sub-accounts for the year."
"bb981c13-253f-4c6e-ae15-f026aff4d061","外來直接投資收益☯外来直接投资收益☯Rendimento de investimento directo☯Inward direct investment income","統計暨普查局,统计暨普查局,Direcção dos Serviços de Estatística e Censos,Statistics and Census Service","0","1","0","System.Object[]","0","29","2024-12-30 17:13:11","指從直接投資所賺取的收益。包括已分發利潤、應占的未分發利潤及企業與有聯繫公司之間債務交易的利息。☯指从直接投资所赚取的收益。包括已分发利润、应占的未分发利润及企业与有联系公司之间债务交易的利息。☯Refere-se às receitas provenientes do investimento directo que incluem o lucro distribuído, o lucro detido mas não distribuído e as receitas de dívidas.☯Refers to the earnings received from direct investment, including distributed profits, share of undistributed profits and interests from inter-company debts."
"bbb01ba6-4390-4cb4-9562-6aad98205bcd","旅客人均交通消費☯旅客人均交通消费☯Despesa per capita dos visitantes em transporte☯ ","統計暨普查局,统计暨普查局,Direcção dos Serviços de Estatística e Censos,Statistics and Census Service","0","1","0","System.Object[]","0","80","2025-12-09 11:12:55","旅客在交通方面的人均消費，包括使用各種交通工具如飛機、火車、巴士、出租車等的費用，由旅客或他人（如親友或僱主）支付的消費。☯旅客在交通方面的人均消费，包括使用各种交通工具如飞机、火车、巴士、出租车等的费用，由旅客或他人（如亲友或雇主）支付的消费。☯Refere-se à despesa per capita dos visitantes em transporte. Incluem-se as despesas em veículos como avião/helicóptero, comboio, autocarro e táxis, pagas pelos visitantes ou por outras pessoas (tais como: familiares ou empregadores).☯ "
"bbc3944f-913d-47c7-8caa-adc9b5c4689a","接受社會工作局定期資助的社團及社會服務設施/服務的數目和資助金額☯接受社会工作局定期资助的社团及社会服务设施/服务的数目和资助金额☯Associações e equipamentos sociais subsidiados regularmente pelo Instituto de Acção Social/Número de serviços e valor do subsídio☯---","社會工作局,社會工作局,Instituto de Acção Social,Social Welfare Bureau","1","0","0","System.Object[]","70","92","2026-09-10 17:43:13","接受社會工作局定期資助的社團及社會服務設施/服務的數目和資助金額☯接受社会工作局定期资助的社团及社会服务设施/服务的数目和资助金额☯Associações e equipamentos sociais subsidiados regularmente pelo Instituto de Acção Social/Número de serviços e valor do subsídio☯---"
"bbdbefcf-cd0c-4e14-b955-bd72c1425b1a","社區醫療衛生 (衛生中心)衛生中心護理工作☯社区医疗卫生 (卫生中心)卫生中心护理工作☯Trabalho de enfermagem nos centros de saúde, na área de cuidados de saúde comunitários (centros de saúde)☯社區醫療衛生 (衛生中心)衛生中心護理工作","衛生局,卫生局,Serviços de Saúde,Health Bureau","1","0","0","System.Object[]","84","73","2024-12-19 14:59:47","社區醫療衛生 (衛生中心)衛生中心護理工作☯社区医疗卫生 (卫生中心)卫生中心护理工作☯Trabalho de enfermagem nos centros de saúde, na área de cuidados de saúde comunitários (centros de saúde)☯社區醫療衛生 (衛生中心)衛生中心護理工作"
"bbf3af68-02db-487a-8610-706883cd82de","公積金制度-供款人登記之註銷-按薪俸金額劃分☯公积金制度-供款人登记之注销-按薪俸金额划分☯Regime de Previdência - Cancelamento de inscrição de contribuintes - por vencimentos☯-","退休基金會,退休基金会,Fundo de Pensões,Pension Fund","1","0","0","System.Object[]","44","70","2026-05-21 17:05:51","按薪俸金額統計當年公積金制度中供款人登記之註銷之人數☯按薪俸金額統計當年公積金制度中供款人登記之註銷之人數☯Estatística do número de cancelamento de inscrição de contribuintes do Regime de Previdência desse ano por vencimentos☯-"
"bc625416-848a-470d-8ced-5e130790c137","公共教育開支佔本地生產總值百分比☯公共教育开支占本地生产总值百分比☯Percentagem das despesas públicas com a Educação no PIB☯ ","教育及青年發展局,教育及青年发展局,Direcção dos Serviços de Educação e de Desenvolvimento da Juventude,Education and Youth Development Bureau","1","0","0","System.Object[]","13","28","2025-12-15 16:01:51","提供教育財政指標：公共教育開支佔本地生產總值百分比☯提供教育财政指标：公共教育开支占本地生产总值百分比☯Fornecer indicadores financeiros educativos: 
Percentagem das despesas públicas com a Educação no PIB
☯ "
"bcbdfdbf-aacb-4738-a216-467372beb861","屬在建中 (尚未進行驗樓) 階段的住宅資料☯属在建中 (尚未进行验楼) 阶段的住宅资料☯Informações sobre os empreendimentos habitacionais em fase de construção  (ainda não vistoriados)☯Residential information under construction (no building inspection yet)","土地工務局,土地工務局,DSSCU,DSSCU","1","0","0","System.Object[]","29","71","2026-07-29 17:12:56","於參考期間仍處於在建中(尚未進行驗樓)階段，該階段指由接納申請人動工批示開始至遞交竣工檢驗申請前☯于参考期间仍处于在建中(尚未进行验楼)阶段，该阶段指由接纳申请人动工批示开始至递交竣工检验申请前☯
Durante o período de referência os empreendimentos habitacionais encontram-se ainda em fase de construção (ainda não vistoriados),sendo considerado, para o efeito, o período compreendido entre a data do despacho de aprovação do pedido para início da obra do requerente e a da apresentação do pedido de vistoria à obra concluída.☯During the reference period, it is still under construction (building inspection has not yet been carried out), which refers to the beginning of the acceptance of the applicant’s construction approval to the submission of the completion inspection application"
"bd41f73f-1ce0-426f-bf81-7bc4a891f153","飲食業場所☯饮食业场所☯Estabelecimentos do ramo da restauração☯ ","統計暨普查局,统计暨普查局,Direcção dos Serviços de Estatística e Censos,Statistics and Census Service","0","1","0","System.Object[]","0","50","2026-01-26 12:45:46","從事飲食業的場所總數，包括飲食店舖、外賣店及街市熟食檔。☯从事饮食业的场所总数，包括饮食店铺、外卖店及街市熟食档。☯São todos os estabelecimentos do ramo da restauração. Incluem-se os restaurantes e estabelecimentos similares, as lojas de take-away, bem como os lugares de comidas e bebidas nos mercados municipais☯ "
"bd4db93e-2601-4888-bbf4-49d1c6dbf1dc","公積金制度-現職供款人人數☯公积金制度-现职供款人人数☯Regime de Previdência - número de contribuintes no activo☯-","退休基金會,退休基金会,Fundo de Pensões,Pension Fund","1","0","0","System.Object[]","34","64","2026-05-20 17:05:33","按年統計公積金制度中供款人之人數☯按年统计公积金制度中供款人之人数☯Estatística por ano do número de contribuintes no activo do Regime de Previdência ☯-"
"bd8cc62b-ac7d-4278-8b62-f724a6f79b25","外賣店購貨及佣金支出☯外卖店购货及佣金支出☯Compras de mercadorias e comissões pagas pelas das lojas de take-away☯ ","統計暨普查局,统计暨普查局,Direcção dos Serviços de Estatística e Censos,Statistics and Census Service","0","1","0","System.Object[]","0","24","2026-01-26 12:41:34","外賣店在購入食品及飲品、購入作轉售的貨品及佣金支出的總額。☯外卖店在购入食品及饮品、购入作转售的货品及佣金支出的总额。☯Referem-se ao valor total das despesas em compras de bebidas e comidas, de mercadorias para revendas e comissões pagas pelas lojas de take-away.☯ "
"bdd4e4c9-4a0f-47b5-ac84-1471c326cd5d","澳門區域旅遊數據 - 按時段及統計分區的旅客人數☯澳门区域旅游数据 - 按时段及统计分区的旅客人数☯Dados Turísticos Regionais de Macau - Número de visitantes por período de tempo e zonas estatísticas☯Macao District Tourism Data - Visitor Headcount by Hour and Statistical District","旅遊局,旅游局,Direcção dos Serviços de Turismo,Macao Government Tourism Office","1","0","0","System.Object[]","7244","861","2026-08-31 17:44:23","澳門區域旅遊數據 - 按時段及統計分區的旅客人數☯澳门区域旅游数据 - 按时段及统计分区的旅客人数☯Dados Turísticos Regionais de Macau - Número de visitantes por período de tempo e zonas estatísticas☯Macao District Tourism Data - Visitor Headcount by Hour and Statistical District"
"bdf6a2c6-5f85-48d0-ab91-3bd1a6dd68f0","澳門高等院校註冊學生人數統計─按來源地劃分☯澳门高等院校注册学生人数统计─按来源地划分☯Dados estatísticos do número de estudantes matriculados nas instituições do ensino superior de Macau (classificados por número de estudantes locais e do exterior)☯-","教育及青年發展局,教育及青年发展局,Direcção dos Serviços de Educação e de Desenvolvimento da Juventude,Education and Youth Development Bureau","1","0","0","System.Object[]","31","50","2025-12-15 16:02:45","按學年方式，提供按來源地劃分的澳門高等院校註冊學生人數。☯按学年方式，提供按来源地划分的澳门高等院校注册学生人数。☯Número de estudantes matriculados nas instituições do ensino superior de Macau (classificados por número de estudantes locais e do exterior), calculado de acordo com o ano lectivo.☯-"
"be284c59-7ff2-4e2d-8181-8863ba614e1c","處理有關違反職安健法例的宗數、項次及處罰金額☯处理有关违反职安健法例的宗数、项次及处罚金额☯Processos Instruidos com Infrações☯occupational safety and health prosecution","勞工事務局,劳工事务局,Direcção dos Serviços para os Assuntos Laborais,Labour Affairs Bureau","1","0","0","System.Object[]","13","39","2026-07-31 16:25:35","提供因職安健違規而作出的處罰宗數、項次及罰金金額☯提供因职安健违规而作出的处罚宗数、项次及罚金金额☯Processos Instruidos com Infrações☯occupational safety and health prosecution"
"be3f06ca-e2fb-43d1-bd2d-109a77139127","斑馬線 ☯斑马线 ☯Passadeiras ☯Zebra crossing","交通事務局,交通事务局,Direcção dos Serviços para os Assuntos de Tráfego,Transport Bureau","1","0","0","System.Object[]","97","219","2026-05-28 01:00:06","斑馬線 ☯斑马线 ☯Passadeiras ☯Zebra crossing"
"be8e4cc1-18e0-492d-9f24-e185698d200c","公務人員數目統計—按性別劃分的領導及主管官職人數☯公务人员数目统计—按性别划分的领导及主管官职人数☯Estatísticas do número de trabalhadores dos serviços públicos – cargos de direcção e chefia de acordo com o sexo☯-","行政公職局,行政公职局,Direcção dos Serviços de Administração e Função Pública,Public Administration and Civil Service Bureau","1","0","0","System.Object[]","406","725","2026-07-23 12:47:52","按性別劃分的澳門特別行政區公共行政人力資源的領導及主管官職人員數目，且自2023年起包括行政長官及主要官員，以及其人員受私法制度規範的基金會及其他公共機構（澳門基金會、澳門澳門貿易投資促進局、澳門金融管理局、澳門大學、澳門理工大學及民航局）的人員數目。☯按性别划分的澳门特别行政区公共行政人力资源的领导及主管官职人员数目，且自2023年起包括行政长官及主要官员，以及其人员受私法制度规范的基金会及其他公共机构（澳门基金会、澳门澳门贸易投资促进局、澳门金融管理局、澳门大学、澳门理工大学及民航局）的人员数目。☯Número de dirigentes e chefias pelos recursos humanos da Administração Pública da RAEM de acordo com o sexo, incluindo, a partir de 2023, o Chefe do Executivo, os titulares dos principais cargos, os trabalhadores sujeitos aos regulamentos do direito privado das fundações, bem como os trabalhadores das outras entidades públicas (Fundação Macau, Instituto de Promoção do Comércio e do Investimento, Autoridade Monetária de Macau, Universidade de Macau, Universidade Politécnica de Macau e Autoridade de Aviação Civil).☯-"
"beed4ba9-6a7e-46dc-9fc3-ea4cc8f1533d","衛生範疇醫院病床數目統計☯ 卫生范畴医院病床数目统计☯Estatísticas do número de camas de hospital, na área de saúde☯衛生範疇醫院病床數目統計","衛生局,卫生局,Serviços de Saúde,Health Bureau","1","0","0","System.Object[]","72","99","2024-12-19 14:59:17","衛生範疇中，醫院病床數目統計☯卫生范畴中，医院病床数目统计☯Estatísticas do número de camas de hospital, na área de saúde☯衛生範疇中，醫院病床數目統計"
"bf379a5f-9dc2-496f-9e31-42940fdbf00d","指揮及領導課程畢業人數☯指挥及领导课程毕业人数☯Alunos que Concluíram o Curso de Comando e Direcção☯No. of Graduates from Command and Leadership Courses ","澳門保安部隊高等學校,澳門保安部隊高等學校,ESFSM,ESFSM","1","0","1","System.Object[]","23","58","2025-08-07 19:01:57","指揮及領導課程畢業人數☯指挥及领导课程毕业人数☯Alunos que Concluíram o Curso de Comando e Direcção☯No. of Graduates from Command and Leadership Courses"
"bf46ec38-1d10-4df9-b449-eb0da33e2274","遞交竣工檢驗的商業單位☯递交竣工检验的商业单位☯Fracções comerciais cujo pedido de vistoria à obra concluída já foi apresentado☯Commercial units submitting completion inspection","土地工務局,土地工務局,DSSCU,DSSCU","1","0","0","System.Object[]","15","46","2026-07-29 17:13:21","於參考期間遞交竣工檢驗申請的商業單位☯于参考期间递交竣工检验申请的商业单位☯Fracções comerciais cujo pedido de vistoria à obra concluída foi apresentado durante o período de referência.☯Commercial units that submitted applications for completion inspection during the reference period"
"bfa8fc02-8a2b-40b6-98a6-bc05b2779c0b","耆康中心 / 長者日間中心數目及服務名額☯耆康中心 / 长者日间中心数目及服务名额☯Número de centros de convívio /centros de dia para idosos e número de vagas de serviços☯---","社會工作局,社會工作局,Instituto de Acção Social,Social Welfare Bureau","1","0","0","System.Object[]","35","65","2026-02-05 11:55:46","耆康中心 / 長者日間中心數目及服務名額☯耆康中心 / 长者日间中心数目及服务名额☯Número de centros de convívio /centros de dia para idosos e número de vagas de serviços☯-"
"c03223c9-28bd-4f90-8d70-1447df6974d0","2024年度私營診所傳染病定點監測☯2024年度私營診所傳染病定點監測☯Relatório de vigilância de doenças transmissíveis em clínicas privadas de Macau☯Relatório de vigilância de doenças transmissíveis em clínicas privadas de Macau","衛生局,卫生局,Serviços de Saúde,Health Bureau","1","0","0","System.Object[]","12","28","2025-10-28 17:36:01","2024年度_私營診所傳染病定點監測_數據☯2024年度_私營診所傳染病定點監測_數據☯Relatório de vigilância de doenças transmissíveis em clínicas privadas de Macau☯Relatório de vigilância de doenças transmissíveis em clínicas privadas de Macau"
"c0464505-e4c8-40ac-8d2f-07473b45699c","財政結餘（年初至當期累計）☯财政结余（年初至当期累计）☯Saldo financeiro (valor acumulado do início do ano até ao período de referência)☯Fiscal balance (year-to-date data)","統計暨普查局,统计暨普查局,Direcção dos Serviços de Estatística e Censos,Statistics and Census Service","0","1","0","System.Object[]","0","29","2025-08-25 10:23:03","財政結餘(年初至當期累計數值)表示從當年年初到參考期內特區政府的總收入與總支出之間的差額，正值表示盈餘，負值表示赤字。☯财政结余(年初至当期累计数值)表示从当年年初到参考期内特区政府的总收入与总支出之间的差额，正值表示盈余，负值表示赤字。☯O saldo financeiro (valor acumulado do início do ano até ao período de referência) refere-se à diferença entre o valor total das receitas e o das despesas do Governo da Região Administrativa Especial de Macau, ambos registados desde o início do ano até ao período de referência. Se o saldo for positivo, indica um superávite e se for negativo, indica um défice.☯ "
"c062d5bd-916b-4a67-a625-b970fb55bdb6","按月統計成功配對數據☯按月统计成功配对数据☯Dados mensais de correspondências bem-sucedidas☯Monthly Successful Job Match Statistics","勞工事務局,劳工事务局,Direcção dos Serviços para os Assuntos Laborais,Labour Affairs Bureau","1","0","0","System.Object[]","37","61","2026-05-14 12:04:15","提供按月統計的成功求職配對數據☯提供按月统计的成功求职配对数据☯Fornece dados estatísticos mensais sobre correspondências bem-sucedidas de emprego☯Provides monthly statistical data on successful job matching"
"c0e0f84f-d909-4a37-a0d4-1b44aedfdd91","科技企業認證計劃 - 認證名單☯科技企业认证计划 - 认证名单☯Programa de Certificação de Empresas Tecnológicas - lista das empresas certificadas☯Programa de Certificação de Empresas Tecnológicas - lista das empresas certificadas","經濟及科技發展局,经济及科技发展局,Direcção dos Serviços de Economia e Desenvolvimento Tecnológico,Macao Economic Bureau","1","0","0","System.Object[]","33","65","2026-08-26 13:03:58","通過評鑑制度為本地具資質的科技企業提供不同級別的官方認證，認證資格包括“潛力型科技企業”、“成長型科技企業＂及“重點科技企業”，認證有效期為3年。☯通过评鉴制度为本地具资质的科技企业提供不同级别的官方认证，认证资格包括“潜力型科技企业”、“成长型科技企业＂及“重点科技企业”，认证有效期为3年。☯Dotar as empresas tecnológicas locais qualificadas, através do sistema de avaliação, de diferentes níveis de certificação oficial, incluindo “empresa tecnológica potencial”, “empresa tecnológica em crescimento” e “empresa tecnológica de referência”. A certificação é válida por três anos.☯Dotar as empresas tecnológicas locais qualificadas, através do sistema de avaliação, de diferentes níveis de certificação oficial, incluindo “empresa tecnológica potencial”, “empresa tecnológica em crescimento” e “empresa tecnológica de referência”. A certificação é válida por três anos."
"c0e46411-6edf-4ce3-9de0-04ec90d5d075","會議及展覽活動與會者/入場觀眾☯会议及展览活动与会者/入场观众☯Participantes e visitantes dos eventos de convenções e exposições☯ ","統計暨普查局,统计暨普查局,Direcção dos Serviços de Estatística e Censos,Statistics and Census Service","0","1","0","System.Object[]","57","147","2026-01-22 11:54:15","參加會議及展覽活動的與會者和入場觀眾數量，按不同類型劃分。☯参加会议及展览活动的与会者和入场观众数量，按不同类型划分。☯Referem-se ao número de participantes e visitantes dos eventos de convenções e exposições. Os dados são compilados por tipo de eventos.☯ "
"c138fe99-35b5-4fe6-9c0e-e4d1ccf3b292","一戶通 “我的照片”合約商戶列表☯一户通 “我的照片”合约商户列表☯Lista de empresas colaboradoras de ""Minhas Fotografias"" da Conta Única de Macau☯List of contracted merchants of ""My photos"" of Macao One Account","行政公職局,行政公职局,Direcção dos Serviços de Administração e Função Pública,Public Administration and Civil Service Bureau","0","1","0","System.Object[]","0","57","2025-07-05 21:23:05","一戶通 “我的照片”合約商戶列表☯一户通 “我的照片”合约商户列表☯Lista de empresas colaboradoras de ""Minhas Fotografias"" da Conta Única de Macau☯List of contracted merchants of ""My photos"" of Macao One Account"
"c15c0121-0838-4c04-85cd-91b38362eb06","企業創新研發資助項目統計☯企业创新研发资助项目统计☯Estatística do ""Financiamento para Empresa""☯Statistics of ""Funding for enterprise innovation and R&D""","經濟及科技發展局,经济及科技发展局,Direcção dos Serviços de Economia e Desenvolvimento Tecnológico,Macao Economic Bureau","1","0","0","System.Object[]","38","63","2023-06-26 16:01:02","企業創新研發資助項目統計☯企业创新研发资助项目统计☯Estatística do ""Financiamento para Empresa""☯Statistics of ""Funding for enterprise innovation and R&D"""
"c172cc89-c3aa-4d61-961e-125d15edca3d","本澳社會工作專業人員數目☯本澳社会工作专业人员数目☯Número de profissionais da área de Serviço Social em Macau☯---","社會工作局,社會工作局,Instituto de Acção Social,Social Welfare Bureau","1","0","0","System.Object[]","65","86","2026-09-10 17:43:17","本澳社會工作專業人員數目☯本澳社会工作专业人员数目☯Número de profissionais da área de Serviço Social em Macau☯---"
"c22d1dde-fed5-4de1-82af-6ffba2f7b856","本地生產總值實質變動率 - 出口☯本地生产总值实质变动率 - 出口☯Taxa de variação real do Produto Interno Bruto - Exportação☯ ","統計暨普查局,统计暨普查局,Direcção dos Serviços de Estatística e Censos,Statistics and Census Service","0","1","0","System.Object[]","0","28","2025-11-10 14:47:22","剔除價格變化因素後的出口總額變動，用以衡量貨物及服務出口的實質變動。☯剔除价格变化因素后的出口总额变动，用以衡量货物及服务出口的实质变动。☯A variação do valor total da exportação, após a eliminação dos factores que influenciam os preços, serve para medir a variação real da exportação de bens e serviços.☯ "
"c2470daa-290c-499f-ba20-c44eaf35bda7","對歐盟的出口貨值☯对欧盟的出口货值☯Valor da exportação de mercadorias para a União Europeia☯Value of exports to the EU","統計暨普查局,统计暨普查局,Direcção dos Serviços de Estatística e Censos,Statistics and Census Service","0","1","0","System.Object[]","0","28","2024-12-30 17:13:20","出口至歐盟的貨物價值。☯出口至欧盟的货物价值。☯Valor de mercadorias que foram exportadas para a União Europeia.☯Value of goods exported to the EU."
"c26e15fd-5c4e-4660-acf2-65397d33e858","治安警察局市民整體滿意度調查(監督、審批及執法性公共服務)☯治安警察局市民整体满意度调查(监督、审批及执法性公共服务)☯Situação da satisfação do cidadão no âmbito de serviços(Serviços prestados no âmbito da fiscalização, aprovação e execução da lei)☯Report of Police service satisfaction","治安警察局,治安警察局,CPSP,CPSP","1","0","0","System.Object[]","74","95","2026-06-11 15:26:15","治安警察局市民整體滿意度調查(監督、審批及執法性公共服務)☯治安警察局市民整体满意度调查(监督、审批及执法性公共服务)☯Situação da satisfação do cidadão no âmbito de serviços(Serviços prestados no âmbito da fiscalização, aprovação e execução da lei)☯Report of Police service satisfaction"
"c29d9248-933c-4ec5-9f98-7bae30db2c6c","幸運博彩收入（前稱博彩稅）☯幸运博彩收入（前称博彩税）☯Receitas dos jogos de fortuna ou azar (anteriormente designadas por ""Imposto sobre o jogo"")☯Gaming revenue (previously referred to as tax revenue from gaming)","統計暨普查局,统计暨普查局,Direcção dos Serviços de Estatística e Censos,Statistics and Census Service","0","1","0","System.Object[]","0","38","2025-08-25 10:23:00","政府對幸運博彩或其他方式博彩經營特許批給所徵收的收入，如：娛樂場幸運博彩、中式彩票、賽馬、即發彩票等的收入。☯政府对幸运博彩或其他方式博彩经营特许批给所征收的收入，如：娱乐场幸运博彩、中式彩票、赛马、即发彩票等的收入。☯Referem-se às receitas cobradas pelo Governo no âmbito das concessões para exploração dos jogos de fortuna ou azar, ou de outras formas de jogos, tais como: as receitas dos jogos de fortuna ou azar em casinos; as de lotarias chinesas; as das corridas de cavalos e as de lotarias instantâneas.☯ "
"c355658f-919a-4fa5-8773-4bf9880c762b","展覽收入☯展览收入☯Receitas das exposições☯ ","統計暨普查局,统计暨普查局,Direcção dos Serviços de Estatística e Censos,Statistics and Census Service","0","1","0","System.Object[]","0","24","2026-01-26 12:38:40","展覽活動的總收入。☯展览活动的总收入。☯Referem-se às receitas totais das exposições.☯ "
"c3883878-88ee-4007-8284-dc77682bd106","有營業的經濟型住宿場所☯有营业的经济型住宿场所☯Alojamentos de baixo custo em actividade☯ ","統計暨普查局,统计暨普查局,Direcção dos Serviços de Estatística e Censos,Statistics and Census Service","0","1","0","System.Object[]","0","25","2025-12-01 10:47:31","擁有營業場所的經濟型住宿場所數量。☯拥有营业场所的经济型住宿场所数量。☯Referem-se ao número de alojamentos de baixo custo que estavam em actividade.☯ "
"c3ac27b9-4342-4178-b7ef-89af70c99047","科研及創新資助計劃－基礎研究類項目統計☯科研及创新资助计划－基础研究类项目统计☯Estatísticas de Plano de Financiamento para Investigação Científica e Inovação - Categoria de Investigação Básica☯Statistics of Funding Scheme for Scientific Research and Innovation - Basic research","經濟及科技發展局,经济及科技发展局,Direcção dos Serviços de Economia e Desenvolvimento Tecnológico,Macao Economic Bureau","1","0","0","System.Object[]","13","29","2025-12-09 09:11:58","科研及創新資助計劃－基礎研究類項目統計☯科研及创新资助计划－基础研究类项目统计☯Estatísticas de Plano de Financiamento para Investigação Científica e Inovação - Categoria de Investigação Básica☯Statistics of Funding Scheme for Scientific Research and Innovation - Basic research"
"c3de0b9c-869d-41f8-9138-bed3c0c6b16c","政務服務資訊中心：轉介個案的問題類別統計☯政务服务资讯中心：转介个案的问题类别统计☯Centro de Informações dos Serviços Governamentais: Dados sobre o tipo de questões dos processos encaminhados☯Government Services Information Centre: Statistics on Problem Categories of Referred Cases","行政公職局,行政公职局,Direcção dos Serviços de Administração e Função Pública,Public Administration and Civil Service Bureau","1","0","0","System.Object[]","18","72","2026-07-01 09:20:20","按年及個案性質統計政務服務資訊中心轉介個案所涉及的問題類別（例如公共行政、公共衛生、公眾安全、工程等）。☯按年及个案性质统计政务服务资讯中心转介个案所涉及的问题类别（例如公共行政、公共卫生、公众安全、工程等）。☯Estatística anual sobre o tipo de questões dos processos, conforme a sua natureza, encaminhados pelo Centro de Informações dos Serviços Governamentais (tipos como Administração
Pública, Higiene e saúde públicas, Segurança pública ou Obras).☯Statistics on the categories of problems involved in cases referred by the Government Services Information Centre (e.g., public administration, public health, public safety, engineering, etc.), categorized by year and case nature."
"c447c926-c8c8-4e75-908e-3b5b906a919f","非強制央積金—獲批准提取個人帳戶款項的申請份數☯非强制央积金—获批准提取个人账户款项的申请份数☯Regime de previdência central não obrigatório – número de pedidos deferidos de levantamento de verbas de contas individuais.☯Non-mandatory central provident fund system - the number of approved applications for withdrawing funds from the individual accounts","社會保障基金,社会保障基金,Fundo de Segurança Social,Social Security Fund","1","0","0","System.Object[]","47","83","2026-07-20 13:26:41","按年度獲批准提取央積金個人帳戶款項的申請份數（自2020年度起）☯按年度获批准提取央积金个人账户款项的申请份数（自2020年度起）☯Número anual de pedidos deferidos de levantamento de verbas de contas individuais de previdência (a partir de 2020)☯Calculated on an annual basis, the number of approved applications for withdrawing funds from the individual accounts of central provident fund (since 2020)"
"c4810513-98a6-455c-8ef9-78a5de398164","外地建築工人平均日薪☯外地建筑工人平均日薪☯Salário diário médio dos trabalhadores da construção não residentes☯Average daily wage of non-resident construction workers","統計暨普查局,统计暨普查局,Direcção dos Serviços de Estatística e Censos,Statistics and Census Service","0","1","0","System.Object[]","37","86","2024-12-30 12:51:18","外地建築工人之日薪總和除以外地建築工人數目。☯外地建筑工人之日薪总和除以外地建筑工人數目。☯Refere-se à soma dos salários diários dos trabalhadores da construção não residentes dividida pelo número de trabalhadores da construção não residentes.☯Calculated by dividing the total amount of daily wages for non-resident construction workers by number of non-resident construction workers."
"c48b7dee-ac6f-4caa-934f-7e9071671dfc","交通意外宗數☯交通意外宗数☯Acidentes de viação☯Traffic accident","統計暨普查局,统计暨普查局,Direcção dos Serviços de Estatística e Censos,Statistics and Census Service","0","1","0","System.Object[]","0","69","2025-11-14 17:14:18","道路交通事故宗數。☯道路交通事故宗数。☯Acidentes de viação ocorridos na estrada.☯Road traffic incident."
"c4d90301-30ef-4778-a5df-8a4c5cfac56d","澳門航空安保人員資格證明書☯澳门航空安保人员资格证明书☯Certificado de Qualificação de Pessoal de Segurança da Aviação de Macau☯Macau Aviation Security Personnel Qualification Certificate","民航局,民航局,Autoridade de Aviação Civil,Civil Aviation Authority","1","0","0","System.Object[]","56","77","2026-01-13 09:49:22","每年提供澳門航空安保人員資格證明書的相關資料☯每年提供澳门航空安保人员资格证明书的相关资料☯Fornecer informação relevante do Certificado de Qualificação de Pessoal de Segurança da Aviação de Macau todos os anos☯Provide relevant information of the Macau Aviation Security Personnel Qualification Certificate every year"
"c50f10bc-f936-465f-9efa-02206c254dd1","中醫診所☯中医诊所☯Consultórios de medicina  tradicional chinesa☯ ","統計暨普查局,统计暨普查局,Direcção dos Serviços de Estatística e Censos,Statistics and Census Service","0","1","0","System.Object[]","0","28","2025-11-10 14:49:26","獲衛生局准許提供中醫服務的醫務所數目。☯获卫生局准许提供中医服务的医务所数目。☯Referem-se ao número de estabelecimentos de saúde que prestam serviços de medicina tradicional chinesa, com autorização dos Serviços de Saúde.  ☯ "
"c51f91e3-5a16-406d-a193-592c09ac16bd","殘疾評估登記證累計申請統計☯残疾评估登记证累计申请统计☯Estatísticas relativas ao total acumulado dos pedidos do “Cartão de registo de avaliação de deficiência☯--","社會工作局,社會工作局,Instituto de Acção Social,Social Welfare Bureau","1","0","0","System.Object[]","13","31","2026-07-24 16:55:53","殘疾評估登記證累計申請人數統計：申請人數=「殘疾評估登記證」申請人頭數，每名申請人只作一次計算☯残疾评估登记证累计申请人数统计：申请人数=「残疾评估登记证」申请人头数，每名申请人只作一次计算☯Estatísticas relativas ao total acumulado dos pedidos do “Cartão de registo de avaliação de deficiência; N.º de requerentes = O número de requerentes do “Cartão de registo de avaliação de deficiência” é per capita, isto é, cada requerente é contabilizado apenas uma vez☯--"
"c576f12c-7060-43bb-8760-db1dcc91f49c","澳門高等院校註冊學生人數統計☯澳门高等院校注册学生人数统计☯Dados estatísticos do número de estudantes matriculados nas instituições do ensino superior de Macau☯-","教育及青年發展局,教育及青年发展局,Direcção dos Serviços de Educação e de Desenvolvimento da Juventude,Education and Youth Development Bureau","1","0","0","System.Object[]","39","58","2025-12-15 15:59:49","按學年方式，提供澳門高等院校註冊學生總人數。☯按学年方式，提供澳门高等院校注册学生总人数。☯Número total de estudantes matriculados nas instituições do ensino superior de Macau, calculado de acordo com o ano lectivo.☯-"
"c5c1b295-524d-4bfe-9c66-0dd799df3fe2","街道橫額設置的明細表☯街道横额设置的明细表☯Lista detalhada sobre a instalação de banners de rua☯Detailed list of installation of street banners","市政署,市政署,Instituto para os Assuntos Municipais,Municipal Affairs Bureau","0","1","0","System.Object[]","0","70","2024-12-18 17:38:58","列出所有街道橫額的內容、位置及宣傳期限等資訊。☯列出所有街道横额的内容、位置及宣传期限等信息。☯Listagem do conteúdo, localização, prazo de promoção, entre outras informações de todos os banners de rua.☯List of content, locations and promotion periods and other information about all street banners."
"c5eabc04-0ad7-4712-9437-156a3ffe5b96","獲發動工批示商業單位☯获发动工批示商业单位☯Fracções comerciais com  despacho de autorização para início da obra☯Commercial units approved for construction","土地工務局,土地工務局,DSSCU,DSSCU","1","0","0","System.Object[]","17","49","2026-07-29 17:13:20","於參考期間獲發動工批示的商業單位☯于参考期间获发动工批示的商业单位☯Fracções comerciais com despacho de autorização para início da obra, emitido durante o período de referência.☯Commercial units that received work approval during the reference period"
"c64fa449-6d4a-48d1-862d-b0b31a9a4fb5","語言推廣中心電台節目—葡文齊齊講集數統計☯语言推广中心电台节目—葡文齐齐讲集数统计☯Programa de Rádio do Centro de Difusão de Línguas – estatística do número de episódios do programa “Vamos falar Português”☯—","教育及青年發展局,教育及青年发展局,Direcção dos Serviços de Educação e de Desenvolvimento da Juventude,Education and Youth Development Bureau","1","0","0","System.Object[]","20","46","2026-06-04 10:19:40","語言推廣中心電台節目—葡文齊齊講每年集數統計☯语言推广中心电台节目—葡文齐齐讲每年集数统计☯Programa de Rádio do Centro de Difusão de Línguas – estatística do número anual de episódios do programa “Vamos falar Português”☯-"
"c70cddfc-60ad-4e98-be9b-94dd19686bfb","疾病預防控制範疇按年齡劃分的疫苗接種可以預防的申報疾病病例數☯疾病预防控制范畴按年龄划分的疫苗接种可以预防的申报疾病病例数☯Casos notificados de doenças preventivas pela vacinação, por grupo etário, na área de prevenção e controlo de doenças☯疾病預防控制範疇按年齡劃分的疫苗接種可以預防的申報疾病病例數","衛生局,卫生局,Serviços de Saúde,Health Bureau","1","0","0","System.Object[]","40","64","2024-12-19 14:59:00","疾病預防控制範疇中，以年齡劃分的疫苗接種可以預防的申報疾病病例數☯疾病预防控制范畴中，以年龄划分的疫苗接种可以预防的申报疾病病例数☯Casos notificados de doenças preventivas pela vacinação, por grupo etário, na área de prevenção e controlo de doenças☯疾病預防控制範疇中，以年齡劃分的疫苗接種可以預防的申報疾病病例數"
"c75ed51e-d333-4966-92bc-1f48ddbd74ce","《統計年刊 2024》衛生統計醫療機構工作人員數目☯《統計年刊 2024》衛生統計醫療機構工作人員數目☯ESTATÍSTICAS DA SAÚDE N.º de profissionais em instituições médicas☯ESTATÍSTICAS DA SAÚDE N.º de profissionais em instituições médicas","衛生局,卫生局,Serviços de Saúde,Health Bureau","1","0","0","System.Object[]","18","27","2025-10-28 17:39:58","《統計年刊 2024》衛生統計醫療機構工作人員數目☯《統計年刊 2024》衛生統計醫療機構工作人員數目☯ESTATÍSTICAS DA SAÚDE N.º de profissionais em instituições médicas☯ESTATÍSTICAS DA SAÚDE N.º de profissionais em instituições médicas"
"c7a85d80-a790-451c-88f7-df87526d5d57","《統計年刊 2024》社區醫療衛生範疇 - 其他 醫療人員執照/准照數目☯《統計年刊 2024》社區醫療衛生範疇 - 其他 醫療人員執照/准照數目☯CUIDADOS DE SAÚDE COMUNITÁRIOS - OUTROS Número de alvarás/licenças dos profissionais de saúde☯CUIDADOS DE SAÚDE COMUNITÁRIOS - OUTROS Número de alvarás/licenças dos profissionais de saúde","衛生局,卫生局,Serviços de Saúde,Health Bureau","1","0","0","System.Object[]","17","23","2025-10-28 17:38:20","《統計年刊 2024》社區醫療衛生範疇 - 其他 醫療人員執照/准照數目☯《統計年刊 2024》社區醫療衛生範疇 - 其他 醫療人員執照/准照數目☯CUIDADOS DE SAÚDE COMUNITÁRIOS - OUTROS Número de alvarás/licenças dos profissionais de saúde☯CUIDADOS DE SAÚDE COMUNITÁRIOS - OUTROS Número de alvarás/licenças dos profissionais de saúde"
"c7ab8cd3-d239-427f-847e-a0268413f8ae","公寓床位☯公寓床位☯Lugares-cama das pensões☯ ","統計暨普查局,统计暨普查局,Direcção dos Serviços de Estatística e Censos,Statistics and Census Service","0","1","0","System.Object[]","0","25","2025-12-01 10:47:03","公寓內可供住客使用的床位總數。☯公寓内可供住客使用的床位总数。☯Referem-se ao número total de lugares-cama disponíveis para hóspedes nas pensões.☯ "
"c7c33239-828a-4fdc-a017-eac93ba86d7c","澳門高等院校畢業學生人數統計─按院校劃分☯澳门高等院校毕业学生人数统计─按院校划分☯Dados estatísticos do número de estudantes graduados das instituições do ensino superior de Macau (classificados por instituições do ensino superior)☯-","教育及青年發展局,教育及青年发展局,Direcção dos Serviços de Educação e de Desenvolvimento da Juventude,Education and Youth Development Bureau","1","0","0","System.Object[]","28","52","2025-12-15 16:02:53","按學年方式，提供按院校劃分的澳門高等院校畢業學生人數。☯按学年方式，提供按院校划分的澳门高等院校毕业学生人数。☯Número de estudantes graduados das instituições do ensino superior de Macau (classificados por instituições do ensino superior), calculado de acordo com o ano lectivo.☯-"
"c803457f-8ced-48b6-8b00-eab0f50379d7","旅客詢問處☯旅客询问处☯Informações Turísticas☯Tourist Information","旅遊局,旅游局,Direcção dos Serviços de Turismo,Macao Government Tourism Office","1","0","0","System.Object[]","46","119","2022-05-04 18:53:30","旅客詢問處☯旅客询问处☯Informações Turísticas☯Tourist Information"
"c82615a1-af57-401f-ae78-6eec7a18a530","飲水設施位置清單☯饮水设施位置清单☯Lista de locais de recolha de instalações para beber☯List of drinking facility locations","環境保護局,环境保护局,Direcção dos Serviços de Protecção Ambiental,Environmental Protection Bureau","0","1","0","System.Object[]","0","168","2025-06-13 09:22:53","飲水設施位置清單☯饮水设施位置清单☯Lista de locais de recolha de instalações para beber☯List of drinking facility locations"
"c83ecb31-f24d-483a-a415-1002222d8e81","社區警務工作執行概況☯社區警務工作執行概況☯Generalidade da execução do trabalho de policiamento comunitário☯Implementation of Community Policing","治安警察局,治安警察局,CPSP,CPSP","1","0","0","System.Object[]","35","47","2026-02-06 15:08:55","社區防罪宣傳次數
警察樂隊演出 (場數)
警察樂隊演出 (受眾)
接待社群參觀次數
專題講座 (場數)
專題講座 (受眾)☯--☯--☯--"
"c8c89051-dad2-4787-ade8-24e26db17c85","屬健康俱樂部類型之場地資料☯属健康俱乐部类型之场地资料☯Informações dos ""Health Club""☯Information of Health Club","旅遊局,旅游局,Direcção dos Serviços de Turismo,Macao Government Tourism Office","1","1","0","System.Object[]","66","210","2026-08-26 07:30:03","已領有牌照之實體 - 屬健康俱樂部類型之場地資料
☯已领有牌照之实体 - 属健康俱乐部类型之场地资料☯Informações dos entidades licenciadas - ""Health Club""
☯Information of licensed entities - Health Club 
"
"c8d8a489-b561-47f9-8a91-4f6e5a4632c6","本地銀行同業負債（按期限）- 新系列☯本地银行同业负债（按期限）- 新系列☯RESPONSABILIDADES PARA COM BANCOS RESIDENTES - NOVA SÉRIE☯DOMESTIC INTERBANK LIABILITIES - NEW SERIES","澳門金融管理局,澳門金融管理局,AMCM,AMCM","1","0","0","System.Object[]","19","36","2026-09-03 17:04:34","由2013年10月至今按期限及貨幣分類的本地銀行同業負債數據，期限可分為七日內到期、八日至一個月、一個月至三個月、三個月至六個月、六個月至十二個月及一年以上。☯由2013年10月至今按期限及货币分类的本地银行同业负债数据，期限可分为七日内到期、八日至一个月、一个月至三个月、三个月至六个月、六个月至十二个月及一年以上。☯Mostram-se os dados relativos aos passivos interbancários locais classificados por prazo e moeda registados desde Outubro de 2013 até ao presente, sendo os prazos de vencimento divididos em: 7 dias, de 8 dias a 1 mês, de 1 a 3 meses, de 3 a 6 meses, de 6 a 12 meses e mais de 1 ano. ☯Mostram-se os dados relativos aos passivos interbancários locais classificados por prazo e moeda registados desde Outubro de 2013 até ao presente, sendo os prazos de vencimento divididos em: 7 dias, de 8 dias a 1 mês, de 1 a 3 meses, de 3 a 6 meses, de 6 a 12 meses e mais de 1 ano. "
"c8e5515f-b5cc-4729-9db4-aba74c5eddac","專業技術培訓範疇的課程數目、學員人數、課時☯专业技术培训范畴的课程数目、学员人数、课时☯Número de acções, formandos e carga horária da área de formação técnico-profissional☯Número de acções, formandos e carga horária da área de formação técnico-profissional","行政公職局,行政公职局,Direcção dos Serviços de Administração e Função Pública,Public Administration and Civil Service Bureau","1","0","0","System.Object[]","24","121","2026-04-30 16:31:19","按年度統計行政公職局舉辦的專業技術培訓範疇課程的課程數目、學員人數及課時☯按年度统计行政公职局举办的专业技术培训范畴课程的课程数目、学员人数及课时☯N.º de acções, formandos e carga horária na área de formação técnico-profissional organizadas pelo SAFP por ano☯N.º de acções, formandos e carga horária na área de formação técnico-profissional organizadas pelo SAFP por ano"
"c93d3427-37a6-412c-bf3e-40a2516f0ea7","出入境人數☯出入境人數☯Registos de entradas e saídas☯Border Crossing Statistics","治安警察局,治安警察局,CPSP,CPSP","1","0","0","System.Object[]","663","629","2026-02-06 15:08:00","出入境人數☯出入境人數☯Registos de entradas e saídas☯Border Crossing Statistics"
"c94a272f-f094-4ba1-911e-41517ae6772c","社區醫療衛生 (其他)按工作場所劃分的衛生專業人員准照數目☯社区医疗卫生 (其他)按工作场所划分的卫生专业人员准照数目☯Número de licenças dos profissionais de saúde consoante o local de trabalho, na área de cuidados de saúde comunitários(outros)☯社區醫療衛生 (其他)按工作場所劃分的衛生專業人員准照數目","衛生局,卫生局,Serviços de Saúde,Health Bureau","1","0","0","System.Object[]","79","65","2024-12-19 14:59:57","社區醫療衛生 (其他)按工作場所劃分的衛生專業人員准照數目☯一般卫生护理范畴(其他)中，按工作场所划分的卫生专业人员准照数目☯Número de licenças dos profissionais de saúde consoante o local de trabalho, na área de cuidados de saúde comunitários(outros)☯社區醫療衛生 (其他)按工作場所劃分的衛生專業人員准照數目"
"c96e34d2-a154-4dd5-9512-bd403aae4de1","有營業的酒店業場所☯有营业的酒店业场所☯Estabelecimentos hoteleiros em actividade☯ ","統計暨普查局,统计暨普查局,Direcção dos Serviços de Estatística e Censos,Statistics and Census Service","0","1","0","System.Object[]","0","26","2025-12-01 10:47:41","擁有營業場所的酒店數量。☯拥有营业场所的酒店数量。☯Referem-se ao número de estabelecimentos hoteleiros que estavam em actividade.☯ "
"c9702d30-d796-4666-8645-4614cb25994f","物業按揭貸款☯物业按揭贷款☯Empréstimos Hipotecários☯Mortgage Loans","澳門金融管理局,澳門金融管理局,AMCM,AMCM","1","0","0","System.Object[]","482","109","2026-09-15 17:00:22","由2008年至今的物業按揭貸款統計數據。當中，新批核住宅按揭貸款、樓花按揭貸款、未償還住宅按揭貸款總額、新批核商用物業貸款、未償還商用物業貸款總額可分為居民及非居民。撇帳比率及貸款拖欠比率可按住宅按揭貸款及商用物業貸款劃分。

☯由2008年至今的物业按揭贷款统计数据。当中，新批核住宅按揭贷款、楼花按揭贷款、未偿还住宅按揭贷款总额、新批核商用物业贷款、未偿还商用物业贷款总额可分为居民及非居民。撇帐比率及贷款拖欠比率可按住宅按揭贷款及商用物业贷款划分。☯Mostram-se os dados estatísticas relativas aos empréstimos hipotecários registados de 2008 até ao presente, incluindo novos empréstimos hipotecários para habitação (EHH) aprovados, empréstimos hipotecários para alienação de fracções autónomas em edifícios em construção, saldo bruto dos EHHs, novos empréstimos comerciais para actividades imobiliárias (ECAIs) aprovados, sendo que o saldo bruto dos ECAIs pode ser dividido em residentes e não residentes. As taxas de “write-off” e de incumprimento de créditos podem ser desagregadas por EHH e ECAI.
☯Mostram-se os dados estatísticas relativas aos empréstimos hipotecários registados de 2008 até ao presente, incluindo novos empréstimos hipotecários para habitação (EHH) aprovados, empréstimos hipotecários para alienação de fracções autónomas em edifícios em construção, saldo bruto dos EHHs, novos empréstimos comerciais para actividades imobiliárias (ECAIs) aprovados, sendo que o saldo bruto dos ECAIs pode ser dividido em residentes e não residentes. As taxas de “write-off” e de incumprimento de créditos podem ser desagregadas por EHH e ECAI.
"
"c99cf420-23a1-4868-8ec1-7fe914e9fd8c","澳門國際機場抵澳航班資訊(中文)☯澳门国际机场抵澳航班资讯(中文)☯Fornecer as informações de voo de chegada do Aeroporto Internacional de Macau sob demanda (Chinês)☯Provides the arrival flight information of Macau International Airport on demand (Chinese)","民航局,民航局,Autoridade de Aviação Civil,Civil Aviation Authority","0","1","0","System.Object[]","0","177","2023-03-15 11:53:23","按需要提供澳門國際機場抵澳航班資訊(中文)☯按需要提供澳门国际机场抵澳航班资讯(中文)☯Fornecer as informações de voo de chegada do Aeroporto Internacional de Macau sob demanda (Chinês)☯Provides the arrival flight information of Macau International Airport on demand (Chinese)"
"c9a19752-f89a-455c-8dfb-585504299f70","退休及撫卹制度-退休金份數☯退休及抚恤制度-退休金份数☯Regime de Aposentação e Sobrevivência – Número de pensões de aposentação☯ ","退休基金會,退休基金会,Fundo de Pensões,Pension Fund","1","0","0","System.Object[]","157","336","2026-05-18 14:43:15","按年統計退休及撫卹制度中領取退休金之數目☯按年统计退休及抚恤制度中领取退休金之数目☯Estatística do número de pensões de aposentação recebidas do Regime de Aposentação e Sobrevivência por ano☯ "
"c9c11709-48b5-4c6c-a415-e84986e638d1","非強制央積金—按年齡及性別劃分的公積金個人計劃人數☯非强制央积金—按年龄及性别划分的公积金个人计划人数☯Titulares da conta do plano individual de previdência por idade e sexo☯Individual Pension Plan Account Holders by Age and Sex","社會保障基金,社会保障基金,Fundo de Segurança Social,Social Security Fund","1","0","0","System.Object[]","19","60","2026-09-01 17:05:29","非強制央積金—按年齡及性別劃分的公積金個人計劃人數☯非强制央积金—按年龄及性别划分的公积金个人计划人数☯Titulares da conta do plano individual de previdência por idade e sexo☯Individual Pension Plan Account Holders by Age and Sex"
"c9e7a898-c4d0-433f-bac1-2adb8b0fa724","住院病床使用率☯住院病床使用率☯Taxa de utilização das  camas de internamento☯ ","統計暨普查局,统计暨普查局,Direcção dos Serviços de Estatística e Censos,Statistics and Census Service","0","1","0","System.Object[]","0","28","2025-11-10 14:48:21","住院病人留院總日數/(可應用的住院病床數目*可應用之日數)*100%☯住院病人留院总日数/(可应用的住院病床数目*可应用之日数)*100%☯Número total de dias de internamento de doentes / (número de camas de internamento disponíveis *número de dias com camas de internamento disponíveis) *100%☯ "
"c9ffb807-5e44-4f47-b646-b09ee6f806d3","澳門高等院校本地生畢業人數統計─按性別劃分☯澳门高等院校本地生毕业人数统计─按性别划分☯Dados estatísticos do número de estudantes graduados locais nas instituições do ensino superior de Macau (classificados por sexo)☯-","教育及青年發展局,教育及青年发展局,Direcção dos Serviços de Educação e de Desenvolvimento da Juventude,Education and Youth Development Bureau","1","0","0","System.Object[]","17","44","2025-12-15 16:01:49","按學年方式，提供按性別劃分的澳門高等院校本地生畢業人數。☯按学年方式，提供按性别划分的澳门高等院校本地生毕业人数。☯Número de estudantes graduados locais nas instituições do ensino superior de Macau (classificados por sexo), calculado de acordo com o ano lectivo.☯-"
"ca1cd724-5a13-43fe-a2af-403e07b3e826","現貨住宅樓價指數☯现货住宅楼价指数☯Índice de preços de habitações construídas☯Price index for existing residential units","統計暨普查局,统计暨普查局,Direcção dos Serviços de Estatística e Censos,Statistics and Census Service","0","1","0","System.Object[]","66","176","2024-12-30 12:51:54","反映參考期與基期之間現貨住宅單位價格的變動。☯反映参考期与基期之间现货住宅单位价格的变动。☯Reflecte a variação de preços de fracções autónomas habitacionais construídas entre o período de referência e o período base.☯Reflects the change in prices of existing residential units between the reference period and the base period. "
"ca5ab966-6195-4b67-beff-a66d7436b0be","水質自動監測站數據☯水质自动监测站数据☯Dados da estação de monitoramento da qualidade da água☯Dados da estação de monitoramento da qualidade da água","環境保護局,环境保护局,Direcção dos Serviços de Protecção Ambiental,Environmental Protection Bureau","0","1","0","System.Object[]","0","917","2021-03-23 17:11:07","關於水質自動監測站數據
StationCode: 
ECO - 生態區水質自動監測站
BAR - 內港水質自動監測站 
FCK - 青洲塘水質自動監測站

""--"" 表示因工程維護，沒有相關數據。
2011年至2013年期間之數據為測試性數據。☯关于水质自动监测站数据
StationCode: 
ECO - 生态区水质自动监测站
BAR - 内港水质自动监测站
FCK - 青洲塘水质自动监测站

""--"" 表示因工程维护，没有相关数据。
2011年至2013年期间之数据为测试性数据。☯Sobre os dados da estação de monitoramento da qualidade da água
StationCode: 
ECO -  Monitorização da qualidade da água-Estação de Monitorização Automática da Qualidade da Água das Zonas Ecológicas
BAR - Monitorização da qualidade da água-Estação de  Monitorização Automática da Qualidade da Água no Porto Interior
FCK - Monitorização da qualidade da água-Estação de Monitorização Automática da Qualidade da Água da Doca da Ilha Verde

“- -”Por motivo de realização de obras de manutenção, não é possível disponibilizar os respectivos dados.
Os dados no período compreendido entre 2011 e 2013 são obtidos através de testes.☯Sobre os dados da estação de monitoramento da qualidade da água
StationCode: 
ECO -  Monitorização da qualidade da água-Estação de Monitorização Automática da Qualidade da Água das Zonas Ecológicas
BAR - Monitorização da qualidade da água-Estação de  Monitorização Automática da Qualidade da Água no Porto Interior
FCK - Monitorização da qualidade da água-Estação de Monitorização Automática da Qualidade da Água da Doca da Ilha Verde

“- -”Por motivo de realização de obras de manutenção, não é possível disponibilizar os respectivos dados.
Os dados no período compreendido entre 2011 e 2013 são obtidos através de testes."
"ca8e7bbb-4eef-4118-8893-90b3fc8d3cb1","公共巴士乘車人次累計☯公共巴士乘车人次累计☯Número total de passageiros dos autocarros públicos☯Número total de passageiros dos autocarros públicos","交通事務局,交通事务局,Direcção dos Serviços para os Assuntos de Tráfego,Transport Bureau","1","0","0","System.Object[]","73","115","2026-05-27 01:00:35","有關公共巴士乘車人次統計數據☯有关公共巴士乘车人次统计数据☯Dados estatísticos sobre o número de passageiros dos autocarros públicos☯Dados estatísticos sobre o número de passageiros dos autocarros públicos"
"cb004018-6eef-4e76-858f-9da94c6cc237","《統計年刊 2024》疾病預防及控制中心 按歲組劃分的二○二三年主要新增癌症個案☯《統計年刊 2024》疾病預防及控制中心 按歲組劃分的二○二三年主要新增癌症個案☯CENTRO DE PREVENÇÃO E CONTROLO DA DOENÇA N.º de casos novos de cancro em 2023 por grupo etário☯CENTRO DE PREVENÇÃO E CONTROLO DA DOENÇA N.º de casos novos de cancro em 2023 por grupo etário","衛生局,卫生局,Serviços de Saúde,Health Bureau","1","0","0","System.Object[]","13","29","2025-10-28 17:37:27","《統計年刊 2024》疾病預防及控制中心 按歲組劃分的二○二三年主要新增癌症個案☯《統計年刊 2024》疾病預防及控制中心 按歲組劃分的二○二三年主要新增癌症個案☯CENTRO DE PREVENÇÃO E CONTROLO DA DOENÇA N.º de casos novos de cancro em 2023 por grupo etário☯CENTRO DE PREVENÇÃO E CONTROLO DA DOENÇA N.º de casos novos de cancro em 2023 por grupo etário"
"cb57c451-e7af-4b76-b5f1-5003e006aa42","按供款制度劃分有供款的受益人數目☯按供款制度划分有供款的受益人数目☯Beneficiários que efectuaram contribuições, classificados por regime de contribuições☯Beneficiaries who made contributions, classified by contribution regime","社會保障基金,社会保障基金,Fundo de Segurança Social,Social Security Fund","1","0","0","System.Object[]","17","38","2026-09-02 10:15:15","按供款制度劃分有供款的受益人數目☯按供款制度划分有供款的受益人数目☯Beneficiários que efectuaram contribuições, classificados por regime de contribuições☯Beneficiaries who made contributions, classified by contribution regime"
"cb625dc0-3606-4e3d-aed4-ffd8fe0a2423","電腦及通訊設備回收計劃統計☯电脑及通讯设备回收计划统计☯Estatísticas do Programa de Reciclagem de Equipamentos Eletrônicos e Elétricos☯Electronic and Electrical Equipment Recycling Programme Statistics","環境保護局,环境保护局,Direcção dos Serviços de Protecção Ambiental,Environmental Protection Bureau","0","1","0","System.Object[]","0","95","2023-07-04 11:22:05","電腦及通訊設備回收計劃統計☯电脑及通讯设备回收计划统计☯Estatísticas do Programa de Reciclagem de Equipamentos Eletrônicos e Elétricos☯Electronic and Electrical Equipment Recycling Programme Statistics"
"cb64a668-c185-4316-9675-9e3e773157ca","有供款僱主的營運狀況☯有供款雇主的营运状况☯Situação de empregadores que efectuaram contribuições☯Situation of employers who made contributions","社會保障基金,社会保障基金,Fundo de Segurança Social,Social Security Fund","1","0","0","System.Object[]","17","29","2026-09-02 10:10:04","有供款僱主的營運狀況☯有供款雇主的营运状况☯Situação de empregadores que efectuaram contribuições☯Situation of employers who made contributions"
"cba1cb16-89cd-41f1-a45c-85a145c9c74f","澳門元匯率－期末匯率☯澳门元汇率－期末汇率☯CÂMBIOS - EM FIM DE PERÍODO☯EXCHANGE RATES - END OF PERIOD FIGURES","澳門金融管理局,澳門金融管理局,AMCM,AMCM","1","0","0","System.Object[]","87","199","2026-09-15 17:00:19","由1984年至今的每百外幣兌澳門元的期末匯率。☯由1984年至今的每百外币兑澳门元的期末汇率。☯Taxas de câmbio da Pataca por 100 unidades de moeda externa (reportadas ao fim de período), registadas desde 1984 até ao presente.☯Taxas de câmbio da Pataca por 100 unidades de moeda externa (reportadas ao fim de período), registadas desde 1984 até ao presente."
"cbdc4573-55f9-4071-8dfd-82170399d20b","旅遊警示☯旅游警示☯Alerta de Viagens☯Travel Alert","旅遊局,旅游局,Direcção dos Serviços de Turismo,Macao Government Tourism Office","0","1","0","System.Object[]","33","112","2025-07-22 14:58:38","旅遊警示
澳門特別行政區旅遊警示系統所覆蓋的110個國家或旅遊目的地

AL	阿爾巴尼亞
AO	安哥拉
AR	阿根廷
AM	亞美尼亞
AU	澳大利亞
AT	奧地利
AZ	阿塞拜疆
BH	巴林
BD	孟加拉
BY	白俄羅斯
BE	比利時
IDMYBN	婆羅洲
BA	波斯尼亞-黑塞哥維那
BR	巴西
BN	文莱
BG	保加利亞
KH	柬埔寨
CA	加拿大
CV	佛得角
CL	智利
CR	哥斯達黎加
HR	克羅地亞
CY	塞浦路斯
CZ	捷克
DK	丹麥
DO	多米尼加
TL	東帝汶
EC	厄瓜多爾
EG	埃及
GQ	赤道幾內亞
EE	愛沙尼亞
ET	埃塞俄比亞
FJ	斐濟
FI	芬蘭
FR	法國
GE	格魯吉亞
DE	德國
GI	直布羅陀
GR	希臘
GU	關島
GW	幾內亞比紹
HU	匈牙利
IS	冰島
IN	印度
ID	印度尼西亞
IR	伊朗
IE	愛爾蘭
IL	以色列
IT	意大利
JP	日本
JO	約旦
KZ	哈薩克斯坦
KE	肯尼亞
KG	吉爾吉斯斯坦
LA	老撾
LV	拉脫維亞
LB	黎巴嫩
LI	列支敦士登
LT	立陶宛
LU	盧森堡
MY	馬來西亞
MV	馬爾代夫
MT	馬耳他
MU	毛里求斯
MX	墨西哥
MC	摩納哥
MN	蒙古
ME	黑山
MA	摩洛哥
MZ	莫桑比克
MM	緬甸
NP	尼泊爾
NL	荷蘭
NZ	新西蘭
MK	北馬其頓
NO	挪威
OM	阿曼
PK	巴基斯坦
PA	巴拿馬
PG	巴布亞新幾內亞
PE	秘魯
PH	菲律賓
PL	波蘭
PT	葡萄牙
QA	卡塔爾
RO	羅馬尼亞
RU	俄羅斯
ST	聖多美和普林西比
SA	沙特阿拉伯
RS	塞爾維亞
SG	新加坡
SK	斯洛伐克
SI	斯洛文尼亞
ZA	南非
KR	韓國
ES	西班牙
LK	斯里蘭卡
SE	瑞典
CH	瑞士
SY	敍利亞
TZ	坦桑尼亞
TH	泰國
TN	突尼斯
TR	土耳其
UG	烏干達
AE	阿聯酋
GB	英國
US	美國
UZ	烏茲別克斯坦
VN	越南
☯旅游警示
澳门特别行政区旅游警示系统所覆盖的110个国家或旅游目的地

AL	阿尔巴尼亚
AO	安哥拉
AR	阿根廷
AM	亚美尼亚
AU	澳大利亚
AT	奥地利
AZ	阿塞拜疆
BH	巴林
BD	孟加拉
BY	白俄罗斯
BE	比利时
IDMYBN	婆罗洲
BA	波斯尼亚-黑塞哥维那
BR	巴西
BN	文萊
BG	保加利亚
KH	柬埔寨
CA	加拿大
CV	佛得角
CL	智利
CR	哥斯达黎加
HR	克罗地亚
CY	塞浦路斯
CZ	捷克
DK	丹麦
DO	多米尼加
TL	东帝汶
EC	厄瓜多尔
EG	埃及
GQ	赤道几内亚
EE	爱沙尼亚
ET	埃塞俄比亚
FJ	斐济
FI	芬兰
FR	法国
GE	格鲁吉亚
DE	德国
GI	直布罗陀
GR	希腊
GU	关岛
GW	几内亚比绍
HU	匈牙利
IS	冰岛
IN	印度
ID	印度尼西亚
IR	伊朗
IE	爱尔兰
IL	以色列
IT	意大利
JP	日本
JO	约旦
KZ	哈萨克斯坦
KE	肯尼亚
KG	吉尔吉斯斯坦
LA	老挝
LV	拉脱维亚
LB	黎巴嫩
LI	列支敦士登
LT	立陶宛
LU	卢森堡
MY	马来西亚
MV	马尔代夫
MT	马耳他
MU	毛里求斯
MX	墨西哥
MC	摩纳哥
MN	蒙古
ME	黑山
MA	摩洛哥
MZ	莫桑比克
MM	缅甸
NP	尼泊尔
NL	荷兰
NZ	新西兰
MK	北马其顿
NO	挪威
OM	阿曼
PK	巴基斯坦
PA	巴拿马
PG	巴布亚新几内亚
PE	秘鲁
PH	菲律宾
PL	波兰
PT	葡萄牙
QA	卡塔尔
RO	罗马尼亚
RU	俄罗斯
ST	圣多美和普林西比
SA	沙特阿拉伯
RS	塞尔维亚
SG	新加坡
SK	斯洛伐克
SI	斯洛文尼亚
ZA	南非
KR	韩国
ES	西班牙
LK	斯里兰卡
SE	瑞典
CH	瑞士
SY	叙利亚
TZ	坦桑尼亚
TH	泰国
TN	突尼斯
TR	土耳其
UG	乌干达
AE	阿联酋
GB	英国
US	美国
UZ	乌兹别克斯坦
VN	越南☯Alerta de Viagens
Os 110 países e destinos cobertos pelo Sistema de Alerta de Viagens da RAE Macau

AL	Albânia
AO	Angola
AR	Argentina
AM	Armênia
AU	Austrália
AT	Áustria
AZ	Azerbaijão
BH	Bahrain
BD	Bangladesh
BY	Bielorrússia
BE	Bélgica
IDMYBN	Bornéu
BA	Bósnia-Herzegovina
BR	Brasil
BN	Brunei
BG	Bulgária
KH	Camboja
CA	Canadá
CV	Cabo Verde
CL	Chile
CR	Costa Rica
HR	Croácia
CY	Chipre
CZ	República Checa
DK	Dinamarca
DO	República Dominicana
TL	Timor Leste
EC	Equador
EG	Egipto
GQ	Guiné Equatorial
EE	Estónia
ET	Etiópia
FJ	Fiji
FI	Finlândia
FR	França
GE	Geórgia
DE	Alemanha
GI	Gibraltar
GR	Grécia
GU	Guam
GW	Guiné-Bissau
HU	Hungria
IS	Islândia
IN	Índia
ID	Indonésia
IR	Irão
IE	Irlanda
IL	Israel
IT	Itália
JP	Japão
JO	Jordânia
KZ	Cazaquistão
KE	Quênia
KG	Quirguistão
LA	Laos
LV	Letónia
LB	Líbano
LI	Liechtenstein
LT	Lituânia
LU	Luxemburgo
MY	Malásia
MV	Maldivas
MT	Malta
MU	Maurícias (Ilhas)
MX	México
MC	Mónaco
MN	Mongólia
ME	Montenegro
MA	Marrocos
MZ	Moçambique
MM	Mianmar
NP	Nepal
NL	Países Baixos
NZ	Nova Zelândia
MK	Macedónia do Norte
NO	Noruega
OM	Omã (Sultanato)
PK	Paquistão
PA	Panamá
PG	Papua-Nova Guiné
PE	Peru
PH	Filipinas
PL	Polónia
PT	Portugal
QA	Catar
RO	Roménia
RU	Rússia
ST	São Tomé e Príncipe
SA	Arábia Saudita
RS	Sérvia
SG	Singapura
SK	Eslováquia
SI	Eslovénia
ZA	África do Sul
KR	Coreia do Sul
ES	Espanha
LK	Sri Lanka
SE	Suécia
CH	Suíça
SY	Síria
TZ	Tanzânia
TH	Tailândia
TN	Tunísia
TR	Turquia
UG	Uganda
AE	Emirados Árabes Unidos
GB	Reino Unido
US	Estados Unidos da América
UZ	Uzbequistão
VN	Vietname
☯Travel Alert
110 Countries and destinations covered by the travel alert system

Albania
Angola
Argentina
Armenia
Australia
Austria
Azerbaijan
Bahrain
Bangladesh
Belarus
Belgium
Borneo
Bosnia-Herzegovina
Brazil
Brunei
Bulgaria
Cambodia
Canada
Cape Verde
Chile
Costa Rica
Croatia
Cyprus
Czech Republic
Denmark
Dominican Republic
East Timor
Ecuador
Egypt
Equatorial Guinea
Estonia
Ethiopia
Fiji
Finland
France
Georgia
Germany
Gibraltar
Greece
Guam
Guinea-Bissau
Hungary
Iceland
India
Indonesia
Iran
Ireland
Israel
Italy
Japan
Jordan
Kazakhstan
Kenya
Kyrgyzstan
Laos
Latvia
Lebanon
Liechtenstein
Lithuania
Luxembourg
Malaysia
Maldives
Malta
Mauritius
Mexico
Monaco
Mongolia
Montenegro
Morocco
Mozambique
Myanmar
Nepal
Netherlands
New Zealand
North Macedonia
Norway
Oman
Pakistan
Panama
Papua New Guinea
Peru
Philippines
Poland
Portugal
Qatar
Romania
Russia
São Tomé and Príncipe
Saudi Arabia
Serbia
Singapore
Slovak Republic
Slovenia Republic
South Africa
South Korea
Spain
Sri Lanka
Sweden
Switzerland
Syria
Tanzania
Thailand
Tunisia
Türkiye
Uganda
United Arab Emirates
United Kingdom
United States of America
Uzbekistan
Vietnam
"
"cc24f281-5369-4111-9aea-50e2f07096c7","民航局處理的投訴和建議☯民航局处理的投诉和建议☯Tratamento das reclamações e sugestões☯Handling of complaints and suggestions","民航局,民航局,Autoridade de Aviação Civil,Civil Aviation Authority","1","0","0","System.Object[]","82","149","2026-07-07 12:38:25","民航局處理的投訴和建議☯民航局处理的投诉和建议☯Tratamento das reclamações e sugestões☯Handling of complaints and suggestions"
"cc806976-2529-4fe2-a1e2-8cab8fcba8b5","飲食店舖場所☯饮食店铺场所☯Restaurantes e estabelecimentos similares☯ ","統計暨普查局,统计暨普查局,Direcção dos Serviços de Estatística e Censos,Statistics and Census Service","0","1","0","System.Object[]","0","25","2026-01-26 12:43:42","從事飲食店舖的場所總數。☯从事饮食店铺的场所总数。☯São todos os restaurantes e estabelecimentos similares.☯ "
"cc85a46d-49a9-42f6-8d3c-09583f6e158f","接收建議、投訴及異議個案☯接收建议、投诉和异议的概况☯Dados recebidos sobre sugestões, queixas e reclamações☯Data received on suggestions, complaints and claims","勞工事務局,劳工事务局,Direcção dos Serviços para os Assuntos Laborais,Labour Affairs Bureau","1","0","0","System.Object[]","34","56","2023-02-14 15:56:23","勞工事務局每年接收之接收建議、投訴及異議個案☯劳工事务局接收建议、投诉和异议的概况☯Dados recebidos pela DSAL sobre sugestões, queixas e reclamações☯Data received by DSAL on suggestions, complaints and claims"
"ccc80cd3-54f6-43ab-90e1-6350281176b2","妨害社會生活罪案件☯妨害社会生活罪案件☯Processos de crimes contra a vida em sociedade☯ ","統計暨普查局,统计暨普查局,Direcção dos Serviços de Estatística e Censos,Statistics and Census Service","0","1","0","System.Object[]","0","27","2025-11-10 14:48:09","妨害社會生活罪案數目。☯妨害社会生活罪案数目。☯Referem-se ao número de processos de crimes contra a vida em sociedade.☯ "
"cd3c8c72-8d4b-4969-95c5-27c55c8134e4","按行業劃分的新註冊僱主及有關本地僱員數目☯按行业划分的新注册雇主及有关本地雇员数目☯Novos empregadores matriculados e respectivos trabalhadores residentes classificados por ramos de actividade económica☯New registered employers and their resident workers classified by economic activity sectors","社會保障基金,社会保障基金,Fundo de Segurança Social,Social Security Fund","1","0","0","System.Object[]","14","27","2026-09-01 17:00:36","按行業劃分的新註冊僱主及有關本地僱員數目☯按行业划分的新注册雇主及有关本地雇员数目☯Novos empregadores matriculados e respectivos trabalhadores residentes
classificados por ramos de actividade económica☯New registered employers and their resident workers classified by economic activity sectors"
"cd5bbd8e-833a-494d-bc81-b7a52ea5146e","非高等教育教學人員人次數（按學校類型和教育階段劃分）☯非高等教育教学人员人次数（按学校类型和教育阶段划分）☯Número de Pessoal docente (Por FREQUÊNCIA) (Classificação por tipo de escola e nivel de ensino) (Estatística educativa não Superior)☯-","教育及青年發展局,教育及青年发展局,Direcção dos Serviços de Educação e de Desenvolvimento da Juventude,Education and Youth Development Bureau","1","0","0","System.Object[]","18","42","2026-03-16 17:17:32","教學人員人次數（按學校類型和教育階段劃分）
☯教学人员人次数（按学校类型和教育阶段划分）
☯Número de Pessoal docente (Por FREQUÊNCIA) (Classificação por tipo de escola e nivel de ensino)☯-"
"cd5d99eb-fbf3-4271-b3da-6e520d388d21","青年創業援助計劃統計 - 申請概況☯青年创业援助计划统计 - 申请概况☯Estatística do “Plano de Apoio a Jovens Empreendedores” – Situação geral dos pedidos☯Young Entrepreneurs Aid Scheme Statistics – Summary of Applications","經濟及科技發展局,经济及科技发展局,Direcção dos Serviços de Economia e Desenvolvimento Tecnológico,Macao Economic Bureau","1","0","0","System.Object[]","74","150","2026-07-10 15:00:21","提供青年創業援助計劃年度申請及批准統計數據☯提供青年创业援助计划年度申请及批准统计数据☯Dados estatísticos anuais dos pedidos apresentados e dos pedidos aprovados pelo “Plano de Apoio a Jovens Empreendedores”☯Annual statistics on Young Entrepreneurs Aid Scheme applications and approvals"
"cdb55a62-f0b0-4111-8428-122d9b86716b","社區醫療衛生範疇 - 衛生中心 按門診種類和衛生中心劃分的門診人次☯社區醫療衛生範疇 - 衛生中心 按門診種類和衛生中心劃分的門診人次☯CUIDADOS DE SAÚDE COMUNITÁRIOS - CENTROS DE  SAÚDE Consultas por valência e Centros de Saúde☯CUIDADOS DE SAÚDE COMUNITÁRIOS - CENTROS DE  SAÚDE Consultas por valência e Centros de Saúde","衛生局,卫生局,Serviços de Saúde,Health Bureau","1","0","0","System.Object[]","16","24","2025-10-28 17:38:52","社區醫療衛生範疇 - 衛生中心 按門診種類和衛生中心劃分的門診人次☯社區醫療衛生範疇 - 衛生中心 按門診種類和衛生中心劃分的門診人次☯CUIDADOS DE SAÚDE COMUNITÁRIOS - CENTROS DE  SAÚDE Consultas por valência e Centros de Saúde☯CUIDADOS DE SAÚDE COMUNITÁRIOS - CENTROS DE  SAÚDE Consultas por valência e Centros de Saúde"
"cdcd9dc6-d08c-4783-ae68-d3598a9b9945","天氣預報☯天气预报☯Previsao do Tempo☯Weather Forecast","地球物理氣象局,地球物理气象局,irecção dos Serviços Meteorológicos e Geofísicos,Meteorological and Geophysical Bureau","0","0","1","System.Object[]","0","289","2022-02-10 12:20:43","未來7日的天氣預測，包括天氣狀況、氣溫、濕度、風向及風速等資訊。☯未来7日的天气预测，包括天气状况、气温、湿度、风向及风速等信息。☯Previsão para os próximos 7 dias, incluindo estado de tempo, temperatura do ar, humidade, direcção e velocidade do vento.☯7 days weather forecast including weather condition, temperature, humidity, wind direction and wind speed."
"cdd36df0-ce45-4c12-b5dd-ede4c3787035","各燒烤區可供使用的資訊列表☯各烧烤区可供使用的资讯列表☯Lista de informações sobre as zonas de churrasco disponíveis☯List of information about various barbecue areas available for use","市政署,市政署,Instituto para os Assuntos Municipais,Municipal Affairs Bureau","0","1","0","System.Object[]","0","49","2025-07-16 17:37:31","各燒烤區可供使用的資訊列表。☯各烧烤区可供使用的资讯列表。☯Lista de informações sobre as zonas de churrasco disponíveis.☯List of information about various barbecue areas available for use."
"cdd9022f-495b-4017-9c1d-8c9ff8eea1f0","旅客人均住宿消費☯旅客人均住宿消费☯Despesa per capita dos visitantes em alojamento☯ ","統計暨普查局,统计暨普查局,Direcção dos Serviços de Estatística e Censos,Statistics and Census Service","0","1","0","System.Object[]","0","95","2025-12-09 11:13:03","旅客在住宿方面的人均消費，包括酒店、旅館或其他住宿設施的費用，由旅客或他人（如親友或僱主）支付的消費。☯旅客在住宿方面的人均消费，包括酒店、旅馆或其他住宿设施的费用，由旅客或他人（如亲友或雇主）支付的消费。☯Refere-se à despesa per capita dos visitantes em alojamento. Inclui-se a despesa em hotéis, pousadas ou outros estabelecimentos de alojamento, paga pelos visitantes ou por outras pessoas (tais como: familiares ou empregadores).☯ "
"ce44dfac-3672-4521-bca5-39685033fffd","環境紀念日的資訊列表☯环境纪念日的资讯列表☯Lista de informações sobre o Dia Mundial do Ambiente☯Information list of environmental days","市政署,市政署,Instituto para os Assuntos Municipais,Municipal Affairs Bureau","0","1","0","System.Object[]","0","39","2025-06-19 14:47:42","環境紀念日的資訊列表☯环境纪念日的资讯列表☯Lista de informações sobre o Dia Mundial do Ambiente☯Information list of environmental days"
"ce58cc54-8549-4fc0-993c-bfeee766ee9a","分層建築物管理商業業務技術主管☯分层建筑物管理商业业务技术主管☯director técnico de actividade comercial de administração de condomínios☯director técnico de actividade comercial de administração de condomínios","房屋局,房屋局,IH,IH","1","0","0","System.Object[]","15","55","2026-09-17 11:00:54","分層建築物管理商業業務技術主管☯分层建筑物管理商业业务技术主管☯director técnico de actividade comercial de administração de condomínios☯director técnico de actividade comercial de administração de condomínios"
"ce76769c-afdb-43ac-8c37-05dbd6adbadd","期末流動電話使用者☯期末流动电话用户☯Utentes de telemóvel no fim do período☯Mobile phone subscribers at end-period","統計暨普查局,统计暨普查局,Direcção dos Serviços de Estatística e Censos,Statistics and Census Service","0","1","0","System.Object[]","0","33","2025-11-14 17:19:40","向電訊供應商登記使用流動電話服務使用者數目(包括預付卡)。☯向电讯供货商登记使用流动电话服务用户数目(包括预付卡)。☯Número de utentes registados nas operadoras de telecomunicações que usam os serviços de telemóvel (incluindo os utentes com cartões pré-pagos).☯Number of registered subscribers to the mobile phone service of telecommunications providers (including pre-paid cards)."
"cecdf50e-2ba2-4666-97b7-99da2d6d81bf","外賣店盈利比率☯外卖店盈利比率☯Proporção do excedente bruto das lojas de take-away☯ ","統計暨普查局,统计暨普查局,Direcção dos Serviços de Estatística e Censos,Statistics and Census Service","0","1","0","System.Object[]","0","25","2026-01-26 12:41:17","外賣店的盈利與收入的比例，用以評估飲食業場所的盈利能力。☯外卖店的盈利与收入的比例，用以评估饮食业场所的盈利能力。☯Refere-se à relação entre o excedente bruto e as receitas, das lojas de take-away. O indicador serve para avaliar a capacidade dos estabelecimentos do ramo da restauração gerarem excedente bruto.☯ "
"cedb486f-1f2c-4f90-a103-7e3a5a504247","語言培訓範疇的課程數目、學員人數、課時☯语言培训范畴的课程数目、学员人数、课时☯Número de acções, formandos e carga horária da área de formação linguística☯Número de acções, formandos e carga horária da área de formação linguística","行政公職局,行政公职局,Direcção dos Serviços de Administração e Função Pública,Public Administration and Civil Service Bureau","1","0","0","System.Object[]","25","113","2026-04-30 16:31:15","按年度統計行政公職局舉辦的語言培訓範疇課程的課程數目、學員人數及課時☯按年度统计行政公职局举办的语言培训范畴课程的课程数目、学员人数及课时☯N.º de acções, formandos e carga horária na área de formação linguística organizadas pelo SAFP por ano☯N.º de acções, formandos e carga horária na área de formação linguística organizadas pelo SAFP por ano"
"cf1b13cd-c9ac-47a0-9b51-b1b048abe4c0","燃料加注站位置☯燃料加注站位置☯Localização dos postos de abastecimento de combustíveis☯ Location of fuel stations","經濟及科技發展局,经济及科技发展局,Direcção dos Serviços de Economia e Desenvolvimento Tecnológico,Macao Economic Bureau","0","0","1","System.Object[]","0","80","2024-09-30 16:45:27","本澳各油站的地址資料☯本澳各油站的地址数据☯Informações sobre endereços dos postos de abastecimento de combustíveis☯ Location of fuel stations"
"cf1c7061-9b2a-46a3-b499-f406a55619ad","環球合作伙伴☯环球合作伙伴☯Parceiros globais☯Global partners","澳門旅游大學,澳门旅游大学,Universidade deTurismo de Macau,Macao University of Tourism","1","0","0","System.Object[]","23","51","2024-12-10 11:06:40","澳門旅遊大學環球合作伙伴列表☯澳门旅游大学环球合作伙伴列表☯A lista de Parceiros globais da Universidade de Turismo de Macau☯The list of Global partners of Macao University of Tourism"
"cf526acc-fff1-4db1-87da-9e20cd964a82","社區醫療衛生 (其他)血液收集概況☯社区医疗卫生 (其他)中，血液收集概况☯Situação de colheita de sangue, na área de cuidados de saúde comunitários(outros)☯社區醫療衛生 (其他)血液收集概況","衛生局,卫生局,Serviços de Saúde,Health Bureau","1","0","0","System.Object[]","84","70","2024-12-19 14:59:54","社區醫療衛生 (其他)血液收集概況☯社区医疗卫生 (其他)中，血液收集概况☯Situação de colheita de sangue, na área de cuidados de saúde comunitários(outros)☯社區醫療衛生 (其他)血液收集概況"
"cf87bbd6-5194-4248-8847-9dcb931cd392","每千人口中註冊中醫生或中醫師☯每千人口中注册中医生或中医师☯Médicos de medicina tradicional chinesa/mestres de medicina tradicional chinesa por 1.000 habitantes☯ ","統計暨普查局,统计暨普查局,Direcção dos Serviços de Estatística e Censos,Statistics and Census Service","0","1","0","System.Object[]","0","70","2025-11-10 14:50:20","年終中醫生及中醫師數目 / 年終人口 *1000☯年终中医生及中医师数目 / 年终人口 *1000☯Número de médicos de medicina tradicional chinesa e mestres de medicina tradicional chinesa no fim do ano / população no fim do ano *1.000☯ "
"cf8f797d-91fa-4392-ab3f-259ddacef8d0","市政狗房☯市政狗房☯Canis municipais☯Municipal kennels","市政署,市政署,Instituto para os Assuntos Municipais,Municipal Affairs Bureau","1","1","0","System.Object[]","25","288","2026-05-30 10:00:08","提供市政狗房的相關資訊。☯提供市政狗房的相关资讯。☯Fornecimento de informações de canis municipais.☯Provision of relevant information about municipal kennels."
"cf999c36-de2e-44be-887f-23dccd697f56","工業場所數目☯工业场所数目☯Número de estabelecimentos industriais☯Number of industrial establishments","統計暨普查局,统计暨普查局,Direcção dos Serviços de Estatística e Censos,Statistics and Census Service","0","1","0","System.Object[]","0","39","2024-12-30 17:13:08","在參考年內在單一地點從事或主要從事工業相關活動的經濟單位。☯在参考年内在单一地点从事或主要从事工业相关活动的经济单位。☯Unidade económica que exerce exclusiva ou principalmente uma actividade industrial, num só local, durante o ano de referência.☯An economic unit which engages in one or predominantly one kind of industrial related activities at a single location in the reference year."
"cfc676f6-4330-456d-ab5f-41b5a95f3a9d","對中國內地的進口貨值☯对中国内地的进口货值☯Valor da importação de mercadorias do Interior da China☯Value of imports from mainland China","統計暨普查局,统计暨普查局,Direcção dos Serviços de Estatística e Censos,Statistics and Census Service","0","1","0","System.Object[]","0","28","2024-12-30 17:13:28","來自原產地為中國內地的貨物價值。☯来自原产地为中国内地的货物价值。☯Valor da importação de mercadorias originalmente produzidas no Interior da China.☯Value of goods whose origin is mainland China."
"cfd025be-a176-49d9-ad5d-d461aa58c032","退休基金統計數字☯退休基金统计数字☯Estatísticas de fundo de pensões☯Estatísticas de fundo de pensões","澳門金融管理局,澳門金融管理局,AMCM,AMCM","1","0","0","System.Object[]","31","63","2026-09-08 17:07:00","獲批准的私人退休基金數目、獲批准的私人退休基金的總資產凈值、註冊私人退休金計劃數目、計劃參與人數目、計劃僱員佔就業人口之比率。☯获批准的私人退休基金数目、获批准的私人退休基金的总资产凈值、注册私人退休金计划数目、计划参与人数目、计划雇员占就业人口之比率。☯Número de fundos de pensões  privados autorizados, valor líquido total de activos dos fundos de pensões privados autorizados, número de planos de pensões privados registados, número de participantes nos planos e proporção de empregados participantes em relação à população empregada.☯Número de fundos de pensões  privados autorizados, valor líquido total de activos dos fundos de pensões privados autorizados, número de planos de pensões privados registados, número de participantes nos planos e proporção de empregados participantes em relação à população empregada."
"cfe84845-3fc9-405e-b3c7-e358da0583aa","參與中學藥物教育課程的數據☯参与中学药物教育课程的数据☯Dados relativos à Participação no Programa Educativo sobre Drogas para Alunos do Curso Secundário☯---","社會工作局,社會工作局,Instituto de Acção Social,Social Welfare Bureau","1","0","0","System.Object[]","16","46","2026-03-16 11:18:08","中學藥物教育課程的參與數據（包括學校、班數及參與人數）☯中学药物教育课程的参与数据（包括学校、班数及参与人数）☯Dados relativos à Participação no Programa Educativo sobre Drogas para Alunos do Curso Secundário☯---"
"d0168f3b-d292-4d86-91d3-4e652902f7b7","社區醫療衛生-其他-場所准照審批概況☯社区医疗卫生生-其他-场所准照审查概况☯cuidados de saúde comunitários(outros)-Actividades realizadas no âmbito do licenciamento dos estabelecimentos☯社區醫療衛生-其他-場所准照審批概況","衛生局,卫生局,Serviços de Saúde,Health Bureau","1","0","0","System.Object[]","27","52","2024-12-19 14:58:20","社區醫療衛生-其他-場所准照審批概況☯社区医疗卫生生-其他-场所准照审查概况☯cuidados de saúde comunitários(outros)-Actividades realizadas no âmbito do licenciamento dos estabelecimentos☯社區醫療衛生-其他-場所准照審批概況"
"d072fae8-6df8-46b8-964c-3714f5e3b59f","街市、街市熟食中心及小販區☯街市、街市熟食中心及小贩区☯Mercados, centros de comidas e zonas de vendilhões☯Markets, cooked food areas at markets and hawker areas","市政署,市政署,Instituto para os Assuntos Municipais,Municipal Affairs Bureau","1","1","0","System.Object[]","108","438","2026-07-14 10:00:02","提供各街市、街市熟食中心及小販區的有關場所的使用及位置資訊。☯提供各街市、街市熟食中心及小贩区的有关场所的使用及位置信息。☯Informações de utilização e localização dos respectivos estabelecimentos dos mercados, centros de comidas e zonas de vendilhões.☯Information on the use and locations of markets, cooked food areas at markets and hawker areas is provided."
"d0aa83de-ee0c-4443-9a03-c5267f5cdabb","季度新增強制性制度新註冊僱主數目☯季度新增强制性制度新注册雇主数目☯Número de novos empregadores matriculados no regime obrigatório por trimestre☯Number of employers newly registered under the obligatory system in the quarter","社會保障基金,社会保障基金,Fundo de Segurança Social,Social Security Fund","1","0","0","System.Object[]","35","57","2026-07-20 16:59:32","以季度方式提供在相關季度的期間內，新註冊成為強制性制度僱主的數目。☯以季度方式提供在相关季度的期间内，新注册成为强制性制度雇主的数目。☯A prestação trimestral do número de novos empregadores matriculados no regime obrigatório durante o respectivo trimestre.☯Available on a quarterly basis, the number of employers newly registered under the obligatory system in the relevant quarter."
"d0bdd85a-2104-4642-a448-7e95fc0609bb","獎勵活動使用場地面積☯奖励活动使用场地面积☯Área utilizada pelos eventos de incentivo☯ ","統計暨普查局,统计暨普查局,Direcção dos Serviços de Estatística e Censos,Statistics and Census Service","0","1","0","System.Object[]","0","23","2026-01-26 12:38:46","獎勵活動所使用的場地面積。☯奖励活动所使用的场地面积。☯Refere-se à área do local utilizado pelos eventos de incentivo.☯ "
"d0bfda7a-6873-40e3-be2c-bbebfad3628c","不過夜入境旅客☯不过夜入境旅客☯Entradas de excursionistas☯ ","統計暨普查局,统计暨普查局,Direcção dos Serviços de Estatística e Censos,Statistics and Census Service","0","1","0","System.Object[]","103","171","2025-11-25 16:42:26","未在旅遊地區的任何住宅單位、酒店/公寓，又或娛樂場等地過夜，亦沒有在酒店/公寓安排住宿的旅客，按其入境方式統計。☯未在旅游地区的任何住宅单位、酒店/公寓，又或娱乐场等地过夜，亦没有在酒店/公寓安排住宿的旅客，按其入境方式统计。☯Referem-se aos visitantes que não passaram a noite em nenhuma unidade de alojamento, hotel/pensão, casino do território visitado, etc., nem tinham reserva de alojamento em nenhum hotel/pensão. Os dados são compilados por via de entrada.☯ "
"d10503ff-5219-4c87-8e08-8768ecd46c78","年度整體投資組合比重☯年度整体投资组合比重☯Proporção global de portfólio de investimentos ☯Total Asset Allocation","社會保障基金,社会保障基金,Fundo de Segurança Social,Social Security Fund","1","0","0","System.Object[]","14","28","2024-12-26 16:06:35","以年度方式提供在相關曆年內，銀行定期存款和環球金融投資的總額和比重數據☯以年度方式提供在相关历年内，银行定期存款和环球金融投资的总额和比重数据☯Proporção global de portfólio de investimentos ☯Total Asset Allocation"
"d120aa0f-6e05-4784-8e5e-1ea554c86a1a","衛生範疇按歲組劃分的死亡人數統計☯ 卫生范畴按岁组划分的死亡人数统计☯Estatísticas de óbitos por grupo etário, na área da saúde☯衛生範疇按歲組劃分的死亡人數統計","衛生局,卫生局,Serviços de Saúde,Health Bureau","1","0","0","System.Object[]","220","314","2024-12-19 14:59:09","衛生範疇中，以歲組劃分的死亡人數統計☯卫生范畴中，以岁组划分的死亡人数统计☯Estatísticas de óbitos por grupo etário, na área da saúde☯衛生範疇中，以歲組劃分的死亡人數統計"
"d12be50f-de37-4231-bfc1-effb7d996bc7","公共收入（年初至當期累計）☯公共收入（年初至当期累计）☯Receitas públicas (valor acumulado do início do ano até ao período de referência)☯Public revenue (year-to-date data)","統計暨普查局,统计暨普查局,Direcção dos Serviços de Estatística e Censos,Statistics and Census Service","0","1","0","System.Object[]","0","68","2025-08-25 10:23:16","公共收入(年初至當期累計數值)表示從當年年初至參考期內特區政府實際錄得的總收入，包括經常收入及資本收入。☯公共收入(年初至当期累计数值)表示从当年年初至参考期内特区政府实际录得的总收入，包括经常收入及资本收入。☯As receitas públicas (valor acumulado do início do ano até ao período de referência) referem-se ao valor total das receitas efectivas do Governo da Região Administrativa Especial de Macau, registado desde o início do ano até ao período de referência, incluindo as receitas correntes e as receitas de capital. ☯ "
"d19f1980-bfbe-49c3-96ce-e5441443a577","澳門大學專利清單☯澳門大学专利清单☯Lista de patentes da Universidade de Macau☯Patent list of the University of Macau","澳門大學,澳門大學,UM,UM","1","0","0","System.Object[]","78","177","2025-09-02 15:41:21","澳門大學專利（包括在申請中的專利）。☯澳门大学专利（包括在申请中的专利）。☯Patentes da Universidade de Macau(incluindo pedidos de patentes).☯Patents of the University of Macau (including patent applications)."
"d1ce0853-4322-4804-9b48-f79896ce2361","在澳門以外地區升學的澳門學生人數統計─按課程程度劃分☯在澳门以外地区升学的澳门学生人数统计─按课程程度划分☯Dados estatísticos do número de estudantes de Macau que prosseguem os seus estudos no exterior (classificados por nível de curso)☯-","教育及青年發展局,教育及青年发展局,Direcção dos Serviços de Educação e de Desenvolvimento da Juventude,Education and Youth Development Bureau","1","0","0","System.Object[]","23","49","2025-12-15 16:03:18","按學年方式，提供按課程程度劃分的在外升學澳門學生人數。☯按学年方式，提供按课程程度划分的在外升学澳门学生人数。☯Número de estudantes de Macau que prosseguem os seus estudos no exterior (classificados por nível de curso), calculado de acordo com o ano lectivo.☯-"
"d1cfacc1-b9b3-44f0-b5e2-6eb76f4106de","澳門元匯率指數☯澳门元汇率指数☯Taxa de câmbio efectiva da pataca☯Nominal effective exchange rate index","澳門金融管理局,澳門金融管理局,AMCM,AMCM","1","0","0","System.Object[]","51","143","2026-09-15 17:00:42","由2020年至今的澳門元及港元匯率指數數據。澳門元匯率指數的權數是以2020-2021年的澳門對外商品貿易模式作為根據，指數的基 期為2020年1月。港元匯率指數的權數是以2019-2020年的香港特區對外貨物貿易模式作為根據，指數的基期為2020年1月。 澳門元匯率指數包括貿易額加權、進口額加權及出口額加權，而港元匯率指數則為貿易額加權。
☯由2020年至今的澳门元及港元汇率指数数据。澳门元汇率指数的权数是以2020-2021年的澳门对外商品贸易模式作为根据，指数的基 期为2020年1月。港元汇率指数的权数是以2019-2020年的香港特区对外货物贸易模式作为根据，指数的基期为2020年1月。 澳门元汇率指数包括贸易额加权、进口额加权及出口额加权，而港元汇率指数则为贸易额加权。☯Mostram-se os dados relativos aos índices de taxa de câmbio efectiva da Pataca e do HKD registados de 2020 até à presente data. O índice da Pataca utiliza ponderações baseadas no padrão do comércio externo de mercadorias da RAEM decorrido no período 2020-2021, tendo como base Janeiro de 2020, enquanto que o índice do HKD segue ponderações derivadas do padrão do comércio externo de mercadorias da Região Administrativa Especial de Hong Kong em 2019-2020, tendo igualmente com base em Janeiro de 2020. O índice da taxa de câmbio efectiva da pataca de Macau inclui trocas comerciais ponderadas, importações ponderadas e a exportações ponderadas, enquanto o índice da taxa de câmbio efectiva de Hong Kong constitui trocas comerciais ponderadas.☯Mostram-se os dados relativos aos índices de taxa de câmbio efectiva da Pataca e do HKD registados de 2020 até à presente data. O índice da Pataca utiliza ponderações baseadas no padrão do comércio externo de mercadorias da RAEM decorrido no período 2020-2021, tendo como base Janeiro de 2020, enquanto que o índice do HKD segue ponderações derivadas do padrão do comércio externo de mercadorias da Região Administrativa Especial de Hong Kong em 2019-2020, tendo igualmente com base em Janeiro de 2020. O índice da taxa de câmbio efectiva da pataca de Macau inclui trocas comerciais ponderadas, importações ponderadas e a exportações ponderadas, enquanto o índice da taxa de câmbio efectiva de Hong Kong constitui trocas comerciais ponderadas."
"d26d3c60-8990-4ad9-9f63-8a3044b7c3dc","社區醫療衛生範疇 - 衛生中心 按衛生中心劃分的門診人次☯社區醫療衛生範疇 - 衛生中心 按衛生中心劃分的門診人次☯CUIDADOS DE SAÚDE COMUNITÁRIOS - CENTROS DE  SAÚDE N.º de consultas por Centro de Saúde☯CUIDADOS DE SAÚDE COMUNITÁRIOS - CENTROS DE  SAÚDE N.º de consultas por Centro de Saúde","衛生局,卫生局,Serviços de Saúde,Health Bureau","1","0","0","System.Object[]","12","24","2025-10-28 17:38:58","社區醫療衛生範疇 - 衛生中心 按衛生中心劃分的門診人次☯社區醫療衛生範疇 - 衛生中心 按衛生中心劃分的門診人次☯CUIDADOS DE SAÚDE COMUNITÁRIOS - CENTROS DE  SAÚDE N.º de consultas por Centro de Saúde☯CUIDADOS DE SAÚDE COMUNITÁRIOS - CENTROS DE  SAÚDE N.º de consultas por Centro de Saúde"
"d2a1809a-f9d3-481e-8cec-0eaed285e043","文化設施服務人次☯文化设施服务人次☯N.° de utentes dos serviços das instalações culturais☯---","文化局,文化局,Instituto Cultural,Cultural Affairs Bureau","1","0","0","System.Object[]","446","575","2023-09-14 20:12:40","以季度方式，提供文化局轄下文化設施服務人流資料數據☯以季度方式，提供文化局辖下文化设施服务人流数据☯Refere-se ao número de utentes dos serviços das instalações culturais subordinadas ao Instituto Cultural prestados trimestralmente☯---"
"d2cbcc6a-c90d-4d44-81ca-0932dd70aa99","郵政網絡資料☯邮政网络资料☯Informações sobre a rede postal☯Postal Network Information","郵電局,郵電局,CTT,CTT","1","0","0","System.Object[]","63","104","2026-09-18 18:56:42","全澳的郵政分局位置、電話、辦公時間及所提供的服務☯全澳的邮政分局位置、电话、办公时间及所提供的服务☯Localizações, números de telefone, horários de funcionamento e serviços prestados de todas as estações postais de Macau
☯The addresses, telephone numbers, office hours and services provided of post offices in Macao
"
"d2d5bab8-8be7-4478-b3e0-79e5794315ea","退休及撫卹制度-在職會員–按任用方式劃分☯退休及抚恤制度-在职会员–按任用方式划分☯Regime de Aposentação e Sobrevivência – Subscritores no activo – Por formas de provimento☯-","退休基金會,退休基金会,Fundo de Pensões,Pension Fund","1","0","0","System.Object[]","47","54","2026-05-18 12:38:47","按任用方式統計當年退休及撫卹制度中在職會員之人數☯按任用方式统计当年退休及抚恤制度中在职会员之人数☯Estatística do número de subscritores no activo do Regime de Aposentação e Sobrevivência desse ano por formas de provimento☯-"
"d2e682a0-265a-4838-8dbe-6cae939de9f5","酒店及娛樂場穿梭巴士路線數量☯酒店及娱乐场穿梭巴士路线数量☯N.º de itinerários de autocarros shuttle dos hotéis e casinos☯N.º de itinerários de autocarros shuttle dos hotéis e casinos","交通事務局,交通事务局,Direcção dos Serviços para os Assuntos de Tráfego,Transport Bureau","1","0","0","System.Object[]","24","56","2026-05-27 01:00:33","有關酒店及娛樂場穿梭巴士路線統計數據☯有关酒店及娱乐场穿梭巴士路线统计数据☯Dados estatísticos sobre o número de itinerários de autocarros shuttle dos hotéis e casinos☯Dados estatísticos sobre o número de itinerários de autocarros shuttle dos hotéis e casinos"
"d2f5af05-6ff6-4f6f-b5a9-f2717cddd5f8","疾病預防控制範疇按國籍和傳染途徑劃分的愛滋病病毒感染個案☯疾病预防控制范畴按国籍和传染途径划分的爱滋病病毒感染个案☯Casos de infecção por VIH, na área de prevenção e controlo de doenças, consoante a nacionalidade e as vias de transmissão☯疾病預防控制範疇按國籍和傳染途徑劃分的愛滋病病毒感染個案","衛生局,卫生局,Serviços de Saúde,Health Bureau","1","0","0","System.Object[]","73","112","2024-12-19 14:59:01","疾病預防控制範疇中，以國籍和傳染途徑劃分的愛滋病病毒感染個案☯疾病预防控制范畴中，以国籍和传染途径划分的爱滋病病毒感染个案☯Casos de infecção por VIH, na área de prevenção e controlo de doenças, consoante a nacionalidade e as vias de transmissão☯疾病預防控制範疇中，以國籍和傳染途徑劃分的愛滋病病毒感染個案"
"d33754cc-fbca-450e-9cbc-9fac55fa4e0d","非高等教育校部清單 ☯非高等教育校部清单☯Lista das unidades das escolas do ensino não superior	☯-","教育及青年發展局,教育及青年发展局,Direcção dos Serviços de Educação e de Desenvolvimento da Juventude,Education and Youth Development Bureau","1","0","0","System.Object[]","78","65","2025-12-17 17:18:36","提供每學年校部的資料，包括學校名稱、教育類型、准許開辦的教學程度、學校系統、免費教育。		
☯提供每学年校部的资料，包括学校名称、教育类型、准许开办的教学程度、学校系统、免费教育。	☯Fornecer as informações da unidade da escola de cada ano letivo, incluindo a demoninação da escola, o tipo de educação, o nível de ensino autorizado, o sistema escolar e a escolaridade gratuita.					
☯-
"
"d358a990-06f2-4a65-9045-7543ae9f826f","電腦及通訊設備回收計劃回收位置清單☯电脑及通讯设备回收计划回收位置清单☯Lista de locais de recolha de programa de reciclagem de equipamentos electrónicos e eléctricos☯List of electronic and electrical equipment recycling programme locations","環境保護局,环境保护局,Direcção dos Serviços de Protecção Ambiental,Environmental Protection Bureau","0","1","0","System.Object[]","0","88","2025-06-13 09:22:42","電腦及通訊設備回收計劃回收位置清單☯电脑及通讯设备回收计划回收位置清单☯Lista de locais de recolha de programa de reciclagem de equipamentos electrónicos e eléctricos☯List of electronic and electrical equipment recycling programme locations"
"d361d359-b86c-4d85-989e-340dbb633368","毛入學率☯毛入学率☯Taxa bruta de escolarização☯ ","教育及青年發展局,教育及青年发展局,Direcção dos Serviços de Educação e de Desenvolvimento da Juventude,Education and Youth Development Bureau","1","0","0","System.Object[]","11","30","2025-12-15 16:01:52","提供教育參與指標：按教育階段劃分的毛入學率☯提供教育参与指标：按教育阶段划分的毛入学率☯Fornecer indicadores de participação na Educação: 
Taxa bruta de escolarização por nível de ensino
☯ "
"d3f8147c-f830-4b3b-b01b-a7b4c5ccaecf","二零二四年度澳門科學技術獎勵獲獎者確定名單☯二零二四年度澳门科学技术奖励获奖者确定名单☯Lista de Ciência e Tecnologia de Prémios Vencedores de 2024☯List of Winners of  Science and Technology Awards 2024","經濟及科技發展局,经济及科技发展局,Direcção dos Serviços de Economia e Desenvolvimento Tecnológico,Macao Economic Bureau","1","0","0","System.Object[]","25","63","2025-01-03 17:33:08","二零二四年度澳門科學技術獎勵獲獎者確定名單☯二零二四年度澳门科学技术奖励获奖者确定名单☯Lista de Ciência e Tecnologia de Prémios Vencedores de 2024☯List of Winners of  Science and Technology Awards 2024"
"d404b7d3-d088-47d3-b3df-ce63a12985b1","鼓勵企業升級發展補貼計劃統計 - 申請概況☯鼓励企业升级发展补贴计划统计 - 申请概况☯Estatística do “Plano de Bonificação para Incentivar o Desenvolvimento e a Valorização Empresarial"" – Situação geral dos pedidos☯Subsidy Scheme for Encouraging Enterprise Upgrading and Development Statistics – Summary of Applications","經濟及科技發展局,经济及科技发展局,Direcção dos Serviços de Economia e Desenvolvimento Tecnológico,Macao Economic Bureau","1","0","0","System.Object[]","37","87","2026-08-10 15:02:21","提供鼓勵企業升級發展補貼計劃年度申請及批准統計數據☯提供鼓励企业升级发展补贴计划年度申请及批准统计数据☯Dados estatísticos anuais dos pedidos apresentados e dos pedidos aprovados da “Plano de Bonificação para Incentivar o Desenvolvimento e a Valorização Empresarial”☯Annual statistics on Subsidy Scheme for Encouraging Enterprise Upgrading and Development applications and approvals"
"d40d2ba1-df31-4081-a00a-cb483e8b1801","公積金制度-供款人登記之註銷-按性別劃分☯公积金制度-供款人登记之注销-按性别划分☯Regime de Previdência - Cancelamento de inscrição de contribuintes - por sexo☯-","退休基金會,退休基金会,Fundo de Pensões,Pension Fund","1","0","0","System.Object[]","28","59","2026-05-21 17:05:24","按性別統計當年公積金制度中供款人登記之註銷之人數☯按性别统计当年公积金制度中供款人登记之注销之人数☯Estatística do número de cancelamento de inscrição de contribuintes do Regime de Previdência desse ano por sexo☯-"
"d41425e7-585b-43da-a29a-62399fc575d8","本地居民勞動力參與率☯本地居民劳动力参与率☯Taxa de actividade dos residentes☯Labour force participation rate of local residents","統計暨普查局,统计暨普查局,Direcção dos Serviços de Estatística e Censos,Statistics and Census Service","0","1","0","System.Object[]","0","40","2025-11-14 15:48:57","勞動居民占 16 歲及以上本地人口的百分比。☯劳动居民占 16 岁及以上本地人口的百分比。
☯Percentagem dos residentes em actividade em relação à população local com idade igual ou superior a 16 anos.☯The proportion of resident labour force to the population aged 16 and above."
"d4179f0b-3dc4-42dd-9601-92eea70f38cf","西醫/牙醫診所☯西医/牙医诊所☯Consultórios de medicina  ocidental e odontológicos☯ ","統計暨普查局,统计暨普查局,Direcção dos Serviços de Estatística e Censos,Statistics and Census Service","0","1","0","System.Object[]","0","31","2025-11-10 14:49:23","獲衛生局准許提供西醫或牙醫服務的醫務所數目。☯获卫生局准许提供西医或牙医服务的医务所数目。☯Referem-se ao número de estabelecimentos de saúde que prestam serviços de medicina ocidental ou odontológicos, com autorização dos Serviços de Saúde.  ☯ "
"d45d75ab-bc5a-4bef-aef0-5c197939efa9","漫步澳門街 - 路線介紹的資訊列表☯漫步澳门街 - 路线介绍的资讯列表☯Uma passeata pelas ruas de Macau – Lista de informações relativas à apresentação de itinerários☯List of information about Taking a Walk through the Streets of Macao – Introduction of Routes","市政署,市政署,Instituto para os Assuntos Municipais,Municipal Affairs Bureau","0","1","0","System.Object[]","0","113","2025-05-19 17:17:39","漫步澳門街 - 路線介紹的資訊列表。☯漫步澳门街 - 路线介绍的资讯列表。☯Uma passeata pelas ruas de Macau – Lista de informações relativas à apresentação de itinerários.☯List of information about Taking a Walk through the Streets of Macao – Introduction of Routes."
"d473ad9a-2778-46f7-8743-fc7a468c1338","公寓入住率☯公寓入住率☯Taxa de ocupação nas pensões☯ ","統計暨普查局,统计暨普查局,Direcção dos Serviços de Estatística e Censos,Statistics and Census Service","0","1","0","System.Object[]","0","25","2025-12-01 10:46:48","公寓入住的客房數目佔其客房總數的百分比。☯公寓入住的客房数目占其客房总数的百分比。☯Relação entre o número de quartos ocupados pelos hóspedes nas pensões e o total de quartos de hóspedes.☯ "
"d492ea5c-4cfa-4482-8348-ac4e6ff82d53","澳門癌症登記年報的癌症女性死亡個案數☯澳门癌症登记年报的癌症女性死亡个案数☯Número de mortes por cancro feminino no Relatório Anual do Registo do Cancro de Macau☯Number of female cancer deaths in the Annual Report of the Macao Cancer Registry","衛生局,卫生局,Serviços de Saúde,Health Bureau","1","0","0","System.Object[]","16","28","2024-12-31 13:08:44","為掌握癌症對澳門居民健康的影響，衛生局自2003年建立澳門癌症登記系統，監測本澳癌症的流行情況和變化趨勢，每年制作《澳門癌症登記年報》公佈癌症發展的新動向，作為制訂癌症防治和醫療資源配置的參考資料。☯为掌握癌症对澳门居民健康的影响，卫生局自2003年建立澳门癌症登记系统，监测本澳癌症的流行情况和变化趋势，每年制作《澳门癌症登记年报》公布癌症发展的新动向，作为制订癌症防治和医疗资源分配的参考数据。☯A fim de compreender o impacto do cancro na saúde dos residentes de Macau, os Serviços de Saúde criaram o Sistema de Registo do Cancro de Macau desde 2003 para monitorizar a prevalência e tendência do cancro em Macau.☯In order to grasp the impact of cancer on the health of Macao residents, the Health Bureau has established the Macao Cancer Registry System since 2003 to monitor the prevalence and trend of cancer in Macao."
"d52529a3-5e29-45e8-b997-7a98353d9745","消費爭議仲裁中心歷年處理個案記錄☯消费争议仲裁中心历年处理个案记录☯Registos de casos tratados pelo Centro de Arbitragem de Conflitos de Consumo ao longo dos anos☯Records of cases handled at Consumer Arbitration Centre in past years","經濟及科技發展局,经济及科技发展局,Direcção dos Serviços de Economia e Desenvolvimento Tecnológico,Macao Economic Bureau","1","0","0","System.Object[]","4","42","2024-12-31 12:37:17","消費爭議仲裁中心歷年處理個案記錄
☯消费争议仲裁中心历年处理个案记录
☯Registos de casos tratados pelo Centro de Arbitragem de Conflitos de Consumo ao longo dos anos
☯Records of cases handled at Consumer Arbitration Centre in past years
"
"d534cf95-5e4d-4601-ace6-ec21338a8b73","參展財務鼓勵計劃☯参展财务鼓励计划☯Programa de Incentivo Financeiro para Participação em Feiras e Exposições☯Financial Support Programme for Participation in Exhibitions and Trade Fairs","招商投資促進局,招商投资促进局,IPIM,IPIM","1","0","0","System.Object[]","48","76","2026-05-15 11:28:54","本計劃旨在資助在澳門特別行政區依法設立的商業企業主及非牟利社團參與屬經貿範疇的展覽，透過展覽平台加强對外交流合作、宣傳推廣及拓展業務。☯本计划旨在资助在澳门特别行政区依法设立的商业企业主及非牟利社团参与属经贸范畴的展览，透过展览平台加强对外交流合作、宣传推广及拓展业务。☯O Programa visa oferecer apoios financeiros para a participação de empresários comerciais e associações sem fins lucrativos legalmente estabelecidos na Região Administrativa Especial de Macau em feiras e exposições nos domínios de economia e comércio, com o intuito de reforçar os intercâmbios e a cooperação com o exterior, a promoção e a divulgação, bem como a expansão de negócios através da plataforma de exposições.☯The purpose of this Programme is to provide financial support to enterprisers and non-profit associations legally established in the Macao Special Administrative Region to participate in exhibitions in commercial and trade area, improving enterprises’ external exchange and co-operation, publicity and business development via the platform provided by exhibitions."
"d53edbb0-d509-4c59-bada-57e40ced1219","藥物業活動及中藥藥事活動商號數目☯药物业活动及中药药事活动商号数目☯Número de estabelecimentos de actividade farmacêutica e de actividade farmacêutica no âmbito da medicina tradicional chinesa☯-","藥物監督管理局,药物监督管理局,ISAF,ISAF","1","0","0","System.Object[]","20","42","2026-01-30 15:21:43","本澳藥房、中藥房、藥行、藥物產品出入口及批發商號、中藥進出口批發場所、製藥廠及中藥製藥廠數目☯本澳药房、中药房、药行、药物产品出入口及批发商号、中药进出口批发场所、制药厂及中药制药厂数目☯Número de farmácias, farmácias chinesas, drogarias, firmas de importação, exportação e venda por grosso de produtos farmacêuticos, estabelecimentos de importação, exportação e venda por grosso de produtos usados na medicina tradicional chinesa, fábricas de medicamentos e fábricas de medicamentos da medicina tradicional chinesa em Macau☯-"
"d54d1cc6-ebd0-4cf0-9f3c-6ae771b4e464","香港特區出境旅客☯香港特区出境旅客☯Saídas de visitantes da Região Administrativa Especial de Hong Kong☯ ","統計暨普查局,统计暨普查局,Direcção dos Serviços de Estatística e Censos,Statistics and Census Service","0","1","0","System.Object[]","0","27","2025-12-01 10:48:03","所持旅行證件由香港簽發的出境旅客數量。☯所持旅行证件由香港签发的出境旅客数量。☯Referem-se ao número de saídas de visitantes com documentos de viagem emitidos pela Região Administrativa Especial de Hong Kong.☯ "
"d555ea13-c160-48b5-ae59-e6408bf6485d","特別的士 ☯特别的士 ☯Táxis especiais☯Special taxi","交通事務局,交通事务局,Direcção dos Serviços para os Assuntos de Tráfego,Transport Bureau","1","0","0","System.Object[]","65","129","2026-05-28 01:00:09","特別的士 ☯特别的士 ☯Táxis especiais☯Special taxi"
"d5576f65-e68b-4ff9-a847-b6a067be9bea","捕獲動物統計☯捕获动物统计☯Estatísticas sobre animais capturados☯Statistics on captured animals","市政署,市政署,Instituto para os Assuntos Municipais,Municipal Affairs Bureau","0","1","0","System.Object[]","0","36","2025-05-30 14:35:17","市政署依法捕捉流浪動物，並對未有妥善照顧動物、遺棄動物等違法行為展開跟進調查，以保護動物、維護公共衛生及公共安全。有關數據將列出每季度被市政署捕獲的流浪動物數量。☯市政署依法捕捉流浪动物，并对未有妥善照顾动物、遗弃动物等违法行为展开跟进调查，以保护动物、维护公共卫生及公共安全。有关数据将列出每季度被市政署捕获的流浪动物数量。☯O IAM captura, nos termos da lei, os animais vadios e procede ao acompanhamento e à investigação das infracções, tais como, não cuidar adequadamente dos animais e abandoná-los, a fim de protegê-los, salvaguardar a saúde e a segurança públicas. Os dados vão indicar o número de animais vadios capturados trimestralmente pelo IAM.☯The Municipal Affairs Bureau (IAM) captures stray animals in accordance with the law, and carries out follow-up investigations on offences such as failure to properly care for animals and abandonment of animals, with the aim of protecting animals and maintaining public hygiene and public safety. The data lists the number of stray animals captured by IAM for each quarter."
"d57eca5e-d61e-4718-9d19-a8d80e2f34dd","噪聲監測站數據☯噪声监测站数据☯Dados de estações de monitorização de ruído☯Dados de estações de monitorização de ruído","環境保護局,环境保护局,Direcção dos Serviços de Protecção Ambiental,Environmental Protection Bureau","0","1","0","System.Object[]","0","394","2021-03-23 17:11:11","關於噪聲監測站數據
Category:
NMT_1 - 高士德大馬路監測站
NMT_2 - 柏嘉街監測站
NMT_4 - 慕拉士大馬路監測站
NMT_5 - 氹仔施利華街監測站
NMT_6 - 生態保護區監測站
NMT_7 - 石排灣監測站
NMT_8 - 黑沙環監測站

""--"" 表示因工程維護或沒有相關檢測項目，沒有相關數據。☯关于噪声监测站数据
Category:
NMT_1-高士德大马路监测站
NMT_2-柏嘉街监测站
NMT_4-慕拉士大马路监测站
NMT_5-凼仔施利华街监测站
NMT_6-生态保护区监测站
NMT_7-石排湾监测站
NMT_8-黑沙环监测站

“--”表示因工程维护或没有相关检测项目，没有相关数据。☯Sobre os dados de estações de monitorização de ruído
Category:
NMT_1 - Estação de Monitorização da Av. Horta e Costa
NMT_2 - Estação de Monitorização da Rua da Cidade de Braga
NMT_4 - Estação de Monitorização Av. Venceslau de Morais
NMT_5 - Estação de Monitorização da Rua Correia da Silva, Taipa
NMT_6 - Estação das Zonas Ecológicas
NMT_7 - Estação de Monitorização de Seac Pai Van
NMT_8 - Estação de Monitorização da Areia Preta

""--""Por motivo de realização de obras de manutenção, não é possível disponibilizar os respectivos dados.☯Sobre os dados de estações de monitorização de ruído
Category:
NMT_1 - Estação de Monitorização da Av. Horta e Costa
NMT_2 - Estação de Monitorização da Rua da Cidade de Braga
NMT_4 - Estação de Monitorização Av. Venceslau de Morais
NMT_5 - Estação de Monitorização da Rua Correia da Silva, Taipa
NMT_6 - Estação das Zonas Ecológicas
NMT_7 - Estação de Monitorização de Seac Pai Van
NMT_8 - Estação de Monitorização da Areia Preta

""--""Por motivo de realização de obras de manutenção, não é possível disponibilizar os respectivos dados."
"d5eaf20f-8eb9-45d3-a0de-2a4bd02eabf5","每千人口中註冊護士☯每千人口中注册护士☯Enfermeiros por 1.000 habitantes☯ ","統計暨普查局,统计暨普查局,Direcção dos Serviços de Estatística e Censos,Statistics and Census Service","0","1","0","System.Object[]","0","37","2025-11-10 14:50:16","年終護士數目 / 年終人口 *1000☯年终护士数目 / 年终人口 *1000☯Número de médicos de enfermeiros no fim do ano / população no fim do ano *1.000☯ "
"d5eca6e2-2f1e-4fcf-9732-2a9da47fb11a","最新第二組《公報》☯最新第二组《公报》☯Último Boletim Oficial II Série ☯Last Official Gazette Series II","法務局,法务局,Direcção dos Serviços de Assuntos de Justiça,Legal Affairs Bureau","0","1","0","System.Object[]","0","37","2025-11-21 10:59:05","提供最近期《澳門特別行政區公報》第二組目錄資料及內文連結。☯提供最近期《澳门特别行政区公报》第二组目录数据及内文链接。☯Sumário da II Série do Boletim Oficial da Região Administrativa Especial de Macau com hiperligações para o texto.☯Summary of the Official Gazette Series II of the Macao Special Administrative Region with hyperlinks to the text."
"d5f2cfcf-29d7-453e-a72a-ba64ef944040","大橋車流量(西灣) ☯大桥车流量(西湾)☯Fluxo de veículos na Ponte de Sai Van☯Bridge traffic flow (Sai Van)","交通事務局,交通事务局,Direcção dos Serviços para os Assuntos de Tráfego,Transport Bureau","1","0","0","System.Object[]","161","300","2026-05-23 01:00:12","大橋車流量(西灣) ☯大桥车流量(西湾)☯Fluxo de veículos na Ponte de Sai Van☯Bridge traffic flow (Sai Van)"
"d715dc71-818e-4872-a699-a192dbbde50e","各類別用戶用水量☯各类别用户用水量☯Consumo Total de Água por Tipos de Utentes☯Total Water Consumption by Types of Consumers","海事及水務局,海事及水務局,DSAMA,DSAMA","1","0","0","System.Object[]","76","115","2026-09-08 12:09:21","自2006年1月起按用戶類別統計的用水量資料。☯自2006年1月起按用户类别统计的用水量资料。☯Consumo de água por tipos de utentes desde Janeiro de 2006 ☯Water Consumption by Types of Consumers since January 2006 "
"d7697494-0726-4e9b-aa10-a5ce5b7afdc9","屬設計階段的住宅資料☯属设计阶段的住宅资料☯Informações sobre os empreendimentos habitacionais em fase de projecto☯Residential information at the design stage","土地工務局,土地工務局,DSSCU,DSSCU","1","0","0","System.Object[]","19","61","2026-07-29 17:12:55","於參考期間仍處於設計階段的住宅資料 (設計階段指由申請人遞交申請開始至接納動工申請批示前)☯于参考期间仍处于设计阶段的住宅资料 (设计阶段指由申请人递交申请开始至接纳动工申请批示前)☯Informações sobre os empreendimentos habitacionais que se encontram ainda em fase de projecto durante o período de referência (fase referente ao período compreendido entre a data da apresentação do pedido de aprovação do anteprojecto de arquitectura pelo requerente e a do despacho de aprovação do pedido para início da obra).☯Residential information still in the design stage during the reference period (The design stage refers to the beginning of the applicant submitting the application to before the acceptance of the application for construction approval)"
"d77cc4e7-aa12-42b6-bf7d-72d9ca683598","母乳餵哺室／育嬰室☯母乳喂哺室／育婴室☯Salas de amamentação e Fraldários☯Nursing rooms","市政署,市政署,Instituto para os Assuntos Municipais,Municipal Affairs Bureau","1","1","0","System.Object[]","62","138","2026-06-12 10:00:09","提供各個母乳餵哺室／育嬰室的使用及位置資訊。☯提供各个母乳喂哺室／育婴室的使用及位置资讯。☯Fornece informações relativas à utilização e localização das salas de amamentação e fraldários.☯Providing information about the use and locations of nursing rooms."
"d7d06820-0d03-4e62-bdf8-6d905651f460","澳門癌症登記年報癌症男性死亡個案數☯澳门癌症登记年报癌症男性死亡个案数☯Número de mortes por cancro do sexo masculino no Relatório Anual do Registo do Cancro de Macau☯Number of male cancer deaths in the Macau Cancer Registry Annual Report","衛生局,卫生局,Serviços de Saúde,Health Bureau","1","0","0","System.Object[]","15","28","2024-12-31 13:08:48","為掌握癌症對澳門居民健康的影響，衛生局自2003年建立澳門癌症登記系統，監測本澳癌症的流行情況和變化趨勢，每年制作《澳門癌症登記年報》公佈癌症發展的新動向，作為制訂癌症防治和醫療資源配置的參考資料。☯为掌握癌症对澳门居民健康的影响，卫生局自2003年建立澳门癌症登记系统，监测本澳癌症的流行情况和变化趋势，每年制作《澳门癌症登记年报》公布癌症发展的新动向，作为制订癌症防治和医疗资源分配的参考数据。☯A fim de compreender o impacto do cancro na saúde dos residentes de Macau, os Serviços de Saúde criaram o Sistema de Registo do Cancro de Macau desde 2003 para monitorizar a prevalência e tendência do cancro em Macau.

☯In order to grasp the impact of cancer on the health of Macao residents, the Health Bureau has established the Macao Cancer Registry System since 2003 to monitor the prevalence and trend of cancer in Macao."
"d820c6ac-32cc-4aca-a196-6c61a4f4f766","各培訓範疇的課程數目分佈☯各培训范畴的课程数目分布☯Distribuição do número de acções de formação por área formativa☯Distribuição do número de acções de formação por área formativa","行政公職局,行政公职局,Direcção dos Serviços de Administração e Função Pública,Public Administration and Civil Service Bureau","1","0","0","System.Object[]","21","84","2026-04-30 16:31:06","按年度統計行政公職局舉辦的各培訓範疇的課程數目☯按年度统计行政公职局举办的各培训范畴的课程数目☯N.º de acções de formação de cada área formativa organizadas pelo SAFP por ano☯N.º de acções de formação de cada área formativa organizadas pelo SAFP por ano"
"d835eb9c-4ee3-4e6a-b9fe-78baa093e8e4","旅客人均購物消費☯旅客人均购物消费☯Despesa per capita dos visitantes em compras☯Per-capita shopping spending of visitors","統計暨普查局,统计暨普查局,Direcção dos Serviços de Estatística e Censos,Statistics and Census Service","0","1","0","System.Object[]","0","43","2025-11-14 17:25:28","旅客購買作自用或送贈他人的商品及服務消費。☯旅客购买作自用或送赠他人的商品及服务消费。☯Refere-se à despesa relativa às compras de bens e serviços quer para consumo próprio quer para oferta a outrem.☯Refers to spending of visitors on goods and services that are purchased for own use or to give away."
"d85cc193-2677-4317-9b3e-39e4fb4b183f","在囚人士☯在囚人士☯Reclusos☯ ","統計暨普查局,统计暨普查局,Direcção dos Serviços de Estatística e Censos,Statistics and Census Service","0","1","0","System.Object[]","0","30","2025-11-10 14:48:18","在囚人士的數目。☯在囚人士的数目。☯Referem-se ao número de reclusos.☯ "
"d8cf6d09-d85f-4a98-b41b-9b4277293c81","留宿旅客人均交通消費☯留宿旅客人均交通消费☯Despesa per capita dos turistas em transporte☯ ","統計暨普查局,统计暨普查局,Direcção dos Serviços de Estatística e Censos,Statistics and Census Service","0","1","0","System.Object[]","0","29","2025-12-09 11:12:38","留宿旅客在交通方面的消費，包括乘坐飛機、火車、巴士、出租車等交通工具的費用。☯留宿旅客在交通方面的消费，包括乘坐飞机、火车、巴士、出租车等交通工具的费用。☯Refere-se à despesa dos turistas em transporte. Incluem-se as despesas em veículos como avião/helicóptero, comboio, autocarro e táxis.☯ "
"d8ee0606-97e9-4914-82a4-38737b88bcbf","社區醫療衛生 (其他)按堂區劃分的藥房、藥行和中藥房以及藥廠數目☯社区医疗卫生 (其他)按堂区划分的药房、药行和中药房以及药厂数目☯Número de fármácias, drogarias, farmácias chinesas e fábricas de medicamentos por freguesias, na área de cuidados de saúde comunitários(outros)☯社區醫療衛生 (其他)按堂區劃分的藥房、藥行和中藥房以及藥廠數目","衛生局,卫生局,Serviços de Saúde,Health Bureau","1","0","0","System.Object[]","147","186","2022-11-26 15:48:21","社區醫療衛生 (其他)按堂區劃分的藥房、藥行和中藥房以及藥廠數目☯社区医疗卫生 (其他)按堂区划分的药房、药行和中药房以及药厂数目☯Número de fármácias, drogarias, farmácias chinesas e fábricas de medicamentos por freguesias, na área de cuidados de saúde comunitários(outros)☯社區醫療衛生 (其他)按堂區劃分的藥房、藥行和中藥房以及藥廠數目"
"d9313ff7-fc4b-4ed1-92d6-595f79bb9068","《統計年刊 2024》疾病預防及控制中心 按年齡劃分的疫苗接種可以預防的申報疾病病例數☯《統計年刊 2024》疾病預防及控制中心 按年齡劃分的疫苗接種可以預防的申報疾病病例數☯CENTRO DE PREVENÇÃO E CONTROLO DA DOENÇA Casos notificados de doenças preventivas pela vacinação,  por grupo etário☯CENTRO DE PREVENÇÃO E CONTROLO DA DOENÇA Casos notificados de doenças preventivas pela vacinação,  por grupo etário","衛生局,卫生局,Serviços de Saúde,Health Bureau","1","0","0","System.Object[]","13","25","2025-10-28 17:37:50","《統計年刊 2024》疾病預防及控制中心 按年齡劃分的疫苗接種可以預防的申報疾病病例數☯《統計年刊 2024》疾病預防及控制中心 按年齡劃分的疫苗接種可以預防的申報疾病病例數☯CENTRO DE PREVENÇÃO E CONTROLO DA DOENÇA Casos notificados de doenças preventivas pela vacinação,  por grupo etário☯CENTRO DE PREVENÇÃO E CONTROLO DA DOENÇA Casos notificados de doenças preventivas pela vacinação,  por grupo etário"
"d9a91162-b206-447b-baa8-a9213be66eb5","不過夜旅客總消費☯不过夜旅客总消费☯Despesa total dos excursionistas☯ ","統計暨普查局,统计暨普查局,Direcção dos Serviços de Estatística e Censos,Statistics and Census Service","0","1","0","System.Object[]","0","60","2025-12-09 11:13:06","不過夜旅客購買作為自用或送贈他人的商品及服務之總消費，包括由旅客或他人（如親友或僱主）支付的消費，但不包括博彩、捐款、購買資產或用作再出售商品的支出。☯不过夜旅客购买作为自用或送赠他人的商品及服务之总消费，包括由旅客或他人（如亲友或雇主）支付的消费，但不包括博彩、捐款、购买资产或用作再出售商品的支出。☯Refere-se à despesa total dos excursionistas em compras de bens e serviços quer para consumo próprio, quer para oferta a outrem. Inclui-se a despesa paga pelos excursionistas ou por outras pessoas (tais como: familiares ou empregadores), mas excluem-se as despesas no jogo, os donativos e as despesas relacionadas com as aquisições de bens de capital e de bens para revenda.☯ "
"da02e2b6-18c8-41b6-a0f8-340da14c51ac","醫生☯医生☯Médico☯Doctors","統計暨普查局,统计暨普查局,Direcção dos Serviços de Estatística e Censos,Statistics and Census Service","0","1","0","System.Object[]","0","54","2025-11-13 17:43:07","根據第18/2020號法律《醫療人員專業資格及執業註冊制度》的醫生。☯根据第18/2020号法律《医疗人员专业资格及执业注册制度》的医生。☯O médico está estipulado na Lei n.º 18/2020, “Regime da qualificação e inscrição para o exercício de actividade dos profissionais de saúde”.☯Refer to doctors registered under Law No. 18/2020 ""Regime of Qualification and Registration of Health Professionals""."
"da19eea2-4675-4745-8359-71cf88093ff6","司法官入職培訓☯司法官入职培训☯Formação para Ingresso nas Magistraturas☯Induction training for Magistrates","法律及司法培訓中心 ,法律及司法培训中心,CFJJ,CFJJ","1","0","0","System.Object[]","47","68","2023-05-25 10:37:06","由法律及司法培訓中心舉辦的司法官入職培訓課程的統計☯由法律及司法培训中心举办的司法官入职培训课程的统计☯Formação para Ingresso nas Magistraturas organizada pelo CFJJ☯Induction training for Magistrates organized by CFJJ"
"da745ddf-c368-40b9-b4ed-313c795da2f4","本地生產總值 - 資本形成總額☯本地生产总值 - 资本形成总额☯Produto Interno Bruto - Formação bruta de capital☯ ","統計暨普查局,统计暨普查局,Direcção dos Serviços de Estatística e Censos,Statistics and Census Service","0","1","0","System.Object[]","0","27","2025-11-12 17:47:30","資本形成總額等於固定資本形成總額加庫存變化的總和，當中固定資本形成總額指生產者在核算期內的固定資產購入減去銷售，加上對土地的改良，以及與非生產資產所有權轉移有關的費用；庫存變化指核算期內的期末庫存與期初庫存價值的差額。☯资本形成总额等于固定资本形成总额加库存变化的总和，当中固定资本形成总额指生产者在核算期内的固定资产购入减去销售，加上对土地的改良，以及与非生产资产所有权转移有关的费用；库存变化指核算期内的期末库存与期初库存价值的差额。☯A formação bruta de capital é o resultado da soma da formação bruta de capital fixo com a variação de existências. A formação bruta de capital fixo refere-se às aquisições de bens de capital fixo efectuadas por produtores, menos vendas de bens de capital fixo, mais melhoramentos em terrenos, mais custos associados às transferências de propriedade de activos não produzidos, num determinado período contabilístico. A variação de existências equivale à diferença entre o valor das existências finais e o valor das existências iniciais, num determinado período contabilístico.☯ "
"da78d92f-f249-4a93-a30b-1721f26a9a8a","有關電動車充電位統計數據☯有关电动车充电位统计数据☯Dados estatísticos sobre os lugares de carregamento de veículos eléctricos☯Dados estatísticos sobre os lugares de carregamento de veículos eléctricos","交通事務局,交通事务局,Direcção dos Serviços para os Assuntos de Tráfego,Transport Bureau","1","0","0","System.Object[]","23","56","2026-05-23 01:00:30","有關電動車充電位統計數據☯有关电动车充电位统计数据☯Dados estatísticos sobre os lugares de carregamento de veículos eléctricos☯Dados estatísticos sobre os lugares de carregamento de veículos eléctricos"
"da97701e-3e56-42b7-a6a7-528b95fa8277","澳門公共行政雜誌目錄☯澳门公共行政杂志目录☯Catálogo de  Revista de Administração Pública de Macau☯Macao Public Administration Magazine List","行政公職局,行政公职局,Direcção dos Serviços de Administração e Função Pública,Public Administration and Civil Service Bureau","1","0","0","System.Object[]","563","1932","2026-03-02 11:14:28","澳門公共行政雜誌由1988年至今的文章基本資料☯澳门公共行政杂志由1988年至今的文章基本资料☯Informações básicas sobre o artigo da Revista de Administração Pública de Macau de 1988 até o presente☯Basic information on articles in the Macao Public Administration Magazine from 1988 to the present"
"daa7f9a2-ecc5-43e1-9eb8-9745b15749dd","《統計年刊 2024》專科醫療衛生範疇分娩室概況☯《統計年刊 2024》專科醫療衛生範疇分娩室概況☯CUIDADOS DE SAÚDE DIFERENCIADOS Movimento do Bloco de partos☯CUIDADOS DE SAÚDE DIFERENCIADOS Movimento do Bloco de partos","衛生局,卫生局,Serviços de Saúde,Health Bureau","1","0","0","System.Object[]","11","25","2025-10-28 17:39:27","《統計年刊 2024》專科醫療衛生範疇分娩室概況☯《統計年刊 2024》專科醫療衛生範疇分娩室概況☯CUIDADOS DE SAÚDE DIFERENCIADOS Movimento do Bloco de partos☯CUIDADOS DE SAÚDE DIFERENCIADOS Movimento do Bloco de partos"
"daaad3b5-a8cf-4cbf-9ffe-71eb123ea1bc","旅行社員工支出☯旅行社员工支出☯Despesas com pessoal das agências de viagens☯ ","統計暨普查局,统计暨普查局,Direcção dos Serviços de Estatística e Censos,Statistics and Census Service","0","1","0","System.Object[]","0","23","2026-01-26 12:46:22","旅行社在員工工資、福利和其他相關費用上的支出總額。☯旅行社在员工工资、福利和其他相关费用上的支出总额。☯Referem-se ao valor total das despesas em remunerações, benefícios e outras despesas relacionadas com o pessoal, das agências de viagens☯ "
"dad02443-23f2-47f9-a03f-557c0e0e83fc","導遊使用語言統計☯导游使用语言统计☯Estatísticas das línguas faladas pelos guias turísticos☯Statistics of Tour Guides’ Languages ","旅遊局,旅游局,Direcção dos Serviços de Turismo,Macao Government Tourism Office","1","0","0","System.Object[]","31","67","2026-09-18 15:06:42","導遊使用語言統計☯导游使用语言统计☯Estatísticas das línguas faladas pelos guias turísticos☯Statistics of Tour Guides’ Languages "
"daf61140-9ec0-461c-858c-0ede9882c3fe","《統計年刊 2024》疾病預防及控制中心 按歲組劃分的愛滋病病毒感染結存個案☯《統計年刊 2024》疾病預防及控制中心 按歲組劃分的愛滋病病毒感染結存個案☯CENTRO DE PREVENÇÃO E CONTROLO DA DOENÇA Número actual de casos de VIH por grupo etário☯CENTRO DE PREVENÇÃO E CONTROLO DA DOENÇA Número actual de casos de VIH por grupo etário","衛生局,卫生局,Serviços de Saúde,Health Bureau","1","0","0","System.Object[]","15","27","2025-10-28 17:37:38","《統計年刊 2024》疾病預防及控制中心 按歲組劃分的愛滋病病毒感染結存個案☯《統計年刊 2024》疾病預防及控制中心 按歲組劃分的愛滋病病毒感染結存個案☯CENTRO DE PREVENÇÃO E CONTROLO DA DOENÇA Número actual de casos de VIH por grupo etário☯CENTRO DE PREVENÇÃO E CONTROLO DA DOENÇA Número actual de casos de VIH por grupo etário"
"db6f226e-1fbe-413a-b558-b5c2b2b0be52","三色資源回收位置清單☯三色资源回收位置清单☯Lista de locais de recolha de resíduos recicláveis por três cores☯List of three-color recycling bin locations","環境保護局,环境保护局,Direcção dos Serviços de Protecção Ambiental,Environmental Protection Bureau","0","1","0","System.Object[]","0","69","2025-06-12 10:40:01","三色資源回收位置清單☯三色资源回收位置清单☯Lista de locais de recolha de resíduos recicláveis por três cores☯List of three-color recycling bin locations"
"db7960a8-ac93-4645-b2af-f17a05f53695","專科衛生護理範疇按歲組劃分送往外地治療之病人☯专科卫生护理范畴按岁组划分送往外地治疗之病人☯Doentes enviados  para tratamento no exterior, consoante  grupo etário, na área de cuidados de saúde diferenciados☯專科衛生護理範疇按歲組劃分送往外地治療之病人","衛生局,卫生局,Serviços de Saúde,Health Bureau","1","0","0","System.Object[]","64","62","2022-11-26 16:44:18","專科衛生護理範疇中，按歲組劃分送往外地治療之病人☯专科卫生护理范畴中，按岁组划分送往外地治疗之病人☯Doentes enviados para tratamento no exterior consoante grupo etário, na área de cuidados de saúde diferenciados☯專科衛生護理範疇中，按歲組劃分送往外地治療之病人"
"dbb30573-a290-4db9-8f10-ceebf29f0130","""要求授權的所需導航性能 (RNP-AR)""之航空企業名單☯“要求授权的所需导航性能 （RNP-AR）”之航空企业名单☯Lista de Operadores Aéreos para ""Operação de Desempenho de Navegação Necessária que Requer Autorização""☯List of Air Operators for ""Required Navigation Performance Authorization Required (RNP AR) Operations""","民航局,民航局,Autoridade de Aviação Civil,Civil Aviation Authority","1","0","0","System.Object[]","25","57","2026-07-18 14:35:23","獲民航局批准可於澳門國際機場執行""要求授權的所需導航性能 (RNP-AR)""之航空企業名單☯获民航局批准可于澳门国际机场执行“要求授权的所需导航性能 （RNP-AR）”之航空企业名单☯Operadores Aéreos autorizados pela AACM a efectuar ""Operação de Desempenho de Navegação Necessária que Requer Autorização"" no Aeroporto Internacional de Macau☯Air Operator authorized by the AACM to conduct ""Required Navigation Performance Authorization Required (RNP AR) Operations"" at Macau International Airport"
"dbf8608d-abf4-49e6-bcbc-3830baea6369","本地生產總值 - 外地需求淨值☯本地生产总值 - 外地需求净值☯Produto Interno Bruto - Procura externa líquida☯ ","統計暨普查局,统计暨普查局,Direcção dos Serviços de Estatística e Censos,Statistics and Census Service","0","1","0","System.Object[]","0","25","2025-11-10 14:47:03","外地需求淨值等於貨物及服務出口減去貨物及服務進口的價值。☯外地需求净值等于货物及服务出口减去货物及服务进口的价值。☯A procura externa líquida é o valor igual à exportação de bens e serviços menos a importação de bens e serviços.  ☯ "
"dccb0472-fd59-4e55-98d6-431596762934","11月個案分類☯11月个案分类☯Categorias dos casos de Novembro☯Case category - November","經濟及科技發展局,经济及科技发展局,Direcção dos Serviços de Economia e Desenvolvimento Tecnológico,Macao Economic Bureau","1","0","0","System.Object[]","2","35","2024-12-31 12:37:13","11月個案分類☯11月个案分类
☯Categorias dos casos de Novembro
☯Case category - November
"
"dd3da9be-4785-49fc-9fdb-7fcc24edfc94","社區醫療衛生 (其他)按檢驗項目劃分的檢驗數目☯社区医疗卫生 (其他)中，按检验项目划分的检验数目☯Número de análises por modalidade analítica, na área de cuidados de saúde comunitários(outros)☯社區醫療衛生 (其他)按檢驗項目劃分的檢驗數目","衛生局,卫生局,Serviços de Saúde,Health Bureau","1","0","0","System.Object[]","81","63","2024-12-19 14:59:49","社區醫療衛生 (其他)按檢驗項目劃分的檢驗數目☯社区医疗卫生 (其他)中，按检验项目划分的检验数目☯Número de análises por modalidade analítica, na área de cuidados de saúde comunitários(outros)☯社區醫療衛生 (其他)按檢驗項目劃分的檢驗數目"
"dd5a6c53-0fea-49f7-a79e-0b24b3ce2217","治安警察局市民整體滿意度調查(一般公共服務)☯治安警察局市民整体满意度调查(一般公共服务)☯Situação da satisfação do cidadão no âmbito de serviços☯Report of Police service satisfaction","治安警察局,治安警察局,CPSP,CPSP","1","0","0","System.Object[]","141","180","2026-06-11 15:26:18","治安警察局市民整體滿意度調查(一般公共服務)☯治安警察局市民整体满意度调查(一般公共服务)☯Situação da satisfação do cidadão no âmbito de serviços☯Report of Police service satisfaction"
"dd6ad22b-dfb7-477b-8358-084bd1bfe1c8","地段數目統計☯地段数目统计☯Estatística sobre número de parcelas☯Land parcel statistics","土地工務局,土地工務局,DSSCU,DSSCU","1","0","0","System.Object[]","199","329","2026-04-23 17:41:16","自2003年起澳門特別行政區之地段數目統計數據☯自2003年起澳门特别行政区之地段数目统计数据☯A partir de 2003, dados estatísticos do número de parcelas da RAEM☯The land parcel statistics of Macau SAR since 2003."
"dd88c16b-9508-4ff1-9914-14152471aa3b","博彩業全職僱員平均薪酬☯博彩业全职雇员平均薪酬☯Remuneração média dos trabalhadores a tempo completo do sector das lotarias e outros jogos de aposta☯Average earnings of full-time employees in gaming sector","統計暨普查局,统计暨普查局,Direcção dos Serviços de Estatística e Censos,Statistics and Census Service","0","1","0","System.Object[]","169","328","2025-11-14 17:10:39","博彩業全職僱員的薪酬總額除以全職僱員人數。薪酬包括定期及超時工作報酬、非定期報酬。定期及超時工作報酬包括基本薪金、定期津貼、獎金及佣金、超時工作報酬；非定期報酬包括雙糧、年終賞金、花紅及補薪等。☯博彩业全职雇员的薪酬总额除以全职雇员人数。薪酬包括定期及超时工作报酬、非定期报酬。定期及超时工作报酬包括基本薪金、定期津贴、奖金及佣金、超时工作报酬；非定期报酬包括双粮、年终赏金、花红及补薪等。☯Valor total de remunerações dos trabalhadores a tempo completo do sector das lotarias e outros jogos de aposta dividido pelo número de trabalhadores a tempo completo. As remunerações incluem as remunerações regulares, as remunerações por horas extraordinárias e as remunerações irregulares. As remunerações regulares e as remunerações por horas extraordinárias abrangem o salário base, os subsídios com carácter regular, os prémios, as comissões e as remunerações por horas extraordinárias. As remunerações irregulares englobam os subsídios de férias e de Natal, o prémio do fim do ano, as participações nos lucros, os retroactivos, etc. ☯Calculated by dividing the total amount of remuneration for full-time employees by the number of full-time employees in the gaming sector. Earnings include remuneration for regular and overtime work, as well as non-periodic compensation. Remuneration for regular and overtime work includes basic salary, periodic allowances, bonuses, commissions and overtime pay. Non-periodic compensation includes double pay, year-end bonuses, profit-sharing bonuses and back pay."
"ddc338c8-078f-4d81-9604-60cd1c78c189","企業創新研發資助計劃－重點科企類項目統計☯企业创新研发资助计划－重点科企类项目统计☯Estatísticas de Financiamento para Empresa - Categoria de Empresas Tecnológicas de Referência☯Statistics of Funding for enterprise innovation and R&D - Key Technology Enterprises","經濟及科技發展局,经济及科技发展局,Direcção dos Serviços de Economia e Desenvolvimento Tecnológico,Macao Economic Bureau","1","0","0","System.Object[]","12","25","2025-12-09 09:12:04","企業創新研發資助計劃－重點科企類項目統計☯企业创新研发资助计划－重点科企类项目统计☯Estatísticas de Financiamento para Empresa - Categoria de Empresas Tecnológicas de Referência☯Statistics of Funding for enterprise innovation and R&D - Key Technology Enterprises"
"ddce6f4e-1533-4770-bf28-93b504a4a664","接收建議、投訴和異議之統計數據☯接收建议、投诉和异议之统计数据☯Dados estatísticos relativos às sugestões, queixas e reclamações recebidas☯Statistics on receipt of suggestions, complaints and objections","法務局,法务局,Direcção dos Serviços de Assuntos de Justiça,Legal Affairs Bureau","1","0","0","System.Object[]","16","42","2026-01-06 15:17:06","按年統計法務局接收建議、投訴和異議的情況。☯按年统计法务局接收建议、投诉和异议的情况。☯Situação da estatística efectuada anualmente relativa às sugestões, queixas e reclamações recebidas pela DSAJ.☯Annual statistics on the number of suggestions, complaints and objections received by the Legal Affairs Bureau. (Unofficial translation of the above text, for reference only)

"
"ddcf3024-3030-49e0-8b73-1cf5848c5d6f","飲食店舖購貨及佣金支出☯饮食店铺购货及佣金支出☯Compras de mercadorias e comissões pagas pelos restaurantes e estabelecimentos similares☯ ","統計暨普查局,统计暨普查局,Direcção dos Serviços de Estatística e Censos,Statistics and Census Service","0","1","0","System.Object[]","0","25","2026-01-26 12:43:06","飲食店舖在購入食品及飲品、購入作轉售的貨品及佣金支出的總額。☯饮食店铺在购入食品及饮品、购入作转售的货品及佣金支出的总额。☯Referem-se ao valor total das despesas em compras de bebidas e comidas, de mercadorias para revendas e comissões pagas pelos restaurantes e estabelecimentos similares.☯ "
"dde99d33-7320-4938-8095-15d92a2681af","澳門高等院校本地生畢業人數統計─按院校劃分☯澳门高等院校本地生毕业人数统计─按院校划分☯Dados estatísticos do número de estudantes graduados locais nas instituições do ensino superior de Macau (classificados por instituições do ensino superior)☯-","教育及青年發展局,教育及青年发展局,Direcção dos Serviços de Educação e de Desenvolvimento da Juventude,Education and Youth Development Bureau","1","0","0","System.Object[]","17","38","2025-12-15 16:02:57","按學年方式，提供按院校劃分的澳門高等院校本地生畢業人數。☯按学年方式，提供按院校划分的澳门高等院校本地生毕业人数。☯Número de estudantes graduados locais nas instituições do ensino superior de Macau (classificados por instituições do ensino superior), calculado de acordo com o ano lectivo.☯-"
"de1919ba-d035-4d57-8d7f-fd58fb67567f","住客平均留宿時間☯住客平均留宿时间☯Período médio de permanência dos hóspedes☯ ","統計暨普查局,统计暨普查局,Direcção dos Serviços de Estatística e Censos,Statistics and Census Service","0","1","0","System.Object[]","112","180","2025-11-25 16:55:28","住客的總留宿時間除以住客數目。☯住客的总留宿时间除以住客数目。☯Tempo total de permanência dos hóspedes dividido pelo número de hóspedes.☯ "
"de6a96d4-6b63-44d1-9e79-f41f53dcbcac","澳門高等院校研究人員人數統計─按來源地劃分☯澳门高等院校研究人员人数统计─按来源地划分☯Dados estatísticos do número de investigadores das instituições do ensino superior de Macau (classificados por recrutamento local e do exterior) ☯-","教育及青年發展局,教育及青年发展局,Direcção dos Serviços de Educação e de Desenvolvimento da Juventude,Education and Youth Development Bureau","1","0","0","System.Object[]","19","41","2025-12-15 16:03:13","按學年方式，提供來源地劃分的澳門高等院校研究人員人數。☯按学年方式，提供来源地划分的澳门高等院校研究人员人数。☯Número de investigadores das instituições do ensino superior de Macau (classificados por recrutamento local e do exterior), calculado de acordo com o ano lectivo.☯-"
"de6ee97b-c84b-46ef-a74b-06ee4970dafd","酒店入住率☯酒店入住率☯Taxa de ocupação nos hotéis☯ ","統計暨普查局,统计暨普查局,Direcção dos Serviços de Estatística e Censos,Statistics and Census Service","0","1","0","System.Object[]","0","32","2025-12-01 10:46:58","所有酒店入住的客房數目佔客房總數的百分比。☯所有酒店入住的客房数目占客房总数的百分比。☯Relação entre o número de quartos ocupados pelos hóspedes de todos os hotéis e o total de quartos de hóspedes.☯ "
"de8c0acd-2d20-4381-8a89-0697244c1dcf","季度有繳納強制性制度供款的受益人數目☯季度有缴纳强制性制度供款的受益人数目☯Número de beneficiários com contribuições do regime obrigatório por trimestre☯Number of beneficiaries who have paid contributions under the obligatory system in the quarter","社會保障基金,社会保障基金,Fundo de Segurança Social,Social Security Fund","1","0","0","System.Object[]","43","67","2026-07-20 16:59:25","以季度方式提供在相關季度的期間內，有繳納強制性制度供款的受益人數目。☯以季度方式提供在相关季度的期间内，有缴纳强制性制度供款的受益人数目。☯A prestação trimestral do número de beneficiários com contribuições do regime obrigatório durante o respectivo trimestre.☯Available on a quarterly basis, the number of beneficiaries who have paid contributions under the obligatory system in the relevant quarter."
"ded00496-4909-4fa8-8a8d-81dd75432e4f","對外商品貿易統計 – 進口☯对外商品贸易统计 – 进口☯Estatísticas do comércio cxterno de mercadorias - Importação☯External Merchandise Trade Statistics - Imports","統計暨普查局,统计暨普查局,Direcção dos Serviços de Estatística e Censos,Statistics and Census Service","0","1","0","System.Object[]","72","121","2024-12-30 12:41:24","將任何來自外地的貨物運入澳門特別行政區，但屬以再進口及轉運方式運入者除外。☯将任何来自外地的货物运入澳门特别行政区，但属以再进口及转运方式运入者除外。☯A entrada na Região Administrativa Especial de Macau (RAEM) de quaisquer mercadorias provenientes do exterior, com excepção das que entrem em regimes de reimportação e de trânsito.☯Entry of foreign produced merchandise to Macao, excluding re-imports and transit goods."
"dee0f035-d59b-4c08-b2e0-fcaaab6d016e","會議平均會期☯会议平均会期☯Duração média das reuniões e conferências☯Average duration of meetings and conferences","統計暨普查局,统计暨普查局,Direcção dos Serviços de Estatística e Censos,Statistics and Census Service","0","1","0","System.Object[]","0","31","2024-12-30 17:14:06","會議平均舉行之日數。☯会议平均举行之日数。☯Número médio de dias das reuniões e conferências realizadas.☯The average number of days for which meetings and conferences are held."
"df137622-3c20-4f7d-8527-477b3e50d54a","本澳古樹名木分區的列表☯本澳古树名木分区的列表☯Lista de árvores antigas e de reconhecido valor por zonas em Macau☯List of ancient and valuable trees in Macao by district","市政署,市政署,Instituto para os Assuntos Municipais,Municipal Affairs Bureau","0","1","0","System.Object[]","0","67","2025-06-20 15:18:25","本澳古樹名木分區的列表。☯本澳古树名木分区的列表。☯Lista de árvores antigas e de reconhecido valor por zonas em Macau.☯List of ancient and valuable trees in Macao by district."
"df15d682-b0a2-4943-928f-9c7aa1aeb3d9","外匯儲備資產☯外汇储备资产☯RESERVA CAMBIAL☯FOREIGN EXCHANGE RESERVE ASSETS","澳門金融管理局,澳門金融管理局,AMCM,AMCM","1","0","0","System.Object[]","77","134","2026-09-15 17:00:11","由1984年至今的外匯儲備資產總額及相關比率。☯由1984年至今的外汇储备资产总额及相关比率。☯Valor total da reserva cambial e respectiva taxa, reportados ao período de 1984 ao momento presente.☯Valor total da reserva cambial e respectiva taxa, reportados ao período de 1984 ao momento presente."
"df178ecd-228d-4218-a8ed-741e59e7811d","雷暴警告信號☯雷暴警告信号☯Sinal de trovoada☯Thunderstorm Warning Signal","地球物理氣象局,地球物理气象局,irecção dos Serviços Meteorológicos e Geofísicos,Meteorological and Geophysical Bureau","0","0","1","System.Object[]","0","188","2023-12-05 17:11:35","提供現時生效的雷暴警告信號及有效時間。☯提供现时生效的雷暴警告信号及有效时间。☯Informações sobre sinal de trovoada e duração prevista.☯Provide Thunderstorm warning in force and effective period."
"df37df60-103a-4a8d-b31c-74f2d2709a73","《統計年刊 2024》專科醫療衛生範疇急診部概況☯《統計年刊 2024》專科醫療衛生範疇急診部概況☯CUIDADOS DE SAÚDE DIFERENCIADOS Movimento da Urgência☯CUIDADOS DE SAÚDE DIFERENCIADOS Movimento da Urgência","衛生局,卫生局,Serviços de Saúde,Health Bureau","1","0","0","System.Object[]","19","89","2025-10-28 17:41:58","《統計年刊 2024》專科醫療衛生範疇急診部概況☯《統計年刊 2024》專科醫療衛生範疇急診部概況☯CUIDADOS DE SAÚDE DIFERENCIADOS Movimento da Urgência☯CUIDADOS DE SAÚDE DIFERENCIADOS Movimento da Urgência"
"df7da914-04e6-4872-bdd3-254b8537126b","《統計年刊 2024》疾病預防及控制中心 按歲組劃分的十大強制性申報疾病個案☯《統計年刊 2024》疾病預防及控制中心 按歲組劃分的十大強制性申報疾病個案☯CENTRO DE PREVENÇÃO E CONTROLO DA DOENÇA Os dez primeiros casos de doenças de declaração  obrigatória por grupo etário☯CENTRO DE PREVENÇÃO E CONTROLO DA DOENÇA Os dez primeiros casos de doenças de declaração  obrigatória por grupo etário","衛生局,卫生局,Serviços de Saúde,Health Bureau","1","0","0","System.Object[]","15","24","2025-10-28 17:38:01","《統計年刊 2024》疾病預防及控制中心 按歲組劃分的十大強制性申報疾病個案☯《統計年刊 2024》疾病預防及控制中心 按歲組劃分的十大強制性申報疾病個案☯CENTRO DE PREVENÇÃO E CONTROLO DA DOENÇA Os dez primeiros casos de doenças de declaração  obrigatória por grupo etário☯CENTRO DE PREVENÇÃO E CONTROLO DA DOENÇA Os dez primeiros casos de doenças de declaração  obrigatória por grupo etário"
"dfadef52-86d8-4415-a86c-027fe1b0b78b","公共停車場數量 ☯公共停车场数量☯Número de parques de estacionamento públicos☯Total number of public parking lots","交通事務局,交通事务局,Direcção dos Serviços para os Assuntos de Tráfego,Transport Bureau","1","0","0","System.Object[]","102","243","2026-05-27 01:00:08","公共停車場數量 ☯公共停车场数量☯Número de parques de estacionamento públicos☯Total number of public parking lots"
"dfb17cd8-2cd5-4503-b01a-4789573cf2a8","動物人道毁滅統計☯动物人道毁灭统计☯Estatísticas sobre occisão☯Statistics on animal euthanasia","市政署,市政署,Instituto para os Assuntos Municipais,Municipal Affairs Bureau","0","1","0","System.Object[]","0","33","2025-05-30 14:34:41","基於動物福利的考量，對於一些具高度傳染性疾病或嚴重傷患的動物，市政署會嚴格按照指引，透過人道方式終結有關動物的生命。有關數據將列出每季度被市政署人道毁滅的動物數量。☯基于动物福利的考量，对于一些具高度传染性疾病或严重伤患的动物，市政署会严格按照指引，透过人道方式终结有关动物的生命。有关数据将列出每季度被市政署人道毁灭的动物数量。☯Tendo em conta o bem-estar dos animais, em relação aos animais com doenças altamente transmissíveis ou lesões graves, o IAM irá cumprir rigorosamente as orientações, pondo termo à vida dos animais por meios humanitários. Os dados vão   indicar o número de animais destruídos trimestralmente pelo IAM.☯In consideration of animal welfare, for animals with highly infectious diseases or severe injuries, the Municipal Affairs Bureau (IAM) ends the animals’ lives by humane means in strict accordance with the guidelines. The data lists the number of animals euthanasia carried out by IAM for each quarter."
"dfc52eba-f135-4582-b8fa-8e9cb899f374","建議、投訴及異議之處理情況☯建议、投诉及异议之处理情况☯Tratamento de sugestões, reclamações e objeções☯Suggestions, Complaints and Objections","澳門保安部隊高等學校,澳門保安部隊高等學校,ESFSM,ESFSM","1","0","0","System.Object[]","14","42","2025-08-07 18:10:13","建議、投訴及異議之處理情況☯建议、投诉及异议之处理情况☯Tratamento de sugestões, reclamações e objeções☯Suggestions, Complaints and Objections"
"e04dcdc3-046c-45d5-a4d8-0c189659fe53","舞廳資料☯舞厅资料☯Informações dos Salas de dança☯Information of Night clubs ","旅遊局,旅游局,Direcção dos Serviços de Turismo,Macao Government Tourism Office","1","1","0","System.Object[]","89","288","2026-08-26 07:45:03","已領有牌照之實體 - 舞廳資料☯已领有牌照之实体 - 舞厅资料☯Informações dos entidades licenciadas - Salas de dança☯Information of licensed entities - Night clubs"
"e0967834-a1ed-4bc9-8406-6c1c43530e2e","長者院舍數目及宿位數目☯长者院舍数目及宿位数目☯Número de lares de idosos e número de vagas☯---","社會工作局,社會工作局,Instituto de Acção Social,Social Welfare Bureau","1","0","0","System.Object[]","66","101","2026-02-05 11:55:53","長者院舍數目及宿位數目☯长者院舍数目及宿位数目☯Número de lares de idosos e número de vagas☯---"
"e0e43dcb-63e4-48b9-8b2d-bef2214cfbc8","不包括留級生的鞏固率☯不包括留级生的巩固率☯Taxa de consolidação excluindo os alunos repetentes☯ ","教育及青年發展局,教育及青年发展局,Direcção dos Serviços de Educação e de Desenvolvimento da Juventude,Education and Youth Development Bureau","1","0","0","System.Object[]","13","27","2025-12-15 16:02:04","提供教育效益指標：按非高等教育階段劃分的不包括留級生的鞏固率☯提供教育效益指标：按非高等教育阶段划分的不包括留级生的巩固率☯Fornecer indicadores da eficiência educativa: Taxa de consolidação excluindo os alunos repetentes por nível de ensino não superior☯ "
"e161f153-3a95-46af-a4ff-471c8ffc6c2b","政務服務資訊中心：服務途徑（之服務數量）統計☯政务服务资讯中心：服务途径（之服务数量）统计☯Centro de Informações dos Serviços Governamentais: Estatísticas dos Canais de Serviço (Quantidade de Serviços)☯Government Services Information Centre: Statistics on Service Channels (Number of Services)","行政公職局,行政公职局,Direcção dos Serviços de Administração e Função Pública,Public Administration and Civil Service Bureau","1","0","0","System.Object[]","23","41","2026-07-01 09:20:24","按年統計政務服務資訊中心從不同渠道接收市民意見的數目。☯按年统计政务服务资讯中心从不同渠道接收市民意见的数目。☯Estatística anual sobre o atendimento dos cidadãos efectuado pelo Centro de Informações dos Serviços Governamentais por diferentes meios.☯Annual statistics on the number of citizen opinions received by the Government Services Information Centre through different channels."
"e1c0d699-327b-4d54-bf33-66936397654c","網上辦理澳門特區永久性居民身份證續期申請量☯网上办理澳门特区永久性居民身份证续期申请量☯Número de pedidos online de renovação do BIR permanente da RAEM☯Statistics on online applications for Macao SAR Permanent Resident Identity Card renewal","身份證明局,身份证明局,Direcção dos Serviços de Identificação,Identification Bureau","1","0","0","System.Object[]","14","52","2026-01-29 11:20:37","經一戶通辦理澳門特區永久性居民身份證續期的申請量☯经一户通办理澳门特区永久性居民身份证续期的申请量☯Número de pedidos de renovação do BIR permanente da RAEM apresentados através da Conta Única de Macau☯Number of applications for renewal of Macao SAR permanent resident identity card completed on Macao One Account"
"e1cf4d43-4371-42b9-928b-f344754a8eba","《統計年刊 2024》衛生統計按十大特定死因劃分的死亡人數☯《統計年刊 2024》衛生統計按十大特定死因劃分的死亡人數☯ESTATÍSTICAS DA SAÚDE N.º de óbitos segundo as 10 principais causas de morte☯ESTATÍSTICAS DA SAÚDE N.º de óbitos segundo as 10 principais causas de morte","衛生局,卫生局,Serviços de Saúde,Health Bureau","1","0","0","System.Object[]","14","26","2025-10-28 17:40:03","《統計年刊 2024》衛生統計按十大特定死因劃分的死亡人數☯《統計年刊 2024》衛生統計按十大特定死因劃分的死亡人數☯ESTATÍSTICAS DA SAÚDE N.º de óbitos segundo as 10 principais causas de morte☯ESTATÍSTICAS DA SAÚDE N.º de óbitos segundo as 10 principais causas de morte"
"e1d9eed2-b77c-4d3d-b7b0-f07df3516554","採購項目的資訊列表☯采购项目的资讯列表☯Lista de informações dos itens a adquirir☯List of information about procurement items","市政署,市政署,Instituto para os Assuntos Municipais,Municipal Affairs Bureau","1","1","0","System.Object[]","68","53","2026-09-18 19:00:33","列出採購項目名稱、展開採購及最後更新日期等資訊列表☯列出采购项目名称、展开采购及最后更新日期等资讯列表☯Listar os nomes de itens a adquirir, as informações sobre o desenvolvimento da aquisição, a data da última actualização, etc.☯List of name of procurement items, start date of procurement process and date of latest update, etc."
"e1f06cf0-392e-4f9f-8110-671f268f4ce6","司法警察局開立及完成的案件宗數☯司法警察局开立及完成的案件宗数☯Processos instaurados e concluídos pela PJ☯Number of case files opened and completed by the  Judiciary Police","司法警察局,司法警察局,PJ,PJ","1","0","0","System.Object[]","37","66","2026-08-13 15:27:10","司法警察局開立及完成的案件宗數☯司法警察局开立及完成的案件宗数☯Processos instaurados e concluídos pela PJ☯Number of case files opened and completed by the  Judiciary Police"
"e2381578-4c14-4f00-851f-a94a40499404","人均本地居民總收入☯人均本地居民总收入☯Rendimento Nacional Bruto per capita☯Per-capita Gross National Income (Per-capita GNI)","統計暨普查局,统计暨普查局,Direcção dos Serviços de Estatística e Censos,Statistics and Census Service","0","1","0","System.Object[]","0","44","2024-12-30 17:13:43","人均本地居民總收入是指該經濟體每名人口平均在境內及境外從事各類經濟活動所賺取的收入價值。☯人均本地居民总收入是指该经济体每名人口平均在境内及境外从事各类经济活动所赚取的收入价值。☯O Rendimento Nacional Bruto per capita refere-se ao valor médio do rendimento obtido por cada habitante num sistema económico, na realização da(s) sua(s) actividade(s) económica(s) dentro e fora do Território.☯Refers to average income earned by each person of an economy from engaging in various economic activities within or outside the economy."
"e2446582-70c4-495a-b81d-6f1984688d5a","澳門大學學生交流項目合作院校☯澳门大学学生交流项目合作院校☯Universidades parceiras no âmbito dos programas de intercâmbio de estudantes da Universidade de Macau☯Partner Universities of University of Macau Student Exchange Programmes","澳門大學,澳門大學,UM,UM","1","0","0","System.Object[]","103","177","2026-04-23 17:01:09","澳大學生交流項目的合作院校列表。☯澳大学生交流项目的合作院校列表。☯Lista das universidades parceiras no âmbito dos programas de intercâmbio de estudantes da UM.☯List of partner universities of UM student exchange programmes."
"e25ab970-aaab-4e58-91c8-2805ca1596f5","司法警察局檢獲毒品的數量（以毫升為單位）☯司法警察局检获毒品的数量（以毫升为单位）☯Quantidades de estupefacientes apreendidos pela PJ (em mililitros)☯Amount of drugs seized by the Judiciary Police (in mililiters)","司法警察局,司法警察局,PJ,PJ","1","0","0","System.Object[]","40","76","2026-08-13 15:46:01","司法警察局檢獲毒品的數量（以毫升為單位）☯司法警察局检获毒品的数量（以毫升为单位）☯Quantidades de estupefacientes apreendidos pela PJ (em mililitros)☯Amount of drugs seized by the Judiciary Police (in mililiters)"
"e326e401-0c7b-47b0-a523-52b93d4e08e9","博彩業全職僱員☯博彩业全职雇员☯Trabalhador a tempo completo do sector das lotarias e outros jogos de aposta☯Full-time employees in gaming sector","統計暨普查局,统计暨普查局,Direcção dos Serviços de Estatística e Censos,Statistics and Census Service","0","1","0","System.Object[]","73","243","2025-11-14 17:09:57","按場所規定有關職級或職位的正常工作時間上班之博彩業員工。☯按场所规定有关职级或职位的正常工作时间上班之博彩业员工。☯Indivíduo que trabalha no sector das lotarias e outros jogos de aposta e cumpre o período normal de trabalho em vigor no estabelecimento, conforme a respectiva ocupação profissional e/ou posto de trabalho.☯Employees who fulfil the normal hours of work as established by the establishment, for the respective occupation and/or work position in the gaming sector."
"e349bf32-40fe-44d0-9f4e-44ab3f99c91a","海上航線許可☯海上航线许可☯Autorização para Itinerários Marítimos☯Ferry Route Permit","海事及水務局,海事及水務局,DSAMA,DSAMA","1","0","0","System.Object[]","76","116","2024-11-12 16:29:36","海上航線許可☯海上航线许可☯Autorização para Itinerários Marítimos☯Ferry Route Permit"
"e362d709-ae92-4176-ae8c-7dbc92776f38","公共道路咪錶車位 ☯公共道路咪表车位 ☯Lugares de parquímetros na via pública☯Meter parking spaces on public roads","交通事務局,交通事务局,Direcção dos Serviços para os Assuntos de Tráfego,Transport Bureau","1","0","0","System.Object[]","207","511","2026-05-27 01:00:07","公共道路咪錶車位 ☯公共道路咪表车位 ☯Lugares de parquímetros na via pública☯Meter parking spaces on public roads"
"e3faa29f-8885-4d7b-8f05-a14087477e96","職業培訓課程及學員統計☯职业培训课程及学员统计☯Estatísticas dos formandos e cursos de formação profissional ☯Statistics of vocational training courses and trainees","勞工事務局,劳工事务局,Direcção dos Serviços para os Assuntos Laborais,Labour Affairs Bureau","1","0","0","System.Object[]","269","116","2026-08-28 12:51:02","職業培訓課程及學員統計☯职业培训课程及学员统计☯Estatísticas dos formandos e cursos de formação profissional ☯Statistics of vocational training courses and trainees"
"e3fcf1fc-ddca-4551-99bb-136ad321bf01","個人遊中國內地入境旅客☯个人游中国内地入境旅客☯Entradas de visitantes do Interior da China com visto individual☯ ","統計暨普查局,统计暨普查局,Direcção dos Serviços de Estatística e Censos,Statistics and Census Service","0","1","0","System.Object[]","62","113","2025-11-25 16:50:57","以個人遊方式從中國內地入境的旅客總數。☯以个人游方式从中国内地入境的旅客总数。☯Referem-se ao número total de entradas de visitantes do Interior da China com visto individual.☯ "
"e405709b-f2a7-4219-b823-aea6d411607c","以調查個案性質作為分類的個案數☯以调查个案性质作为分类的个案数☯Número de casos classificados por natureza dos casos de investigação☯Number of cases classified by nature of investigation","個人資料保護局,个人资料保护局,DSPDP,DSPDP","1","0","0","System.Object[]","12","26","2025-12-04 10:42:00","個人資料保護局以調查個案性質作為分類的個案數☯个人资料保护局以调查个案性质作为分类的个案数☯Número de casos classificados por natureza dos casos de investigação da DSPDP☯Number of cases classified by nature of investigation at the Personal Data Protection Bureau"
"e4069b08-8787-44cc-aec9-1dece613d483","社區醫療衛生範疇 - 衛生中心 按門診種類和歲組劃分的門診人次☯社區醫療衛生範疇 - 衛生中心 按門診種類和歲組劃分的門診人次☯CUIDADOS DE SAÚDE COMUNITÁRIOS - CENTROS DE  SAÚDE Consultas por valência e Grupo Etário☯CUIDADOS DE SAÚDE COMUNITÁRIOS - CENTROS DE  SAÚDE Consultas por valência e Grupo Etário","衛生局,卫生局,Serviços de Saúde,Health Bureau","1","0","0","System.Object[]","19","25","2025-10-28 17:38:48","社區醫療衛生範疇 - 衛生中心 按門診種類和歲組劃分的門診人次☯社區醫療衛生範疇 - 衛生中心 按門診種類和歲組劃分的門診人次☯CUIDADOS DE SAÚDE COMUNITÁRIOS - CENTROS DE  SAÚDE Consultas por valência e Grupo Etário☯CUIDADOS DE SAÚDE COMUNITÁRIOS - CENTROS DE  SAÚDE Consultas por valência e Grupo Etário"
"e410770e-caa6-4a56-872b-68b8af389cac","市政活動場地☯市政活动场地☯Estabelecimentos para Actividades Municipais☯Venues for municipal activities","市政署,市政署,Instituto para os Assuntos Municipais,Municipal Affairs Bureau","1","1","0","System.Object[]","271","1082","2026-09-14 17:00:06","提供康體場地、 自由波地、 步行徑及單車徑、 活動中心、展覽表演場館及露天廣場的有關使用及位置資訊。☯提供康体场地、 自由波地、 步行径及单车径、 活动中心、展览表演场馆及露天广场的有关使用及位置资讯。☯Fornece informações relativas à utilização e localização dos campos desportivos e recreativos, campos livres, trilhos e ciclovias, centros de actividades, pavilhões para exposições e espectáculos e praças ao ar livre.☯Providing information about the use and locations of recreational areas, free sports grounds, walking and cycling trails, activity centres, exhibition and performance venues, and open spaces."
"e413b592-e47d-4170-889a-e2a935b40395","澳門主要商場之無障礙旅遊設施列表☯澳门主要商场之无障碍旅游设施列表☯Guia de Turismo Livre de Barreiras - Centro comercial☯Barrier-Free Access Guide - Shopping Centres","旅遊局,旅游局,Direcção dos Serviços de Turismo,Macao Government Tourism Office","1","0","0","System.Object[]","19","47","2024-11-29 16:20:11","旅遊局“澳門無障礙旅遊設施調查＂內澳門主要商場之無障礙旅遊設施列表，提供升降機、洗手間及適合輪椅使用者的設施等資訊☯旅游局“澳门无障碍旅游设施调查＂内澳门主要商场之无障碍旅游设施列表，提供升降机、洗手间及适合轮椅使用者的设施等资讯☯Estão disponíveis informações sobre elevadores, lavatórios e instalações adequadas para os utentes de cadeira de rodas, no Guia de Turismo Livre de Barreiras - Centro comercial, resultante do Inquérito da DST sobre as Instalações Turísticas Sem Barreirasa☯Information on elevators, toilets and other facilities in shopping centres suitable for wheelchair users included in the “Consultancy Study on Accessible Tourism Facilities in Macao”"
"e42bad4c-41d8-49cd-adfe-4eb813eba0bb","漫步澳門街 - 各個堂區街道歷史的資訊列表☯漫步澳门街 - 各个堂区街道历史的资讯列表☯Uma passeata pelas ruas de Macau – lista de informações sobre a história das ruas das freguesias☯List of information about Taking a Walk through the Streets of Macao - History of Parishes and Streets","市政署,市政署,Instituto para os Assuntos Municipais,Municipal Affairs Bureau","0","1","0","System.Object[]","0","180","2025-05-19 17:07:20","漫步澳門街 - 各個堂區街道歷史的資訊列表。☯漫步澳门街 - 各个堂区街道历史的资讯列表。☯Uma passeata pelas ruas de Macau – lista de informações sobre a história das ruas das freguesias.☯List of information about Taking a Walk through the Streets of Macao - History of Parishes and Streets."
"e432d024-c126-41ee-9852-65a0d850e24b","人均本地生產總值實質變動率☯人均本地生产总值实质变动率☯Taxa de variação real do Produto Interno Bruto per capita☯ ","統計暨普查局,统计暨普查局,Direcção dos Serviços de Estatística e Censos,Statistics and Census Service","0","1","0","System.Object[]","0","27","2025-11-10 14:47:46","剔除價格變化因素後的人均本地生產總值變動，用以衡量每名人口平均創造的經濟產出的實質變動。☯剔除价格变化因素后的人均本地生产总值变动，用以衡量每名人口平均创造的经济产出的实质变动。☯A variação do Produto Interno Bruto per capita, após a eliminação dos factores que influenciam os preços, serve para medir a variação real da produção económica média gerada por cada habitante. ☯ "
"e435fcee-e3a2-4f01-b17d-d3c43b35362d","市政墳場☯市政坟场☯Cemitérios municipais☯Municipal cemeteries","市政署,市政署,Instituto para os Assuntos Municipais,Municipal Affairs Bureau","1","1","0","System.Object[]","30","139","2025-10-24 15:31:07","提供各個市政墳場的使用及位置資訊。☯提供各个市政坟场的使用及位置资讯。☯Fornece informações relativas à utilização e localização dos  cemitérios municipais.☯Providing information about the use and locations of municipal cemeteries."
"e49ac4a5-83c1-48f8-8317-e783f4a1867e","壓縮式垃圾收集點☯压缩式垃圾收集点☯Pontos de recolha de lixo compactado☯Compacting trash collection points","市政署,市政署,Instituto para os Assuntos Municipais,Municipal Affairs Bureau","1","1","0","System.Object[]","35","137","2026-06-30 10:00:10","提供各區壓縮式垃圾收集點的使用及位置資訊。☯提供各区压缩式垃圾收集点的使用及位置信息。☯Informações disponíveis sobre o uso e a localização dos pontos de recolha de lixo compactado de diversas zonas☯Provide information about the use and locations of compacting trash collection points in different districts"
"e500021d-190e-4f1a-95c1-a6efeec60245","會展活動☯会展活动☯Reuniões, conferências, exposições e eventos de incentivo☯MICE events","統計暨普查局,统计暨普查局,Direcção dos Serviços de Estatística e Censos,Statistics and Census Service","0","1","0","System.Object[]","177","433","2024-12-30 12:45:05","會議及展覽統計涵蓋在酒店、大型會議展覽中心等收費場地舉行之會議、商業展覽及獎勵活動。不包括少於10人的會議，亦不包括發佈會、講解會和記者招待會等會議，以及所有不涉及商業活動的展覽，如圖片展、畫展、其他文化和藝術展覽。☯会议及展览统计涵盖在酒店、大型会议展览中心等收费场地举行之会议、商业展览及奖励活动。不包括少于10人的会议，亦不包括发布会、讲解会和记者招待会等会议，以及所有不涉及商业活动的展览，如图片展、画展、其他文化和艺术展览。☯O âmbito das “Estatísticas do Sector das Convenções e Exposições” engloba as reuniões, as conferências, as exposições comerciais e os eventos de incentivo realizados em locais arrendados situados em hotéis, centros de convenções e exposições de grande envergadura. Contudo, excluem-se as reuniões com menos de 10 participantes, as cerimónias de lançamento de produtos, as sessões de esclarecimento, as conferências de imprensa e as exposições que não envolvem actividades comerciais, tais como as exposições de fotografia, pintura e outras de cariz cultural e artístico.☯MICE Statistics covers meetings & conferences, commercial exhibitions and incentives that are held in paid venues, such as hotels and major convention &
exhibition centres in Macao. However, meetings with less than 10 participants; meetings for product launch, orientation and press conference; as well as exhibitions not involving business activities, e.g. photo, painting and other cultural & art exhibitions, are excluded."
"e5023a7d-2ce8-4632-b2d0-ae3bcf47b7ed","衛生範疇醫護人員數目統計☯ 卫生范畴医护人员数目统计☯Estatísticas do pessoal de saúde e enfermagem, na área de saúde☯衛生範疇醫護人員數目統計","衛生局,卫生局,Serviços de Saúde,Health Bureau","1","0","0","System.Object[]","100","135","2024-12-19 14:59:10","衛生範疇中，醫護人員數目統計☯卫生范畴中，医护人员数目统计☯Estatísticas do pessoal de saúde e enfermagem, na área de saúde☯衛生範疇中，醫護人員數目統計"
"e53a6c0e-08b8-4efc-b73d-67306a478803","博彩業盈利比率☯博彩业盈利比率☯Proporção do excedente bruto do sector do jogo☯ ","統計暨普查局,统计暨普查局,Direcção dos Serviços de Estatística e Censos,Statistics and Census Service","0","1","0","System.Object[]","0","262","2026-01-26 12:48:01","博彩業的盈利除以博彩及相關服務收入的比例，用以衡量經營效益。☯博彩业的盈利除以博彩及相关服务收入的比例，用以衡量经营效益。☯Refere-se à relação entre o excedente bruto e as receitas do jogo e dos serviços relacionados, do sector do jogo. O indicador serve para medir a eficácia operacional.☯ "
"e559d084-09a1-43da-94e1-0cdec3243fcc","公民教育及設施使用之統計☯公民教育及设施使用之统计☯Dados estatísticos de educação cívica e uso de instalações☯Statistics on civic education and use of facilities","市政署,市政署,Instituto para os Assuntos Municipais,Municipal Affairs Bureau","1","0","0","System.Object[]","14","57","2025-06-30 18:00:25","列出公民教育設施使用及參加公民教育活動人次、場次之統計☯列出公民教育设施使用及参加公民教育活动人次、场次之统计☯Liste os dados estatísticos relativos à utilização de instalações de educação cívica, participação das pessoas nas actividades de educação cívica e número de sessões☯List of the statistics on the use of civic education facilities and the number of participants and sessions of civic education activities"
"e5b23ebd-ce4f-4442-b519-7e0880a12adc","酒店及娛樂場穿梭巴士乘搭人次及發車班次☯酒店及娱乐场穿梭巴士乘搭人次及发车班次☯N.º de passageiros e frequência de partidas de autocarros shuttle dos hotéis e casinos☯N.º de passageiros e frequência de partidas de autocarros shuttle dos hotéis e casinos","交通事務局,交通事务局,Direcção dos Serviços para os Assuntos de Tráfego,Transport Bureau","1","0","0","System.Object[]","41","92","2026-05-27 01:00:37","有關酒店及娛樂場穿梭巴士乘搭人次及發車班次數量☯有关酒店及娱乐场穿梭巴士乘搭人次及发车班次数量☯Dados estatísticos sobre o número de passageiros e frequência de partidas de autocarros shuttle dos hotéis e casinos☯Dados estatísticos sobre o número de passageiros e frequência de partidas de autocarros shuttle dos hotéis e casinos"
"e6174dfc-29dd-4fdd-bb55-a380dbd2eedc","植物園☯植物园☯Jardim de Plantas☯Botanical Gardens","市政署,市政署,Instituto para os Assuntos Municipais,Municipal Affairs Bureau","1","1","0","System.Object[]","34","131","2025-10-24 15:29:20","提供植物園的相關資訊。☯提供植物园的相关资讯。☯Prestação de informações sobre o Jardim de Plantas.☯Provision of information about the botanical gardens."
"e64f144b-2685-4771-a09e-c838cc3fdc1c","《統計年刊 2024》衛生統計按歲組劃分的死亡人數☯《統計年刊 2024》衛生統計按歲組劃分的死亡人數☯ESTATÍSTICAS DA SAÚDE Óbitos por grupo etário☯ESTATÍSTICAS DA SAÚDE Óbitos por grupo etário","衛生局,卫生局,Serviços de Saúde,Health Bureau","1","0","0","System.Object[]","11","27","2025-10-28 17:40:10","《統計年刊 2024》衛生統計按歲組劃分的死亡人數☯《統計年刊 2024》衛生統計按歲組劃分的死亡人數☯ESTATÍSTICAS DA SAÚDE Óbitos por grupo etário☯ESTATÍSTICAS DA SAÚDE Óbitos por grupo etário"
"e694633b-93f5-411f-b2d1-0040392c26ee","在澳門以外地區升學的澳門學生人數統計☯在澳门以外地区升学的澳门学生人数统计☯Dados estatísticos do número de estudantes de Macau que prosseguem os seus estudos no exterior ☯-","教育及青年發展局,教育及青年发展局,Direcção dos Serviços de Educação e de Desenvolvimento da Juventude,Education and Youth Development Bureau","1","0","0","System.Object[]","43","79","2025-12-15 16:01:45","按學年方式，提供在外升學的澳門學生總人數。☯按学年方式，提供在外升学的澳门学生总人数。☯Número total de estudantes de Macau que prosseguem os seus estudos no exterior, calculado de acordo com o ano lectivo.

☯-"
"e694bc6a-eda2-48d1-bc1e-8b68a661988a","屬設計階段的酒店資料☯属设计阶段的酒店资料☯Informações sobre os empreendimentos hoteleiros em fase de projecto☯Hotel information at the design stage","土地工務局,土地工務局,DSSCU,DSSCU","1","0","0","System.Object[]","29","61","2026-07-29 17:13:08","於參考期間仍處於設計階段的酒店資料 (設計階段指由申請人遞交申請開始至接納動工申請批示前)☯于参考期间仍处于设计阶段的酒店资料 (设计阶段指由申请人递交申请开始至接纳动工申请批示前)☯Informações sobre os empreendimentos hoteleiros que se encontram ainda em fase de projecto durante o período de referência (fase referente ao período compreendido entre a data da apresentação do pedido de aprovação do anteprojecto de arquitectura pelo requerente e a do despacho de aprovação do pedido para início da obra).☯Information about the hotel that is still in the design stage during the reference period (the design stage refers to the period from the applicant submitting the application to before accepting the approval for the construction application)"
"e6a228e3-ed55-4c8b-9d16-3671da43ff8c","法人選民清單☯法人选民清单☯Lista das pessoas colectivas eleitoras☯Lista das pessoas colectivas eleitoras","行政公職局,行政公职局,Direcção dos Serviços de Administração e Função Pública,Public Administration and Civil Service Bureau","1","0","0","System.Object[]","3","28","2026-09-18 14:53:01","法人選民清單☯法人选民清单☯Lista das pessoas colectivas eleitoras☯Lista das pessoas colectivas eleitoras"
"e6a549ab-34d9-4bc9-9a28-c5da6ad738d9","離校率☯离校率☯Taxa de saída da escola☯ ","教育及青年發展局,教育及青年发展局,Direcção dos Serviços de Educação e de Desenvolvimento da Juventude,Education and Youth Development Bureau","1","0","0","System.Object[]","14","28","2025-12-15 16:02:00","提供教育效益指標：按非高等教育階段劃分的離校率☯提供教育效益指标：按非高等教育阶段划分的离校率☯Fornecer indicadores da eficiência educativa: Taxa de saída da escola por nível de ensino não superior☯ "
"e6b0eb9a-4dd8-4d01-ba6e-aaf0fb07ff14","社區醫療衛生範疇 - 衛生中心 衛生中心團體健康教育工作☯社區醫療衛生範疇 - 衛生中心 衛生中心團體健康教育工作☯CUIDADOS DE SAÚDE COMUNITÁRIOS - CENTROS DE  SAÚDE Centros de Saúde - Educação para a saúde em grupo☯CUIDADOS DE SAÚDE COMUNITÁRIOS - CENTROS DE  SAÚDE Centros de Saúde - Educação para a saúde em grupo","衛生局,卫生局,Serviços de Saúde,Health Bureau","1","0","0","System.Object[]","15","23","2025-10-28 17:38:35","社區醫療衛生範疇 - 衛生中心 衛生中心團體健康教育工作☯社區醫療衛生範疇 - 衛生中心 衛生中心團體健康教育工作☯CUIDADOS DE SAÚDE COMUNITÁRIOS - CENTROS DE  SAÚDE Centros de Saúde - Educação para a saúde em grupo☯CUIDADOS DE SAÚDE COMUNITÁRIOS - CENTROS DE  SAÚDE Centros de Saúde - Educação para a saúde em grupo"
"e7058afd-4e9f-4e82-b8cb-2ea6c35d688e","政府主辦展覽☯政府主办展览☯Exposições organizadas pelo Governo☯ ","統計暨普查局,统计暨普查局,Direcção dos Serviços de Estatística e Censos,Statistics and Census Service","0","1","0","System.Object[]","0","29","2026-01-26 12:39:13","由政府主辦的展覽數量，這些展覽在酒店、大型會議展覽中心等收費場地舉行。☯由政府主办的展览数量，这些展览在酒店、大型会议展览中心等收费场地举行。☯Referem-se ao número de exposições organizadas pelo Governo. As exposições realizam-se em locais arrendados, nomeadamente, em hotéis, em grandes centros de convenções e exposições, etc.☯ "
"e738c3e4-7538-4402-afe1-4c932713b1a8","企業產學研配對資助項目統計☯企业产学研配对资助项目统计☯Estatística do ""Programa de Apoio Financeiro para Combinar Indústria-Universidade-Investigação com Empresas""☯Statistics of ""Funding Scheme for Industry-University-Research Partnership for Enterprises""","經濟及科技發展局,经济及科技发展局,Direcção dos Serviços de Economia e Desenvolvimento Tecnológico,Macao Economic Bureau","1","0","0","System.Object[]","75","150","2025-06-12 12:07:53","企業產學研配對資助項目統計☯企业产学研配对资助项目统计☯Estatística do ""Programa de Apoio Financeiro para Combinar Indústria-Universidade-Investigação com Empresas""☯Statistics of ""Funding Scheme for Industry-University-Research Partnership for Enterprises"""
"e75b0009-8f27-4720-a103-d590fdfcc0b1","專科衛生護理範疇手術室概況☯专科卫生护理范畴手术室概况☯Situação do bloco operatório, na área de cuidados de saúde diferenciados☯專科衛生護理範疇手術室概況","衛生局,卫生局,Serviços de Saúde,Health Bureau","1","0","0","System.Object[]","61","64","2024-12-19 14:59:28","專科衛生護理範疇中，手術室概況☯专科卫生护理范畴中，手术室概况☯Situação do bloco operatório, na área de cuidados de saúde diferenciados☯專科衛生護理範疇中，手術室概況"
"e79e77e8-4174-4d38-a71d-ef90c313dccc","牙醫生/師☯牙医生/师☯Médico dentista/odontologista☯Dentists / Odontologists","統計暨普查局,统计暨普查局,Direcção dos Serviços de Estatística e Censos,Statistics and Census Service","0","1","0","System.Object[]","0","43","2025-11-13 17:45:46","根據第18/2020號法律《醫療人員專業資格及執業註冊制度》的牙醫生/師。☯根据第18/2020号法律《医疗人员专业资格及执业注册制度》的牙医生/师。☯O médico dentista/odontologista está estipulado na Lei n.º 18/2020, “Regime da qualificação e inscrição para o exercício de actividade dos profissionais de saúde”.☯Refer to dentists/odontologists registered under Law No. 18/2020 ""Regime of Qualification and Registration of Health Professionals""."
"e7b2e84d-3333-42f0-b676-64ce95306f0d","巴士路線資料☯巴士路線資料☯Informações das carreiras☯Bus route enquiry","交通事務局,交通事务局,Direcção dos Serviços para os Assuntos de Tráfego,Transport Bureau","1","0","0","System.Object[]","1767","5961","2026-09-19 01:00:02","BUS_POLE.SHP---巴士站資料 
ROUTE_NETWORK.SHP---巴士路線數據 
BUS_ROUTE_SEQ---巴士路線與網站關聯對照表☯BUS_POLE.SHP---巴士站资料
ROUTE_NETWORK.SHP---巴士路线数据
BUS_ROUTE_SEQ---巴士路线与网站关联对照表
☯BUS_POLE.SHP---巴士站資料 
ROUTE_NETWORK.SHP---巴士路線數據 
BUS_ROUTE_SEQ---巴士路線與網站關聯對照表☯BUS_POLE.SHP---巴士站資料 
ROUTE_NETWORK.SHP---巴士路線數據 
BUS_ROUTE_SEQ---巴士路線與網站關聯對照表"
"e819018a-c48d-4b8d-b482-4ddf806505d7","專科衛生護理範疇分娩室概況☯专科卫生护理范畴分娩室概况☯Situação da sala de partos, na área de cuidados de saúde diferenciados☯專科衛生護理範疇分娩室概況","衛生局,卫生局,Serviços de Saúde,Health Bureau","1","0","0","System.Object[]","60","61","2024-12-19 14:59:30","專科衛生護理範疇中，分娩室概況☯专科卫生护理范畴中，分娩室概况☯Situação da sala de parto, na área de cuidados de saúde diferenciados☯專科衛生護理範疇中，分娩室概況"
"e856f283-4385-4717-bc87-7a0ad2f3a84e","治安警察局服務承諾履行情況☯治安警察局服务承诺履行情况☯Corpo de Polícia de Segurança Pública de Macau Carta de Qualidade☯Public Security Police Force Performance Pledge","治安警察局,治安警察局,CPSP,CPSP","1","0","0","System.Object[]","114","147","2026-01-15 12:17:16","治安警察局服務承諾履行情況☯治安警察局服务承诺履行情况☯Corpo de Polícia de Segurança Pública de Macau Carta de Qualidade☯Public Security Police Force Performance Pledge"
"e8abdb2b-d1c8-4ab2-8272-f102fe2aa39a","批准外地僱員聘用許可及持外地僱員身份認別證(藍卡)的數目及比率☯批准外地雇员聘用许可及持外地雇员身份认别证(蓝卡)的数目及比率☯Número de autorizações de TNR's e Títulos de Identificação de Trabalhador Não-Residente (cartões azuis) emitidos, e respectiva percentagem☯Number of employment permit for non-resident workers authorized and non-resident workers identification card (Blue Card) issued, with respective percentage","勞工事務局,劳工事务局,Direcção dos Serviços para os Assuntos Laborais,Labour Affairs Bureau","0","1","0","System.Object[]","0","151","2022-01-07 14:59:22","批准外地僱員聘用許可及持外地僱員身份認別證(藍卡)的數目及比率☯批准外地雇员聘用许可及持外地雇员身份认别证(蓝卡)的数目及比率☯Número de autorizações de TNR's e Títulos de Identificação de Trabalhador Não-Residente (cartões azuis) emitidos, e respectiva percentagem☯Number of employment permit for non-resident workers authorized and non-resident workers identification card (Blue Card) issued, with respective percentage"
"e8f2af86-3057-474f-85bb-4ffdb1949bcb","政務服務資訊中心：專責部門獲轉介的個案數量及其性質分佈☯政务服务资讯中心：专责部门获转介的个案数量及其性质分布☯Centro de Informações dos Serviços Governamentais: Processos encaminhados para os Serviços competentes e distribuição conforme sua natureza☯Government Services Information Centre: Number of Cases Referred to Responsible Departments and their Distribution by Nature","行政公職局,行政公职局,Direcção dos Serviços de Administração e Função Pública,Public Administration and Civil Service Bureau","1","0","0","System.Object[]","21","52","2026-07-01 09:20:28","按年及個案性質統計政務服務資訊中心轉介予各個專責部門的個案數目。☯按年及个案性质统计政务服务资讯中心转介予各个专责部门的个案数目。☯Estatística anual sobre a natureza dos processos encaminhados pelo Centro de Informações dos Serviços Governamentais para os Serviços competentes.☯Statistics on the number of cases referred by the Government Services Information Centre to various responsible departments, categorized by year and case nature."
"e9d76f1f-132b-401c-a7c7-70c4324174c3","對外科技合作資助計劃－國際合作研究類項目統計☯对外科技合作资助计划－国际合作研究类项目统计☯Estatísticas de Programa de Apoio Financeiro para Cooperação em Ciência e Tecnologia com o Exterior - Categoria de Investigação Internacional em Colaboração☯Statistics of Funding Scheme for External Science and Technology Cooperation - International Collaborative Research","經濟及科技發展局,经济及科技发展局,Direcção dos Serviços de Economia e Desenvolvimento Tecnológico,Macao Economic Bureau","1","0","0","System.Object[]","11","25","2025-12-09 09:12:21","對外科技合作資助計劃－國際合作研究類項目統計☯对外科技合作资助计划－国际合作研究类项目统计☯Estatísticas de Programa de Apoio Financeiro para Cooperação em Ciência e Tecnologia com o Exterior - Categoria de Investigação Internacional em Colaboração☯Statistics of Funding Scheme for External Science and Technology Cooperation - International Collaborative Research"
"e9decbf1-06ea-43e7-873c-4114b62bcb00","按性別及殘疾類別劃分的有效持殘疾評估登記證累計人數☯按性别及残疾类别划分的有效持残疾评估登记证累计人数☯Total acumulado de pessoas portadoras do cartão válido divididas segundo o sexo e o tipo de deficiência☯--","社會工作局,社會工作局,Instituto de Acção Social,Social Welfare Bureau","1","0","0","System.Object[]","13","30","2026-07-24 16:55:56","按性別及殘疾類別劃分的有效持殘疾評估登記證累計人數☯按性别及残疾类别划分的有效持残疾评估登记证累计人数☯Total acumulado de pessoas portadoras do cartão válido divididas segundo o sexo e o tipo de deficiência☯--"
"e9e116e3-eacd-4c1c-8e08-80ded879dedf","商標聲明異議提交截止時間☯商标声明异议提交截止时间☯Prazo para Apresentação de Reclamação de Marca☯Deadline of Submission of Trademark Opposition","經濟及科技發展局,经济及科技发展局,Direcção dos Serviços de Economia e Desenvolvimento Tecnológico,Macao Economic Bureau","1","0","0","System.Object[]","35","85","2026-09-16 15:05:02","因應商標申請通告於《澳門特別行政區公報》的公佈日期，向公眾通知提交聲明異議的限期。☯因应商标申请通告于《澳门特别行政区公报》的公布日期，向公众通知提交声明异议的限期。☯Notifica ao público o prazo de apresentação de reclamação, tendo em conta a data de publicação do aviso do pedido de marca no Boletim Oficial da Região Administrativa Especial de Macau.☯Notifica ao público o prazo de apresentação de reclamação, tendo em conta a data de publicação do aviso do pedido de marca no Boletim Oficial da Região Administrativa Especial de Macau."
"ea50a770-cc35-47cc-a3ba-7f60092d4bc4","停車場車位資訊☯停车场车位资讯☯Informação dos lugares nos auto-silos☯Information of parking spaces in car parks","交通事務局,交通事务局,Direcção dos Serviços para os Assuntos de Tráfego,Transport Bureau","0","1","0","System.Object[]","0","4670","2026-02-09 12:37:24","停車場車位資訊☯停车场车位资讯☯Informação dos lugares nos auto-silos☯Information of parking spaces in car parks"
"ea5854dd-c8b6-4788-be79-d257dc90401d","《統計年刊 2024》社區醫療衛生範疇 - 其他 按檢驗項目劃分的檢驗數目☯《統計年刊 2024》社區醫療衛生範疇 - 其他 按檢驗項目劃分的檢驗數目☯CUIDADOS DE SAÚDE COMUNITÁRIOS - OUTROS N.º de análises realizadas por parâmetro☯CUIDADOS DE SAÚDE COMUNITÁRIOS - OUTROS N.º de análises realizadas por parâmetro","衛生局,卫生局,Serviços de Saúde,Health Bureau","1","0","0","System.Object[]","15","23","2025-10-28 17:41:29","《統計年刊 2024》社區醫療衛生範疇 - 其他 按檢驗項目劃分的檢驗數目☯《統計年刊 2024》社區醫療衛生範疇 - 其他 按檢驗項目劃分的檢驗數目☯CUIDADOS DE SAÚDE COMUNITÁRIOS - OUTROS N.º de análises realizadas por parâmetro☯CUIDADOS DE SAÚDE COMUNITÁRIOS - OUTROS N.º de análises realizadas por parâmetro"
"ea65ffc1-5beb-4b79-a99a-6c7e2575bb63","職業治療師☯职业治疗师☯Terapeuta ocupacional☯ ","統計暨普查局,统计暨普查局,Direcção dos Serviços de Estatística e Censos,Statistics and Census Service","0","1","0","System.Object[]","0","26","2025-11-10 14:48:46","根據第18/2020號法律《醫療人員專業資格及執業註冊制度》的職業治療師。☯根据第18/2020号法律《医疗人员专业资格及执业注册制度》的职业治疗师。☯Refere-se ao ""Terapeuta ocupacional"", que está estabelecido na Lei n.º 18/2020, “Regime da qualificação e inscrição para o exercício de actividade dos profissionais de saúde”.☯ "
"ea70947b-3e4d-4646-9c58-352e9dd9e505","季度社會保障制度殘疾金受領人數及金額(澳門元)☯季度社会保障制度残疾金受领人数及金额(澳门元)☯Número de beneficiários e montante (em patacas) de recebimento da pensão de invalidez do regime da segurança social por trimestre☯Number of disability pension recipients under the Social Security System and expenditure on disability pension in the quarter (patacas)","社會保障基金,社会保障基金,Fundo de Segurança Social,Social Security Fund","1","0","0","System.Object[]","48","67","2026-07-20 17:35:18","以季度方式提供在相關季度的期間內，殘疾金的受領人數及金額☯以季度方式提供在相关季度的期间内，残疾金的受领人数及金额☯A prestação trimestral do número de beneficiários e montante de recebimento da pensão de invalidez durante o respectivo trimestre☯Available on a quarterly basis, the number of disability pension recipients and expenditure on disability pension in the relevant quarter"
"ea9867fb-e2cf-44d3-b4c1-e47bf97a256d","蒸汽浴室及按摩院資料☯蒸汽浴室及按摩院资料☯Informações dos saunas e massagens☯Information of saunas & massages","旅遊局,旅游局,Direcção dos Serviços de Turismo,Macao Government Tourism Office","1","1","0","System.Object[]","131","360","2026-08-26 07:50:03","已領有牌照之實體 - 蒸汽浴室及按摩院資料☯已领有牌照之实体 - 蒸汽浴室及按摩院资料☯Informações dos entidades licenciadas - saunas e massagens☯Information of licensed entities - saunas & massages         
"
"eaf17fda-6f23-406d-8f76-5cfdcd4fd75b","飲食店舖盈利比率☯饮食店铺盈利比率☯Proporção do excedente bruto dos restaurantes e estabelecimentos similares☯ ","統計暨普查局,统计暨普查局,Direcção dos Serviços de Estatística e Censos,Statistics and Census Service","0","1","0","System.Object[]","0","26","2026-01-26 12:42:53","飲食店舖的盈利與收入的比例，用以評估飲食業場所的盈利能力。☯饮食店铺的盈利与收入的比例，用以评估饮食业场所的盈利能力。☯Refere-se à relação entre o excedente bruto e as receitas, dos restaurantes e estabelecimentos similares. O indicador serve para avaliar a capacidade dos estabelecimentos do ramo da restauração gerarem excedente bruto.☯ "
"eaf57b77-76fc-4e72-8294-fe33b201662b","非高等教育教學人員人數(按年齡組和教育階段劃分)☯非高等教育教学人员人数(按年龄组和教育阶段划分)☯Número de Pessoal docente (por PESSOA, classificados por grupos de idade e nível de ensino)☯-","教育及青年發展局,教育及青年发展局,Direcção dos Serviços de Educação e de Desenvolvimento da Juventude,Education and Youth Development Bureau","1","0","0","System.Object[]","18","40","2025-12-26 18:59:37","教學人員人數(按年齡組和教育階段劃分)
☯教学人员人数(按年龄组和教育阶段划分)
☯Número de Pessoal docente (por PESSOA, classificados por grupos de idade e nível de ensino)
☯-"
"eb5c6a3b-1eae-4543-bcea-fde979cada92","科研及創新資助計劃－應用研究類項目統計☯科研及创新资助计划－应用研究类项目统计☯Estatísticas de Plano de Financiamento para Investigação Científica e Inovação - Categoria de Investigação Aplicada☯Statistics of Funding Scheme for Scientific Research and Innovation - Applied Research","經濟及科技發展局,经济及科技发展局,Direcção dos Serviços de Economia e Desenvolvimento Tecnológico,Macao Economic Bureau","1","0","0","System.Object[]","12","46","2025-12-09 09:11:55","科研及創新資助計劃－應用研究類項目統計☯科研及创新资助计划－应用研究类项目统计☯Estatísticas de Plano de Financiamento para Investigação Científica e Inovação - Categoria de Investigação Aplicada☯Statistics of Funding Scheme for Scientific Research and Innovation - Applied Research"
"eb7cb41c-90d2-4a2f-a871-9bb97c6d631c","旅行社購貨及佣金支出☯旅行社购货及佣金支出☯Compras de mercadorias e comissões pagas pelas agências de viagens☯ ","統計暨普查局,统计暨普查局,Direcção dos Serviços de Estatística e Censos,Statistics and Census Service","0","1","0","System.Object[]","0","25","2026-01-26 12:46:17","旅行社在購買旅遊相關產品和支付佣金方面的支出總額。☯旅行社在购买旅游相关产品和支付佣金方面的支出总额。☯Referem-se ao valor total das despesas em compras de bens relacionados com o turismo e comissões pagas, pelas agências de viagens.☯ "
"eb81ec65-4fb8-4f33-a85f-5cabe16d01e7","年度社會保障制度殘疾金受領人數及金額(澳門元)☯年度社会保障制度残疾金受领人数及金额(澳门元)☯Número de beneficiários e montante (em patacas) de recebimento da pensão de invalidez do regime da segurança social por ano☯Number of disability pension recipients under the Social Security System and expenditure on disability pension in the year (patacas)","社會保障基金,社会保障基金,Fundo de Segurança Social,Social Security Fund","1","0","0","System.Object[]","27","47","2026-09-01 17:04:57","以年度方式提供在相關曆年內，殘疾金的受領人數及金額☯以年度方式提供在相关历年内，残疾金的受领人数及金额☯Prestação anual do número de beneficiários e montante de recebimento da pensão de invalidez durante o respectivo ano civil.☯Available on an annual basis, the number of disability pension recipients and expenditure on disability pension in the relevant calendar year."
"ec47d6b4-168d-4ba6-9dca-25cc192aa9c1","消費物價指數 – 通脹率☯消费物价指数 – 通胀率☯Índice de Preços no Consumidor - Taxa de inflação☯Consumer Price Index -  Inflation rate","統計暨普查局,统计暨普查局,Direcção dos Serviços de Estatística e Censos,Statistics and Census Service","0","1","0","System.Object[]","102","209","2024-12-30 12:40:28","由消費物價指數計算出來的指標，用作反映一般物價在指定期間變化的情況。☯由消费物价指数计算出来的指标，用作反映一般物价在指定期间变化的情况。☯Indicador calculado a partir do Índice de Preços no Consumidor e que reflecte a evolução geral de preços num determinado período.☯An indicator derived from the CPI to reflect the changes in general consumer prices."
"ec4d7ee7-921c-4b81-bfc1-ff3c1583b85b","留級率☯留級率☯Taxa de retenção☯ ","教育及青年發展局,教育及青年发展局,Direcção dos Serviços de Educação e de Desenvolvimento da Juventude,Education and Youth Development Bureau","1","0","0","System.Object[]","15","31","2025-12-15 16:03:33","提供教育效益指標：按非高等教育階段劃分的留級率☯提供教育效益指标：按非高等教育阶段划分的留级率☯Fornecer indicadores da eficiência educativa: Taxa de retenção por nível de ensino não superior☯ "
"ec506189-7c9d-4821-8ee0-38a40f8b472b","特區政府手機應用程式目錄☯特区政府手机应用程序目录☯RAEM Aplicações para Telemóveis☯RAEMGovernment Mobile Apps","行政公職局,行政公职局,Direcção dos Serviços de Administração e Função Pública,Public Administration and Civil Service Bureau","0","1","0","System.Object[]","0","54","2025-07-03 18:18:29","特區政府手機應用程式目錄☯特区政府手机应用程序目录☯RAEM Aplicações para Telemóveis☯RAEMGovernment Mobile Apps"
"ed15fcf0-0a45-44af-a5db-b402f0b68cf4","以調查個案處理結果作為分類的個案數☯以调查个案处理结果作为分类的个案数☯Número de casos classificados por decisões concluídas de investigação☯Number of cases classified by investigation result","個人資料保護局,个人资料保护局,DSPDP,DSPDP","1","0","0","System.Object[]","11","27","2025-12-04 10:42:08","個人資料保護局以調查個案處理結果作為分類的個案數☯个人资料保护局以调查个案处理结果作为分类的个案数☯Número de casos classificados por decisões concluídas de investigação da DSPDP☯Number of cases classified by investigation result concluded by Personal Data Protection Bureau"
"ed410f01-7acb-48a2-a645-c9c26c4b395d","工作意外統計數據 - 按歲組及性別統計工作意外受害人數☯工作意外统计数据 - 按岁组及性别统计工作意外受害人数☯Dados estatísticos dos acidentes de trabalho - Vítimas de acidentes de trabalho segundo escalões etários e sexos ☯Statistics on occupational accidents - Number of occupational accident victims by age group and gender","勞工事務局,劳工事务局,Direcção dos Serviços para os Assuntos Laborais,Labour Affairs Bureau","1","0","0","System.Object[]","23","48","2026-07-31 16:25:15","按歲組及性別統計工作意外受害人數☯按岁组及性别统计工作意外受害人数☯Vítimas de acidentes de trabalho segundo escalões etários e sexos☯Number of occupational accident victims by age group and gender"
"ed7af40d-ba7e-4014-8771-3e8a5c0c026b","珍稀動物館☯珍稀动物馆☯Pavilhão de Animais Raros☯Pavilion of Rare Animals","市政署,市政署,Instituto para os Assuntos Municipais,Municipal Affairs Bureau","1","1","0","System.Object[]","22","148","2026-01-01 10:00:06","提供珍稀動物館的相關資訊。☯提供珍稀动物馆的相关资讯。☯Prestação de informações sobre o Pavilhão de Animais Raros.☯Provision of information about the Pavilion of Rare Animals."
"eda5163c-2cbe-49ce-bc55-628f8aad53f8","澳門高等院校教職員人數統計─按性別劃分☯澳门高等院校教职员人数统计─按性别划分☯Dados estatísticos sobre o número de docentes e trabalhadores das instituições do ensino superior de Macau (classificados por sexo)☯-","教育及青年發展局,教育及青年发展局,Direcção dos Serviços de Educação e de Desenvolvimento da Juventude,Education and Youth Development Bureau","1","0","0","System.Object[]","36","36","2025-12-15 16:01:21","按學年方式，提供按性別劃分的澳門高等院校教職員人數。☯按学年方式，提供按性别划分的澳门高等院校教职员人数。☯Número de docentes e trabalhadores das instituições do ensino superior de Macau (classificados por sexo), calculado de acordo com o ano lectivo.☯-"
"edde9246-5ac7-449b-9f71-ab39b49ec4c3","疾病預防控制範疇按歲組劃分的二ｏ二ｏ年主要新增癌症個案☯疾病预防控制范畴按岁组划分的二ｏ二ｏ年主要新增癌症个案☯Principais novos casos oncológicos de 2020, na área de prevenção e controlo de doenças, consoante o grupo etário☯疾病預防控制範疇按歲組劃分的二ｏ二ｏ年主要新增癌症個案","衛生局,卫生局,Serviços de Saúde,Health Bureau","1","0","0","System.Object[]","43","68","2024-12-19 14:59:02","疾病預防控制範疇按歲組劃分的二ｏ二ｏ年主要新增癌症個案☯疾病预防控制范畴按岁组划分的二ｏ二ｏ年主要新增癌症个案☯Principais novos casos oncológicos de 2020, na área de prevenção e controlo de doenças, consoante o grupo etário☯疾病預防控制範疇按歲組劃分的二ｏ二ｏ年主要新增癌症個案"
"ee0b83a6-33bb-4e6e-83b3-3368cbf2fe97","按法律性質劃分有供款的僱主數目☯按法律性质划分有供款的雇主数目☯Empregadores que efectuaram contribuições segundo a natureza jurídica☯Employers who made contributions according to the legal nature","社會保障基金,社会保障基金,Fundo de Segurança Social,Social Security Fund","1","0","0","System.Object[]","14","30","2026-09-01 17:00:25","按法律性質劃分有供款的僱主數目☯按法律性质划分有供款的雇主数目☯Empregadores que efectuaram contribuições segundo a natureza jurídica☯Employers who made contributions according to the legal nature"
"ee3cc768-6d9f-4e65-af8c-1211c25be2b2","澳門大學體育設施☯澳门大学体育设施☯Instalações Desportivas da Universidade de Macau☯Sports Facilities of the University of Macau","澳門大學,澳門大學,UM,UM","0","1","0","System.Object[]","0","160","2022-12-01 10:31:32","位於澳門大學校園的體育設施列表，詳情請瀏覽 https://osa.um.edu.mo/。☯位于澳门大学校园的体育设施列表，详情请浏览 https://osa.um.edu.mo/。☯Lista de instalações desportivas no campus da Universidade de Macau. Para mais detalhes, consulte https://osa.um.edu.mo/ .☯List of sports facilities in the University of Macau campus. For more details, please visit https://osa.um.edu.mo/ ."
"eeedd78d-ef09-47a8-a69a-04fa7ae73455","獲發使用准照住宅單位☯获发使用准照住宅单位☯Fracções autónomas habitacionais com licença de utilização emitida☯Residential units with licence of use issued","統計暨普查局,统计暨普查局,Direcção dos Serviços de Estatística e Censos,Statistics and Census Service","0","1","0","System.Object[]","72","151","2024-12-30 16:54:13","於參考期間獲發使用准照（俗稱“入伙紙＂）的住宅單位；2017年前稱為“建成”。☯于参考期间获发使用准照（俗称“入伙纸＂）的住宅单位；2017年前称为“建成”。☯Fracções autónomas habitacionais para as quais foi emitida licença de utilização, no período de referência. O empreendimento foi designado “concluído” antes de 2017.☯Refer to residential units that are issued the licence of use (also known as occupation permit) during the reference period. They were referred to as “Completion of buildings” prior to 2017."
"eefe7e85-76d2-43f2-bdad-f79f26c77463","康復服務設施數目及服務名額☯康复服务设施数目及服务名额☯Número de equipamentos de serviço de reabilitação e número de vagas de serviço☯---","社會工作局,社會工作局,Instituto de Acção Social,Social Welfare Bureau","1","0","0","System.Object[]","30","61","2026-02-05 11:55:41","康復服務設施數目及服務名額☯康复服务设施数目及服务名额☯Número de equipamentos de serviço de reabilitação e número de vagas de serviço☯---"
"ef0d142e-cb59-4d3c-9e92-5c93ae62f58d","澳門科學技術發展基金與廣東省科技廳聯合科研資助項目統計☯澳门科学技术发展基金与广东省科技厅联合科研资助项目统计☯Estatística do ""Apoio Financeiro Conjunto: FDCT-GDST""☯Statistics of ""Joint Funding Scheme for Scientific Research Projects by the Science and Technology Development Fund and the Department of Science and Technology of Guangdong Province""","經濟及科技發展局,经济及科技发展局,Direcção dos Serviços de Economia e Desenvolvimento Tecnológico,Macao Economic Bureau","1","0","0","System.Object[]","34","57","2025-12-09 09:12:23","澳門科學技術發展基金與廣東省科技廳聯合科研資助項目統計☯澳门科学技术发展基金与广东省科技厅联合科研资助项目统计☯Estatística do ""Apoio Financeiro Conjunto: FDCT-GDST""☯Statistics of ""Joint Funding Scheme for Scientific Research Projects by the Science and Technology Development Fund and the Department of Science and Technology of Guangdong Province"""
"ef338402-8d77-4782-b354-5575846b188e","就業不足率☯就业不足率☯Taxa de subemprego☯Underemployment rate","統計暨普查局,统计暨普查局,Direcção dos Serviços de Estatística e Censos,Statistics and Census Service","0","1","0","System.Object[]","24","68","2025-11-14 17:12:50","就業不足人口佔勞動人口的百分比。☯就业不足人口占劳动人口的百分比。☯Proporção da população subempregada na população activa.☯The number of underemployed as a percentage of the labour force."
"ef5bd2fb-9918-408d-baad-4b2c5b4e6802","飲食業盈利與支出比率☯饮食业盈利与支出比率☯Proporção do excedente bruto pelas despesas do ramo da restauração☯ ","統計暨普查局,统计暨普查局,Direcção dos Serviços de Estatística e Censos,Statistics and Census Service","0","1","0","System.Object[]","0","25","2026-01-26 12:44:09","飲食業場所的盈利與支出的比例，用以評估飲食業場所的成本效益。☯饮食业场所的盈利与支出的比例，用以评估饮食业场所的成本效益。☯Refere-se à relação entre o excedente bruto e as despesas, dos estabelecimentos do ramo da restauração. O indicador serve para avaliar o custo-efectividade dos estabelecimentos do ramo da restauração.☯ "
"efbc8d52-1c47-4095-924b-f255cca8bc1b","景點客流預測☯景点客流预测☯Previsão do fluxo de visitantes em pontos turísticos.☯Forecast of visitor flows at tourist attractions","旅遊局,旅游局,Direcção dos Serviços de Turismo,Macao Government Tourism Office","1","0","1","System.Object[]","327","999","2023-09-08 18:33:47","景點客流預測 - API
https://poimonitor.macaotourism.gov.mo/api/scenic/open/scenicHeat
GET 參數：
ds: YYYYMMDD
id:  景點編號
hh: 0-23
mm: 0,15,30,45

景點列表: RegionName.xlsx☯景点客流预测 - API
https://poimonitor.macaotourism.gov.mo/api/scenic/open/scenicHeat
GET 参数：
ds: YYYYMMDD
id:  景点編号
hh: 0-23
mm: 0,15,30,45

景点列表: RegionName.xlsx☯Previsão do fluxo de visitantes em pontos turísticos - API
https://poimonitor.macaotourism.gov.mo/api/scenic/open/scenicHeat
GET Parameter：
ds: YYYYMMDD
id:  ID de atração
hh: 0-23
mm: 0,15,30,45

Lista de pontos turísticos : RegionName.xlsx☯Forecast of visitor flows at tourist attractions - API
https://poimonitor.macaotourism.gov.mo/api/scenic/open/scenicHeat
GET Parameter：
ds: YYYYMMDD
id:  ID of Attractions
hh: 0-23
mm: 0,15,30,45

List of Attractions: RegionName.xlsx"
"efc4a4a6-d7b8-4355-8212-0b34106e0888","因意外及有害效應的死亡☯因意外及有害效应的死亡☯Óbitos por acidentes e efeitos adversos☯ ","統計暨普查局,统计暨普查局,Direcção dos Serviços de Estatística e Censos,Statistics and Census Service","0","1","0","System.Object[]","0","31","2025-11-10 14:49:53","因意外及有害效應導致的死亡人數。☯因意外及有害效应导致的死亡人数。☯Referem-se ao número de pessoas que faleceram por acidentes e efeitos adversos.☯ "
"f023f70b-92dc-4cd7-95a8-07b8eaaec221","本地生產總值實質變動率 - 貨物出口☯本地生产总值实质变动率 - 货物出口☯Taxa de variação real do Produto Interno Bruto - Exportação de bens☯ ","統計暨普查局,统计暨普查局,Direcção dos Serviços de Estatística e Censos,Statistics and Census Service","0","1","0","System.Object[]","0","27","2025-11-10 14:47:26","剔除價格變化因素後的貨物出口變動，用以衡量由本地向外地輸出貨物的實質變動。☯剔除价格变化因素后的货物出口变动，用以衡量由本地向外地输出货物的实质变动。☯A variação da exportação de bens, após a eliminação dos factores que influenciam os preços, serve para medir a variação real das mercadorias exportadas da Região Administrativa Especial de Macau para o exterior.☯ "
"f026f94c-4d84-450a-b643-6d5aba282276","本地生產總值 - 出口☯本地生产总值 - 出口☯Produto Interno Bruto - Exportação☯ ","統計暨普查局,统计暨普查局,Direcção dos Serviços de Estatística e Censos,Statistics and Census Service","0","1","0","System.Object[]","0","27","2025-11-10 14:46:40","出口等於貨物出口加服務出口的總和。☯出口等于货物出口加服务出口的总和。☯A exportação é o resultado da soma da exportação de bens com a exportação de serviços. ☯ "
"f02b334a-cc44-4433-b942-672de0fdad13","旅客人均消費☯旅客人均消费☯Despesa per capita dos visitantes☯Per-capita spending of visitors","統計暨普查局,统计暨普查局,Direcção dos Serviços de Estatística e Censos,Statistics and Census Service","0","1","0","System.Object[]","490","449","2024-12-30 12:44:48","旅客購買作為自用或送贈他人的商品及服務之人均消費，包括由旅客或他人（如親友或僱主）支付的消費，但不包括博彩、捐款、購買資產或用作再出售商品的支出。☯旅客購買作為自用或送贈他人的商品及服務之人均消費，包括由旅客或他人（如親友或僱主）支付的消費，但不包括博彩、捐款、購買資產或用作再出售商品的支出。☯Refere-se à despesa per capita dos visitantes relativa às compras de bens e serviços quer para consumo próprio quer para oferta a outrem, incluindo as despesas pagas pelos próprios ou por outras pessoas (tais como: familiares, amigos ou empregadores), mas excluindo as despesas no jogo, os donativos, as despesas relacionadas com a aquisição de capital fixo ou de mercadorias para revenda.☯The amount paid by each visitor for the purchase of goods and services for own use or to give away, including expenses paid by the visitor or reimbursed by others such as relatives, friends or employers. It excludes gaming expenses, donations, expenses on purchase of assets and goods for resale."
"f0344490-8981-4309-bcce-ab1042c0bcde","保安學員培訓課程畢業人數☯保安学员培训课程毕业人数☯Instruendos que concluíram o Curso de Formação de Instruendos☯No. of Graduates from Cadets Training Courses","澳門保安部隊高等學校,澳門保安部隊高等學校,ESFSM,ESFSM","1","0","1","System.Object[]","35","71","2025-08-07 18:09:55","保安學員培訓課程畢業人數☯保安学员培训课程毕业人数☯Instruendos que concluíram o Curso de Formação de Instruendos☯No. of Graduates from Cadets Training Courses"
"f05653fa-6c10-4b9c-b0e5-d7b7d684fcb9","本地生產總值 - 內部需求☯本地生产总值 - 内部需求☯Produto Interno Bruto - Procura interna☯ ","統計暨普查局,统计暨普查局,Direcção dos Serviços de Estatística e Censos,Statistics and Census Service","0","1","0","System.Object[]","0","33","2025-11-10 14:46:59","內部需求等於私人消費支出、政府最終消費支出以及資本形成總額的價值總和。☯内部需求等于私人消费支出、政府最终消费支出以及资本形成总额的价值总和。☯A procura interna é o somatório da despesa de consumo privado, com a despesa de consumo final do Governo e a formação bruta de capital. ☯ "
"f0578833-7dd6-4ed5-b825-75e9c4f56012","非高等教育學校清單☯非高等教育学校清单☯Lista das escolas do ensino não superior ☯-","教育及青年發展局,教育及青年发展局,Direcção dos Serviços de Educação e de Desenvolvimento da Juventude,Education and Youth Development Bureau","1","0","0","System.Object[]","66","62","2025-12-17 17:18:31","提供每學年學校的資料，包括學校名稱、教育類型、准許開辦的教學程度、學校系統、免費教育。		
☯提供每学年学校的资料，包括学校名称、教育类型、准许开办的教学程度、学校系统、免费教育。☯			
Fornecer as informações da escola de cada ano letivo, incluindo a demoninação da escola, o tipo de educação, o nível de ensino autorizado, o sistema escolar e a escolaridade gratuita.					
☯-
"
"f106325d-aae1-4f14-8fc8-57083b36bf1a","推廣活動☯推广活动☯Calendário das Actividades☯Promotion Activities","旅遊局,旅游局,Direcção dos Serviços de Turismo,Macao Government Tourism Office","1","0","0","System.Object[]","80","114","2026-08-27 07:23:02","推廣活動☯推广活动☯Calendário das Actividades☯Promotion Activities"
"f10c1cd9-752f-47b6-9a5f-3270d00db92d","社區醫療衛生 (其他)按歲組及捐血次數劃分的成功捐血者人數☯社区医疗卫生 (其他)按岁组及捐血次数划分的成功捐血者人数☯Número de dadores de sangue por grupo etário e frequência de doação, na área de cuidados de saúde comunitários(outros) ☯社區醫療衛生 (其他)按歲組及捐血次數劃分的成功捐血者人數","衛生局,卫生局,Serviços de Saúde,Health Bureau","1","0","0","System.Object[]","143","123","2024-12-19 14:59:53","社區醫療衛生 (其他)按歲組及捐血次數劃分的成功捐血者人數☯社区医疗卫生 (其他)按岁组及捐血次数划分的成功捐血者人数☯Número de dadores de sangue por grupo etário e frequência de doação, na área de cuidados de saúde comunitários(outros) ☯社區醫療衛生 (其他)按歲組及捐血次數劃分的成功捐血者人數"
"f1183f2c-1c42-4cbb-ba72-c44d3870eabb","公職補充福利制度商戶優惠清單☯公职补充福利制度商户优惠清单☯Lista de Descontos Especiais Fornecidos pelas Casas Comerciais☯List of merchant preferences of the Public Service Supplementary Welfare System","行政公職局,行政公职局,Direcção dos Serviços de Administração e Função Pública,Public Administration and Civil Service Bureau","1","0","0","System.Object[]","115","176","2024-09-23 14:43:03","公職補充福利制度受益人可享有的商號折扣優惠清單☯公职补充福利制度受益人可享有的商号折扣优惠清单☯Lista de Descontos Especiais Fornecidos pelas Casas Comerciais para Beneficiários do SASC☯List of merchant discounts and preferences for beneficiaries of the Public Service Supplementary Welfare System"
"f14e920b-2942-4a08-a1e5-16038724b7ea","科研及創新資助計劃－轉化創業類項目統計☯科研及创新资助计划－转化创业类项目统计☯Estatísticas de Plano de Financiamento para Investigação Científica e Inovação - Categoria de Transformação e Empreendedorismo☯Statistics of Funding Scheme for Scientific Research and Innovation - Transformation and Entrepreneurship","經濟及科技發展局,经济及科技发展局,Direcção dos Serviços de Economia e Desenvolvimento Tecnológico,Macao Economic Bureau","1","0","0","System.Object[]","11","28","2025-12-09 09:13:27","科研及創新資助計劃－轉化創業類項目統計☯科研及创新资助计划－转化创业类项目统计☯Estatísticas de Plano de Financiamento para Investigação Científica e Inovação - Categoria de Transformação e Empreendedorismo☯Statistics of Funding Scheme for Scientific Research and Innovation - Transformation and Entrepreneurship"
"f166a599-9756-4ba5-9070-96082441a522","政務服務資訊中心：首十位最多人查詢的事項☯政务服务资讯中心：首十位最多人查询的事项☯Centro de Informações dos Serviços Governamentais: Os dez assuntos mais consultados☯Government Services Information Centre: Top Ten Most Inquired Items","行政公職局,行政公职局,Direcção dos Serviços de Administração e Função Pública,Public Administration and Civil Service Bureau","1","0","0","System.Object[]","27","45","2026-07-01 09:20:35","按年統計首十位最多市民查詢的公共服務。☯按年统计首十位最多市民查询的公共服务。☯Estatística anual sobre os dez assuntos com maior número de consultas.☯Annual statistics on the top ten public services most inquired about by citizens. "
"f1a79cce-3968-492e-9dd4-eb3aaf5a73bf","中小企業專項信用保證計劃統計 - 申請概況☯中小企业专项信用保证计划统计 - 申请概况☯Estatística do “Plano de Garantia de Créditos a Pequenas e Médias Empresas Destinados a Projecto Específico” – Situação geral dos pedidos☯SME Credit Guarantee Scheme Designated for Special Projects Statistics – Summary of Applications","經濟及科技發展局,经济及科技发展局,Direcção dos Serviços de Economia e Desenvolvimento Tecnológico,Macao Economic Bureau","1","0","0","System.Object[]","44","70","2026-07-10 15:00:12","提供中小企業專項信用保證計劃年度申請及批准統計數據☯提供中小企业专项信用保证计划年度申请及批准统计数据☯Dados estatísticos anuais dos pedidos apresentados e dos pedidos aprovados do “Plano de Garantia de Créditos a Pequenas e Médias Empresas Destinados a Projecto Específico”☯Annual statistics on SME Credit Guarantee Scheme Designated for Special Projects applications and approvals"
"f1dc7ffd-21f7-4787-8fc8-01b655074522","澳門高等院校畢業學生人數統計─按課程程度劃分☯澳门高等院校毕业学生人数统计─按课程程度划分☯Dados estatísticos do número de estudantes graduados das instituições do ensino superior de Macau (classificados por nível de curso)☯-","教育及青年發展局,教育及青年发展局,Direcção dos Serviços de Educação e de Desenvolvimento da Juventude,Education and Youth Development Bureau","1","0","0","System.Object[]","14","40","2025-12-15 16:01:10","按學年方式，提供按課程程度劃分的澳門高等院校畢業學生人數。☯按学年方式，提供按课程程度划分的澳门高等院校毕业学生人数。☯Número de estudantes graduados das instituições do ensino superior de Macau (classificados por nível de curso), calculado de acordo com o ano lectivo.☯-"
"f2075552-383e-4eba-aa22-a7f680caa86b","罪案☯罪案☯Crimes☯ ","統計暨普查局,统计暨普查局,Direcção dos Serviços de Estatística e Censos,Statistics and Census Service","0","1","0","System.Object[]","0","36","2025-11-10 14:47:58","所有罪案的總數目。☯所有罪案的总数目。☯Referem-se ao número total de crimes.☯ "
"f236c773-6037-4fad-aef4-69eb36b83802","獲發動工批示住宅資料☯获发动工批示住宅资料☯ Informações sobre os empreendimentos habitacionais com despacho de autorização para início da obra☯Residential information approved for construction","土地工務局,土地工務局,DSSCU,DSSCU","1","0","0","System.Object[]","23","62","2026-07-29 17:13:03","於參考期間獲發動工批示的住宅資料☯于参考期间获发动工批示的住宅资料☯Informações sobre os empreendimentos habitacionais com despacho de autorização para início da obra, emitido durante o período de referência.☯Residential information that was approved for construction during the reference period"
"f23be1c2-40da-4119-954a-47acd5fbf575"," 青年社團資料庫☯青年社团资料库☯Associações Juvenis☯--","教育及青年發展局,教育及青年发展局,Direcção dos Serviços de Educação e de Desenvolvimento da Juventude,Education and Youth Development Bureau","1","0","0","System.Object[]","24","112","2026-07-03 11:55:24","為鼓勵青年結社活動，支持青年社團的發展，提供有助於青年社團發展會務及舉辦活動必需的條件及資源。凡符合條件，在澳門特別行政區按法定形式設立滿一年或以上的非牟利社團、其社團領導機關需有至少90%成員為45歲或以下、社團會章的宗旨包含青年服務或工作的元素，可主動於本局登記為青年社團。☯为鼓励青年结社活动，支持青年社团的发展，提供有助于青年社团发展会务及举办活动必需的条件及资源。凡符合条件，在澳门特别行政区按法定形式设立满一年或以上的非牟利社团、其社团领导机关需有至少90%成员为45岁或以下、社团会章的宗旨包含青年服务或工作的元素，可主动于本局登记为青年社团。

☯-☯-"
"f2590f72-17bf-4d7b-a083-047c7703803d","飲食店舖盈利與支出比率☯饮食店铺盈利与支出比率☯Proporção do excedente bruto pelas despesas dos restaurantes e estabelecimentos similares☯ ","統計暨普查局,统计暨普查局,Direcção dos Serviços de Estatística e Censos,Statistics and Census Service","0","1","0","System.Object[]","0","25","2026-01-26 12:42:51","飲食店舖的盈利與支出的比例，用以評估飲食業場所的成本效益。☯饮食店铺的盈利与支出的比例，用以评估饮食业场所的成本效益。☯Refere-se à relação entre o excedente bruto e as despesas, dos restaurantes e estabelecimentos similares. O indicador serve para avaliar o custo-efectividade dos estabelecimentos do ramo da restauração.☯ "
"f291d76e-d267-456b-a01d-34a1fb10db60","衛生範疇按十大特定死因劃分的死亡人數統計☯卫生范畴按十大特定死因划分的死亡人数统计☯Estatística do número de óbitos segundo as 10 principais causas de morte, na área de saúde☯衛生範疇按十大特定死因劃分的死亡人數統計","衛生局,卫生局,Serviços de Saúde,Health Bureau","1","0","0","System.Object[]","97","121","2024-12-19 14:59:16","衛生範疇中，以十大特定死因劃分的死亡人數統計☯卫生范畴中，以十大特定死因划分的死亡人数统计☯Estatística do número de óbitos segundo as 10 principais causas de morte, na área de saúde☯衛生範疇中，以十大特定死因劃分的死亡人數統計"
"f294a0ec-bdc3-48c6-a670-191a04ca572b","《統計年刊 2024》人力資源 按所屬單位劃分的藥劑師數目☯《統計年刊 2024》人力資源 按所屬單位劃分的藥劑師數目☯RECURSOS HUMANOS N.º de farmacêuticos por subunidade orgânica☯RECURSOS HUMANOS N.º de farmacêuticos por subunidade orgânica","衛生局,卫生局,Serviços de Saúde,Health Bureau","1","0","0","System.Object[]","15","24","2025-10-28 17:36:38","《統計年刊 2024》人力資源 按所屬單位劃分的藥劑師數目☯《統計年刊 2024》人力資源 按所屬單位劃分的藥劑師數目☯RECURSOS HUMANOS N.º de farmacêuticos por subunidade orgânica☯RECURSOS HUMANOS N.º de farmacêuticos por subunidade orgânica"
"f29bf183-31cd-4772-a8c0-37d9ec192f91","季度社會保障制度結婚津貼受領人次及金額(澳門元)☯季度社会保障制度结婚津贴受领人次及金额(澳门元)☯Número de vezes e montante (em patacas) de recebimento do subsídio de casamento do regime da segurança social por trimestre☯Number of marriage allowance applications under the Social Security System and expenditure on marriage allowance in the quarter (patacas)","社會保障基金,社会保障基金,Fundo de Segurança Social,Social Security Fund","1","0","0","System.Object[]","81","199","2026-07-20 17:35:22","以季度方式提供在相關季度的期間內，結婚津貼的受領人次及金額☯以季度方式提供在相关季度的期间内，结婚津贴的受领人次及金额☯A prestação trimestral do número de vezes e montante de recebimento do subsídio de casamento durante o respectivo trimestre☯Available on a quarterly basis, the number of marriage allowance applications and expenditure on marriage allowance in the relevant quarter"
"f36dc3dd-f5b5-40e2-af0e-398d9782936c","社區醫療衛生範疇 - 衛生中心 尋求社區醫療衛生保健的首十個求診原因☯社區醫療衛生範疇 - 衛生中心 尋求社區醫療衛生保健的首十個求診原因☯CUIDADOS DE SAÚDE COMUNITÁRIOS - CENTROS DE  SAÚDE Primeiros 10 motivos de procura de Cuidados de Saúde  Comunitários☯CUIDADOS DE SAÚDE COMUNITÁRIOS - CENTROS DE  SAÚDE Primeiros 10 motivos de procura de Cuidados de Saúde  Comunitários","衛生局,卫生局,Serviços de Saúde,Health Bureau","1","0","0","System.Object[]","12","24","2025-10-28 17:38:40","社區醫療衛生範疇 - 衛生中心 尋求社區醫療衛生保健的首十個求診原因☯社區醫療衛生範疇 - 衛生中心 尋求社區醫療衛生保健的首十個求診原因☯CUIDADOS DE SAÚDE COMUNITÁRIOS - CENTROS DE  SAÚDE Primeiros 10 motivos de procura de Cuidados de Saúde  Comunitários☯CUIDADOS DE SAÚDE COMUNITÁRIOS - CENTROS DE  SAÚDE Primeiros 10 motivos de procura de Cuidados de Saúde  Comunitários"
"f37194aa-b891-46c0-868a-cda7ae495781","酒店業盈利比率☯酒店业盈利比率☯Proporção do excedente bruto dos hotéis e similares☯ ","統計暨普查局,统计暨普查局,Direcção dos Serviços de Estatística e Censos,Statistics and Census Service","0","1","0","System.Object[]","0","26","2026-01-26 12:46:33","酒店業場所的盈利與收入的比例，用以評估酒店業場所的盈利能力。☯酒店业场所的盈利与收入的比例，用以评估酒店业场所的盈利能力。☯Refere-se à relação entre o excedente bruto e as receitas, dos hotéis e similares. O indicador serve para avaliar a capacidade dos hotéis e similares gerarem excedente bruto.☯ "
"f38d0263-4406-4834-b8ab-3117e75b9734","澳门癌症登记年报每十万女性之癌症发生率☯澳门癌症登记年报每十万男性之癌症发生率☯Relatório Anual do Registo do Cancro de Macau sobre a incidência de cancro por 100.000 mulheres☯Macau Cancer Registry Annual Report on the incidence of cancer per 100,000 women","衛生局,卫生局,Serviços de Saúde,Health Bureau","1","0","0","System.Object[]","15","29","2024-12-31 13:08:58","為掌握癌症對澳門居民健康的影響，衛生局自2003年建立澳門癌症登記系統，監測本澳癌症的流行情況和變化趨勢，每年制作《澳門癌症登記年報》公佈癌症發展的新動向，作為制訂癌症防治和醫療資源配置的參考資料。☯为掌握癌症对澳门居民健康的影响，卫生局自2003年建立澳门癌症登记系统，监测本澳癌症的流行情况和变化趋势，每年制作《澳门癌症登记年报》公布癌症发展的新动向，作为制订癌症防治和医疗资源分配的参考数据。☯A fim de compreender o impacto do cancro na saúde dos residentes de Macau, os Serviços de Saúde criaram o Sistema de Registo do Cancro de Macau desde 2003 para monitorizar a prevalência e tendência do cancro em Macau.☯In order to grasp the impact of cancer on the health of Macao residents, the Health Bureau has established the Macao Cancer Registry System since 2003 to monitor the prevalence and trend of cancer in Macao."
"f3a98b6d-d4cd-47ae-a21e-cc775dd2f241","博彩業增加值總額☯博彩业增加值总额☯Valor acrescentado bruto do sector do jogo☯ ","統計暨普查局,统计暨普查局,Direcção dos Serviços de Estatística e Censos,Statistics and Census Service","0","1","0","System.Object[]","0","43","2026-01-26 12:47:50","博彩及相關服務收入加庫存變化，再減去經營費用、購貨、佣金及客戶回贈支出後之金額。☯博彩及相关服务收入加库存变化，再减去经营费用、购货、佣金及客户回赠支出后之金额。☯Refere-se às receitas do jogo e dos serviços relacionados mais variação de existências, menos despesas de exploração, menos compras de mercadorias, comissões e ofertas a clientes.☯ "
"f3afb40f-e64b-4112-9265-b81afd24a482","動物植入晶片統計☯动物植入晶片统计☯Estatísticas sobre a introdução de microchip em animais☯Statistics on microchip implantation of animals","市政署,市政署,Instituto para os Assuntos Municipais,Municipal Affairs Bureau","0","1","0","System.Object[]","0","91","2025-05-30 14:37:06","動物植入晶片主要是為了能夠辨認動物之身份，市政署對動物植入晶片後，並會為該動物所有人的資料完成登記。有關數據將列出每季度本澳動物植入晶片的數量。☯动物植入晶片主要是为了能够辨认动物之身份，市政署对动物植入晶片后，并会为该动物所有人的资料完成登记。有关数据将列出每季度本澳动物植入晶片的数量。☯A introdução de um microchip por animal destina-se, principalmente, à identificação do mesmo. Após a introdução do microchip pelo IAM, o registo dos dados do proprietário do animal será concluído. Os dados vão indicar o número de microchips introduzidos em cada trimestre nos animais de Macau.☯The main purpose of implantation of microchips in animals is for identification of the animals. After the implantation of microchips in animals, the Municipal Affairs Bureau (IAM) completes the registration of the information about the animal owners. The data lists the number of implantation of microchips in animals of Macao for each quarter."
"f3d8b61a-1dbb-40d7-93c5-5f5960ab3b7b","公共停車場月票統計☯公共停车场月票统计☯Dados estatísticos relativos aos passes mensais dos parques de estacionamento públicos☯Dados estatísticos relativos aos passes mensais dos parques de estacionamento públicos","交通事務局,交通事务局,Direcção dos Serviços para os Assuntos de Tráfego,Transport Bureau","1","0","0","System.Object[]","24","59","2026-05-27 01:00:35","有關公共停車場月票統計數據☯有关公共停车场月票统计数据☯Dados estatísticos sobre os passes mensais dos parques de estacionamento públicos☯Dados estatísticos sobre os passes mensais dos parques de estacionamento públicos"
"f3d9e555-8a2f-407b-8749-95172e4f9c02","澳門中學生食物消費量調查的統計數據☯澳门中学生食物消费量调查的统计数据☯Dados estatísticos sobre o Consumo de Alimentos dos Alunos do Ensino Secundário de Macau☯Statistical data of Food Consumption Survey of Macao Secondary School Students","市政署,市政署,Instituto para os Assuntos Municipais,Municipal Affairs Bureau","1","0","0","System.Object[]","16","98","2025-06-19 14:46:45","澳門中學生食物消費量調查的統計數據☯澳门中学生食物消费量调查的统计数据☯Dados estatísticos sobre o Consumo de Alimentos dos Alunos do Ensino Secundário de Macau☯Statistical data of Food Consumption Survey of Macao Secondary School Students"
"f3e0c5d6-dbf1-44ee-8368-50bef99bfe65","酒店客房☯酒店客房☯Quartos de hóspedes dos hotéis☯ ","統計暨普查局,统计暨普查局,Direcção dos Serviços de Estatística e Censos,Statistics and Census Service","0","1","0","System.Object[]","0","37","2025-12-01 10:47:24","酒店內可供住客使用的客房總數。☯酒店内可供住客使用的客房总数。☯Referem-se ao número total de quartos disponíveis para hóspedes nos hotéis.☯ "
"f3f63536-df08-446a-8358-5b41c1ab889b","本地生產總值實質變動率 - 內部需求☯本地生产总值实质变动率 - 内部需求☯Taxa de variação real do Produto Interno Bruto - Procura interna☯ ","統計暨普查局,统计暨普查局,Direcção dos Serviços de Estatística e Censos,Statistics and Census Service","0","1","0","System.Object[]","0","26","2025-11-10 14:47:49","剔除價格變化因素後的內部需求變動，用以衡量經濟體的私人及政府最終消費支出以及投資的實質變動。☯剔除价格变化因素后的内部需求变动，用以衡量经济体的私人及政府最终消费支出以及投资的实质变动。☯A variação da procura interna, após a eliminação dos factores que influenciam os preços, serve para medir a variação real da despesa de consumo privado, da despesa de consumo final do Governo e do investimento duma economia.☯ "
"f43400af-e55f-437d-87b1-27a80678fc94","非高等教育學生人數(按年齡和性別劃分)☯非高等教育学生人数(按年龄和性别划分)☯Número de alunos (por FREQUÊNCIA, classificado por idade e sexo)(Estatística educativa não Superior)☯-","教育及青年發展局,教育及青年发展局,Direcção dos Serviços de Educação e de Desenvolvimento da Juventude,Education and Youth Development Bureau","1","0","0","System.Object[]","27","58","2025-12-26 18:59:42","學生人數(按年齡和性別劃分)
☯学生人数(按年龄和性别划分)
☯Número de alunos (por FREQUÊNCIA, classificado por idade e sexo)
☯-"
"f4b4ce35-3fab-4c83-982d-3135422d1e2a","道路總面積☯道路总面积☯Área total de vias☯Road area","土地工務局,土地工務局,DSSCU,DSSCU","1","0","0","System.Object[]","29","72","2026-09-08 09:37:01","自2005年起澳門特別行政區之道路總面積統計數據☯自2005年起澳门特别行政区之道路总面积统计数据☯A partir de 2005, dados estatísticos do área total de vias da RAEM☯The statistics of road area of Macau SAR since 2005"
"f4cea74c-10fd-410d-af88-74031f1ba07c","澳門高等院校註冊學生人數統計─按課程程度劃分☯澳门高等院校注册学生人数统计─按课程程度划分☯Dados estatísticos do número de estudantes matriculados nas instituições do ensino superior de Macau (classificados por nível de curso)☯-","教育及青年發展局,教育及青年发展局,Direcção dos Serviços de Educação e de Desenvolvimento da Juventude,Education and Youth Development Bureau","1","0","0","System.Object[]","23","46","2025-12-15 15:59:55","按學年方式，提供按課程程度劃分的澳門高等院校註冊學生人數。☯按学年方式，提供按课程程度划分的澳门高等院校注册学生人数。☯Número de estudantes matriculados nas instituições do ensino superior de Macau (classificados por nível de curso), calculado de acordo com o ano lectivo.☯-"
"f4d024f4-084d-4332-9d6d-cf7cce42b7e2","財務管理範疇醫療補貼計劃☯财务管理范畴医疗补贴计划☯Programa de comparticipação nos cuidados de saúde, na área de gestão financeira☯財務管理範疇醫療補貼計劃","衛生局,卫生局,Serviços de Saúde,Health Bureau","1","0","0","System.Object[]","62","83","2024-12-19 14:58:27","財務管理範疇中，醫療補貼計劃☯财务管理范畴中，医疗补贴计划☯Programa de comparticipação nos cuidados de saúde, na área de gestão financeira☯財務管理範疇中，醫療補貼計劃"
"f50560fc-0f7d-4ee3-93e3-4346fb46aacf","飲食店舖增加值總額☯饮食店铺增加值总额☯Valor acrescentado bruto dos restaurantes e estabelecimentos similares☯ ","統計暨普查局,统计暨普查局,Direcção dos Serviços de Estatística e Censos,Statistics and Census Service","0","1","0","System.Object[]","0","24","2026-01-26 12:43:00","飲食店舖的收入減去消耗總額後的金額。消耗總額是經營費用和購貨及佣金支出等費用，再加上庫存變動。☯饮食店铺的收入减去消耗总额后的金额。消耗总额是经营费用和购货及佣金支出等费用，再加上库存变动。☯Refere-se às receitas menos consumo intermédio total, dos restaurantes e estabelecimentos similares. O consumo intermédio total refere-se às despesas de exploração e despesas em compras de mercadorias e comissões pagas, etc., mais variação de existências.☯ "
"f5101307-16fa-4449-89bd-b8a1280f6392","中葡商貿導航☯中葡商贸导航☯Conduta do Comércio China-PLP☯China-PSC Business Compass","招商投資促進局,招商投资促进局,IPIM,IPIM","1","0","0","System.Object[]","32","63","2026-07-01 15:20:43","“中葡商貿導航”是為有意開拓發展中國以及葡語國家市場的企業、機構及個人，提供一系列搭橋鋪路的支援服務，包括提供商貿諮詢及轉介、辦理在澳成立公司手續、洽談配對及宣傳推廣等，讓企業和機構能夠順暢地向目標前進。☯“中葡商贸导航”是为有意开拓发展中国以及葡语国家市场的企业、机构及个人，提供一系列搭桥铺路的支援服务，包括提供商贸咨询及转介、办理在澳成立公司手续、洽谈配对及宣传推广等，让企业和机构能够顺畅地向目标前进。☯A “Conduta do Comércio China-PLP” fornece uma série de serviços de ligação e de apoio às empresas, instituições e indivíduoscom interesse em explorar e desenvolver os mercados da China e dos Países da Língua Portuguesa, incluindo consultoria e encaminhamento de negócios, apoio em formalidades para constituir empresas em Macau, bolsa de contactos e actividades de promoção, entre outros, permitindo às empresas, instituições e indivíduos atingirem com facilidade os seus objectivos.☯“China-PSC Business Compass” provides enterprises, organisations and individuals with various forms of support for those wishing to expand markets in mainland China and Portuguese-Speaking Countries (PSC). These services include business advisory and referral services, business referral services, assistance in administrative procedure relevant to setting up companies, business matching, advertising, and office facilities."
"f5576013-a007-410d-8924-70b4ce86c7a0","零售業銷售額☯零售业销售额☯Volume de negócios do comércio a retalho☯Value of retail sales","統計暨普查局,统计暨普查局,Direcção dos Serviços de Estatística e Censos,Statistics and Census Service","0","1","0","System.Object[]","141","351","2024-12-30 12:45:20","在澳門經營零售業務的場所在參考期內出售貨物的銷售總額，亦包括提供服務的收益，且不論貨物是以現金或記賬形式出售。若場所同時提供分期付款購物服務，銷售額應為貨物成交時的總值。☯在澳门经营零售业务的场所在参考期内出售货物的销售总额，亦包括提供服务的收益，且不论货物是以现金或记账形式出售。若场所同时提供分期付款购物服务，销售额应为货物成交时的总值。☯Volume total de negócios efectuados pelos estabelecimentos que exploram as actividades do comércio a retalho em Macau no período de referência. Incluem-se as receitas provenientes da prestação de serviços, pagas a crédito ou a pronto pagamento. Nas vendas a prestações, o valor total dos bens vendidos deve ser declarado no acto da venda e incluído no volume de negócios desse período.☯Total value of retail sales and receipts from rendering services by establishments engaging in retail trade in Macao during the reference period, irrespective of whether the sales are made in cash or on credit. The total value of goods sold by instalment contracts should be included at the time of transaction."
"f591242c-4ed6-4d3e-bc8d-b5865161e8b0","政府公共泳池的最近一次水質化驗結果☯政府公共泳池的最近一次水质化验结果☯Resultado da última análise laboratorial à qualidade da água das piscinas públicas do Governo☯Results of the last laboratory water quality test of government-owned public swimming pools ","市政署,市政署,Instituto para os Assuntos Municipais,Municipal Affairs Bureau","0","1","0","System.Object[]","0","89","2025-01-22 16:11:15","公共泳池各項水質監察指標的數值列表☯公共泳池各项水质监察指标的数值列表☯Lista de valores dos indicadores de monitorização da qualidade da água das piscinas públicas☯List of values of water quality monitoring indicators of public swimming pools"
"f5d7d0a5-27d7-44ab-a124-73005fc8e61f","以被調查者的類別作為分類的個案數☯以被调查者的类别作为分类的个案数☯Número de casos classificados por categorias de entidades sujeitas à investigação☯Number of cases classified by types of the investigated party","個人資料保護局,个人资料保护局,DSPDP,DSPDP","1","0","0","System.Object[]","12","26","2025-12-04 10:41:58","個人資料保護局以被調查者的類別作為分類的個案數☯个人资料保护局以被调查者的类别作为分类的个案数☯Número de casos classificados por categorias de entidades sujeitas à investigação da DSPDP☯Number of cases classified by types of the investigated party at the Personal Data Protection Bureau "
"f6869fc5-26c3-4a7b-8e63-786aaa38a2e6","專利資助項目統計☯专利资助项目统计☯Estatística do ""Apoio Financeiro de Patente""☯Statistics of ""Patent Funding""","經濟及科技發展局,经济及科技发展局,Direcção dos Serviços de Economia e Desenvolvimento Tecnológico,Macao Economic Bureau","1","0","0","System.Object[]","38","68","2023-06-26 15:54:13","專利資助項目統計☯专利资助项目统计☯Estatística do ""Apoio Financeiro de Patente""☯Statistics of ""Patent Funding"""
"f6a9892d-7e16-49f0-bcd3-573d670cefe5","公共廁所☯公共厕所☯Sanitários públicos☯Public toilets","市政署,市政署,Instituto para os Assuntos Municipais,Municipal Affairs Bureau","1","1","0","System.Object[]","562","1579","2026-09-18 10:00:04","提供各區公共廁所的使用及位置資訊。☯提供各区公共厕所的使用及位置信息。☯Informações disponíveis sobre o uso e a localização dos sanitários públicos de diversas zonas☯Provide information about the use and locations of public toilets in different districts"
"f736874d-3679-4fb4-82b6-31191b1dfc0d","辦公室單位每平方米平均價格☯办公室单位每平方米平均价格☯Preço médio por metro quadrado das fracções autónomas destinadas a escritórios ☯Average price per square metre of office units","統計暨普查局,统计暨普查局,Direcção dos Serviços de Estatística e Censos,Statistics and Census Service","0","1","0","System.Object[]","22","93","2024-12-30 12:51:30","每平方米實用面積平均成交價；只包括樓高十層或以上的辦公室大廈。☯每平方米实用面积平均成交价；只包括樓高十层或以上的办公室大厦。☯Refere-se ao preço médio de transacção por metro quadrado de área útil. Incluem-se apenas os escritórios dos prédios com 10 ou mais andares.☯Refers to the average transaction price per square metre of usable area; only includes office buildings with ten storeys or more."
"f75a75aa-b0d6-4b66-9528-6f5697d6bda3","科技研發人才資助計劃－人才引進類項目統計☯科技研发人才资助计划－人才引进类项目统计☯Estatísticas de Plano de Apoio Financeiro a Quadros Qualificados em I&D da Ciência e Tecnologia de Macau - ​Categoria de Atração de Talentos☯Statistics of Funding Scheme of Macao for Science and Technology R&D Talent - Talent Introduction Category","經濟及科技發展局,经济及科技发展局,Direcção dos Serviços de Economia e Desenvolvimento Tecnológico,Macao Economic Bureau","1","0","0","System.Object[]","15","36","2025-12-09 09:12:57","科技研發人才資助計劃－人才引進類項目統計☯科技研发人才资助计划－人才引进类项目统计☯Estatísticas de Plano de Apoio Financeiro a Quadros Qualificados em I&D da Ciência e Tecnologia de Macau - ​Categoria de Atração de Talentos☯Statistics of Funding Scheme of Macao for Science and Technology R&D Talent - Talent Introduction Category"
"f7b01cc9-aad1-401b-bd94-f72e9375cddf","暫停營業之蒸汽浴和按摩場所,  健康俱樂部, 卡拉OK列表☯暂停营业之蒸汽浴和按摩场所,  健康俱乐部, 卡拉OK列表☯Suspensão da actividade - Estabelecimentos de Saunas e Massagem, Health Club, Karaoke☯Suspension of Business - Sauna and Massage, Health Club, Karaoke","旅遊局,旅游局,Direcção dos Serviços de Turismo,Macao Government Tourism Office","1","0","0","System.Object[]","12","29","2026-09-17 14:41:47","已向旅遊局提出暫停營業之蒸汽浴和按摩場所, 健康俱樂部, 卡拉OK列表
☯已向旅游局提出暂停营业之蒸汽浴和按摩场所, 健康俱乐部, 卡拉OK列表☯Pedido de suspensão da actividade - Estabelecimentos de Saunas e Massagem, Health Club, Karaoke
☯Submitted Application for Suspension of Business - Sauna and Massage, Health Club, Karaoke
"
"f7b6cf01-d2b1-4df4-908b-e26fe3907e98","服務使用者滿意度調查的數據☯服务使用者满意度调查的数据☯Dados relativos ao inquérito de satisfação dos utentes dos serviços☯Dados relativos ao inquérito de satisfação dos utentes dos serviços","環境保護局,环境保护局,Direcção dos Serviços de Protecção Ambiental,Environmental Protection Bureau","1","0","0","System.Object[]","48","50","2024-12-11 09:35:43","服務使用者滿意度調查的數據☯服务使用者满意度调查的数据☯Dados relativos ao inquérito de satisfação dos utentes dos serviços☯Dados relativos ao inquérito de satisfação dos utentes dos serviços"
"f7c45dc2-80b4-468c-9e51-932bf60bd4cd","每月幸運博彩毛收入☯每月幸运博彩毛收入☯Receita bruta mensal dos jogos de fortuna ou azar☯-","博彩監察協調局,博彩监察协调局,DICJ,DICJ","1","0","0","System.Object[]","202","236","2026-09-01 14:41:36","每月幸運博彩毛收入☯每月幸运博彩毛收入☯Receita bruta mensal dos jogos de fortuna ou azar☯-"
"f7f6b2ab-09cb-4370-9071-dcb62518d8a7","澳門癌症登記年報每十萬人口之癌症死亡率☯澳门癌症登记年报的癌症女性死亡个案数☯Relatório Anual do Registo do Cancro sobre a Taxa de Mortalidade por Cancro por 100 000 Habitantes☯Cancer Registry Annual Report on Cancer Mortality Rate per 100,000 Population","衛生局,卫生局,Serviços de Saúde,Health Bureau","1","0","0","System.Object[]","20","30","2024-12-31 13:08:40","為掌握癌症對澳門居民健康的影響，衛生局自2003年建立澳門癌症登記系統，監測本澳癌症的流行情況和變化趨勢，每年制作《澳門癌症登記年報》公佈癌症發展的新動向，作為制訂癌症防治和醫療資源配置的參考資料。☯为掌握癌症对澳门居民健康的影响，卫生局自2003年建立澳门癌症登记系统，监测本澳癌症的流行情况和变化趋势，每年制作《澳门癌症登记年报》公布癌症发展的新动向，作为制订癌症防治和医疗资源分配的参考数据。☯A fim de compreender o impacto do cancro na saúde dos residentes de Macau, os Serviços de Saúde criaram o Sistema de Registo do Cancro de Macau desde 2003 para monitorizar a prevalência e tendência do cancro em Macau.☯In order to grasp the impact of cancer on the health of Macao residents, the Health Bureau has established the Macao Cancer Registry System since 2003 to monitor the prevalence and trend of cancer in Macao."
"f7fe285e-5f6d-41e7-8238-c359271c8939","娛樂場資訊☯娱乐场资讯☯Informações sobre casino☯-","博彩監察協調局,博彩监察协调局,DICJ,DICJ","1","0","0","System.Object[]","220","207","2025-12-31 00:08:52","提供各娛樂場所屬的承批公司、名稱、地址、電話及網址資訊☯提供各娱乐场所属的承批公司、名称、地址、电话及网址资讯☯Informações sobre denominação, endereço, telefone e website dos casinos, bem como a concessionária a que pertencem☯-"
"f806655a-0ff5-44a8-88a6-94d016b8fe04","各培訓範疇的學員人數的分佈☯各培训范畴的学员人数的分布☯Distribuição do número de formandos por área formativa☯Distribuição do número de formandos por área formativa","行政公職局,行政公职局,Direcção dos Serviços de Administração e Função Pública,Public Administration and Civil Service Bureau","1","0","0","System.Object[]","19","88","2026-04-30 16:31:10","按年度統計行政公職局舉辦的各培訓範疇課程的學員數目☯按年度统计行政公职局举办的各培训范畴课程的学员数目☯N.º de formandos das acções de formação de cada área formativa organizadas pelo SAFP por ano☯N.º de formandos das acções de formação de cada área formativa organizadas pelo SAFP por ano"
"f85e5098-7a8c-4624-9b08-c68ab43d24b6","角子機場資訊☯角子机场资讯☯Informações sobre salas de máquinas de jogo☯-","博彩監察協調局,博彩监察协调局,DICJ,DICJ","1","0","0","System.Object[]","70","112","2026-01-16 17:56:10","提供各角子機場所屬的承批公司、名稱、地址、電話及網址資訊☯提供各角子机场所属的承批公司、名称、地址、电话及网址资讯☯Informações sobre denominação, endereço, telefone e website das salas de máquinas de jogo, bem como a concessionária a que pertencem☯-"
"f8ad0d9b-eb9f-4b4f-9f57-ab0a67ee3638","澳門科學技術發展基金與國家科技部聯合科研資助項目統計☯澳门科学技术发展基金与国家科技部联合科研资助项目统计☯Estatística do ""Apoio Financeiro Conjunto: FDCT-MOST""☯Statistics of ""Joint Funding Scheme for Scientific Research Projects  by the Science and Technology Development Fund and the Ministry of Science and Technology of the People’s Republic of China""","經濟及科技發展局,经济及科技发展局,Direcção dos Serviços de Economia e Desenvolvimento Tecnológico,Macao Economic Bureau","1","0","0","System.Object[]","23","57","2025-12-09 09:12:19","澳門科學技術發展基金與國家科技部聯合科研資助項目統計☯澳门科学技术发展基金与国家科技部联合科研资助项目统计☯Estatística do ""Apoio Financeiro Conjunto: FDCT-MOST""☯Statistics of ""Joint Funding Scheme for Scientific Research Projects  by the Science and Technology Development Fund and the Ministry of Science and Technology of the People’s Republic of China"""
"f8d75eab-484e-4213-9572-8d69249d059f","《統計年刊 2024》疾病預防及控制中心 按歲組劃分的愛滋病病毒感染個案☯《統計年刊 2024》疾病預防及控制中心 按歲組劃分的愛滋病病毒感染個案☯CENTRO DE PREVENÇÃO E CONTROLO DA DOENÇA Casos de VIH por grupo etário☯CENTRO DE PREVENÇÃO E CONTROLO DA DOENÇA Casos de VIH por grupo etário","衛生局,卫生局,Serviços de Saúde,Health Bureau","1","0","0","System.Object[]","11","28","2025-10-28 17:37:46","《統計年刊 2024》疾病預防及控制中心 按歲組劃分的愛滋病病毒感染個案☯《統計年刊 2024》疾病預防及控制中心 按歲組劃分的愛滋病病毒感染個案☯CENTRO DE PREVENÇÃO E CONTROLO DA DOENÇA Casos de VIH por grupo etário☯CENTRO DE PREVENÇÃO E CONTROLO DA DOENÇA Casos de VIH por grupo etário"
"f8e490a1-43c1-4ff0-a47f-5d60fa75489f","司法輔助人員入職培訓☯司法辅助人员入职培训☯Formação e habilitacao para ingresso nas carreiras de oficial de justiça☯Induction training for judicial clerks","法律及司法培訓中心 ,法律及司法培训中心,CFJJ,CFJJ","1","0","0","System.Object[]","34","58","2023-05-25 10:37:08","由法律及司法培訓中心舉辦的司法輔助人員入職培訓課程的統計☯由法律及司法培训中心举办的司法辅助人员入职培训课程的统计☯Formação e habilitacao para ingresso nas carreiras de oficial de justiça organizadas pelo CFJJ☯Induction training for judicial clerks organized by CFJJ"
"f8e8352e-8bd6-4f5d-8f89-e2c1456afc49","一般科研資助項目統計☯一般科研资助项目统计☯Estatísticas de ""Apoio Financeiro""☯Statistics of General Scientific Research Funding","經濟及科技發展局,经济及科技发展局,Direcção dos Serviços de Economia e Desenvolvimento Tecnológico,Macao Economic Bureau","1","0","0","System.Object[]","75","134","2023-06-26 15:50:49","一般科研資助項目統計☯一般科研资助项目统计☯Estatísticas de ""Apoio Financeiro""☯Statistics of General Scientific Research Funding"
"f910cf2e-5e30-45c3-9e62-3eb6bf912db3","澳門國際機場離澳航班資訊(英文)☯澳门国际机场离澳航班资讯(英文)☯Informação dos voos de partida do Aeroporto Internacional de Macau (Inglês)☯Departure flight information of Macau International Airport (English)","民航局,民航局,Autoridade de Aviação Civil,Civil Aviation Authority","0","1","0","System.Object[]","0","82","2023-03-15 12:13:32","按需要提供澳門國際機場離澳航班資訊(英文)☯按需要提供澳门国际机场离澳航班资讯(英文)☯Fornecer as informações de voos de partida do Aeroporto Internacional de Macau sob demanda (Inglês)☯Provides the departure flight information of Macau International Airport on demand (English)"
"f942e141-4b8c-4926-9f7c-a0121daf9c9e","航空器維修機構☯航空器维修机构☯Organização de Manutenção de Aeronave☯Aircraft Maintenance Organisation","民航局,民航局,Autoridade de Aviação Civil,Civil Aviation Authority","1","0","0","System.Object[]","68","107","2026-07-18 14:33:45","已核准的航空器維修機構清單☯已核准的航空器维修机构清单☯Lista de Organização de Manutenção de Aeronave☯List of Approved Aircraft Maintenance Organisations"
"f97d8c47-b474-4da9-90b9-780cdd784506","公務人員領導力培訓班☯公务人员领导力培训班☯Curso de Formação de Liderança para os Trabalhadores dos Serviços Públicos☯Curso de Formação de Liderança para os Trabalhadores dos Serviços Públicos","行政公職局,行政公职局,Direcção dos Serviços de Administração e Função Pública,Public Administration and Civil Service Bureau","1","0","0","System.Object[]","22","66","2026-04-30 16:29:12","按年度統計已完成「領導力培訓班」的學員人數☯按年度统计已完成「领导力培训班」的学员人数☯N.º de formandos que concluíram o Curso de Formação de Liderança por ano☯N.º de formandos que concluíram o Curso de Formação de Liderança por ano"
"f9aeadd6-efb8-47ac-920a-946602453733","澳門國際機場飛機起降架次☯澳门国际机场飞机起降架次☯Número de Movimentos no Aeroporto Internacional de Macau☯Number of Movements at Macau International Airport","民航局,民航局,Autoridade de Aviação Civil,Civil Aviation Authority","0","1","0","System.Object[]","142","870","2023-12-15 17:42:36","按年提供澳門國際機場航班的起降架次☯按年提供澳门国际机场航班的起降架次☯Fornecer anualmente o número de movimentos no Aeroporto Internacional de Macau
☯Provides the number of movements at Macau International Airport annually"
"f9be0cf8-d784-4018-9082-d3abe2d47eb2","飲食店舖員工支出☯饮食店铺员工支出☯Despesas com pessoal dos restaurantes e estabelecimentos similares☯ ","統計暨普查局,统计暨普查局,Direcção dos Serviços de Estatística e Censos,Statistics and Census Service","0","1","0","System.Object[]","0","24","2026-01-26 12:43:12","飲食店舖的員工薪酬、福利和其他相關費用的支出總額。☯饮食店铺的员工薪酬、福利和其他相关费用的支出总额。☯Referem-se ao valor total das despesas em remunerações, benefícios e outras despesas correlacionadas, pagas pelos restaurantes e estabelecimentos similares aos trabalhadores.☯ "
"f9c8daaa-8ca0-4e31-aad6-af56de7a6468","澳門大學訪客停車場車位資訊☯澳门大学访客停车场车位资讯☯Lugares disponíveis nos auto-silos para visitantes da Universidade de Macau☯Parking Availability at the Visitor Car Parks of the University of Macau","澳門大學,澳門大學,UM,UM","0","1","0","System.Object[]","0","487","2022-12-01 11:29:11","澳門大學訪客停車場車位空置數量。☯澳门大学访客停车场车位空置数量。☯Número de lugares vagos nos auto-silos para visitantes da Universidade de Macau.☯Number of vacant parking spaces at the Visitor Car Parks of the University of Macau."
"fa255fa9-c646-497c-931f-be5508407c10","疾病預防控制範疇按事故類別劃分的傷害事故人數☯疾病预防控制范畴按事故类别划分的伤害事故人数☯Número de vítimas por acidente, na área de prevenção e controlo de doença, de acordo com o tipo de acidente☯疾病預防控制範疇按事故類別劃分的傷害事故人數","衛生局,卫生局,Serviços de Saúde,Health Bureau","1","0","0","System.Object[]","43","63","2024-01-08 15:39:27","疾病預防控制範疇中，以事故類別劃分的傷害事故人數☯疾病预防控制范畴中，以事故类别划分的伤害事故人数☯Número de vítimas por acidente, na área de prevenção e controlo de doença, de acordo com o tipo de acidente☯疾病預防控制範疇中，以事故類別劃分的傷害事故人數"
"fa4235c0-9d14-4d81-9e54-168d99d85af4","非高等教育教學人員人數（按學校類型和教育階段劃分）☯非高等教育教学人员人数（按学校类型和教育阶段划分）☯Número de Pessoal docente (Por PESSOA) (Classificação por tipo de escola e nivel de ensino) (Estatística educativa não Superior)☯-","教育及青年發展局,教育及青年发展局,Direcção dos Serviços de Educação e de Desenvolvimento da Juventude,Education and Youth Development Bureau","1","0","0","System.Object[]","24","52","2026-03-16 17:17:27","教學人員人數（按學校類型和教育階段劃分）
☯教学人员人数（按学校类型和教育阶段划分）
☯Número de Pessoal docente (Por PESSOA) (Classificação por tipo de escola e nivel de ensino)
☯-"
"fa5e526f-0734-40a7-b829-f9071f9bfd3c","社區醫療衛生 (其他)本澳藥物概況☯社区医疗卫生 (其他)本澳药物概况☯Situação dos medicamentos em Macau na, área de cuidados de saúde comunitários(outros)☯社區醫療衛生 (其他)本澳藥物概況","衛生局,卫生局,Serviços de Saúde,Health Bureau","1","0","0","System.Object[]","132","128","2022-11-26 15:48:21","社區醫療衛生 (其他)本澳藥物概況☯社区医疗卫生 (其他)本澳药物概况☯Situação dos medicamentos em Macau na, área de cuidados de saúde comunitários(outros)☯社區醫療衛生 (其他)本澳藥物概況"
"fa817c37-45ae-4ee6-9d78-209d204231d5","治安警察局年報☯治安警察局年報☯Relatório Anual Corpo de Polícia de Segurança Pública☯Relatório Anual Corpo de Polícia de Segurança Pública","治安警察局,治安警察局,CPSP,CPSP","1","0","0","System.Object[]","37","73","2026-02-06 15:09:02","治安警察局年報☯治安警察局年報☯Relatório Anual Corpo de Polícia de Segurança Pública☯Relatório Anual Corpo de Polícia de Segurança Pública"
"fa9de3e8-60a2-46a0-a990-a68c8f74d0e6","使用旅行社服務之出境旅遊旅客數量統計☯使用旅行社服务之出境旅游旅客数量统计☯Número de utilizadores dos serviços de agências de viagens para o exterior☯Statistics on the number of outbound travelers using travel agency services","旅遊局,旅游局,Direcção dos Serviços de Turismo,Macao Government Tourism Office","1","0","0","System.Object[]","16","46","2026-07-07 16:55:02","由持牌旅行社提供每季使用其服務之出境旅遊旅客數量資料，包括團隊和自由行旅客
☯由持牌旅行社提供每季使用其服务之出境旅游旅客数量资料，包括团队和自由行旅客☯Dados trimestrais fornecidos pelas agências de viagens licenciadas sobre o número de utilizadores dos seus serviços nas viagens ao exterior em grupo ou individuais☯Data on the number of outbound visitors using services provided by licensed travel agencies each quarter, including group and independent travelers"
"fac173cd-1f2b-4677-85ce-86922e175c0b","重點研發專項資助項目統計☯重点研发专项资助项目统计☯Estatística do ""Programa Específico de Apoio Financeiro para Projectos-Chave de I&D de Macau""☯Statistics of ""Macao Funding Scheme for Key R&D Projects""","經濟及科技發展局,经济及科技发展局,Direcção dos Serviços de Economia e Desenvolvimento Tecnológico,Macao Economic Bureau","1","0","0","System.Object[]","29","62","2024-12-30 10:38:53","重點研發專項資助項目統計☯重点研发专项资助项目统计☯Estatística do ""Programa Específico de Apoio Financeiro para Projectos-Chave de I&D de Macau""☯Statistics of ""Macao Funding Scheme for Key R&D Projects"""
"facbb7d6-2ed6-470c-ad14-9786ef2a6aeb","因違反《動物保護法》而遭檢控之統計☯因违反《动物保护法》而遭检控之统计☯Estatística de acusações por violação da Lei de Protecção dos Animais☯Statistics on prosecutions against offences of “Animal Protection Law”","市政署,市政署,Instituto para os Assuntos Municipais,Municipal Affairs Bureau","0","1","0","System.Object[]","0","41","2025-05-30 14:34:01","根據《動物保護法》的規定，飼主應妥善照顧動物，如飼主違反義務，市政署會依法作出處罰。有關數據將列出每季度由市政署發出的控訴書數量。☯根据《动物保护法》的规定，饲主应妥善照顾动物，如饲主违反义务，市政署会依法作出处罚。有关数据将列出每季度由市政署发出的控诉书数量。☯Nos termos da “Lei de protecção dos animais”, o dono deve cuidar bem do animal, caso o dono viole os seus deveres, o IAM aplicará sanções nos termos da lei. Os dados vão  indicar o número de acusações emitidas por trimestre pelo IAM.☯In accordance with the stipulations of the “Animal Protection Law”, owners should take proper care of the animals. In case of the owners’ violations of the obligations, the Municipal Affairs Bureau (IAM) will impose punishment in accordance with the law. The data lists the number of accusation letters issued by IAM for each quarter."
"fad6fd2d-12e8-4c50-aa23-561ef587cf31","澳門高等院校畢業學生人數統計─按性別劃分☯澳门高等院校毕业学生人数统计─按性别划分☯Dados estatísticos do número de estudantes graduados das instituições do ensino superior de Macau (classificados por sexo)☯-","教育及青年發展局,教育及青年发展局,Direcção dos Serviços de Educação e de Desenvolvimento da Juventude,Education and Youth Development Bureau","1","0","0","System.Object[]","23","121","2025-12-15 16:00:46","按學年方式，提供按性別劃分的澳門高等院校畢業學生人數。☯按学年方式，提供按性别划分的澳门高等院校毕业学生人数。☯Número de estudantes graduados das instituições do ensino superior de Macau (classificados por sexo), calculado de acordo com o ano lectivo.☯-"
"faebc077-af8e-49ca-a0ab-3c9a7b625ced","澳門高等院校非教學人員人數統計─按性別劃分☯澳门高等院校非教学人员人数统计─按性别划分☯Dados estatísticos do número de pessoal não docente das instituições do ensino superior de Macau (classificados por sexo)☯-","教育及青年發展局,教育及青年发展局,Direcção dos Serviços de Educação e de Desenvolvimento da Juventude,Education and Youth Development Bureau","1","0","0","System.Object[]","17","41","2025-12-15 16:01:28","按學年方式，提供按性別劃分的澳門高等院校非教學人員人數。☯按学年方式，提供按性别划分的澳门高等院校非教学人员人数。☯Número de pessoal não docente das instituições do ensino superior de Macau (classificados por sexo), calculado de acordo com o ano lectivo.☯-"
"fb000438-ae46-49a2-85fd-1611cdf2323a","獲發動工批示住宅單位☯获发动工批示住宅单位☯Fracções autónomas habitacionais com autorização de execução emitida☯Residential units with construction permit issued","統計暨普查局,统计暨普查局,Direcção dos Serviços de Estatística e Censos,Statistics and Census Service","0","1","0","System.Object[]","75","164","2024-12-30 16:54:10","於參考期間獲發興建上蓋工程動工批示的住宅單位；2017年前稱為“新動工”。☯于参考期间获发兴建上盖工程动工批示的住宅单位；2017年前称为“新动工”。☯Fracções autónomas habitacionais para as quais foi emitida autorização de execução no âmbito de obras de construção de superestrutura, no período de referência. O empreendimento foi  designado “iniciado” antes de 2017.
☯Refer to residential units that are issued the construction permit to start superstructure works during the reference period. They were referred to as “Construction of new buildings” prior to 2017."
"fb257ad9-1620-45d6-bfe5-93fc0b27f6b9","澳門登記的航空器☯澳门登记的航空器☯Aeronaves Registadas em Macau☯Registered Aircraft in Macao","民航局,民航局,Autoridade de Aviação Civil,Civil Aviation Authority","1","0","0","System.Object[]","57","106","2026-07-18 14:33:01","已於澳門登記的航空器清單☯已于澳门登记的航空器清单☯Lista de Aeronaves Registadas em Macau☯List of Macao Registered Aircraft"
"fb690057-3e6d-4b3d-b8e4-3add6de0c60a","澳門癌症登記年報癌症死亡個案數☯澳门癌症登记年报癌症死亡个案数☯Número de mortes por cancro no relatório anual do Registo do Cancro de Macau☯Number of cancer deaths in the annual report of the Macao Cancer Registry","衛生局,卫生局,Serviços de Saúde,Health Bureau","1","0","0","System.Object[]","20","40","2024-12-31 13:08:53","為掌握癌症對澳門居民健康的影響，衛生局自2003年建立澳門癌症登記系統，監測本澳癌症的流行情況和變化趨勢，每年制作《澳門癌症登記年報》公佈癌症發展的新動向，作為制訂癌症防治和醫療資源配置的參考資料。☯为掌握癌症对澳门居民健康的影响，卫生局自2003年建立澳门癌症登记系统，监测本澳癌症的流行情况和变化趋势，每年制作《澳门癌症登记年报》公布癌症发展的新动向，作为制订癌症防治和医疗资源分配的参考数据。☯A fim de compreender o impacto do cancro na saúde dos residentes de Macau, os Serviços de Saúde criaram o Sistema de Registo do Cancro de Macau desde 2003 para monitorizar a prevalência e tendência do cancro em Macau.

☯In order to grasp the impact of cancer on the health of Macao residents, the Health Bureau has established the Macao Cancer Registry System since 2003 to monitor the prevalence and trend of cancer in Macao."
"fb85481e-eac3-4f71-923d-6c1684377a99","私立教育機構(持續教育)名單☯私立教育机构(持续教育)名单☯Lista de Instituições Educativas Particulares (Educação Contínua)☯List of Private Educational Institutions (Continuing Education)","教育及青年發展局,教育及青年发展局,Direcção dos Serviços de Educação e de Desenvolvimento da Juventude,Education and Youth Development Bureau","1","0","0","System.Object[]","27","48","2026-06-30 10:17:16","私立教育機構(持續教育)名單☯私立教育机构(持续教育)名单☯Lista de Instituições Educativas Particulares (Educação Contínua)☯List of Private Educational Institutions (Continuing Education)"
"fba9e857-c978-4ec8-942f-9a6263a453ed","專科衛生護理範疇按專科劃分的門診人次☯专科卫生护理范畴按专科划分的门诊人次☯Número de consultas externas por especialidade, na área de cuidados de saúde diferenciados☯專科衛生護理範疇按專科劃分的門診人次","衛生局,卫生局,Serviços de Saúde,Health Bureau","1","0","0","System.Object[]","71","71","2024-12-19 14:58:26","專科衛生護理範疇中，按專科劃分的門診人次☯专科卫生护理范畴中，按专科划分的门诊人次☯Número de consultas externas por especialidade, na área de cuidados de saúde diferenciados☯專科衛生護理範疇中，按專科劃分的門診人次"
"fbaf46c7-9329-41e7-861b-2f0e4392ead1","人民幣業務☯人民币业务☯OPERAÇÕES EM RMB☯RMB BUSINESS","澳門金融管理局,澳門金融管理局,AMCM,AMCM","1","0","0","System.Object[]","33","83","2026-09-03 17:02:14","由2010年至今的人民幣存款總額及跨境貿易人民幣結算總額。☯由2010年至今的人民币存款总额及跨境贸易人民币结算总额。☯Valor total dos depósitos em RMB e valor total das operações de comércio transfronteiriço regularizadas em RMB, reportados ao período de 2010 ao momento presente.☯Valor total dos depósitos em RMB e valor total das operações de comércio transfronteiriço regularizadas em RMB, reportados ao período de 2010 ao momento presente."
"fbd20f6f-75ac-4f66-8a63-beffce48e775","持續進修發展計劃總體參與情況☯持续进修发展计划总体参与情况☯Participação no Programa de desenvolvimento e aperfeiçoamento contínuo☯Continuing Education Development Program overall participation","教育及青年發展局,教育及青年发展局,Direcção dos Serviços de Educação e de Desenvolvimento da Juventude,Education and Youth Development Bureau","1","0","0","System.Object[]","18","44","2026-06-30 10:17:29","提供持續進修發展計劃的參加人次及人數☯提供持续进修发展计划的参加人次及人数☯Participação no Programa de desenvolvimento e aperfeiçoamento contínuo☯Continuing Education Development Program overall participation"
"fbe68e29-9652-4dab-9381-d4ed229ca790","移動支付和支付卡統計數據☯移动支付和支付卡统计数据☯Estatísticas Relativas ao Pagamento Móvel e a Cartões de Pagamento☯Mobile Payment and Payment Card Statistics","澳門金融管理局,澳門金融管理局,AMCM,AMCM","1","0","0","System.Object[]","24","63","2026-08-14 19:06:37","由2007年至今的移動支付和支付卡統計數據，其中移動支付統計數據自2019年開始公佈。移動支付數據包括期內交易總額、期內交易筆數，以及受理移動支付的機具及二維碼立牌數量。支付卡可分為信用卡及扣帳卡，信用卡數據包括帳戶數目、信用總額、應收帳款、轉期帳款、拖欠帳款、透支現金總額、期內簽帳額、期內簽帳筆數及期內還款額。扣帳卡數據包括帳戶數目、期內簽帳額及期內簽帳筆數。☯由2007年至今的移动支付和支付卡统计数据，其中移动支付统计数据自2019年开始公布。移动支付数据包括期内交易总额、期内交易笔数，以及受理移动支付的机具及二维码立牌数量。支付卡可分为信用卡及扣帐卡，信用卡数据包括帐户数目、信用总额、应收帐款、转期帐款、拖欠账款、透支现金总额、期内签帐额、期内签帐笔数及期内还款额。扣帐卡数据包括帐户数目、期内签帐额及期内签帐笔数。☯Mostram-se os dados estatísticos sobre o pagamento móvel e cartão de pagamento registados de 2007 até ao presente, sendo que os dados relativos ao pagamento móvel são publicados a partir de 2019. Os dados de pagamento móvel incluem o volume total da transacções no período, o número total de transacções no período, bem como o número de máquinas e terminais de código QR que aceitam pagamentos móveis. Os dados do cartão de pagamento incluem cartões de crédito e débito. Os dados do cartão de crédito incluem o número de contas, saldo credor total, contas a receber, saldos de “rollover”, saldos em incumprimento, valor total do descoberto, valor total da transacções no período, número total de transacções no período e valor do reembolso durante o período enquanto que os dados do cartão de débito incluem o número de contas, o valor total das transacções no período e o número total de transacções no período.☯Mostram-se os dados estatísticos sobre o pagamento móvel e cartão de pagamento registados de 2007 até ao presente, sendo que os dados relativos ao pagamento móvel são publicados a partir de 2019. Os dados de pagamento móvel incluem o volume total da transacções no período, o número total de transacções no período, bem como o número de máquinas e terminais de código QR que aceitam pagamentos móveis. Os dados do cartão de pagamento incluem cartões de crédito e débito. Os dados do cartão de crédito incluem o número de contas, saldo credor total, contas a receber, saldos de “rollover”, saldos em incumprimento, valor total do descoberto, valor total da transacções no período, número total de transacções no período e valor do reembolso durante o período enquanto que os dados do cartão de débito incluem o número de contas, o valor total das transacções no período e o número total de transacções no período."
"fc49d098-98d8-44b4-9795-380153acdbe2","妨害澳門特別行政區罪☯妨害澳门特别行政区罪☯Processos de crimes contra a Região Administrativa Especial de Macau☯ ","統計暨普查局,统计暨普查局,Direcção dos Serviços de Estatística e Censos,Statistics and Census Service","0","1","0","System.Object[]","0","28","2025-12-01 10:47:44","妨害本地區罪案數目。☯妨害本地区罪案数目。☯Referem-se ao número de processos de crimes contra o Território.☯ "
"fc579d6a-4605-43d0-b23c-a25d997f9e44","住宅單位每平方米平均價格☯住宅单位每平方米平均价格☯Preço médio por metro quadrado das fracções autónomas habitacionais☯Average price per square metre of residential units","統計暨普查局,统计暨普查局,Direcção dos Serviços de Estatística e Censos,Statistics and Census Service","0","1","0","System.Object[]","529","1204","2024-12-30 12:46:37","每平方米實用面積平均成交價。☯每平方米實用面積平均成交價。☯Refere-se ao preço médio de transacção por metro quadrado de área útil.☯The average transaction price per square metre of usable area."
"fc5edcfd-8bad-46eb-8d34-b052cdd99e85","《統計年刊 2024》社區醫療衛生範疇 - 其他 私人醫務活動場所數目☯《統計年刊 2024》社區醫療衛生範疇 - 其他 私人醫務活動場所數目☯CUIDADOS DE SAÚDE COMUNITÁRIOS - OUTROS Número de estabelecimentos de prestação de cuidados de  saúde em regime privado☯CUIDADOS DE SAÚDE COMUNITÁRIOS - OUTROS Número de estabelecimentos de prestação de cuidados de  saúde em regime privado","衛生局,卫生局,Serviços de Saúde,Health Bureau","1","0","0","System.Object[]","14","24","2025-10-28 17:38:16","《統計年刊 2024》社區醫療衛生範疇 - 其他 私人醫務活動場所數目☯《統計年刊 2024》社區醫療衛生範疇 - 其他 私人醫務活動場所數目☯CUIDADOS DE SAÚDE COMUNITÁRIOS - OUTROS Número de estabelecimentos de prestação de cuidados de  saúde em regime privado☯CUIDADOS DE SAÚDE COMUNITÁRIOS - OUTROS Número de estabelecimentos de prestação de cuidados de  saúde em regime privado"
"fc6710f0-fd42-4cd8-b1dc-1d7d1e244934","移走公共停車場濫泊車輛 ☯移走公共停车场滥泊车辆 ☯Veículos removidos nos parques de estacionamento públicos devido ao estacionamento abusivo☯Removal of illegally parked vehicles in public parking lots","交通事務局,交通事务局,Direcção dos Serviços para os Assuntos de Tráfego,Transport Bureau","1","0","0","System.Object[]","37","96","2026-05-28 01:00:06","移走公共停車場濫泊車輛 ☯移走公共停车场滥泊车辆 ☯Veículos removidos nos parques de estacionamento públicos devido ao estacionamento abusivo☯Removal of illegally parked vehicles in public parking lots"
"fc6a47e8-8b8a-4d48-b980-d861d1cecf77","澳門特殊和危險廢物處理站數據☯澳门特殊和危险废物处理站数据☯Dados de estação de tratamento de resíduos especiais e perigosos de Macau☯Dados de estação de tratamento de resíduos especiais e perigosos de Macau","環境保護局,环境保护局,Direcção dos Serviços de Protecção Ambiental,Environmental Protection Bureau","0","1","0","System.Object[]","0","334","2021-03-23 17:11:15","關於澳門特殊和危險廢物處理站數據☯关于澳门特殊和危险废物处理站数据☯Sobre os dados de estação de tratamento de resíduos especiais e perigosos de Macau☯Sobre os dados de estação de tratamento de resíduos especiais e perigosos de Macau"
"fc892e2a-a5fa-4e69-b775-18d1db4d1ab4","《統計年刊 2024》疾病預防及控制中心 按歲組劃分的傷害事故死亡人數☯《統計年刊 2024》疾病預防及控制中心 按歲組劃分的傷害事故死亡人數☯CENTRO DE PREVENÇÃO E CONTROLO DA DOENÇA Número de óbitos de acidentes por grupo etário☯CENTRO DE PREVENÇÃO E CONTROLO DA DOENÇA Número de óbitos de acidentes por grupo etário","衛生局,卫生局,Serviços de Saúde,Health Bureau","1","0","0","System.Object[]","11","24","2025-10-28 17:37:15","《統計年刊 2024》疾病預防及控制中心 按歲組劃分的傷害事故死亡人數☯《統計年刊 2024》疾病預防及控制中心 按歲組劃分的傷害事故死亡人數☯CENTRO DE PREVENÇÃO E CONTROLO DA DOENÇA Número de óbitos de acidentes por grupo etário☯CENTRO DE PREVENÇÃO E CONTROLO DA DOENÇA Número de óbitos de acidentes por grupo etário"
"fcdd83b0-e5d0-4c3b-9f8f-da46924e6bec","科研及創新資助計劃－重點研發類項目統計☯科研及创新资助计划－重点研发类项目统计☯Estatísticas de Plano de Financiamento para Investigação Científica e Inovação - Categoria de Projectos-chave de I&D☯Statistics of Funding Scheme for Scientific Research and Innovation - Key Research and Development","經濟及科技發展局,经济及科技发展局,Direcção dos Serviços de Economia e Desenvolvimento Tecnológico,Macao Economic Bureau","1","0","0","System.Object[]","15","29","2025-12-09 09:13:22","科研及創新資助計劃－重點研發類項目統計☯科研及创新资助计划－重点研发类项目统计☯Estatísticas de Plano de Financiamento para Investigação Científica e Inovação - Categoria de Projectos-chave de I&D☯Statistics of Funding Scheme for Scientific Research and Innovation - Key Research and Development"
"fcfef8dd-0262-4d08-8b7d-a53b08a6ae5d","交通燈組 ☯交通灯组 ☯Conjunto de semáforos☯Traffic light set","交通事務局,交通事务局,Direcção dos Serviços para os Assuntos de Tráfego,Transport Bureau","1","0","0","System.Object[]","127","263","2026-05-28 01:00:12","交通燈組 ☯交通灯组 ☯Conjunto de semáforos☯Traffic light set"
"fd073ba4-5711-40bb-8b54-0a272487f3df","法案、法律及行政法規統計☯法案、法律及行政法规统计☯Estatísticas relativas a propostas de lei, leis e regulamentos administrativos☯Estatísticas relativas a propostas de lei, leis e regulamentos administrativos","法務局,法务局,Direcção dos Serviços de Assuntos de Justiça,Legal Affairs Bureau","1","0","0","System.Object[]","63","113","2026-07-01 09:51:34","按年提供特區政府送交立法會的法案、完成制定的法律，以及特區政府頒佈的行政法規的數據☯按年提供特区政府送交立法会的法案、完成制定的法律，以及特区政府颁布的行政法规的数据☯Dados disponibilizados por ano relativos às propostas de lei apresentadas pelo Governo da RAEM à Assembleia Legislativa, às leis cuja elaboração foi concluída e aos regulamentos administrativos promulgados pelo Governo da RAEM☯Dados disponibilizados por ano relativos às propostas de lei apresentadas pelo Governo da RAEM à Assembleia Legislativa, às leis cuja elaboração foi concluída e aos regulamentos administrativos promulgados pelo Governo da RAEM"
"fd8c9c78-caba-4f4c-bd0b-cf1df2c38de4","商務包機和私人飛機起降架次☯商务包机和私人飞机起降架次☯Número de Movimentos de aviação executiva e jactos privados☯Number of Movements for Business Aviation and Private Jet","民航局,民航局,Autoridade de Aviação Civil,Civil Aviation Authority","1","0","0","System.Object[]","85","163","2026-07-20 15:33:39","按年提供澳門國際機場的商務包機和私人飛機的起降架次☯按年提供澳门国际机场的商务包机和私人飞机的起降架次☯Fornece anualmente o número de movimentos de aviação executiva e jactos privados no Aeroporto Internacional de Macau☯Provides the number of movements for business aviation and private jet at Macau International Airport annually"
"fda80b44-fe70-4b91-a75f-ded5e7405489","綠化教育設施的資訊列表☯绿化教育设施的资讯列表☯Lista de informações sobre as instalações de educação verde☯Information list of educational green facilities","市政署,市政署,Instituto para os Assuntos Municipais,Municipal Affairs Bureau","0","1","0","System.Object[]","0","53","2025-06-20 15:19:18","綠化教育設施的資訊列表。☯绿化教育设施的资讯列表。☯Lista de informações sobre as instalações de educação verde.☯Information list of educational green facilities."
"fdaf476c-7c71-4134-a82e-3ebb48ecd1d4","澳門各區用水量☯澳门各区用水量☯Consumo Total de Água por Áreas Geográficas de Macau☯Total Water Consumption by Geographical Areas of Macao","海事及水務局,海事及水務局,DSAMA,DSAMA","1","0","0","System.Object[]","159","257","2026-09-08 12:09:19","自2006年1月起按澳門各地區統計的用水量資料。(氹仔和路環由於單月、雙月抄讀的水錶數量明顯不同，故單雙月用水量出現較大差距。)☯自2006年1月起按澳门各地区统计的用水量资料。(氹仔和路环由于单月、双月抄读的水表数量明显不同，故单双月用水量出现较大差距。)☯Consumo de água por áreas geográficas de Macau desde Janeiro de 2006(Devido à diferença acentuada no número do contadores cobertos na leitura dos contadores na Taipa e em Coloane nos meses ímpares e pares, o consumo de água varia significativamente entre os meses ímpares e pares.)☯Water Consumption by Geographical Areas of Macao since January 2006 (Due to an obvious difference in the number of water meters covered in meter reading in Taipa and Coloane in odd and even numbered months, the water consumption varies significantly from odd numbered months to even ones.) "
"fdeabd7c-5192-4c82-a281-d75b6740a9d9","醫院☯医院☯Hospitais☯ ","統計暨普查局,统计暨普查局,Direcção dos Serviços de Estatística e Censos,Statistics and Census Service","0","1","0","System.Object[]","0","51","2025-11-10 14:49:16","擁有人力及技術資源，為病人提供門診、急診、手術或留院等形式的專科醫療診治服務之單位。醫院同時亦致力於疾病預防、教學及科學研究。☯拥有人力及技术资源，为病人提供门诊、急诊、手术或留院等形式的专科医疗诊治服务之单位。医院同时亦致力于疾病预防、教学及科学研究。☯Unidades que detêm recursos humanos e técnicos e que prestam serviços de saúde em áreas especializadas aos doentes, tais como consulta externa, serviço de urgência, serviço operatório, internamento, entre outros. Compete-lhes também a prevenção de doenças, o ensino e a investigação científica.☯ "
"fe08a323-50f6-4e32-8e91-9dc85f9a6804","公共財政資助—公共部門及實體的名單☯公共财政资助—公共部门及实体的名单☯Apoio financeiro público - lista dos serviços e entidades públicos☯-","公共資產監督管理局,公共资产监督管理局,DSGAP,DSGAP","1","0","0","System.Object[]","56","113","2026-08-25 09:10:02","根據第18/2022號行政法規批給資助的公共部門及實體名單☯根据第18/2022号行政法规批给资助的公共部门及实体名单☯Lista dos serviços e entidades públicos que concedem apoio financeiro nos termos do Regulamento Administrativo n.º 18/2022☯-"
"fe443e97-5544-4c2c-aacf-e77037da53a7","公積金制度-供款人登記之註銷-按供款時間劃分☯公积金制度-供款人登记之注销-按供款时间划分☯Regime de Previdência - Cancelamento de inscrição de contribuintes - Por tempo de contribuição☯ ","退休基金會,退休基金会,Fundo de Pensões,Pension Fund","1","0","0","System.Object[]","81","92","2026-05-21 17:04:31","按供款時間統計當年公積金制度中供款人登記之註銷之人數☯按供款时间统计当年公积金制度中供款人登记之注销之人数☯Estatística do n.º de cancelamentos de inscrição dos contribuintes do Regime de Previdência desse ano por tempo de contribuição☯ "
"fe5dfdee-3e24-4144-881a-6c3aff5ed8ac","行車道路總長度☯行车道路总长度☯Comprimento rodoviário☯Length of roads for vehicles","土地工務局,土地工務局,DSSCU,DSSCU","1","0","0","System.Object[]","106","182","2026-09-07 16:32:09","自2000年起澳門特別行政區之行車道路總長度統計數據☯自2000年起澳门特别行政区之行车道路总长度统计数据☯A partir de 2000, dados estatísticos do comprimento rodoviário da RAEM☯The statistics of length of roads for vehicles of Macau SAR since 2000"
"fed80c14-78ac-4c3d-814d-2c35134f0467","參加「樓宇安心用水計劃」之樓宇數量統計☯参加「楼宇安心用水计划」之楼宇数量统计☯Dados Estatísticos do Número dos Edifícios Inscritos no Programa de Garantia de Qualidade de Água em Edifícios☯Statistics on the Number of Buildings participating in “Maintenance of Plumbing System for Buildings”","海事及水務局,海事及水務局,DSAMA,DSAMA","1","0","0","System.Object[]","43","70","2026-01-23 17:25:18","自2019年起按年提供以證書種類劃分的累計參與樓宇幢數。☯自2019年起按年提供以证书种类划分的累计参与楼宇幢数。☯A prestação anual do número acumulado dos edifícios por tipos de certificados atribuídos desde 2019☯Provision of accumulated annual number of buildings by types of awarded certificates since 2019"
"ff7e7d7d-ed9e-414c-b3d2-9995fe781565","非強制央積金—公積金共同計劃僱員數目☯非强制央积金—公积金共同计划雇员数目☯Regime de previdência central não obrigatório - Número de trabalhadores do plano conjunto de previdência☯Non-mandatory central provident fund system - the number of employees of the joint provident fund scheme","社會保障基金,社会保障基金,Fundo de Segurança Social,Social Security Fund","1","0","0","System.Object[]","91","121","2026-07-21 11:48:04","由2018年非強制央積金實施起, 累計參加公積金共同計劃的僱員數目。☯由2018年非强制央积金实施起, 累计参加公积金共同计划的雇员数目。☯Desde a implementação do regime de previdência central não obrigatório em 2018, o número acumulado de trabalhadores que participaram no plano conjunto de previdência.☯Since the implementation of non-mandatory central provident fund system in 2018, the cumulative number of employees who have participated in a joint provident fund scheme."
"ff8e01d1-31ab-48e5-8de4-465ae096dc8b","博彩業的博彩及相關服務收入☯博彩业的博彩及相关服务收入☯Receitas do jogo e dos serviços relacionados do sector do jogo☯ ","統計暨普查局,统计暨普查局,Direcção dos Serviços de Estatística e Censos,Statistics and Census Service","0","1","0","System.Object[]","0","31","2026-01-26 12:47:45","博彩業從賭枱、博彩機及其他相關服務中獲得的總收入。☯博彩业从赌枱、博彩机及其他相关服务中获得的总收入。☯Referem-se às receitas globais provenientes das apostas em mesa de jogo, máquinas de jogo e outros serviços relacionados, do sector do jogo.☯ "
"ff900904-b276-44d9-8a53-86b9ddcb62d1","跨境汽車流量☯跨境汽车流量☯Movimento de automóveis nos postos fronteiriços☯Cross-border vehicular traffic","統計暨普查局,统计暨普查局,Direcção dos Serviços de Estatística e Censos,Statistics and Census Service","0","1","0","System.Object[]","0","59","2025-11-14 17:15:39","經本澳邊境站進出境的車輛次數。☯经本澳边境站进出境的车辆次数。☯Refere-se ao número de entradas e saídas de automóveis nos postos fronteiriços de Macau.☯Number of inbound and outbound vehicle trips made at the checkpoints of Macao."
"ffa03c4b-cb93-4d27-b82f-6fd05ed87f31","夜間泊車位 ☯夜间泊车位 ☯Lugares de estacionamento nocturnos☯Night parking space","交通事務局,交通事务局,Direcção dos Serviços para os Assuntos de Tráfego,Transport Bureau","1","0","0","System.Object[]","87","178","2026-05-27 01:00:09","夜間泊車位 ☯夜间泊车位 ☯Lugares de estacionamento nocturnos☯Night parking space"
