year,month,hour,period,district_cn,district_en,zone,headcount,month_total_arrivals,daily_bus_departures,departures_share_pct,supply_demand_ratio
2026,7,0,00:00,新橋區,Barca,Macau Peninsula,1266,3542218.0,155940.0,66.58,1.577
2026,7,0,00:00,中區,Baixa de Macau,Macau Peninsula,6665,3542218.0,155940.0,66.58,1.577
2026,7,0,00:00,氹仔中心區,Baixa da Taipa,Taipa & Cotai,4717,3542218.0,66570.0,28.42,0.507
2026,7,0,00:00,台山區,Tamagnini Barbosa,Macau Peninsula,1773,3542218.0,155940.0,66.58,1.577
2026,7,0,00:00,黑沙環新填海區,Novos Aterros da Areia Preta,Macau Peninsula,1709,3542218.0,155940.0,66.58,1.577
2026,7,0,00:00,望廈及水塘區,Móng Há & Reservatório,Macau Peninsula,1005,3542218.0,155940.0,66.58,1.577
2026,7,0,00:00,外港及南灣湖新填海區,Novos Aterros do Porto Exterior & Aterros da Baía da Praia Grande,Macau Peninsula,12605,3542218.0,155940.0,66.58,1.577
2026,7,0,00:00,路氹填海區,COTAI Reclamation Area,Taipa & Cotai,65981,3542218.0,66570.0,28.42,0.507
2026,7,0,00:00,黑沙環及祐漢區,Areia Preta & Iao Hon,Macau Peninsula,2704,3542218.0,155940.0,66.58,1.577
2026,7,0,00:00,下環區,Barra/Manduco,Macau Peninsula,2579,3542218.0,155940.0,66.58,1.577
2026,7,0,00:00,荷蘭園區,Conselheiro Ferreira de Almeida,Macau Peninsula,864,3542218.0,155940.0,66.58,1.577
2026,7,0,00:00,林茂塘區,Doca do Lamau,Macau Peninsula,617,3542218.0,155940.0,66.58,1.577
2026,7,0,00:00,沙梨頭及大三巴區,Patane & São Paulo,Macau Peninsula,2653,3542218.0,155940.0,66.58,1.577
2026,7,0,00:00,新口岸區,Zona de Aterros do Porto Exterior,Macau Peninsula,12257,3542218.0,155940.0,66.58,1.577
2026,7,0,00:00,高士德及雅廉訪區,Horta e Costa & Ouvidor Arriaga,Macau Peninsula,690,3542218.0,155940.0,66.58,1.577
2026,7,0,00:00,筷子基區,Fai Chi Kei,Macau Peninsula,548,3542218.0,155940.0,66.58,1.577
2026,7,0,00:00,氹仔舊城及馬場區,Cidade & Hipódromo da Taipa,Taipa & Cotai,4835,3542218.0,66570.0,28.42,0.507
2026,7,0,00:00,路環區,Coloane,Coloane,1787,3542218.0,11693.0,4.99,2.988
2026,7,0,00:00,北安及大潭山區,Pac On & Taipa Grande,Taipa & Cotai,3339,3542218.0,66570.0,28.42,0.507
2026,7,0,00:00,青洲區,Ilha Verde,Macau Peninsula,413,3542218.0,155940.0,66.58,1.577
2026,7,0,00:00,南西灣及主教山區,Praia Grande & Penha,Macau Peninsula,1135,3542218.0,155940.0,66.58,1.577
2026,7,0,00:00,海洋及小潭山區,Jardins do Oceano & Taipa Pequena,Taipa & Cotai,660,3542218.0,66570.0,28.42,0.507
2026,7,0,00:00,東望洋區(松山區),Ferreira do Amaral (Guia),Macau Peninsula,388,3542218.0,155940.0,66.58,1.577
2026,7,0,00:00,大學及北安灣區,Universidade & Baía de Pac On,Taipa & Cotai,275,3542218.0,66570.0,28.42,0.507
2026,7,1,01:00,新橋區,Barca,Macau Peninsula,1167,3542218.0,155940.0,66.58,1.577
2026,7,1,01:00,中區,Baixa de Macau,Macau Peninsula,6129,3542218.0,155940.0,66.58,1.577
2026,7,1,01:00,氹仔中心區,Baixa da Taipa,Taipa & Cotai,4556,3542218.0,66570.0,28.42,0.507
2026,7,1,01:00,台山區,Tamagnini Barbosa,Macau Peninsula,1540,3542218.0,155940.0,66.58,1.577
2026,7,1,01:00,黑沙環新填海區,Novos Aterros da Areia Preta,Macau Peninsula,1496,3542218.0,155940.0,66.58,1.577
2026,7,1,01:00,望廈及水塘區,Móng Há & Reservatório,Macau Peninsula,897,3542218.0,155940.0,66.58,1.577
2026,7,1,01:00,外港及南灣湖新填海區,Novos Aterros do Porto Exterior & Aterros da Baía da Praia Grande,Macau Peninsula,11541,3542218.0,155940.0,66.58,1.577
2026,7,1,01:00,路氹填海區,COTAI Reclamation Area,Taipa & Cotai,62172,3542218.0,66570.0,28.42,0.507
2026,7,1,01:00,黑沙環及祐漢區,Areia Preta & Iao Hon,Macau Peninsula,1795,3542218.0,155940.0,66.58,1.577
2026,7,1,01:00,下環區,Barra/Manduco,Macau Peninsula,2505,3542218.0,155940.0,66.58,1.577
2026,7,1,01:00,荷蘭園區,Conselheiro Ferreira de Almeida,Macau Peninsula,814,3542218.0,155940.0,66.58,1.577
2026,7,1,01:00,林茂塘區,Doca do Lamau,Macau Peninsula,523,3542218.0,155940.0,66.58,1.577
2026,7,1,01:00,沙梨頭及大三巴區,Patane & São Paulo,Macau Peninsula,2651,3542218.0,155940.0,66.58,1.577
2026,7,1,01:00,新口岸區,Zona de Aterros do Porto Exterior,Macau Peninsula,12429,3542218.0,155940.0,66.58,1.577
2026,7,1,01:00,高士德及雅廉訪區,Horta e Costa & Ouvidor Arriaga,Macau Peninsula,639,3542218.0,155940.0,66.58,1.577
2026,7,1,01:00,筷子基區,Fai Chi Kei,Macau Peninsula,486,3542218.0,155940.0,66.58,1.577
2026,7,1,01:00,氹仔舊城及馬場區,Cidade & Hipódromo da Taipa,Taipa & Cotai,4262,3542218.0,66570.0,28.42,0.507
2026,7,1,01:00,路環區,Coloane,Coloane,1632,3542218.0,11693.0,4.99,2.988
2026,7,1,01:00,北安及大潭山區,Pac On & Taipa Grande,Taipa & Cotai,2881,3542218.0,66570.0,28.42,0.507
2026,7,1,01:00,青洲區,Ilha Verde,Macau Peninsula,316,3542218.0,155940.0,66.58,1.577
2026,7,1,01:00,南西灣及主教山區,Praia Grande & Penha,Macau Peninsula,1138,3542218.0,155940.0,66.58,1.577
2026,7,1,01:00,海洋及小潭山區,Jardins do Oceano & Taipa Pequena,Taipa & Cotai,511,3542218.0,66570.0,28.42,0.507
2026,7,1,01:00,東望洋區(松山區),Ferreira do Amaral (Guia),Macau Peninsula,385,3542218.0,155940.0,66.58,1.577
2026,7,1,01:00,大學及北安灣區,Universidade & Baía de Pac On,Taipa & Cotai,253,3542218.0,66570.0,28.42,0.507
2026,7,2,02:00,新橋區,Barca,Macau Peninsula,1169,3542218.0,155940.0,66.58,1.577
2026,7,2,02:00,中區,Baixa de Macau,Macau Peninsula,5884,3542218.0,155940.0,66.58,1.577
2026,7,2,02:00,氹仔中心區,Baixa da Taipa,Taipa & Cotai,4499,3542218.0,66570.0,28.42,0.507
2026,7,2,02:00,台山區,Tamagnini Barbosa,Macau Peninsula,1521,3542218.0,155940.0,66.58,1.577
2026,7,2,02:00,黑沙環新填海區,Novos Aterros da Areia Preta,Macau Peninsula,1466,3542218.0,155940.0,66.58,1.577
2026,7,2,02:00,望廈及水塘區,Móng Há & Reservatório,Macau Peninsula,872,3542218.0,155940.0,66.58,1.577
2026,7,2,02:00,外港及南灣湖新填海區,Novos Aterros do Porto Exterior & Aterros da Baía da Praia Grande,Macau Peninsula,11106,3542218.0,155940.0,66.58,1.577
2026,7,2,02:00,路氹填海區,COTAI Reclamation Area,Taipa & Cotai,61831,3542218.0,66570.0,28.42,0.507
2026,7,2,02:00,黑沙環及祐漢區,Areia Preta & Iao Hon,Macau Peninsula,1625,3542218.0,155940.0,66.58,1.577
2026,7,2,02:00,下環區,Barra/Manduco,Macau Peninsula,2538,3542218.0,155940.0,66.58,1.577
2026,7,2,02:00,荷蘭園區,Conselheiro Ferreira de Almeida,Macau Peninsula,822,3542218.0,155940.0,66.58,1.577
2026,7,2,02:00,林茂塘區,Doca do Lamau,Macau Peninsula,516,3542218.0,155940.0,66.58,1.577
2026,7,2,02:00,沙梨頭及大三巴區,Patane & São Paulo,Macau Peninsula,2727,3542218.0,155940.0,66.58,1.577
2026,7,2,02:00,新口岸區,Zona de Aterros do Porto Exterior,Macau Peninsula,12935,3542218.0,155940.0,66.58,1.577
2026,7,2,02:00,高士德及雅廉訪區,Horta e Costa & Ouvidor Arriaga,Macau Peninsula,651,3542218.0,155940.0,66.58,1.577
2026,7,2,02:00,筷子基區,Fai Chi Kei,Macau Peninsula,488,3542218.0,155940.0,66.58,1.577
2026,7,2,02:00,氹仔舊城及馬場區,Cidade & Hipódromo da Taipa,Taipa & Cotai,4174,3542218.0,66570.0,28.42,0.507
2026,7,2,02:00,路環區,Coloane,Coloane,1612,3542218.0,11693.0,4.99,2.988
2026,7,2,02:00,北安及大潭山區,Pac On & Taipa Grande,Taipa & Cotai,2846,3542218.0,66570.0,28.42,0.507
2026,7,2,02:00,青洲區,Ilha Verde,Macau Peninsula,310,3542218.0,155940.0,66.58,1.577
2026,7,2,02:00,南西灣及主教山區,Praia Grande & Penha,Macau Peninsula,1199,3542218.0,155940.0,66.58,1.577
2026,7,2,02:00,海洋及小潭山區,Jardins do Oceano & Taipa Pequena,Taipa & Cotai,459,3542218.0,66570.0,28.42,0.507
2026,7,2,02:00,東望洋區(松山區),Ferreira do Amaral (Guia),Macau Peninsula,404,3542218.0,155940.0,66.58,1.577
2026,7,2,02:00,大學及北安灣區,Universidade & Baía de Pac On,Taipa & Cotai,262,3542218.0,66570.0,28.42,0.507
2026,7,3,03:00,新橋區,Barca,Macau Peninsula,1153,3542218.0,155940.0,66.58,1.577
2026,7,3,03:00,中區,Baixa de Macau,Macau Peninsula,5659,3542218.0,155940.0,66.58,1.577
2026,7,3,03:00,氹仔中心區,Baixa da Taipa,Taipa & Cotai,4431,3542218.0,66570.0,28.42,0.507
2026,7,3,03:00,台山區,Tamagnini Barbosa,Macau Peninsula,1522,3542218.0,155940.0,66.58,1.577
2026,7,3,03:00,黑沙環新填海區,Novos Aterros da Areia Preta,Macau Peninsula,1426,3542218.0,155940.0,66.58,1.577
2026,7,3,03:00,望廈及水塘區,Móng Há & Reservatório,Macau Peninsula,837,3542218.0,155940.0,66.58,1.577
2026,7,3,03:00,外港及南灣湖新填海區,Novos Aterros do Porto Exterior & Aterros da Baía da Praia Grande,Macau Peninsula,10658,3542218.0,155940.0,66.58,1.577
2026,7,3,03:00,路氹填海區,COTAI Reclamation Area,Taipa & Cotai,61582,3542218.0,66570.0,28.42,0.507
2026,7,3,03:00,黑沙環及祐漢區,Areia Preta & Iao Hon,Macau Peninsula,1632,3542218.0,155940.0,66.58,1.577
2026,7,3,03:00,下環區,Barra/Manduco,Macau Peninsula,2522,3542218.0,155940.0,66.58,1.577
2026,7,3,03:00,荷蘭園區,Conselheiro Ferreira de Almeida,Macau Peninsula,830,3542218.0,155940.0,66.58,1.577
2026,7,3,03:00,林茂塘區,Doca do Lamau,Macau Peninsula,512,3542218.0,155940.0,66.58,1.577
2026,7,3,03:00,沙梨頭及大三巴區,Patane & São Paulo,Macau Peninsula,2713,3542218.0,155940.0,66.58,1.577
2026,7,3,03:00,新口岸區,Zona de Aterros do Porto Exterior,Macau Peninsula,13333,3542218.0,155940.0,66.58,1.577
2026,7,3,03:00,高士德及雅廉訪區,Horta e Costa & Ouvidor Arriaga,Macau Peninsula,658,3542218.0,155940.0,66.58,1.577
2026,7,3,03:00,筷子基區,Fai Chi Kei,Macau Peninsula,475,3542218.0,155940.0,66.58,1.577
2026,7,3,03:00,氹仔舊城及馬場區,Cidade & Hipódromo da Taipa,Taipa & Cotai,4063,3542218.0,66570.0,28.42,0.507
2026,7,3,03:00,路環區,Coloane,Coloane,1636,3542218.0,11693.0,4.99,2.988
2026,7,3,03:00,北安及大潭山區,Pac On & Taipa Grande,Taipa & Cotai,2848,3542218.0,66570.0,28.42,0.507
2026,7,3,03:00,青洲區,Ilha Verde,Macau Peninsula,304,3542218.0,155940.0,66.58,1.577
2026,7,3,03:00,南西灣及主教山區,Praia Grande & Penha,Macau Peninsula,1233,3542218.0,155940.0,66.58,1.577
2026,7,3,03:00,海洋及小潭山區,Jardins do Oceano & Taipa Pequena,Taipa & Cotai,423,3542218.0,66570.0,28.42,0.507
2026,7,3,03:00,東望洋區(松山區),Ferreira do Amaral (Guia),Macau Peninsula,403,3542218.0,155940.0,66.58,1.577
2026,7,3,03:00,大學及北安灣區,Universidade & Baía de Pac On,Taipa & Cotai,271,3542218.0,66570.0,28.42,0.507
2026,7,4,04:00,新橋區,Barca,Macau Peninsula,1149,3542218.0,155940.0,66.58,1.577
2026,7,4,04:00,中區,Baixa de Macau,Macau Peninsula,5421,3542218.0,155940.0,66.58,1.577
2026,7,4,04:00,氹仔中心區,Baixa da Taipa,Taipa & Cotai,4334,3542218.0,66570.0,28.42,0.507
2026,7,4,04:00,台山區,Tamagnini Barbosa,Macau Peninsula,1501,3542218.0,155940.0,66.58,1.577
2026,7,4,04:00,黑沙環新填海區,Novos Aterros da Areia Preta,Macau Peninsula,1381,3542218.0,155940.0,66.58,1.577
2026,7,4,04:00,望廈及水塘區,Móng Há & Reservatório,Macau Peninsula,826,3542218.0,155940.0,66.58,1.577
2026,7,4,04:00,外港及南灣湖新填海區,Novos Aterros do Porto Exterior & Aterros da Baía da Praia Grande,Macau Peninsula,10185,3542218.0,155940.0,66.58,1.577
2026,7,4,04:00,路氹填海區,COTAI Reclamation Area,Taipa & Cotai,61063,3542218.0,66570.0,28.42,0.507
2026,7,4,04:00,黑沙環及祐漢區,Areia Preta & Iao Hon,Macau Peninsula,1641,3542218.0,155940.0,66.58,1.577
2026,7,4,04:00,下環區,Barra/Manduco,Macau Peninsula,2513,3542218.0,155940.0,66.58,1.577
2026,7,4,04:00,荷蘭園區,Conselheiro Ferreira de Almeida,Macau Peninsula,832,3542218.0,155940.0,66.58,1.577
2026,7,4,04:00,林茂塘區,Doca do Lamau,Macau Peninsula,511,3542218.0,155940.0,66.58,1.577
2026,7,4,04:00,沙梨頭及大三巴區,Patane & São Paulo,Macau Peninsula,2704,3542218.0,155940.0,66.58,1.577
2026,7,4,04:00,新口岸區,Zona de Aterros do Porto Exterior,Macau Peninsula,13563,3542218.0,155940.0,66.58,1.577
2026,7,4,04:00,高士德及雅廉訪區,Horta e Costa & Ouvidor Arriaga,Macau Peninsula,662,3542218.0,155940.0,66.58,1.577
2026,7,4,04:00,筷子基區,Fai Chi Kei,Macau Peninsula,459,3542218.0,155940.0,66.58,1.577
2026,7,4,04:00,氹仔舊城及馬場區,Cidade & Hipódromo da Taipa,Taipa & Cotai,3964,3542218.0,66570.0,28.42,0.507
2026,7,4,04:00,路環區,Coloane,Coloane,1606,3542218.0,11693.0,4.99,2.988
2026,7,4,04:00,北安及大潭山區,Pac On & Taipa Grande,Taipa & Cotai,2785,3542218.0,66570.0,28.42,0.507
2026,7,4,04:00,青洲區,Ilha Verde,Macau Peninsula,301,3542218.0,155940.0,66.58,1.577
2026,7,4,04:00,南西灣及主教山區,Praia Grande & Penha,Macau Peninsula,1244,3542218.0,155940.0,66.58,1.577
2026,7,4,04:00,海洋及小潭山區,Jardins do Oceano & Taipa Pequena,Taipa & Cotai,401,3542218.0,66570.0,28.42,0.507
2026,7,4,04:00,東望洋區(松山區),Ferreira do Amaral (Guia),Macau Peninsula,399,3542218.0,155940.0,66.58,1.577
2026,7,4,04:00,大學及北安灣區,Universidade & Baía de Pac On,Taipa & Cotai,276,3542218.0,66570.0,28.42,0.507
2026,7,5,05:00,新橋區,Barca,Macau Peninsula,1144,3542218.0,155940.0,66.58,1.577
2026,7,5,05:00,中區,Baixa de Macau,Macau Peninsula,5231,3542218.0,155940.0,66.58,1.577
2026,7,5,05:00,氹仔中心區,Baixa da Taipa,Taipa & Cotai,4296,3542218.0,66570.0,28.42,0.507
2026,7,5,05:00,台山區,Tamagnini Barbosa,Macau Peninsula,1483,3542218.0,155940.0,66.58,1.577
2026,7,5,05:00,黑沙環新填海區,Novos Aterros da Areia Preta,Macau Peninsula,1362,3542218.0,155940.0,66.58,1.577
2026,7,5,05:00,望廈及水塘區,Móng Há & Reservatório,Macau Peninsula,829,3542218.0,155940.0,66.58,1.577
2026,7,5,05:00,外港及南灣湖新填海區,Novos Aterros do Porto Exterior & Aterros da Baía da Praia Grande,Macau Peninsula,9750,3542218.0,155940.0,66.58,1.577
2026,7,5,05:00,路氹填海區,COTAI Reclamation Area,Taipa & Cotai,60450,3542218.0,66570.0,28.42,0.507
2026,7,5,05:00,黑沙環及祐漢區,Areia Preta & Iao Hon,Macau Peninsula,1655,3542218.0,155940.0,66.58,1.577
2026,7,5,05:00,下環區,Barra/Manduco,Macau Peninsula,2530,3542218.0,155940.0,66.58,1.577
2026,7,5,05:00,荷蘭園區,Conselheiro Ferreira de Almeida,Macau Peninsula,836,3542218.0,155940.0,66.58,1.577
2026,7,5,05:00,林茂塘區,Doca do Lamau,Macau Peninsula,518,3542218.0,155940.0,66.58,1.577
2026,7,5,05:00,沙梨頭及大三巴區,Patane & São Paulo,Macau Peninsula,2729,3542218.0,155940.0,66.58,1.577
2026,7,5,05:00,新口岸區,Zona de Aterros do Porto Exterior,Macau Peninsula,13688,3542218.0,155940.0,66.58,1.577
2026,7,5,05:00,高士德及雅廉訪區,Horta e Costa & Ouvidor Arriaga,Macau Peninsula,672,3542218.0,155940.0,66.58,1.577
2026,7,5,05:00,筷子基區,Fai Chi Kei,Macau Peninsula,455,3542218.0,155940.0,66.58,1.577
2026,7,5,05:00,氹仔舊城及馬場區,Cidade & Hipódromo da Taipa,Taipa & Cotai,3901,3542218.0,66570.0,28.42,0.507
2026,7,5,05:00,路環區,Coloane,Coloane,1598,3542218.0,11693.0,4.99,2.988
2026,7,5,05:00,北安及大潭山區,Pac On & Taipa Grande,Taipa & Cotai,2743,3542218.0,66570.0,28.42,0.507
2026,7,5,05:00,青洲區,Ilha Verde,Macau Peninsula,303,3542218.0,155940.0,66.58,1.577
2026,7,5,05:00,南西灣及主教山區,Praia Grande & Penha,Macau Peninsula,1241,3542218.0,155940.0,66.58,1.577
2026,7,5,05:00,海洋及小潭山區,Jardins do Oceano & Taipa Pequena,Taipa & Cotai,386,3542218.0,66570.0,28.42,0.507
2026,7,5,05:00,東望洋區(松山區),Ferreira do Amaral (Guia),Macau Peninsula,404,3542218.0,155940.0,66.58,1.577
2026,7,5,05:00,大學及北安灣區,Universidade & Baía de Pac On,Taipa & Cotai,281,3542218.0,66570.0,28.42,0.507
2026,7,6,06:00,新橋區,Barca,Macau Peninsula,1150,3542218.0,155940.0,66.58,1.577
2026,7,6,06:00,中區,Baixa de Macau,Macau Peninsula,5099,3542218.0,155940.0,66.58,1.577
2026,7,6,06:00,氹仔中心區,Baixa da Taipa,Taipa & Cotai,4284,3542218.0,66570.0,28.42,0.507
2026,7,6,06:00,台山區,Tamagnini Barbosa,Macau Peninsula,1519,3542218.0,155940.0,66.58,1.577
2026,7,6,06:00,黑沙環新填海區,Novos Aterros da Areia Preta,Macau Peninsula,1350,3542218.0,155940.0,66.58,1.577
2026,7,6,06:00,望廈及水塘區,Móng Há & Reservatório,Macau Peninsula,833,3542218.0,155940.0,66.58,1.577
2026,7,6,06:00,外港及南灣湖新填海區,Novos Aterros do Porto Exterior & Aterros da Baía da Praia Grande,Macau Peninsula,9489,3542218.0,155940.0,66.58,1.577
2026,7,6,06:00,路氹填海區,COTAI Reclamation Area,Taipa & Cotai,60108,3542218.0,66570.0,28.42,0.507
2026,7,6,06:00,黑沙環及祐漢區,Areia Preta & Iao Hon,Macau Peninsula,1666,3542218.0,155940.0,66.58,1.577
2026,7,6,06:00,下環區,Barra/Manduco,Macau Peninsula,2532,3542218.0,155940.0,66.58,1.577
2026,7,6,06:00,荷蘭園區,Conselheiro Ferreira de Almeida,Macau Peninsula,839,3542218.0,155940.0,66.58,1.577
2026,7,6,06:00,林茂塘區,Doca do Lamau,Macau Peninsula,514,3542218.0,155940.0,66.58,1.577
2026,7,6,06:00,沙梨頭及大三巴區,Patane & São Paulo,Macau Peninsula,2770,3542218.0,155940.0,66.58,1.577
2026,7,6,06:00,新口岸區,Zona de Aterros do Porto Exterior,Macau Peninsula,13800,3542218.0,155940.0,66.58,1.577
2026,7,6,06:00,高士德及雅廉訪區,Horta e Costa & Ouvidor Arriaga,Macau Peninsula,679,3542218.0,155940.0,66.58,1.577
2026,7,6,06:00,筷子基區,Fai Chi Kei,Macau Peninsula,464,3542218.0,155940.0,66.58,1.577
2026,7,6,06:00,氹仔舊城及馬場區,Cidade & Hipódromo da Taipa,Taipa & Cotai,3857,3542218.0,66570.0,28.42,0.507
2026,7,6,06:00,路環區,Coloane,Coloane,1617,3542218.0,11693.0,4.99,2.988
2026,7,6,06:00,北安及大潭山區,Pac On & Taipa Grande,Taipa & Cotai,2782,3542218.0,66570.0,28.42,0.507
2026,7,6,06:00,青洲區,Ilha Verde,Macau Peninsula,301,3542218.0,155940.0,66.58,1.577
2026,7,6,06:00,南西灣及主教山區,Praia Grande & Penha,Macau Peninsula,1234,3542218.0,155940.0,66.58,1.577
2026,7,6,06:00,海洋及小潭山區,Jardins do Oceano & Taipa Pequena,Taipa & Cotai,379,3542218.0,66570.0,28.42,0.507
2026,7,6,06:00,東望洋區(松山區),Ferreira do Amaral (Guia),Macau Peninsula,413,3542218.0,155940.0,66.58,1.577
2026,7,6,06:00,大學及北安灣區,Universidade & Baía de Pac On,Taipa & Cotai,285,3542218.0,66570.0,28.42,0.507
2026,7,7,07:00,新橋區,Barca,Macau Peninsula,1169,3542218.0,155940.0,66.58,1.577
2026,7,7,07:00,中區,Baixa de Macau,Macau Peninsula,5102,3542218.0,155940.0,66.58,1.577
2026,7,7,07:00,氹仔中心區,Baixa da Taipa,Taipa & Cotai,4310,3542218.0,66570.0,28.42,0.507
2026,7,7,07:00,台山區,Tamagnini Barbosa,Macau Peninsula,1678,3542218.0,155940.0,66.58,1.577
2026,7,7,07:00,黑沙環新填海區,Novos Aterros da Areia Preta,Macau Peninsula,1379,3542218.0,155940.0,66.58,1.577
2026,7,7,07:00,望廈及水塘區,Móng Há & Reservatório,Macau Peninsula,846,3542218.0,155940.0,66.58,1.577
2026,7,7,07:00,外港及南灣湖新填海區,Novos Aterros do Porto Exterior & Aterros da Baía da Praia Grande,Macau Peninsula,9366,3542218.0,155940.0,66.58,1.577
2026,7,7,07:00,路氹填海區,COTAI Reclamation Area,Taipa & Cotai,59949,3542218.0,66570.0,28.42,0.507
2026,7,7,07:00,黑沙環及祐漢區,Areia Preta & Iao Hon,Macau Peninsula,2072,3542218.0,155940.0,66.58,1.577
2026,7,7,07:00,下環區,Barra/Manduco,Macau Peninsula,2565,3542218.0,155940.0,66.58,1.577
2026,7,7,07:00,荷蘭園區,Conselheiro Ferreira de Almeida,Macau Peninsula,848,3542218.0,155940.0,66.58,1.577
2026,7,7,07:00,林茂塘區,Doca do Lamau,Macau Peninsula,527,3542218.0,155940.0,66.58,1.577
2026,7,7,07:00,沙梨頭及大三巴區,Patane & São Paulo,Macau Peninsula,2720,3542218.0,155940.0,66.58,1.577
2026,7,7,07:00,新口岸區,Zona de Aterros do Porto Exterior,Macau Peninsula,13989,3542218.0,155940.0,66.58,1.577
2026,7,7,07:00,高士德及雅廉訪區,Horta e Costa & Ouvidor Arriaga,Macau Peninsula,685,3542218.0,155940.0,66.58,1.577
2026,7,7,07:00,筷子基區,Fai Chi Kei,Macau Peninsula,474,3542218.0,155940.0,66.58,1.577
2026,7,7,07:00,氹仔舊城及馬場區,Cidade & Hipódromo da Taipa,Taipa & Cotai,3895,3542218.0,66570.0,28.42,0.507
2026,7,7,07:00,路環區,Coloane,Coloane,1664,3542218.0,11693.0,4.99,2.988
2026,7,7,07:00,北安及大潭山區,Pac On & Taipa Grande,Taipa & Cotai,2819,3542218.0,66570.0,28.42,0.507
2026,7,7,07:00,青洲區,Ilha Verde,Macau Peninsula,312,3542218.0,155940.0,66.58,1.577
2026,7,7,07:00,南西灣及主教山區,Praia Grande & Penha,Macau Peninsula,1228,3542218.0,155940.0,66.58,1.577
2026,7,7,07:00,海洋及小潭山區,Jardins do Oceano & Taipa Pequena,Taipa & Cotai,403,3542218.0,66570.0,28.42,0.507
2026,7,7,07:00,東望洋區(松山區),Ferreira do Amaral (Guia),Macau Peninsula,407,3542218.0,155940.0,66.58,1.577
2026,7,7,07:00,大學及北安灣區,Universidade & Baía de Pac On,Taipa & Cotai,285,3542218.0,66570.0,28.42,0.507
2026,7,8,08:00,新橋區,Barca,Macau Peninsula,1190,3542218.0,155940.0,66.58,1.577
2026,7,8,08:00,中區,Baixa de Macau,Macau Peninsula,5162,3542218.0,155940.0,66.58,1.577
2026,7,8,08:00,氹仔中心區,Baixa da Taipa,Taipa & Cotai,4354,3542218.0,66570.0,28.42,0.507
2026,7,8,08:00,台山區,Tamagnini Barbosa,Macau Peninsula,1909,3542218.0,155940.0,66.58,1.577
2026,7,8,08:00,黑沙環新填海區,Novos Aterros da Areia Preta,Macau Peninsula,1475,3542218.0,155940.0,66.58,1.577
2026,7,8,08:00,望廈及水塘區,Móng Há & Reservatório,Macau Peninsula,899,3542218.0,155940.0,66.58,1.577
2026,7,8,08:00,外港及南灣湖新填海區,Novos Aterros do Porto Exterior & Aterros da Baía da Praia Grande,Macau Peninsula,9437,3542218.0,155940.0,66.58,1.577
2026,7,8,08:00,路氹填海區,COTAI Reclamation Area,Taipa & Cotai,60010,3542218.0,66570.0,28.42,0.507
2026,7,8,08:00,黑沙環及祐漢區,Areia Preta & Iao Hon,Macau Peninsula,2578,3542218.0,155940.0,66.58,1.577
2026,7,8,08:00,下環區,Barra/Manduco,Macau Peninsula,2609,3542218.0,155940.0,66.58,1.577
2026,7,8,08:00,荷蘭園區,Conselheiro Ferreira de Almeida,Macau Peninsula,882,3542218.0,155940.0,66.58,1.577
2026,7,8,08:00,林茂塘區,Doca do Lamau,Macau Peninsula,546,3542218.0,155940.0,66.58,1.577
2026,7,8,08:00,沙梨頭及大三巴區,Patane & São Paulo,Macau Peninsula,2762,3542218.0,155940.0,66.58,1.577
2026,7,8,08:00,新口岸區,Zona de Aterros do Porto Exterior,Macau Peninsula,14161,3542218.0,155940.0,66.58,1.577
2026,7,8,08:00,高士德及雅廉訪區,Horta e Costa & Ouvidor Arriaga,Macau Peninsula,691,3542218.0,155940.0,66.58,1.577
2026,7,8,08:00,筷子基區,Fai Chi Kei,Macau Peninsula,500,3542218.0,155940.0,66.58,1.577
2026,7,8,08:00,氹仔舊城及馬場區,Cidade & Hipódromo da Taipa,Taipa & Cotai,3998,3542218.0,66570.0,28.42,0.507
2026,7,8,08:00,路環區,Coloane,Coloane,1740,3542218.0,11693.0,4.99,2.988
2026,7,8,08:00,北安及大潭山區,Pac On & Taipa Grande,Taipa & Cotai,2878,3542218.0,66570.0,28.42,0.507
2026,7,8,08:00,青洲區,Ilha Verde,Macau Peninsula,358,3542218.0,155940.0,66.58,1.577
2026,7,8,08:00,南西灣及主教山區,Praia Grande & Penha,Macau Peninsula,1242,3542218.0,155940.0,66.58,1.577
2026,7,8,08:00,海洋及小潭山區,Jardins do Oceano & Taipa Pequena,Taipa & Cotai,437,3542218.0,66570.0,28.42,0.507
2026,7,8,08:00,東望洋區(松山區),Ferreira do Amaral (Guia),Macau Peninsula,438,3542218.0,155940.0,66.58,1.577
2026,7,8,08:00,大學及北安灣區,Universidade & Baía de Pac On,Taipa & Cotai,292,3542218.0,66570.0,28.42,0.507
2026,7,9,09:00,新橋區,Barca,Macau Peninsula,1205,3542218.0,155940.0,66.58,1.577
2026,7,9,09:00,中區,Baixa de Macau,Macau Peninsula,5440,3542218.0,155940.0,66.58,1.577
2026,7,9,09:00,氹仔中心區,Baixa da Taipa,Taipa & Cotai,4427,3542218.0,66570.0,28.42,0.507
2026,7,9,09:00,台山區,Tamagnini Barbosa,Macau Peninsula,2334,3542218.0,155940.0,66.58,1.577
2026,7,9,09:00,黑沙環新填海區,Novos Aterros da Areia Preta,Macau Peninsula,1605,3542218.0,155940.0,66.58,1.577
2026,7,9,09:00,望廈及水塘區,Móng Há & Reservatório,Macau Peninsula,1023,3542218.0,155940.0,66.58,1.577
2026,7,9,09:00,外港及南灣湖新填海區,Novos Aterros do Porto Exterior & Aterros da Baía da Praia Grande,Macau Peninsula,9764,3542218.0,155940.0,66.58,1.577
2026,7,9,09:00,路氹填海區,COTAI Reclamation Area,Taipa & Cotai,60698,3542218.0,66570.0,28.42,0.507
2026,7,9,09:00,黑沙環及祐漢區,Areia Preta & Iao Hon,Macau Peninsula,3539,3542218.0,155940.0,66.58,1.577
2026,7,9,09:00,下環區,Barra/Manduco,Macau Peninsula,2623,3542218.0,155940.0,66.58,1.577
2026,7,9,09:00,荷蘭園區,Conselheiro Ferreira de Almeida,Macau Peninsula,922,3542218.0,155940.0,66.58,1.577
2026,7,9,09:00,林茂塘區,Doca do Lamau,Macau Peninsula,568,3542218.0,155940.0,66.58,1.577
2026,7,9,09:00,沙梨頭及大三巴區,Patane & São Paulo,Macau Peninsula,2858,3542218.0,155940.0,66.58,1.577
2026,7,9,09:00,新口岸區,Zona de Aterros do Porto Exterior,Macau Peninsula,14351,3542218.0,155940.0,66.58,1.577
2026,7,9,09:00,高士德及雅廉訪區,Horta e Costa & Ouvidor Arriaga,Macau Peninsula,721,3542218.0,155940.0,66.58,1.577
2026,7,9,09:00,筷子基區,Fai Chi Kei,Macau Peninsula,597,3542218.0,155940.0,66.58,1.577
2026,7,9,09:00,氹仔舊城及馬場區,Cidade & Hipódromo da Taipa,Taipa & Cotai,4214,3542218.0,66570.0,28.42,0.507
2026,7,9,09:00,路環區,Coloane,Coloane,1912,3542218.0,11693.0,4.99,2.988
2026,7,9,09:00,北安及大潭山區,Pac On & Taipa Grande,Taipa & Cotai,3291,3542218.0,66570.0,28.42,0.507
2026,7,9,09:00,青洲區,Ilha Verde,Macau Peninsula,446,3542218.0,155940.0,66.58,1.577
2026,7,9,09:00,南西灣及主教山區,Praia Grande & Penha,Macau Peninsula,1256,3542218.0,155940.0,66.58,1.577
2026,7,9,09:00,海洋及小潭山區,Jardins do Oceano & Taipa Pequena,Taipa & Cotai,470,3542218.0,66570.0,28.42,0.507
2026,7,9,09:00,東望洋區(松山區),Ferreira do Amaral (Guia),Macau Peninsula,489,3542218.0,155940.0,66.58,1.577
2026,7,9,09:00,大學及北安灣區,Universidade & Baía de Pac On,Taipa & Cotai,304,3542218.0,66570.0,28.42,0.507
2026,7,10,10:00,新橋區,Barca,Macau Peninsula,1315,3542218.0,155940.0,66.58,1.577
2026,7,10,10:00,中區,Baixa de Macau,Macau Peninsula,6156,3542218.0,155940.0,66.58,1.577
2026,7,10,10:00,氹仔中心區,Baixa da Taipa,Taipa & Cotai,4433,3542218.0,66570.0,28.42,0.507
2026,7,10,10:00,台山區,Tamagnini Barbosa,Macau Peninsula,3136,3542218.0,155940.0,66.58,1.577
2026,7,10,10:00,黑沙環新填海區,Novos Aterros da Areia Preta,Macau Peninsula,1960,3542218.0,155940.0,66.58,1.577
2026,7,10,10:00,望廈及水塘區,Móng Há & Reservatório,Macau Peninsula,1395,3542218.0,155940.0,66.58,1.577
2026,7,10,10:00,外港及南灣湖新填海區,Novos Aterros do Porto Exterior & Aterros da Baía da Praia Grande,Macau Peninsula,10362,3542218.0,155940.0,66.58,1.577
2026,7,10,10:00,路氹填海區,COTAI Reclamation Area,Taipa & Cotai,61947,3542218.0,66570.0,28.42,0.507
2026,7,10,10:00,黑沙環及祐漢區,Areia Preta & Iao Hon,Macau Peninsula,6586,3542218.0,155940.0,66.58,1.577
2026,7,10,10:00,下環區,Barra/Manduco,Macau Peninsula,2619,3542218.0,155940.0,66.58,1.577
2026,7,10,10:00,荷蘭園區,Conselheiro Ferreira de Almeida,Macau Peninsula,1159,3542218.0,155940.0,66.58,1.577
2026,7,10,10:00,林茂塘區,Doca do Lamau,Macau Peninsula,606,3542218.0,155940.0,66.58,1.577
2026,7,10,10:00,沙梨頭及大三巴區,Patane & São Paulo,Macau Peninsula,3329,3542218.0,155940.0,66.58,1.577
2026,7,10,10:00,新口岸區,Zona de Aterros do Porto Exterior,Macau Peninsula,14371,3542218.0,155940.0,66.58,1.577
2026,7,10,10:00,高士德及雅廉訪區,Horta e Costa & Ouvidor Arriaga,Macau Peninsula,749,3542218.0,155940.0,66.58,1.577
2026,7,10,10:00,筷子基區,Fai Chi Kei,Macau Peninsula,600,3542218.0,155940.0,66.58,1.577
2026,7,10,10:00,氹仔舊城及馬場區,Cidade & Hipódromo da Taipa,Taipa & Cotai,4458,3542218.0,66570.0,28.42,0.507
2026,7,10,10:00,路環區,Coloane,Coloane,2098,3542218.0,11693.0,4.99,2.988
2026,7,10,10:00,北安及大潭山區,Pac On & Taipa Grande,Taipa & Cotai,4402,3542218.0,66570.0,28.42,0.507
2026,7,10,10:00,青洲區,Ilha Verde,Macau Peninsula,483,3542218.0,155940.0,66.58,1.577
2026,7,10,10:00,南西灣及主教山區,Praia Grande & Penha,Macau Peninsula,1249,3542218.0,155940.0,66.58,1.577
2026,7,10,10:00,海洋及小潭山區,Jardins do Oceano & Taipa Pequena,Taipa & Cotai,521,3542218.0,66570.0,28.42,0.507
2026,7,10,10:00,東望洋區(松山區),Ferreira do Amaral (Guia),Macau Peninsula,534,3542218.0,155940.0,66.58,1.577
2026,7,10,10:00,大學及北安灣區,Universidade & Baía de Pac On,Taipa & Cotai,399,3542218.0,66570.0,28.42,0.507
2026,7,11,11:00,新橋區,Barca,Macau Peninsula,1547,3542218.0,155940.0,66.58,1.577
2026,7,11,11:00,中區,Baixa de Macau,Macau Peninsula,7765,3542218.0,155940.0,66.58,1.577
2026,7,11,11:00,氹仔中心區,Baixa da Taipa,Taipa & Cotai,4278,3542218.0,66570.0,28.42,0.507
2026,7,11,11:00,台山區,Tamagnini Barbosa,Macau Peninsula,4104,3542218.0,155940.0,66.58,1.577
2026,7,11,11:00,黑沙環新填海區,Novos Aterros da Areia Preta,Macau Peninsula,2526,3542218.0,155940.0,66.58,1.577
2026,7,11,11:00,望廈及水塘區,Móng Há & Reservatório,Macau Peninsula,1807,3542218.0,155940.0,66.58,1.577
2026,7,11,11:00,外港及南灣湖新填海區,Novos Aterros do Porto Exterior & Aterros da Baía da Praia Grande,Macau Peninsula,11548,3542218.0,155940.0,66.58,1.577
2026,7,11,11:00,路氹填海區,COTAI Reclamation Area,Taipa & Cotai,64972,3542218.0,66570.0,28.42,0.507
2026,7,11,11:00,黑沙環及祐漢區,Areia Preta & Iao Hon,Macau Peninsula,9603,3542218.0,155940.0,66.58,1.577
2026,7,11,11:00,下環區,Barra/Manduco,Macau Peninsula,2686,3542218.0,155940.0,66.58,1.577
2026,7,11,11:00,荷蘭園區,Conselheiro Ferreira de Almeida,Macau Peninsula,1470,3542218.0,155940.0,66.58,1.577
2026,7,11,11:00,林茂塘區,Doca do Lamau,Macau Peninsula,670,3542218.0,155940.0,66.58,1.577
2026,7,11,11:00,沙梨頭及大三巴區,Patane & São Paulo,Macau Peninsula,4210,3542218.0,155940.0,66.58,1.577
2026,7,11,11:00,新口岸區,Zona de Aterros do Porto Exterior,Macau Peninsula,14318,3542218.0,155940.0,66.58,1.577
2026,7,11,11:00,高士德及雅廉訪區,Horta e Costa & Ouvidor Arriaga,Macau Peninsula,784,3542218.0,155940.0,66.58,1.577
2026,7,11,11:00,筷子基區,Fai Chi Kei,Macau Peninsula,646,3542218.0,155940.0,66.58,1.577
2026,7,11,11:00,氹仔舊城及馬場區,Cidade & Hipódromo da Taipa,Taipa & Cotai,4876,3542218.0,66570.0,28.42,0.507
2026,7,11,11:00,路環區,Coloane,Coloane,2334,3542218.0,11693.0,4.99,2.988
2026,7,11,11:00,北安及大潭山區,Pac On & Taipa Grande,Taipa & Cotai,6081,3542218.0,66570.0,28.42,0.507
2026,7,11,11:00,青洲區,Ilha Verde,Macau Peninsula,509,3542218.0,155940.0,66.58,1.577
2026,7,11,11:00,南西灣及主教山區,Praia Grande & Penha,Macau Peninsula,1187,3542218.0,155940.0,66.58,1.577
2026,7,11,11:00,海洋及小潭山區,Jardins do Oceano & Taipa Pequena,Taipa & Cotai,650,3542218.0,66570.0,28.42,0.507
2026,7,11,11:00,東望洋區(松山區),Ferreira do Amaral (Guia),Macau Peninsula,603,3542218.0,155940.0,66.58,1.577
2026,7,11,11:00,大學及北安灣區,Universidade & Baía de Pac On,Taipa & Cotai,494,3542218.0,66570.0,28.42,0.507
2026,7,12,12:00,新橋區,Barca,Macau Peninsula,1999,3542218.0,155940.0,66.58,1.577
2026,7,12,12:00,中區,Baixa de Macau,Macau Peninsula,10753,3542218.0,155940.0,66.58,1.577
2026,7,12,12:00,氹仔中心區,Baixa da Taipa,Taipa & Cotai,4241,3542218.0,66570.0,28.42,0.507
2026,7,12,12:00,台山區,Tamagnini Barbosa,Macau Peninsula,4511,3542218.0,155940.0,66.58,1.577
2026,7,12,12:00,黑沙環新填海區,Novos Aterros da Areia Preta,Macau Peninsula,2551,3542218.0,155940.0,66.58,1.577
2026,7,12,12:00,望廈及水塘區,Móng Há & Reservatório,Macau Peninsula,1925,3542218.0,155940.0,66.58,1.577
2026,7,12,12:00,外港及南灣湖新填海區,Novos Aterros do Porto Exterior & Aterros da Baía da Praia Grande,Macau Peninsula,13695,3542218.0,155940.0,66.58,1.577
2026,7,12,12:00,路氹填海區,COTAI Reclamation Area,Taipa & Cotai,69515,3542218.0,66570.0,28.42,0.507
2026,7,12,12:00,黑沙環及祐漢區,Areia Preta & Iao Hon,Macau Peninsula,9296,3542218.0,155940.0,66.58,1.577
2026,7,12,12:00,下環區,Barra/Manduco,Macau Peninsula,2874,3542218.0,155940.0,66.58,1.577
2026,7,12,12:00,荷蘭園區,Conselheiro Ferreira de Almeida,Macau Peninsula,1767,3542218.0,155940.0,66.58,1.577
2026,7,12,12:00,林茂塘區,Doca do Lamau,Macau Peninsula,757,3542218.0,155940.0,66.58,1.577
2026,7,12,12:00,沙梨頭及大三巴區,Patane & São Paulo,Macau Peninsula,5816,3542218.0,155940.0,66.58,1.577
2026,7,12,12:00,新口岸區,Zona de Aterros do Porto Exterior,Macau Peninsula,13959,3542218.0,155940.0,66.58,1.577
2026,7,12,12:00,高士德及雅廉訪區,Horta e Costa & Ouvidor Arriaga,Macau Peninsula,880,3542218.0,155940.0,66.58,1.577
2026,7,12,12:00,筷子基區,Fai Chi Kei,Macau Peninsula,733,3542218.0,155940.0,66.58,1.577
2026,7,12,12:00,氹仔舊城及馬場區,Cidade & Hipódromo da Taipa,Taipa & Cotai,5755,3542218.0,66570.0,28.42,0.507
2026,7,12,12:00,路環區,Coloane,Coloane,2669,3542218.0,11693.0,4.99,2.988
2026,7,12,12:00,北安及大潭山區,Pac On & Taipa Grande,Taipa & Cotai,7504,3542218.0,66570.0,28.42,0.507
2026,7,12,12:00,青洲區,Ilha Verde,Macau Peninsula,546,3542218.0,155940.0,66.58,1.577
2026,7,12,12:00,南西灣及主教山區,Praia Grande & Penha,Macau Peninsula,1165,3542218.0,155940.0,66.58,1.577
2026,7,12,12:00,海洋及小潭山區,Jardins do Oceano & Taipa Pequena,Taipa & Cotai,830,3542218.0,66570.0,28.42,0.507
2026,7,12,12:00,東望洋區(松山區),Ferreira do Amaral (Guia),Macau Peninsula,631,3542218.0,155940.0,66.58,1.577
2026,7,12,12:00,大學及北安灣區,Universidade & Baía de Pac On,Taipa & Cotai,515,3542218.0,66570.0,28.42,0.507
2026,7,13,13:00,新橋區,Barca,Macau Peninsula,2001,3542218.0,155940.0,66.58,1.577
2026,7,13,13:00,中區,Baixa de Macau,Macau Peninsula,13994,3542218.0,155940.0,66.58,1.577
2026,7,13,13:00,氹仔中心區,Baixa da Taipa,Taipa & Cotai,4512,3542218.0,66570.0,28.42,0.507
2026,7,13,13:00,台山區,Tamagnini Barbosa,Macau Peninsula,4285,3542218.0,155940.0,66.58,1.577
2026,7,13,13:00,黑沙環新填海區,Novos Aterros da Areia Preta,Macau Peninsula,2482,3542218.0,155940.0,66.58,1.577
2026,7,13,13:00,望廈及水塘區,Móng Há & Reservatório,Macau Peninsula,2047,3542218.0,155940.0,66.58,1.577
2026,7,13,13:00,外港及南灣湖新填海區,Novos Aterros do Porto Exterior & Aterros da Baía da Praia Grande,Macau Peninsula,16546,3542218.0,155940.0,66.58,1.577
2026,7,13,13:00,路氹填海區,COTAI Reclamation Area,Taipa & Cotai,73358,3542218.0,66570.0,28.42,0.507
2026,7,13,13:00,黑沙環及祐漢區,Areia Preta & Iao Hon,Macau Peninsula,8283,3542218.0,155940.0,66.58,1.577
2026,7,13,13:00,下環區,Barra/Manduco,Macau Peninsula,3302,3542218.0,155940.0,66.58,1.577
2026,7,13,13:00,荷蘭園區,Conselheiro Ferreira de Almeida,Macau Peninsula,1495,3542218.0,155940.0,66.58,1.577
2026,7,13,13:00,林茂塘區,Doca do Lamau,Macau Peninsula,835,3542218.0,155940.0,66.58,1.577
2026,7,13,13:00,沙梨頭及大三巴區,Patane & São Paulo,Macau Peninsula,5975,3542218.0,155940.0,66.58,1.577
2026,7,13,13:00,新口岸區,Zona de Aterros do Porto Exterior,Macau Peninsula,14092,3542218.0,155940.0,66.58,1.577
2026,7,13,13:00,高士德及雅廉訪區,Horta e Costa & Ouvidor Arriaga,Macau Peninsula,943,3542218.0,155940.0,66.58,1.577
2026,7,13,13:00,筷子基區,Fai Chi Kei,Macau Peninsula,829,3542218.0,155940.0,66.58,1.577
2026,7,13,13:00,氹仔舊城及馬場區,Cidade & Hipódromo da Taipa,Taipa & Cotai,7403,3542218.0,66570.0,28.42,0.507
2026,7,13,13:00,路環區,Coloane,Coloane,2880,3542218.0,11693.0,4.99,2.988
2026,7,13,13:00,北安及大潭山區,Pac On & Taipa Grande,Taipa & Cotai,7696,3542218.0,66570.0,28.42,0.507
2026,7,13,13:00,青洲區,Ilha Verde,Macau Peninsula,580,3542218.0,155940.0,66.58,1.577
2026,7,13,13:00,南西灣及主教山區,Praia Grande & Penha,Macau Peninsula,1416,3542218.0,155940.0,66.58,1.577
2026,7,13,13:00,海洋及小潭山區,Jardins do Oceano & Taipa Pequena,Taipa & Cotai,999,3542218.0,66570.0,28.42,0.507
2026,7,13,13:00,東望洋區(松山區),Ferreira do Amaral (Guia),Macau Peninsula,524,3542218.0,155940.0,66.58,1.577
2026,7,13,13:00,大學及北安灣區,Universidade & Baía de Pac On,Taipa & Cotai,464,3542218.0,66570.0,28.42,0.507
2026,7,14,14:00,新橋區,Barca,Macau Peninsula,2121,3542218.0,155940.0,66.58,1.577
2026,7,14,14:00,中區,Baixa de Macau,Macau Peninsula,16615,3542218.0,155940.0,66.58,1.577
2026,7,14,14:00,氹仔中心區,Baixa da Taipa,Taipa & Cotai,4737,3542218.0,66570.0,28.42,0.507
2026,7,14,14:00,台山區,Tamagnini Barbosa,Macau Peninsula,3758,3542218.0,155940.0,66.58,1.577
2026,7,14,14:00,黑沙環新填海區,Novos Aterros da Areia Preta,Macau Peninsula,2216,3542218.0,155940.0,66.58,1.577
2026,7,14,14:00,望廈及水塘區,Móng Há & Reservatório,Macau Peninsula,1899,3542218.0,155940.0,66.58,1.577
2026,7,14,14:00,外港及南灣湖新填海區,Novos Aterros do Porto Exterior & Aterros da Baía da Praia Grande,Macau Peninsula,17899,3542218.0,155940.0,66.58,1.577
2026,7,14,14:00,路氹填海區,COTAI Reclamation Area,Taipa & Cotai,76441,3542218.0,66570.0,28.42,0.507
2026,7,14,14:00,黑沙環及祐漢區,Areia Preta & Iao Hon,Macau Peninsula,7608,3542218.0,155940.0,66.58,1.577
2026,7,14,14:00,下環區,Barra/Manduco,Macau Peninsula,3211,3542218.0,155940.0,66.58,1.577
2026,7,14,14:00,荷蘭園區,Conselheiro Ferreira de Almeida,Macau Peninsula,1518,3542218.0,155940.0,66.58,1.577
2026,7,14,14:00,林茂塘區,Doca do Lamau,Macau Peninsula,889,3542218.0,155940.0,66.58,1.577
2026,7,14,14:00,沙梨頭及大三巴區,Patane & São Paulo,Macau Peninsula,6351,3542218.0,155940.0,66.58,1.577
2026,7,14,14:00,新口岸區,Zona de Aterros do Porto Exterior,Macau Peninsula,14746,3542218.0,155940.0,66.58,1.577
2026,7,14,14:00,高士德及雅廉訪區,Horta e Costa & Ouvidor Arriaga,Macau Peninsula,980,3542218.0,155940.0,66.58,1.577
2026,7,14,14:00,筷子基區,Fai Chi Kei,Macau Peninsula,917,3542218.0,155940.0,66.58,1.577
2026,7,14,14:00,氹仔舊城及馬場區,Cidade & Hipódromo da Taipa,Taipa & Cotai,9309,3542218.0,66570.0,28.42,0.507
2026,7,14,14:00,路環區,Coloane,Coloane,2855,3542218.0,11693.0,4.99,2.988
2026,7,14,14:00,北安及大潭山區,Pac On & Taipa Grande,Taipa & Cotai,7641,3542218.0,66570.0,28.42,0.507
2026,7,14,14:00,青洲區,Ilha Verde,Macau Peninsula,634,3542218.0,155940.0,66.58,1.577
2026,7,14,14:00,南西灣及主教山區,Praia Grande & Penha,Macau Peninsula,1185,3542218.0,155940.0,66.58,1.577
2026,7,14,14:00,海洋及小潭山區,Jardins do Oceano & Taipa Pequena,Taipa & Cotai,1007,3542218.0,66570.0,28.42,0.507
2026,7,14,14:00,東望洋區(松山區),Ferreira do Amaral (Guia),Macau Peninsula,481,3542218.0,155940.0,66.58,1.577
2026,7,14,14:00,大學及北安灣區,Universidade & Baía de Pac On,Taipa & Cotai,388,3542218.0,66570.0,28.42,0.507
2026,7,15,15:00,新橋區,Barca,Macau Peninsula,2163,3542218.0,155940.0,66.58,1.577
2026,7,15,15:00,中區,Baixa de Macau,Macau Peninsula,17575,3542218.0,155940.0,66.58,1.577
2026,7,15,15:00,氹仔中心區,Baixa da Taipa,Taipa & Cotai,4675,3542218.0,66570.0,28.42,0.507
2026,7,15,15:00,台山區,Tamagnini Barbosa,Macau Peninsula,3467,3542218.0,155940.0,66.58,1.577
2026,7,15,15:00,黑沙環新填海區,Novos Aterros da Areia Preta,Macau Peninsula,2127,3542218.0,155940.0,66.58,1.577
2026,7,15,15:00,望廈及水塘區,Móng Há & Reservatório,Macau Peninsula,1813,3542218.0,155940.0,66.58,1.577
2026,7,15,15:00,外港及南灣湖新填海區,Novos Aterros do Porto Exterior & Aterros da Baía da Praia Grande,Macau Peninsula,19746,3542218.0,155940.0,66.58,1.577
2026,7,15,15:00,路氹填海區,COTAI Reclamation Area,Taipa & Cotai,81645,3542218.0,66570.0,28.42,0.507
2026,7,15,15:00,黑沙環及祐漢區,Areia Preta & Iao Hon,Macau Peninsula,6820,3542218.0,155940.0,66.58,1.577
2026,7,15,15:00,下環區,Barra/Manduco,Macau Peninsula,3156,3542218.0,155940.0,66.58,1.577
2026,7,15,15:00,荷蘭園區,Conselheiro Ferreira de Almeida,Macau Peninsula,1596,3542218.0,155940.0,66.58,1.577
2026,7,15,15:00,林茂塘區,Doca do Lamau,Macau Peninsula,819,3542218.0,155940.0,66.58,1.577
2026,7,15,15:00,沙梨頭及大三巴區,Patane & São Paulo,Macau Peninsula,6645,3542218.0,155940.0,66.58,1.577
2026,7,15,15:00,新口岸區,Zona de Aterros do Porto Exterior,Macau Peninsula,12460,3542218.0,155940.0,66.58,1.577
2026,7,15,15:00,高士德及雅廉訪區,Horta e Costa & Ouvidor Arriaga,Macau Peninsula,932,3542218.0,155940.0,66.58,1.577
2026,7,15,15:00,筷子基區,Fai Chi Kei,Macau Peninsula,791,3542218.0,155940.0,66.58,1.577
2026,7,15,15:00,氹仔舊城及馬場區,Cidade & Hipódromo da Taipa,Taipa & Cotai,10192,3542218.0,66570.0,28.42,0.507
2026,7,15,15:00,路環區,Coloane,Coloane,3016,3542218.0,11693.0,4.99,2.988
2026,7,15,15:00,北安及大潭山區,Pac On & Taipa Grande,Taipa & Cotai,7259,3542218.0,66570.0,28.42,0.507
2026,7,15,15:00,青洲區,Ilha Verde,Macau Peninsula,527,3542218.0,155940.0,66.58,1.577
2026,7,15,15:00,南西灣及主教山區,Praia Grande & Penha,Macau Peninsula,1197,3542218.0,155940.0,66.58,1.577
2026,7,15,15:00,海洋及小潭山區,Jardins do Oceano & Taipa Pequena,Taipa & Cotai,1062,3542218.0,66570.0,28.42,0.507
2026,7,15,15:00,東望洋區(松山區),Ferreira do Amaral (Guia),Macau Peninsula,495,3542218.0,155940.0,66.58,1.577
2026,7,15,15:00,大學及北安灣區,Universidade & Baía de Pac On,Taipa & Cotai,430,3542218.0,66570.0,28.42,0.507
2026,7,16,16:00,新橋區,Barca,Macau Peninsula,2079,3542218.0,155940.0,66.58,1.577
2026,7,16,16:00,中區,Baixa de Macau,Macau Peninsula,17272,3542218.0,155940.0,66.58,1.577
2026,7,16,16:00,氹仔中心區,Baixa da Taipa,Taipa & Cotai,4410,3542218.0,66570.0,28.42,0.507
2026,7,16,16:00,台山區,Tamagnini Barbosa,Macau Peninsula,3277,3542218.0,155940.0,66.58,1.577
2026,7,16,16:00,黑沙環新填海區,Novos Aterros da Areia Preta,Macau Peninsula,2004,3542218.0,155940.0,66.58,1.577
2026,7,16,16:00,望廈及水塘區,Móng Há & Reservatório,Macau Peninsula,1693,3542218.0,155940.0,66.58,1.577
2026,7,16,16:00,外港及南灣湖新填海區,Novos Aterros do Porto Exterior & Aterros da Baía da Praia Grande,Macau Peninsula,20159,3542218.0,155940.0,66.58,1.577
2026,7,16,16:00,路氹填海區,COTAI Reclamation Area,Taipa & Cotai,87551,3542218.0,66570.0,28.42,0.507
2026,7,16,16:00,黑沙環及祐漢區,Areia Preta & Iao Hon,Macau Peninsula,6386,3542218.0,155940.0,66.58,1.577
2026,7,16,16:00,下環區,Barra/Manduco,Macau Peninsula,2911,3542218.0,155940.0,66.58,1.577
2026,7,16,16:00,荷蘭園區,Conselheiro Ferreira de Almeida,Macau Peninsula,1600,3542218.0,155940.0,66.58,1.577
2026,7,16,16:00,林茂塘區,Doca do Lamau,Macau Peninsula,815,3542218.0,155940.0,66.58,1.577
2026,7,16,16:00,沙梨頭及大三巴區,Patane & São Paulo,Macau Peninsula,6350,3542218.0,155940.0,66.58,1.577
2026,7,16,16:00,新口岸區,Zona de Aterros do Porto Exterior,Macau Peninsula,11898,3542218.0,155940.0,66.58,1.577
2026,7,16,16:00,高士德及雅廉訪區,Horta e Costa & Ouvidor Arriaga,Macau Peninsula,857,3542218.0,155940.0,66.58,1.577
2026,7,16,16:00,筷子基區,Fai Chi Kei,Macau Peninsula,690,3542218.0,155940.0,66.58,1.577
2026,7,16,16:00,氹仔舊城及馬場區,Cidade & Hipódromo da Taipa,Taipa & Cotai,9402,3542218.0,66570.0,28.42,0.507
2026,7,16,16:00,路環區,Coloane,Coloane,3093,3542218.0,11693.0,4.99,2.988
2026,7,16,16:00,北安及大潭山區,Pac On & Taipa Grande,Taipa & Cotai,7069,3542218.0,66570.0,28.42,0.507
2026,7,16,16:00,青洲區,Ilha Verde,Macau Peninsula,512,3542218.0,155940.0,66.58,1.577
2026,7,16,16:00,南西灣及主教山區,Praia Grande & Penha,Macau Peninsula,1254,3542218.0,155940.0,66.58,1.577
2026,7,16,16:00,海洋及小潭山區,Jardins do Oceano & Taipa Pequena,Taipa & Cotai,1016,3542218.0,66570.0,28.42,0.507
2026,7,16,16:00,東望洋區(松山區),Ferreira do Amaral (Guia),Macau Peninsula,528,3542218.0,155940.0,66.58,1.577
2026,7,16,16:00,大學及北安灣區,Universidade & Baía de Pac On,Taipa & Cotai,441,3542218.0,66570.0,28.42,0.507
2026,7,17,17:00,新橋區,Barca,Macau Peninsula,1945,3542218.0,155940.0,66.58,1.577
2026,7,17,17:00,中區,Baixa de Macau,Macau Peninsula,15943,3542218.0,155940.0,66.58,1.577
2026,7,17,17:00,氹仔中心區,Baixa da Taipa,Taipa & Cotai,4212,3542218.0,66570.0,28.42,0.507
2026,7,17,17:00,台山區,Tamagnini Barbosa,Macau Peninsula,3198,3542218.0,155940.0,66.58,1.577
2026,7,17,17:00,黑沙環新填海區,Novos Aterros da Areia Preta,Macau Peninsula,1980,3542218.0,155940.0,66.58,1.577
2026,7,17,17:00,望廈及水塘區,Móng Há & Reservatório,Macau Peninsula,1574,3542218.0,155940.0,66.58,1.577
2026,7,17,17:00,外港及南灣湖新填海區,Novos Aterros do Porto Exterior & Aterros da Baía da Praia Grande,Macau Peninsula,19292,3542218.0,155940.0,66.58,1.577
2026,7,17,17:00,路氹填海區,COTAI Reclamation Area,Taipa & Cotai,91533,3542218.0,66570.0,28.42,0.507
2026,7,17,17:00,黑沙環及祐漢區,Areia Preta & Iao Hon,Macau Peninsula,6141,3542218.0,155940.0,66.58,1.577
2026,7,17,17:00,下環區,Barra/Manduco,Macau Peninsula,2747,3542218.0,155940.0,66.58,1.577
2026,7,17,17:00,荷蘭園區,Conselheiro Ferreira de Almeida,Macau Peninsula,1565,3542218.0,155940.0,66.58,1.577
2026,7,17,17:00,林茂塘區,Doca do Lamau,Macau Peninsula,819,3542218.0,155940.0,66.58,1.577
2026,7,17,17:00,沙梨頭及大三巴區,Patane & São Paulo,Macau Peninsula,5790,3542218.0,155940.0,66.58,1.577
2026,7,17,17:00,新口岸區,Zona de Aterros do Porto Exterior,Macau Peninsula,11969,3542218.0,155940.0,66.58,1.577
2026,7,17,17:00,高士德及雅廉訪區,Horta e Costa & Ouvidor Arriaga,Macau Peninsula,844,3542218.0,155940.0,66.58,1.577
2026,7,17,17:00,筷子基區,Fai Chi Kei,Macau Peninsula,687,3542218.0,155940.0,66.58,1.577
2026,7,17,17:00,氹仔舊城及馬場區,Cidade & Hipódromo da Taipa,Taipa & Cotai,8590,3542218.0,66570.0,28.42,0.507
2026,7,17,17:00,路環區,Coloane,Coloane,2995,3542218.0,11693.0,4.99,2.988
2026,7,17,17:00,北安及大潭山區,Pac On & Taipa Grande,Taipa & Cotai,7714,3542218.0,66570.0,28.42,0.507
2026,7,17,17:00,青洲區,Ilha Verde,Macau Peninsula,527,3542218.0,155940.0,66.58,1.577
2026,7,17,17:00,南西灣及主教山區,Praia Grande & Penha,Macau Peninsula,1235,3542218.0,155940.0,66.58,1.577
2026,7,17,17:00,海洋及小潭山區,Jardins do Oceano & Taipa Pequena,Taipa & Cotai,974,3542218.0,66570.0,28.42,0.507
2026,7,17,17:00,東望洋區(松山區),Ferreira do Amaral (Guia),Macau Peninsula,530,3542218.0,155940.0,66.58,1.577
2026,7,17,17:00,大學及北安灣區,Universidade & Baía de Pac On,Taipa & Cotai,437,3542218.0,66570.0,28.42,0.507
2026,7,18,18:00,新橋區,Barca,Macau Peninsula,1752,3542218.0,155940.0,66.58,1.577
2026,7,18,18:00,中區,Baixa de Macau,Macau Peninsula,14233,3542218.0,155940.0,66.58,1.577
2026,7,18,18:00,氹仔中心區,Baixa da Taipa,Taipa & Cotai,4155,3542218.0,66570.0,28.42,0.507
2026,7,18,18:00,台山區,Tamagnini Barbosa,Macau Peninsula,3175,3542218.0,155940.0,66.58,1.577
2026,7,18,18:00,黑沙環新填海區,Novos Aterros da Areia Preta,Macau Peninsula,2016,3542218.0,155940.0,66.58,1.577
2026,7,18,18:00,望廈及水塘區,Móng Há & Reservatório,Macau Peninsula,1508,3542218.0,155940.0,66.58,1.577
2026,7,18,18:00,外港及南灣湖新填海區,Novos Aterros do Porto Exterior & Aterros da Baía da Praia Grande,Macau Peninsula,18120,3542218.0,155940.0,66.58,1.577
2026,7,18,18:00,路氹填海區,COTAI Reclamation Area,Taipa & Cotai,91559,3542218.0,66570.0,28.42,0.507
2026,7,18,18:00,黑沙環及祐漢區,Areia Preta & Iao Hon,Macau Peninsula,5967,3542218.0,155940.0,66.58,1.577
2026,7,18,18:00,下環區,Barra/Manduco,Macau Peninsula,2667,3542218.0,155940.0,66.58,1.577
2026,7,18,18:00,荷蘭園區,Conselheiro Ferreira de Almeida,Macau Peninsula,1291,3542218.0,155940.0,66.58,1.577
2026,7,18,18:00,林茂塘區,Doca do Lamau,Macau Peninsula,830,3542218.0,155940.0,66.58,1.577
2026,7,18,18:00,沙梨頭及大三巴區,Patane & São Paulo,Macau Peninsula,4892,3542218.0,155940.0,66.58,1.577
2026,7,18,18:00,新口岸區,Zona de Aterros do Porto Exterior,Macau Peninsula,11956,3542218.0,155940.0,66.58,1.577
2026,7,18,18:00,高士德及雅廉訪區,Horta e Costa & Ouvidor Arriaga,Macau Peninsula,829,3542218.0,155940.0,66.58,1.577
2026,7,18,18:00,筷子基區,Fai Chi Kei,Macau Peninsula,643,3542218.0,155940.0,66.58,1.577
2026,7,18,18:00,氹仔舊城及馬場區,Cidade & Hipódromo da Taipa,Taipa & Cotai,8255,3542218.0,66570.0,28.42,0.507
2026,7,18,18:00,路環區,Coloane,Coloane,2754,3542218.0,11693.0,4.99,2.988
2026,7,18,18:00,北安及大潭山區,Pac On & Taipa Grande,Taipa & Cotai,7746,3542218.0,66570.0,28.42,0.507
2026,7,18,18:00,青洲區,Ilha Verde,Macau Peninsula,533,3542218.0,155940.0,66.58,1.577
2026,7,18,18:00,南西灣及主教山區,Praia Grande & Penha,Macau Peninsula,1170,3542218.0,155940.0,66.58,1.577
2026,7,18,18:00,海洋及小潭山區,Jardins do Oceano & Taipa Pequena,Taipa & Cotai,978,3542218.0,66570.0,28.42,0.507
2026,7,18,18:00,東望洋區(松山區),Ferreira do Amaral (Guia),Macau Peninsula,469,3542218.0,155940.0,66.58,1.577
2026,7,18,18:00,大學及北安灣區,Universidade & Baía de Pac On,Taipa & Cotai,374,3542218.0,66570.0,28.42,0.507
2026,7,19,19:00,新橋區,Barca,Macau Peninsula,1554,3542218.0,155940.0,66.58,1.577
2026,7,19,19:00,中區,Baixa de Macau,Macau Peninsula,12703,3542218.0,155940.0,66.58,1.577
2026,7,19,19:00,氹仔中心區,Baixa da Taipa,Taipa & Cotai,4326,3542218.0,66570.0,28.42,0.507
2026,7,19,19:00,台山區,Tamagnini Barbosa,Macau Peninsula,3059,3542218.0,155940.0,66.58,1.577
2026,7,19,19:00,黑沙環新填海區,Novos Aterros da Areia Preta,Macau Peninsula,2108,3542218.0,155940.0,66.58,1.577
2026,7,19,19:00,望廈及水塘區,Móng Há & Reservatório,Macau Peninsula,1429,3542218.0,155940.0,66.58,1.577
2026,7,19,19:00,外港及南灣湖新填海區,Novos Aterros do Porto Exterior & Aterros da Baía da Praia Grande,Macau Peninsula,16764,3542218.0,155940.0,66.58,1.577
2026,7,19,19:00,路氹填海區,COTAI Reclamation Area,Taipa & Cotai,90228,3542218.0,66570.0,28.42,0.507
2026,7,19,19:00,黑沙環及祐漢區,Areia Preta & Iao Hon,Macau Peninsula,5828,3542218.0,155940.0,66.58,1.577
2026,7,19,19:00,下環區,Barra/Manduco,Macau Peninsula,2740,3542218.0,155940.0,66.58,1.577
2026,7,19,19:00,荷蘭園區,Conselheiro Ferreira de Almeida,Macau Peninsula,1183,3542218.0,155940.0,66.58,1.577
2026,7,19,19:00,林茂塘區,Doca do Lamau,Macau Peninsula,830,3542218.0,155940.0,66.58,1.577
2026,7,19,19:00,沙梨頭及大三巴區,Patane & São Paulo,Macau Peninsula,4265,3542218.0,155940.0,66.58,1.577
2026,7,19,19:00,新口岸區,Zona de Aterros do Porto Exterior,Macau Peninsula,11882,3542218.0,155940.0,66.58,1.577
2026,7,19,19:00,高士德及雅廉訪區,Horta e Costa & Ouvidor Arriaga,Macau Peninsula,800,3542218.0,155940.0,66.58,1.577
2026,7,19,19:00,筷子基區,Fai Chi Kei,Macau Peninsula,659,3542218.0,155940.0,66.58,1.577
2026,7,19,19:00,氹仔舊城及馬場區,Cidade & Hipódromo da Taipa,Taipa & Cotai,8335,3542218.0,66570.0,28.42,0.507
2026,7,19,19:00,路環區,Coloane,Coloane,2546,3542218.0,11693.0,4.99,2.988
2026,7,19,19:00,北安及大潭山區,Pac On & Taipa Grande,Taipa & Cotai,7341,3542218.0,66570.0,28.42,0.507
2026,7,19,19:00,青洲區,Ilha Verde,Macau Peninsula,537,3542218.0,155940.0,66.58,1.577
2026,7,19,19:00,南西灣及主教山區,Praia Grande & Penha,Macau Peninsula,1091,3542218.0,155940.0,66.58,1.577
2026,7,19,19:00,海洋及小潭山區,Jardins do Oceano & Taipa Pequena,Taipa & Cotai,969,3542218.0,66570.0,28.42,0.507
2026,7,19,19:00,東望洋區(松山區),Ferreira do Amaral (Guia),Macau Peninsula,412,3542218.0,155940.0,66.58,1.577
2026,7,19,19:00,大學及北安灣區,Universidade & Baía de Pac On,Taipa & Cotai,318,3542218.0,66570.0,28.42,0.507
2026,7,20,20:00,新橋區,Barca,Macau Peninsula,1419,3542218.0,155940.0,66.58,1.577
2026,7,20,20:00,中區,Baixa de Macau,Macau Peninsula,10984,3542218.0,155940.0,66.58,1.577
2026,7,20,20:00,氹仔中心區,Baixa da Taipa,Taipa & Cotai,4810,3542218.0,66570.0,28.42,0.507
2026,7,20,20:00,台山區,Tamagnini Barbosa,Macau Peninsula,2854,3542218.0,155940.0,66.58,1.577
2026,7,20,20:00,黑沙環新填海區,Novos Aterros da Areia Preta,Macau Peninsula,2175,3542218.0,155940.0,66.58,1.577
2026,7,20,20:00,望廈及水塘區,Móng Há & Reservatório,Macau Peninsula,1347,3542218.0,155940.0,66.58,1.577
2026,7,20,20:00,外港及南灣湖新填海區,Novos Aterros do Porto Exterior & Aterros da Baía da Praia Grande,Macau Peninsula,16016,3542218.0,155940.0,66.58,1.577
2026,7,20,20:00,路氹填海區,COTAI Reclamation Area,Taipa & Cotai,85537,3542218.0,66570.0,28.42,0.507
2026,7,20,20:00,黑沙環及祐漢區,Areia Preta & Iao Hon,Macau Peninsula,5438,3542218.0,155940.0,66.58,1.577
2026,7,20,20:00,下環區,Barra/Manduco,Macau Peninsula,2941,3542218.0,155940.0,66.58,1.577
2026,7,20,20:00,荷蘭園區,Conselheiro Ferreira de Almeida,Macau Peninsula,1085,3542218.0,155940.0,66.58,1.577
2026,7,20,20:00,林茂塘區,Doca do Lamau,Macau Peninsula,830,3542218.0,155940.0,66.58,1.577
2026,7,20,20:00,沙梨頭及大三巴區,Patane & São Paulo,Macau Peninsula,3623,3542218.0,155940.0,66.58,1.577
2026,7,20,20:00,新口岸區,Zona de Aterros do Porto Exterior,Macau Peninsula,11780,3542218.0,155940.0,66.58,1.577
2026,7,20,20:00,高士德及雅廉訪區,Horta e Costa & Ouvidor Arriaga,Macau Peninsula,793,3542218.0,155940.0,66.58,1.577
2026,7,20,20:00,筷子基區,Fai Chi Kei,Macau Peninsula,679,3542218.0,155940.0,66.58,1.577
2026,7,20,20:00,氹仔舊城及馬場區,Cidade & Hipódromo da Taipa,Taipa & Cotai,8992,3542218.0,66570.0,28.42,0.507
2026,7,20,20:00,路環區,Coloane,Coloane,2365,3542218.0,11693.0,4.99,2.988
2026,7,20,20:00,北安及大潭山區,Pac On & Taipa Grande,Taipa & Cotai,7001,3542218.0,66570.0,28.42,0.507
2026,7,20,20:00,青洲區,Ilha Verde,Macau Peninsula,483,3542218.0,155940.0,66.58,1.577
2026,7,20,20:00,南西灣及主教山區,Praia Grande & Penha,Macau Peninsula,1002,3542218.0,155940.0,66.58,1.577
2026,7,20,20:00,海洋及小潭山區,Jardins do Oceano & Taipa Pequena,Taipa & Cotai,947,3542218.0,66570.0,28.42,0.507
2026,7,20,20:00,東望洋區(松山區),Ferreira do Amaral (Guia),Macau Peninsula,356,3542218.0,155940.0,66.58,1.577
2026,7,20,20:00,大學及北安灣區,Universidade & Baía de Pac On,Taipa & Cotai,306,3542218.0,66570.0,28.42,0.507
2026,7,21,21:00,新橋區,Barca,Macau Peninsula,1341,3542218.0,155940.0,66.58,1.577
2026,7,21,21:00,中區,Baixa de Macau,Macau Peninsula,9703,3542218.0,155940.0,66.58,1.577
2026,7,21,21:00,氹仔中心區,Baixa da Taipa,Taipa & Cotai,4982,3542218.0,66570.0,28.42,0.507
2026,7,21,21:00,台山區,Tamagnini Barbosa,Macau Peninsula,2729,3542218.0,155940.0,66.58,1.577
2026,7,21,21:00,黑沙環新填海區,Novos Aterros da Areia Preta,Macau Peninsula,2207,3542218.0,155940.0,66.58,1.577
2026,7,21,21:00,望廈及水塘區,Móng Há & Reservatório,Macau Peninsula,1260,3542218.0,155940.0,66.58,1.577
2026,7,21,21:00,外港及南灣湖新填海區,Novos Aterros do Porto Exterior & Aterros da Baía da Praia Grande,Macau Peninsula,15027,3542218.0,155940.0,66.58,1.577
2026,7,21,21:00,路氹填海區,COTAI Reclamation Area,Taipa & Cotai,80889,3542218.0,66570.0,28.42,0.507
2026,7,21,21:00,黑沙環及祐漢區,Areia Preta & Iao Hon,Macau Peninsula,5513,3542218.0,155940.0,66.58,1.577
2026,7,21,21:00,下環區,Barra/Manduco,Macau Peninsula,2960,3542218.0,155940.0,66.58,1.577
2026,7,21,21:00,荷蘭園區,Conselheiro Ferreira de Almeida,Macau Peninsula,994,3542218.0,155940.0,66.58,1.577
2026,7,21,21:00,林茂塘區,Doca do Lamau,Macau Peninsula,776,3542218.0,155940.0,66.58,1.577
2026,7,21,21:00,沙梨頭及大三巴區,Patane & São Paulo,Macau Peninsula,3031,3542218.0,155940.0,66.58,1.577
2026,7,21,21:00,新口岸區,Zona de Aterros do Porto Exterior,Macau Peninsula,11711,3542218.0,155940.0,66.58,1.577
2026,7,21,21:00,高士德及雅廉訪區,Horta e Costa & Ouvidor Arriaga,Macau Peninsula,760,3542218.0,155940.0,66.58,1.577
2026,7,21,21:00,筷子基區,Fai Chi Kei,Macau Peninsula,668,3542218.0,155940.0,66.58,1.577
2026,7,21,21:00,氹仔舊城及馬場區,Cidade & Hipódromo da Taipa,Taipa & Cotai,8353,3542218.0,66570.0,28.42,0.507
2026,7,21,21:00,路環區,Coloane,Coloane,2133,3542218.0,11693.0,4.99,2.988
2026,7,21,21:00,北安及大潭山區,Pac On & Taipa Grande,Taipa & Cotai,5798,3542218.0,66570.0,28.42,0.507
2026,7,21,21:00,青洲區,Ilha Verde,Macau Peninsula,477,3542218.0,155940.0,66.58,1.577
2026,7,21,21:00,南西灣及主教山區,Praia Grande & Penha,Macau Peninsula,849,3542218.0,155940.0,66.58,1.577
2026,7,21,21:00,海洋及小潭山區,Jardins do Oceano & Taipa Pequena,Taipa & Cotai,845,3542218.0,66570.0,28.42,0.507
2026,7,21,21:00,東望洋區(松山區),Ferreira do Amaral (Guia),Macau Peninsula,325,3542218.0,155940.0,66.58,1.577
2026,7,21,21:00,大學及北安灣區,Universidade & Baía de Pac On,Taipa & Cotai,321,3542218.0,66570.0,28.42,0.507
2026,7,22,22:00,新橋區,Barca,Macau Peninsula,1288,3542218.0,155940.0,66.58,1.577
2026,7,22,22:00,中區,Baixa de Macau,Macau Peninsula,8499,3542218.0,155940.0,66.58,1.577
2026,7,22,22:00,氹仔中心區,Baixa da Taipa,Taipa & Cotai,4794,3542218.0,66570.0,28.42,0.507
2026,7,22,22:00,台山區,Tamagnini Barbosa,Macau Peninsula,2483,3542218.0,155940.0,66.58,1.577
2026,7,22,22:00,黑沙環新填海區,Novos Aterros da Areia Preta,Macau Peninsula,2030,3542218.0,155940.0,66.58,1.577
2026,7,22,22:00,望廈及水塘區,Móng Há & Reservatório,Macau Peninsula,1160,3542218.0,155940.0,66.58,1.577
2026,7,22,22:00,外港及南灣湖新填海區,Novos Aterros do Porto Exterior & Aterros da Baía da Praia Grande,Macau Peninsula,14516,3542218.0,155940.0,66.58,1.577
2026,7,22,22:00,路氹填海區,COTAI Reclamation Area,Taipa & Cotai,77175,3542218.0,66570.0,28.42,0.507
2026,7,22,22:00,黑沙環及祐漢區,Areia Preta & Iao Hon,Macau Peninsula,4852,3542218.0,155940.0,66.58,1.577
2026,7,22,22:00,下環區,Barra/Manduco,Macau Peninsula,2703,3542218.0,155940.0,66.58,1.577
2026,7,22,22:00,荷蘭園區,Conselheiro Ferreira de Almeida,Macau Peninsula,911,3542218.0,155940.0,66.58,1.577
2026,7,22,22:00,林茂塘區,Doca do Lamau,Macau Peninsula,748,3542218.0,155940.0,66.58,1.577
2026,7,22,22:00,沙梨頭及大三巴區,Patane & São Paulo,Macau Peninsula,2685,3542218.0,155940.0,66.58,1.577
2026,7,22,22:00,新口岸區,Zona de Aterros do Porto Exterior,Macau Peninsula,11520,3542218.0,155940.0,66.58,1.577
2026,7,22,22:00,高士德及雅廉訪區,Horta e Costa & Ouvidor Arriaga,Macau Peninsula,712,3542218.0,155940.0,66.58,1.577
2026,7,22,22:00,筷子基區,Fai Chi Kei,Macau Peninsula,628,3542218.0,155940.0,66.58,1.577
2026,7,22,22:00,氹仔舊城及馬場區,Cidade & Hipódromo da Taipa,Taipa & Cotai,6908,3542218.0,66570.0,28.42,0.507
2026,7,22,22:00,路環區,Coloane,Coloane,1970,3542218.0,11693.0,4.99,2.988
2026,7,22,22:00,北安及大潭山區,Pac On & Taipa Grande,Taipa & Cotai,4885,3542218.0,66570.0,28.42,0.507
2026,7,22,22:00,青洲區,Ilha Verde,Macau Peninsula,447,3542218.0,155940.0,66.58,1.577
2026,7,22,22:00,南西灣及主教山區,Praia Grande & Penha,Macau Peninsula,906,3542218.0,155940.0,66.58,1.577
2026,7,22,22:00,海洋及小潭山區,Jardins do Oceano & Taipa Pequena,Taipa & Cotai,778,3542218.0,66570.0,28.42,0.507
2026,7,22,22:00,東望洋區(松山區),Ferreira do Amaral (Guia),Macau Peninsula,330,3542218.0,155940.0,66.58,1.577
2026,7,22,22:00,大學及北安灣區,Universidade & Baía de Pac On,Taipa & Cotai,290,3542218.0,66570.0,28.42,0.507
2026,7,23,23:00,新橋區,Barca,Macau Peninsula,1258,3542218.0,155940.0,66.58,1.577
2026,7,23,23:00,中區,Baixa de Macau,Macau Peninsula,7325,3542218.0,155940.0,66.58,1.577
2026,7,23,23:00,氹仔中心區,Baixa da Taipa,Taipa & Cotai,4604,3542218.0,66570.0,28.42,0.507
2026,7,23,23:00,台山區,Tamagnini Barbosa,Macau Peninsula,2078,3542218.0,155940.0,66.58,1.577
2026,7,23,23:00,黑沙環新填海區,Novos Aterros da Areia Preta,Macau Peninsula,1819,3542218.0,155940.0,66.58,1.577
2026,7,23,23:00,望廈及水塘區,Móng Há & Reservatório,Macau Peninsula,1063,3542218.0,155940.0,66.58,1.577
2026,7,23,23:00,外港及南灣湖新填海區,Novos Aterros do Porto Exterior & Aterros da Baía da Praia Grande,Macau Peninsula,13621,3542218.0,155940.0,66.58,1.577
2026,7,23,23:00,路氹填海區,COTAI Reclamation Area,Taipa & Cotai,72927,3542218.0,66570.0,28.42,0.507
2026,7,23,23:00,黑沙環及祐漢區,Areia Preta & Iao Hon,Macau Peninsula,3759,3542218.0,155940.0,66.58,1.577
2026,7,23,23:00,下環區,Barra/Manduco,Macau Peninsula,2535,3542218.0,155940.0,66.58,1.577
2026,7,23,23:00,荷蘭園區,Conselheiro Ferreira de Almeida,Macau Peninsula,842,3542218.0,155940.0,66.58,1.577
2026,7,23,23:00,林茂塘區,Doca do Lamau,Macau Peninsula,672,3542218.0,155940.0,66.58,1.577
2026,7,23,23:00,沙梨頭及大三巴區,Patane & São Paulo,Macau Peninsula,2592,3542218.0,155940.0,66.58,1.577
2026,7,23,23:00,新口岸區,Zona de Aterros do Porto Exterior,Macau Peninsula,11807,3542218.0,155940.0,66.58,1.577
2026,7,23,23:00,高士德及雅廉訪區,Horta e Costa & Ouvidor Arriaga,Macau Peninsula,686,3542218.0,155940.0,66.58,1.577
2026,7,23,23:00,筷子基區,Fai Chi Kei,Macau Peninsula,570,3542218.0,155940.0,66.58,1.577
2026,7,23,23:00,氹仔舊城及馬場區,Cidade & Hipódromo da Taipa,Taipa & Cotai,5342,3542218.0,66570.0,28.42,0.507
2026,7,23,23:00,路環區,Coloane,Coloane,1913,3542218.0,11693.0,4.99,2.988
2026,7,23,23:00,北安及大潭山區,Pac On & Taipa Grande,Taipa & Cotai,3865,3542218.0,66570.0,28.42,0.507
2026,7,23,23:00,青洲區,Ilha Verde,Macau Peninsula,433,3542218.0,155940.0,66.58,1.577
2026,7,23,23:00,南西灣及主教山區,Praia Grande & Penha,Macau Peninsula,1058,3542218.0,155940.0,66.58,1.577
2026,7,23,23:00,海洋及小潭山區,Jardins do Oceano & Taipa Pequena,Taipa & Cotai,733,3542218.0,66570.0,28.42,0.507
2026,7,23,23:00,東望洋區(松山區),Ferreira do Amaral (Guia),Macau Peninsula,366,3542218.0,155940.0,66.58,1.577
2026,7,23,23:00,大學及北安灣區,Universidade & Baía de Pac On,Taipa & Cotai,277,3542218.0,66570.0,28.42,0.507
2026,6,0,00:00,新橋區,Barca,Macau Peninsula,1285,2801152.0,155940.0,66.58,1.577
2026,6,0,00:00,中區,Baixa de Macau,Macau Peninsula,6082,2801152.0,155940.0,66.58,1.577
2026,6,0,00:00,氹仔中心區,Baixa da Taipa,Taipa & Cotai,4029,2801152.0,66570.0,28.42,0.507
2026,6,0,00:00,台山區,Tamagnini Barbosa,Macau Peninsula,1563,2801152.0,155940.0,66.58,1.577
2026,6,0,00:00,黑沙環新填海區,Novos Aterros da Areia Preta,Macau Peninsula,1708,2801152.0,155940.0,66.58,1.577
2026,6,0,00:00,望廈及水塘區,Móng Há & Reservatório,Macau Peninsula,973,2801152.0,155940.0,66.58,1.577
2026,6,0,00:00,外港及南灣湖新填海區,Novos Aterros do Porto Exterior & Aterros da Baía da Praia Grande,Macau Peninsula,11239,2801152.0,155940.0,66.58,1.577
2026,6,0,00:00,路氹填海區,COTAI Reclamation Area,Taipa & Cotai,54434,2801152.0,66570.0,28.42,0.507
2026,6,0,00:00,黑沙環及祐漢區,Areia Preta & Iao Hon,Macau Peninsula,2220,2801152.0,155940.0,66.58,1.577
2026,6,0,00:00,下環區,Barra/Manduco,Macau Peninsula,2212,2801152.0,155940.0,66.58,1.577
2026,6,0,00:00,荷蘭園區,Conselheiro Ferreira de Almeida,Macau Peninsula,808,2801152.0,155940.0,66.58,1.577
2026,6,0,00:00,林茂塘區,Doca do Lamau,Macau Peninsula,631,2801152.0,155940.0,66.58,1.577
2026,6,0,00:00,沙梨頭及大三巴區,Patane & São Paulo,Macau Peninsula,2330,2801152.0,155940.0,66.58,1.577
2026,6,0,00:00,新口岸區,Zona de Aterros do Porto Exterior,Macau Peninsula,9683,2801152.0,155940.0,66.58,1.577
2026,6,0,00:00,高士德及雅廉訪區,Horta e Costa & Ouvidor Arriaga,Macau Peninsula,612,2801152.0,155940.0,66.58,1.577
2026,6,0,00:00,筷子基區,Fai Chi Kei,Macau Peninsula,602,2801152.0,155940.0,66.58,1.577
2026,6,0,00:00,氹仔舊城及馬場區,Cidade & Hipódromo da Taipa,Taipa & Cotai,3390,2801152.0,66570.0,28.42,0.507
2026,6,0,00:00,路環區,Coloane,Coloane,1640,2801152.0,11693.0,4.99,2.988
2026,6,0,00:00,北安及大潭山區,Pac On & Taipa Grande,Taipa & Cotai,2207,2801152.0,66570.0,28.42,0.507
2026,6,0,00:00,青洲區,Ilha Verde,Macau Peninsula,392,2801152.0,155940.0,66.58,1.577
2026,6,0,00:00,南西灣及主教山區,Praia Grande & Penha,Macau Peninsula,954,2801152.0,155940.0,66.58,1.577
2026,6,0,00:00,海洋及小潭山區,Jardins do Oceano & Taipa Pequena,Taipa & Cotai,587,2801152.0,66570.0,28.42,0.507
2026,6,0,00:00,東望洋區(松山區),Ferreira do Amaral (Guia),Macau Peninsula,311,2801152.0,155940.0,66.58,1.577
2026,6,0,00:00,大學及北安灣區,Universidade & Baía de Pac On,Taipa & Cotai,251,2801152.0,66570.0,28.42,0.507
2026,6,1,01:00,新橋區,Barca,Macau Peninsula,1115,2801152.0,155940.0,66.58,1.577
2026,6,1,01:00,中區,Baixa de Macau,Macau Peninsula,5455,2801152.0,155940.0,66.58,1.577
2026,6,1,01:00,氹仔中心區,Baixa da Taipa,Taipa & Cotai,3728,2801152.0,66570.0,28.42,0.507
2026,6,1,01:00,台山區,Tamagnini Barbosa,Macau Peninsula,1322,2801152.0,155940.0,66.58,1.577
2026,6,1,01:00,黑沙環新填海區,Novos Aterros da Areia Preta,Macau Peninsula,1426,2801152.0,155940.0,66.58,1.577
2026,6,1,01:00,望廈及水塘區,Móng Há & Reservatório,Macau Peninsula,816,2801152.0,155940.0,66.58,1.577
2026,6,1,01:00,外港及南灣湖新填海區,Novos Aterros do Porto Exterior & Aterros da Baía da Praia Grande,Macau Peninsula,10252,2801152.0,155940.0,66.58,1.577
2026,6,1,01:00,路氹填海區,COTAI Reclamation Area,Taipa & Cotai,52580,2801152.0,66570.0,28.42,0.507
2026,6,1,01:00,黑沙環及祐漢區,Areia Preta & Iao Hon,Macau Peninsula,1577,2801152.0,155940.0,66.58,1.577
2026,6,1,01:00,下環區,Barra/Manduco,Macau Peninsula,2082,2801152.0,155940.0,66.58,1.577
2026,6,1,01:00,荷蘭園區,Conselheiro Ferreira de Almeida,Macau Peninsula,711,2801152.0,155940.0,66.58,1.577
2026,6,1,01:00,林茂塘區,Doca do Lamau,Macau Peninsula,500,2801152.0,155940.0,66.58,1.577
2026,6,1,01:00,沙梨頭及大三巴區,Patane & São Paulo,Macau Peninsula,2218,2801152.0,155940.0,66.58,1.577
2026,6,1,01:00,新口岸區,Zona de Aterros do Porto Exterior,Macau Peninsula,9754,2801152.0,155940.0,66.58,1.577
2026,6,1,01:00,高士德及雅廉訪區,Horta e Costa & Ouvidor Arriaga,Macau Peninsula,523,2801152.0,155940.0,66.58,1.577
2026,6,1,01:00,筷子基區,Fai Chi Kei,Macau Peninsula,496,2801152.0,155940.0,66.58,1.577
2026,6,1,01:00,氹仔舊城及馬場區,Cidade & Hipódromo da Taipa,Taipa & Cotai,3059,2801152.0,66570.0,28.42,0.507
2026,6,1,01:00,路環區,Coloane,Coloane,1472,2801152.0,11693.0,4.99,2.988
2026,6,1,01:00,北安及大潭山區,Pac On & Taipa Grande,Taipa & Cotai,1826,2801152.0,66570.0,28.42,0.507
2026,6,1,01:00,青洲區,Ilha Verde,Macau Peninsula,318,2801152.0,155940.0,66.58,1.577
2026,6,1,01:00,南西灣及主教山區,Praia Grande & Penha,Macau Peninsula,962,2801152.0,155940.0,66.58,1.577
2026,6,1,01:00,海洋及小潭山區,Jardins do Oceano & Taipa Pequena,Taipa & Cotai,465,2801152.0,66570.0,28.42,0.507
2026,6,1,01:00,東望洋區(松山區),Ferreira do Amaral (Guia),Macau Peninsula,297,2801152.0,155940.0,66.58,1.577
2026,6,1,01:00,大學及北安灣區,Universidade & Baía de Pac On,Taipa & Cotai,227,2801152.0,66570.0,28.42,0.507
2026,6,2,02:00,新橋區,Barca,Macau Peninsula,1121,2801152.0,155940.0,66.58,1.577
2026,6,2,02:00,中區,Baixa de Macau,Macau Peninsula,5223,2801152.0,155940.0,66.58,1.577
2026,6,2,02:00,氹仔中心區,Baixa da Taipa,Taipa & Cotai,3727,2801152.0,66570.0,28.42,0.507
2026,6,2,02:00,台山區,Tamagnini Barbosa,Macau Peninsula,1314,2801152.0,155940.0,66.58,1.577
2026,6,2,02:00,黑沙環新填海區,Novos Aterros da Areia Preta,Macau Peninsula,1405,2801152.0,155940.0,66.58,1.577
2026,6,2,02:00,望廈及水塘區,Móng Há & Reservatório,Macau Peninsula,788,2801152.0,155940.0,66.58,1.577
2026,6,2,02:00,外港及南灣湖新填海區,Novos Aterros do Porto Exterior & Aterros da Baía da Praia Grande,Macau Peninsula,9797,2801152.0,155940.0,66.58,1.577
2026,6,2,02:00,路氹填海區,COTAI Reclamation Area,Taipa & Cotai,52326,2801152.0,66570.0,28.42,0.507
2026,6,2,02:00,黑沙環及祐漢區,Areia Preta & Iao Hon,Macau Peninsula,1411,2801152.0,155940.0,66.58,1.577
2026,6,2,02:00,下環區,Barra/Manduco,Macau Peninsula,2116,2801152.0,155940.0,66.58,1.577
2026,6,2,02:00,荷蘭園區,Conselheiro Ferreira de Almeida,Macau Peninsula,722,2801152.0,155940.0,66.58,1.577
2026,6,2,02:00,林茂塘區,Doca do Lamau,Macau Peninsula,493,2801152.0,155940.0,66.58,1.577
2026,6,2,02:00,沙梨頭及大三巴區,Patane & São Paulo,Macau Peninsula,2269,2801152.0,155940.0,66.58,1.577
2026,6,2,02:00,新口岸區,Zona de Aterros do Porto Exterior,Macau Peninsula,10183,2801152.0,155940.0,66.58,1.577
2026,6,2,02:00,高士德及雅廉訪區,Horta e Costa & Ouvidor Arriaga,Macau Peninsula,537,2801152.0,155940.0,66.58,1.577
2026,6,2,02:00,筷子基區,Fai Chi Kei,Macau Peninsula,501,2801152.0,155940.0,66.58,1.577
2026,6,2,02:00,氹仔舊城及馬場區,Cidade & Hipódromo da Taipa,Taipa & Cotai,3005,2801152.0,66570.0,28.42,0.507
2026,6,2,02:00,路環區,Coloane,Coloane,1476,2801152.0,11693.0,4.99,2.988
2026,6,2,02:00,北安及大潭山區,Pac On & Taipa Grande,Taipa & Cotai,1767,2801152.0,66570.0,28.42,0.507
2026,6,2,02:00,青洲區,Ilha Verde,Macau Peninsula,320,2801152.0,155940.0,66.58,1.577
2026,6,2,02:00,南西灣及主教山區,Praia Grande & Penha,Macau Peninsula,1041,2801152.0,155940.0,66.58,1.577
2026,6,2,02:00,海洋及小潭山區,Jardins do Oceano & Taipa Pequena,Taipa & Cotai,428,2801152.0,66570.0,28.42,0.507
2026,6,2,02:00,東望洋區(松山區),Ferreira do Amaral (Guia),Macau Peninsula,300,2801152.0,155940.0,66.58,1.577
2026,6,2,02:00,大學及北安灣區,Universidade & Baía de Pac On,Taipa & Cotai,234,2801152.0,66570.0,28.42,0.507
2026,6,3,03:00,新橋區,Barca,Macau Peninsula,1119,2801152.0,155940.0,66.58,1.577
2026,6,3,03:00,中區,Baixa de Macau,Macau Peninsula,4979,2801152.0,155940.0,66.58,1.577
2026,6,3,03:00,氹仔中心區,Baixa da Taipa,Taipa & Cotai,3699,2801152.0,66570.0,28.42,0.507
2026,6,3,03:00,台山區,Tamagnini Barbosa,Macau Peninsula,1304,2801152.0,155940.0,66.58,1.577
2026,6,3,03:00,黑沙環新填海區,Novos Aterros da Areia Preta,Macau Peninsula,1386,2801152.0,155940.0,66.58,1.577
2026,6,3,03:00,望廈及水塘區,Móng Há & Reservatório,Macau Peninsula,781,2801152.0,155940.0,66.58,1.577
2026,6,3,03:00,外港及南灣湖新填海區,Novos Aterros do Porto Exterior & Aterros da Baía da Praia Grande,Macau Peninsula,9400,2801152.0,155940.0,66.58,1.577
2026,6,3,03:00,路氹填海區,COTAI Reclamation Area,Taipa & Cotai,52230,2801152.0,66570.0,28.42,0.507
2026,6,3,03:00,黑沙環及祐漢區,Areia Preta & Iao Hon,Macau Peninsula,1422,2801152.0,155940.0,66.58,1.577
2026,6,3,03:00,下環區,Barra/Manduco,Macau Peninsula,2117,2801152.0,155940.0,66.58,1.577
2026,6,3,03:00,荷蘭園區,Conselheiro Ferreira de Almeida,Macau Peninsula,731,2801152.0,155940.0,66.58,1.577
2026,6,3,03:00,林茂塘區,Doca do Lamau,Macau Peninsula,493,2801152.0,155940.0,66.58,1.577
2026,6,3,03:00,沙梨頭及大三巴區,Patane & São Paulo,Macau Peninsula,2299,2801152.0,155940.0,66.58,1.577
2026,6,3,03:00,新口岸區,Zona de Aterros do Porto Exterior,Macau Peninsula,10532,2801152.0,155940.0,66.58,1.577
2026,6,3,03:00,高士德及雅廉訪區,Horta e Costa & Ouvidor Arriaga,Macau Peninsula,545,2801152.0,155940.0,66.58,1.577
2026,6,3,03:00,筷子基區,Fai Chi Kei,Macau Peninsula,489,2801152.0,155940.0,66.58,1.577
2026,6,3,03:00,氹仔舊城及馬場區,Cidade & Hipódromo da Taipa,Taipa & Cotai,2959,2801152.0,66570.0,28.42,0.507
2026,6,3,03:00,路環區,Coloane,Coloane,1485,2801152.0,11693.0,4.99,2.988
2026,6,3,03:00,北安及大潭山區,Pac On & Taipa Grande,Taipa & Cotai,1760,2801152.0,66570.0,28.42,0.507
2026,6,3,03:00,青洲區,Ilha Verde,Macau Peninsula,317,2801152.0,155940.0,66.58,1.577
2026,6,3,03:00,南西灣及主教山區,Praia Grande & Penha,Macau Peninsula,1073,2801152.0,155940.0,66.58,1.577
2026,6,3,03:00,海洋及小潭山區,Jardins do Oceano & Taipa Pequena,Taipa & Cotai,405,2801152.0,66570.0,28.42,0.507
2026,6,3,03:00,東望洋區(松山區),Ferreira do Amaral (Guia),Macau Peninsula,301,2801152.0,155940.0,66.58,1.577
2026,6,3,03:00,大學及北安灣區,Universidade & Baía de Pac On,Taipa & Cotai,234,2801152.0,66570.0,28.42,0.507
2026,6,4,04:00,新橋區,Barca,Macau Peninsula,1123,2801152.0,155940.0,66.58,1.577
2026,6,4,04:00,中區,Baixa de Macau,Macau Peninsula,4763,2801152.0,155940.0,66.58,1.577
2026,6,4,04:00,氹仔中心區,Baixa da Taipa,Taipa & Cotai,3662,2801152.0,66570.0,28.42,0.507
2026,6,4,04:00,台山區,Tamagnini Barbosa,Macau Peninsula,1305,2801152.0,155940.0,66.58,1.577
2026,6,4,04:00,黑沙環新填海區,Novos Aterros da Areia Preta,Macau Peninsula,1361,2801152.0,155940.0,66.58,1.577
2026,6,4,04:00,望廈及水塘區,Móng Há & Reservatório,Macau Peninsula,770,2801152.0,155940.0,66.58,1.577
2026,6,4,04:00,外港及南灣湖新填海區,Novos Aterros do Porto Exterior & Aterros da Baía da Praia Grande,Macau Peninsula,8963,2801152.0,155940.0,66.58,1.577
2026,6,4,04:00,路氹填海區,COTAI Reclamation Area,Taipa & Cotai,51928,2801152.0,66570.0,28.42,0.507
2026,6,4,04:00,黑沙環及祐漢區,Areia Preta & Iao Hon,Macau Peninsula,1438,2801152.0,155940.0,66.58,1.577
2026,6,4,04:00,下環區,Barra/Manduco,Macau Peninsula,2123,2801152.0,155940.0,66.58,1.577
2026,6,4,04:00,荷蘭園區,Conselheiro Ferreira de Almeida,Macau Peninsula,742,2801152.0,155940.0,66.58,1.577
2026,6,4,04:00,林茂塘區,Doca do Lamau,Macau Peninsula,493,2801152.0,155940.0,66.58,1.577
2026,6,4,04:00,沙梨頭及大三巴區,Patane & São Paulo,Macau Peninsula,2299,2801152.0,155940.0,66.58,1.577
2026,6,4,04:00,新口岸區,Zona de Aterros do Porto Exterior,Macau Peninsula,10730,2801152.0,155940.0,66.58,1.577
2026,6,4,04:00,高士德及雅廉訪區,Horta e Costa & Ouvidor Arriaga,Macau Peninsula,545,2801152.0,155940.0,66.58,1.577
2026,6,4,04:00,筷子基區,Fai Chi Kei,Macau Peninsula,477,2801152.0,155940.0,66.58,1.577
2026,6,4,04:00,氹仔舊城及馬場區,Cidade & Hipódromo da Taipa,Taipa & Cotai,2916,2801152.0,66570.0,28.42,0.507
2026,6,4,04:00,路環區,Coloane,Coloane,1471,2801152.0,11693.0,4.99,2.988
2026,6,4,04:00,北安及大潭山區,Pac On & Taipa Grande,Taipa & Cotai,1674,2801152.0,66570.0,28.42,0.507
2026,6,4,04:00,青洲區,Ilha Verde,Macau Peninsula,315,2801152.0,155940.0,66.58,1.577
2026,6,4,04:00,南西灣及主教山區,Praia Grande & Penha,Macau Peninsula,1092,2801152.0,155940.0,66.58,1.577
2026,6,4,04:00,海洋及小潭山區,Jardins do Oceano & Taipa Pequena,Taipa & Cotai,383,2801152.0,66570.0,28.42,0.507
2026,6,4,04:00,東望洋區(松山區),Ferreira do Amaral (Guia),Macau Peninsula,302,2801152.0,155940.0,66.58,1.577
2026,6,4,04:00,大學及北安灣區,Universidade & Baía de Pac On,Taipa & Cotai,235,2801152.0,66570.0,28.42,0.507
2026,6,5,05:00,新橋區,Barca,Macau Peninsula,1129,2801152.0,155940.0,66.58,1.577
2026,6,5,05:00,中區,Baixa de Macau,Macau Peninsula,4578,2801152.0,155940.0,66.58,1.577
2026,6,5,05:00,氹仔中心區,Baixa da Taipa,Taipa & Cotai,3670,2801152.0,66570.0,28.42,0.507
2026,6,5,05:00,台山區,Tamagnini Barbosa,Macau Peninsula,1303,2801152.0,155940.0,66.58,1.577
2026,6,5,05:00,黑沙環新填海區,Novos Aterros da Areia Preta,Macau Peninsula,1349,2801152.0,155940.0,66.58,1.577
2026,6,5,05:00,望廈及水塘區,Móng Há & Reservatório,Macau Peninsula,776,2801152.0,155940.0,66.58,1.577
2026,6,5,05:00,外港及南灣湖新填海區,Novos Aterros do Porto Exterior & Aterros da Baía da Praia Grande,Macau Peninsula,8611,2801152.0,155940.0,66.58,1.577
2026,6,5,05:00,路氹填海區,COTAI Reclamation Area,Taipa & Cotai,51540,2801152.0,66570.0,28.42,0.507
2026,6,5,05:00,黑沙環及祐漢區,Areia Preta & Iao Hon,Macau Peninsula,1451,2801152.0,155940.0,66.58,1.577
2026,6,5,05:00,下環區,Barra/Manduco,Macau Peninsula,2133,2801152.0,155940.0,66.58,1.577
2026,6,5,05:00,荷蘭園區,Conselheiro Ferreira de Almeida,Macau Peninsula,742,2801152.0,155940.0,66.58,1.577
2026,6,5,05:00,林茂塘區,Doca do Lamau,Macau Peninsula,496,2801152.0,155940.0,66.58,1.577
2026,6,5,05:00,沙梨頭及大三巴區,Patane & São Paulo,Macau Peninsula,2305,2801152.0,155940.0,66.58,1.577
2026,6,5,05:00,新口岸區,Zona de Aterros do Porto Exterior,Macau Peninsula,10876,2801152.0,155940.0,66.58,1.577
2026,6,5,05:00,高士德及雅廉訪區,Horta e Costa & Ouvidor Arriaga,Macau Peninsula,559,2801152.0,155940.0,66.58,1.577
2026,6,5,05:00,筷子基區,Fai Chi Kei,Macau Peninsula,478,2801152.0,155940.0,66.58,1.577
2026,6,5,05:00,氹仔舊城及馬場區,Cidade & Hipódromo da Taipa,Taipa & Cotai,2859,2801152.0,66570.0,28.42,0.507
2026,6,5,05:00,路環區,Coloane,Coloane,1457,2801152.0,11693.0,4.99,2.988
2026,6,5,05:00,北安及大潭山區,Pac On & Taipa Grande,Taipa & Cotai,1652,2801152.0,66570.0,28.42,0.507
2026,6,5,05:00,青洲區,Ilha Verde,Macau Peninsula,314,2801152.0,155940.0,66.58,1.577
2026,6,5,05:00,南西灣及主教山區,Praia Grande & Penha,Macau Peninsula,1099,2801152.0,155940.0,66.58,1.577
2026,6,5,05:00,海洋及小潭山區,Jardins do Oceano & Taipa Pequena,Taipa & Cotai,369,2801152.0,66570.0,28.42,0.507
2026,6,5,05:00,東望洋區(松山區),Ferreira do Amaral (Guia),Macau Peninsula,304,2801152.0,155940.0,66.58,1.577
2026,6,5,05:00,大學及北安灣區,Universidade & Baía de Pac On,Taipa & Cotai,239,2801152.0,66570.0,28.42,0.507
2026,6,6,06:00,新橋區,Barca,Macau Peninsula,1131,2801152.0,155940.0,66.58,1.577
2026,6,6,06:00,中區,Baixa de Macau,Macau Peninsula,4464,2801152.0,155940.0,66.58,1.577
2026,6,6,06:00,氹仔中心區,Baixa da Taipa,Taipa & Cotai,3695,2801152.0,66570.0,28.42,0.507
2026,6,6,06:00,台山區,Tamagnini Barbosa,Macau Peninsula,1342,2801152.0,155940.0,66.58,1.577
2026,6,6,06:00,黑沙環新填海區,Novos Aterros da Areia Preta,Macau Peninsula,1350,2801152.0,155940.0,66.58,1.577
2026,6,6,06:00,望廈及水塘區,Móng Há & Reservatório,Macau Peninsula,784,2801152.0,155940.0,66.58,1.577
2026,6,6,06:00,外港及南灣湖新填海區,Novos Aterros do Porto Exterior & Aterros da Baía da Praia Grande,Macau Peninsula,8366,2801152.0,155940.0,66.58,1.577
2026,6,6,06:00,路氹填海區,COTAI Reclamation Area,Taipa & Cotai,51265,2801152.0,66570.0,28.42,0.507
2026,6,6,06:00,黑沙環及祐漢區,Areia Preta & Iao Hon,Macau Peninsula,1482,2801152.0,155940.0,66.58,1.577
2026,6,6,06:00,下環區,Barra/Manduco,Macau Peninsula,2140,2801152.0,155940.0,66.58,1.577
2026,6,6,06:00,荷蘭園區,Conselheiro Ferreira de Almeida,Macau Peninsula,750,2801152.0,155940.0,66.58,1.577
2026,6,6,06:00,林茂塘區,Doca do Lamau,Macau Peninsula,504,2801152.0,155940.0,66.58,1.577
2026,6,6,06:00,沙梨頭及大三巴區,Patane & São Paulo,Macau Peninsula,2326,2801152.0,155940.0,66.58,1.577
2026,6,6,06:00,新口岸區,Zona de Aterros do Porto Exterior,Macau Peninsula,10963,2801152.0,155940.0,66.58,1.577
2026,6,6,06:00,高士德及雅廉訪區,Horta e Costa & Ouvidor Arriaga,Macau Peninsula,563,2801152.0,155940.0,66.58,1.577
2026,6,6,06:00,筷子基區,Fai Chi Kei,Macau Peninsula,487,2801152.0,155940.0,66.58,1.577
2026,6,6,06:00,氹仔舊城及馬場區,Cidade & Hipódromo da Taipa,Taipa & Cotai,2847,2801152.0,66570.0,28.42,0.507
2026,6,6,06:00,路環區,Coloane,Coloane,1470,2801152.0,11693.0,4.99,2.988
2026,6,6,06:00,北安及大潭山區,Pac On & Taipa Grande,Taipa & Cotai,1656,2801152.0,66570.0,28.42,0.507
2026,6,6,06:00,青洲區,Ilha Verde,Macau Peninsula,315,2801152.0,155940.0,66.58,1.577
2026,6,6,06:00,南西灣及主教山區,Praia Grande & Penha,Macau Peninsula,1116,2801152.0,155940.0,66.58,1.577
2026,6,6,06:00,海洋及小潭山區,Jardins do Oceano & Taipa Pequena,Taipa & Cotai,368,2801152.0,66570.0,28.42,0.507
2026,6,6,06:00,東望洋區(松山區),Ferreira do Amaral (Guia),Macau Peninsula,308,2801152.0,155940.0,66.58,1.577
2026,6,6,06:00,大學及北安灣區,Universidade & Baía de Pac On,Taipa & Cotai,245,2801152.0,66570.0,28.42,0.507
2026,6,7,07:00,新橋區,Barca,Macau Peninsula,1154,2801152.0,155940.0,66.58,1.577
2026,6,7,07:00,中區,Baixa de Macau,Macau Peninsula,4433,2801152.0,155940.0,66.58,1.577
2026,6,7,07:00,氹仔中心區,Baixa da Taipa,Taipa & Cotai,3732,2801152.0,66570.0,28.42,0.507
2026,6,7,07:00,台山區,Tamagnini Barbosa,Macau Peninsula,1513,2801152.0,155940.0,66.58,1.577
2026,6,7,07:00,黑沙環新填海區,Novos Aterros da Areia Preta,Macau Peninsula,1383,2801152.0,155940.0,66.58,1.577
2026,6,7,07:00,望廈及水塘區,Móng Há & Reservatório,Macau Peninsula,807,2801152.0,155940.0,66.58,1.577
2026,6,7,07:00,外港及南灣湖新填海區,Novos Aterros do Porto Exterior & Aterros da Baía da Praia Grande,Macau Peninsula,8308,2801152.0,155940.0,66.58,1.577
2026,6,7,07:00,路氹填海區,COTAI Reclamation Area,Taipa & Cotai,51087,2801152.0,66570.0,28.42,0.507
2026,6,7,07:00,黑沙環及祐漢區,Areia Preta & Iao Hon,Macau Peninsula,1889,2801152.0,155940.0,66.58,1.577
2026,6,7,07:00,下環區,Barra/Manduco,Macau Peninsula,2177,2801152.0,155940.0,66.58,1.577
2026,6,7,07:00,荷蘭園區,Conselheiro Ferreira de Almeida,Macau Peninsula,758,2801152.0,155940.0,66.58,1.577
2026,6,7,07:00,林茂塘區,Doca do Lamau,Macau Peninsula,522,2801152.0,155940.0,66.58,1.577
2026,6,7,07:00,沙梨頭及大三巴區,Patane & São Paulo,Macau Peninsula,2346,2801152.0,155940.0,66.58,1.577
2026,6,7,07:00,新口岸區,Zona de Aterros do Porto Exterior,Macau Peninsula,11095,2801152.0,155940.0,66.58,1.577
2026,6,7,07:00,高士德及雅廉訪區,Horta e Costa & Ouvidor Arriaga,Macau Peninsula,579,2801152.0,155940.0,66.58,1.577
2026,6,7,07:00,筷子基區,Fai Chi Kei,Macau Peninsula,504,2801152.0,155940.0,66.58,1.577
2026,6,7,07:00,氹仔舊城及馬場區,Cidade & Hipódromo da Taipa,Taipa & Cotai,2880,2801152.0,66570.0,28.42,0.507
2026,6,7,07:00,路環區,Coloane,Coloane,1520,2801152.0,11693.0,4.99,2.988
2026,6,7,07:00,北安及大潭山區,Pac On & Taipa Grande,Taipa & Cotai,1723,2801152.0,66570.0,28.42,0.507
2026,6,7,07:00,青洲區,Ilha Verde,Macau Peninsula,335,2801152.0,155940.0,66.58,1.577
2026,6,7,07:00,南西灣及主教山區,Praia Grande & Penha,Macau Peninsula,1083,2801152.0,155940.0,66.58,1.577
2026,6,7,07:00,海洋及小潭山區,Jardins do Oceano & Taipa Pequena,Taipa & Cotai,392,2801152.0,66570.0,28.42,0.507
2026,6,7,07:00,東望洋區(松山區),Ferreira do Amaral (Guia),Macau Peninsula,317,2801152.0,155940.0,66.58,1.577
2026,6,7,07:00,大學及北安灣區,Universidade & Baía de Pac On,Taipa & Cotai,247,2801152.0,66570.0,28.42,0.507
2026,6,8,08:00,新橋區,Barca,Macau Peninsula,1164,2801152.0,155940.0,66.58,1.577
2026,6,8,08:00,中區,Baixa de Macau,Macau Peninsula,4493,2801152.0,155940.0,66.58,1.577
2026,6,8,08:00,氹仔中心區,Baixa da Taipa,Taipa & Cotai,3800,2801152.0,66570.0,28.42,0.507
2026,6,8,08:00,台山區,Tamagnini Barbosa,Macau Peninsula,1725,2801152.0,155940.0,66.58,1.577
2026,6,8,08:00,黑沙環新填海區,Novos Aterros da Areia Preta,Macau Peninsula,1481,2801152.0,155940.0,66.58,1.577
2026,6,8,08:00,望廈及水塘區,Móng Há & Reservatório,Macau Peninsula,873,2801152.0,155940.0,66.58,1.577
2026,6,8,08:00,外港及南灣湖新填海區,Novos Aterros do Porto Exterior & Aterros da Baía da Praia Grande,Macau Peninsula,8370,2801152.0,155940.0,66.58,1.577
2026,6,8,08:00,路氹填海區,COTAI Reclamation Area,Taipa & Cotai,51182,2801152.0,66570.0,28.42,0.507
2026,6,8,08:00,黑沙環及祐漢區,Areia Preta & Iao Hon,Macau Peninsula,2305,2801152.0,155940.0,66.58,1.577
2026,6,8,08:00,下環區,Barra/Manduco,Macau Peninsula,2203,2801152.0,155940.0,66.58,1.577
2026,6,8,08:00,荷蘭園區,Conselheiro Ferreira de Almeida,Macau Peninsula,781,2801152.0,155940.0,66.58,1.577
2026,6,8,08:00,林茂塘區,Doca do Lamau,Macau Peninsula,544,2801152.0,155940.0,66.58,1.577
2026,6,8,08:00,沙梨頭及大三巴區,Patane & São Paulo,Macau Peninsula,2406,2801152.0,155940.0,66.58,1.577
2026,6,8,08:00,新口岸區,Zona de Aterros do Porto Exterior,Macau Peninsula,11222,2801152.0,155940.0,66.58,1.577
2026,6,8,08:00,高士德及雅廉訪區,Horta e Costa & Ouvidor Arriaga,Macau Peninsula,582,2801152.0,155940.0,66.58,1.577
2026,6,8,08:00,筷子基區,Fai Chi Kei,Macau Peninsula,536,2801152.0,155940.0,66.58,1.577
2026,6,8,08:00,氹仔舊城及馬場區,Cidade & Hipódromo da Taipa,Taipa & Cotai,2984,2801152.0,66570.0,28.42,0.507
2026,6,8,08:00,路環區,Coloane,Coloane,1588,2801152.0,11693.0,4.99,2.988
2026,6,8,08:00,北安及大潭山區,Pac On & Taipa Grande,Taipa & Cotai,1818,2801152.0,66570.0,28.42,0.507
2026,6,8,08:00,青洲區,Ilha Verde,Macau Peninsula,378,2801152.0,155940.0,66.58,1.577
2026,6,8,08:00,南西灣及主教山區,Praia Grande & Penha,Macau Peninsula,1093,2801152.0,155940.0,66.58,1.577
2026,6,8,08:00,海洋及小潭山區,Jardins do Oceano & Taipa Pequena,Taipa & Cotai,435,2801152.0,66570.0,28.42,0.507
2026,6,8,08:00,東望洋區(松山區),Ferreira do Amaral (Guia),Macau Peninsula,342,2801152.0,155940.0,66.58,1.577
2026,6,8,08:00,大學及北安灣區,Universidade & Baía de Pac On,Taipa & Cotai,256,2801152.0,66570.0,28.42,0.507
2026,6,9,09:00,新橋區,Barca,Macau Peninsula,1192,2801152.0,155940.0,66.58,1.577
2026,6,9,09:00,中區,Baixa de Macau,Macau Peninsula,4762,2801152.0,155940.0,66.58,1.577
2026,6,9,09:00,氹仔中心區,Baixa da Taipa,Taipa & Cotai,3858,2801152.0,66570.0,28.42,0.507
2026,6,9,09:00,台山區,Tamagnini Barbosa,Macau Peninsula,2077,2801152.0,155940.0,66.58,1.577
2026,6,9,09:00,黑沙環新填海區,Novos Aterros da Areia Preta,Macau Peninsula,1588,2801152.0,155940.0,66.58,1.577
2026,6,9,09:00,望廈及水塘區,Móng Há & Reservatório,Macau Peninsula,1024,2801152.0,155940.0,66.58,1.577
2026,6,9,09:00,外港及南灣湖新填海區,Novos Aterros do Porto Exterior & Aterros da Baía da Praia Grande,Macau Peninsula,8679,2801152.0,155940.0,66.58,1.577
2026,6,9,09:00,路氹填海區,COTAI Reclamation Area,Taipa & Cotai,51573,2801152.0,66570.0,28.42,0.507
2026,6,9,09:00,黑沙環及祐漢區,Areia Preta & Iao Hon,Macau Peninsula,2970,2801152.0,155940.0,66.58,1.577
2026,6,9,09:00,下環區,Barra/Manduco,Macau Peninsula,2220,2801152.0,155940.0,66.58,1.577
2026,6,9,09:00,荷蘭園區,Conselheiro Ferreira de Almeida,Macau Peninsula,853,2801152.0,155940.0,66.58,1.577
2026,6,9,09:00,林茂塘區,Doca do Lamau,Macau Peninsula,562,2801152.0,155940.0,66.58,1.577
2026,6,9,09:00,沙梨頭及大三巴區,Patane & São Paulo,Macau Peninsula,2491,2801152.0,155940.0,66.58,1.577
2026,6,9,09:00,新口岸區,Zona de Aterros do Porto Exterior,Macau Peninsula,11316,2801152.0,155940.0,66.58,1.577
2026,6,9,09:00,高士德及雅廉訪區,Horta e Costa & Ouvidor Arriaga,Macau Peninsula,612,2801152.0,155940.0,66.58,1.577
2026,6,9,09:00,筷子基區,Fai Chi Kei,Macau Peninsula,619,2801152.0,155940.0,66.58,1.577
2026,6,9,09:00,氹仔舊城及馬場區,Cidade & Hipódromo da Taipa,Taipa & Cotai,3165,2801152.0,66570.0,28.42,0.507
2026,6,9,09:00,路環區,Coloane,Coloane,1741,2801152.0,11693.0,4.99,2.988
2026,6,9,09:00,北安及大潭山區,Pac On & Taipa Grande,Taipa & Cotai,2220,2801152.0,66570.0,28.42,0.507
2026,6,9,09:00,青洲區,Ilha Verde,Macau Peninsula,459,2801152.0,155940.0,66.58,1.577
2026,6,9,09:00,南西灣及主教山區,Praia Grande & Penha,Macau Peninsula,1101,2801152.0,155940.0,66.58,1.577
2026,6,9,09:00,海洋及小潭山區,Jardins do Oceano & Taipa Pequena,Taipa & Cotai,457,2801152.0,66570.0,28.42,0.507
2026,6,9,09:00,東望洋區(松山區),Ferreira do Amaral (Guia),Macau Peninsula,389,2801152.0,155940.0,66.58,1.577
2026,6,9,09:00,大學及北安灣區,Universidade & Baía de Pac On,Taipa & Cotai,272,2801152.0,66570.0,28.42,0.507
2026,6,10,10:00,新橋區,Barca,Macau Peninsula,1277,2801152.0,155940.0,66.58,1.577
2026,6,10,10:00,中區,Baixa de Macau,Macau Peninsula,5380,2801152.0,155940.0,66.58,1.577
2026,6,10,10:00,氹仔中心區,Baixa da Taipa,Taipa & Cotai,3819,2801152.0,66570.0,28.42,0.507
2026,6,10,10:00,台山區,Tamagnini Barbosa,Macau Peninsula,2671,2801152.0,155940.0,66.58,1.577
2026,6,10,10:00,黑沙環新填海區,Novos Aterros da Areia Preta,Macau Peninsula,1868,2801152.0,155940.0,66.58,1.577
2026,6,10,10:00,望廈及水塘區,Móng Há & Reservatório,Macau Peninsula,1268,2801152.0,155940.0,66.58,1.577
2026,6,10,10:00,外港及南灣湖新填海區,Novos Aterros do Porto Exterior & Aterros da Baía da Praia Grande,Macau Peninsula,9311,2801152.0,155940.0,66.58,1.577
2026,6,10,10:00,路氹填海區,COTAI Reclamation Area,Taipa & Cotai,52174,2801152.0,66570.0,28.42,0.507
2026,6,10,10:00,黑沙環及祐漢區,Areia Preta & Iao Hon,Macau Peninsula,5237,2801152.0,155940.0,66.58,1.577
2026,6,10,10:00,下環區,Barra/Manduco,Macau Peninsula,2230,2801152.0,155940.0,66.58,1.577
2026,6,10,10:00,荷蘭園區,Conselheiro Ferreira de Almeida,Macau Peninsula,1014,2801152.0,155940.0,66.58,1.577
2026,6,10,10:00,林茂塘區,Doca do Lamau,Macau Peninsula,597,2801152.0,155940.0,66.58,1.577
2026,6,10,10:00,沙梨頭及大三巴區,Patane & São Paulo,Macau Peninsula,2893,2801152.0,155940.0,66.58,1.577
2026,6,10,10:00,新口岸區,Zona de Aterros do Porto Exterior,Macau Peninsula,11468,2801152.0,155940.0,66.58,1.577
2026,6,10,10:00,高士德及雅廉訪區,Horta e Costa & Ouvidor Arriaga,Macau Peninsula,633,2801152.0,155940.0,66.58,1.577
2026,6,10,10:00,筷子基區,Fai Chi Kei,Macau Peninsula,606,2801152.0,155940.0,66.58,1.577
2026,6,10,10:00,氹仔舊城及馬場區,Cidade & Hipódromo da Taipa,Taipa & Cotai,3291,2801152.0,66570.0,28.42,0.507
2026,6,10,10:00,路環區,Coloane,Coloane,1899,2801152.0,11693.0,4.99,2.988
2026,6,10,10:00,北安及大潭山區,Pac On & Taipa Grande,Taipa & Cotai,3308,2801152.0,66570.0,28.42,0.507
2026,6,10,10:00,青洲區,Ilha Verde,Macau Peninsula,480,2801152.0,155940.0,66.58,1.577
2026,6,10,10:00,南西灣及主教山區,Praia Grande & Penha,Macau Peninsula,1067,2801152.0,155940.0,66.58,1.577
2026,6,10,10:00,海洋及小潭山區,Jardins do Oceano & Taipa Pequena,Taipa & Cotai,496,2801152.0,66570.0,28.42,0.507
2026,6,10,10:00,東望洋區(松山區),Ferreira do Amaral (Guia),Macau Peninsula,434,2801152.0,155940.0,66.58,1.577
2026,6,10,10:00,大學及北安灣區,Universidade & Baía de Pac On,Taipa & Cotai,294,2801152.0,66570.0,28.42,0.507
2026,6,11,11:00,新橋區,Barca,Macau Peninsula,1471,2801152.0,155940.0,66.58,1.577
2026,6,11,11:00,中區,Baixa de Macau,Macau Peninsula,6854,2801152.0,155940.0,66.58,1.577
2026,6,11,11:00,氹仔中心區,Baixa da Taipa,Taipa & Cotai,3759,2801152.0,66570.0,28.42,0.507
2026,6,11,11:00,台山區,Tamagnini Barbosa,Macau Peninsula,3318,2801152.0,155940.0,66.58,1.577
2026,6,11,11:00,黑沙環新填海區,Novos Aterros da Areia Preta,Macau Peninsula,2285,2801152.0,155940.0,66.58,1.577
2026,6,11,11:00,望廈及水塘區,Móng Há & Reservatório,Macau Peninsula,1617,2801152.0,155940.0,66.58,1.577
2026,6,11,11:00,外港及南灣湖新填海區,Novos Aterros do Porto Exterior & Aterros da Baía da Praia Grande,Macau Peninsula,10372,2801152.0,155940.0,66.58,1.577
2026,6,11,11:00,路氹填海區,COTAI Reclamation Area,Taipa & Cotai,53841,2801152.0,66570.0,28.42,0.507
2026,6,11,11:00,黑沙環及祐漢區,Areia Preta & Iao Hon,Macau Peninsula,7223,2801152.0,155940.0,66.58,1.577
2026,6,11,11:00,下環區,Barra/Manduco,Macau Peninsula,2327,2801152.0,155940.0,66.58,1.577
2026,6,11,11:00,荷蘭園區,Conselheiro Ferreira de Almeida,Macau Peninsula,1231,2801152.0,155940.0,66.58,1.577
2026,6,11,11:00,林茂塘區,Doca do Lamau,Macau Peninsula,654,2801152.0,155940.0,66.58,1.577
2026,6,11,11:00,沙梨頭及大三巴區,Patane & São Paulo,Macau Peninsula,3430,2801152.0,155940.0,66.58,1.577
2026,6,11,11:00,新口岸區,Zona de Aterros do Porto Exterior,Macau Peninsula,11496,2801152.0,155940.0,66.58,1.577
2026,6,11,11:00,高士德及雅廉訪區,Horta e Costa & Ouvidor Arriaga,Macau Peninsula,674,2801152.0,155940.0,66.58,1.577
2026,6,11,11:00,筷子基區,Fai Chi Kei,Macau Peninsula,631,2801152.0,155940.0,66.58,1.577
2026,6,11,11:00,氹仔舊城及馬場區,Cidade & Hipódromo da Taipa,Taipa & Cotai,3560,2801152.0,66570.0,28.42,0.507
2026,6,11,11:00,路環區,Coloane,Coloane,2146,2801152.0,11693.0,4.99,2.988
2026,6,11,11:00,北安及大潭山區,Pac On & Taipa Grande,Taipa & Cotai,4945,2801152.0,66570.0,28.42,0.507
2026,6,11,11:00,青洲區,Ilha Verde,Macau Peninsula,504,2801152.0,155940.0,66.58,1.577
2026,6,11,11:00,南西灣及主教山區,Praia Grande & Penha,Macau Peninsula,1043,2801152.0,155940.0,66.58,1.577
2026,6,11,11:00,海洋及小潭山區,Jardins do Oceano & Taipa Pequena,Taipa & Cotai,589,2801152.0,66570.0,28.42,0.507
2026,6,11,11:00,東望洋區(松山區),Ferreira do Amaral (Guia),Macau Peninsula,481,2801152.0,155940.0,66.58,1.577
2026,6,11,11:00,大學及北安灣區,Universidade & Baía de Pac On,Taipa & Cotai,322,2801152.0,66570.0,28.42,0.507
2026,6,12,12:00,新橋區,Barca,Macau Peninsula,1751,2801152.0,155940.0,66.58,1.577
2026,6,12,12:00,中區,Baixa de Macau,Macau Peninsula,9354,2801152.0,155940.0,66.58,1.577
2026,6,12,12:00,氹仔中心區,Baixa da Taipa,Taipa & Cotai,3736,2801152.0,66570.0,28.42,0.507
2026,6,12,12:00,台山區,Tamagnini Barbosa,Macau Peninsula,3450,2801152.0,155940.0,66.58,1.577
2026,6,12,12:00,黑沙環新填海區,Novos Aterros da Areia Preta,Macau Peninsula,2279,2801152.0,155940.0,66.58,1.577
2026,6,12,12:00,望廈及水塘區,Móng Há & Reservatório,Macau Peninsula,1727,2801152.0,155940.0,66.58,1.577
2026,6,12,12:00,外港及南灣湖新填海區,Novos Aterros do Porto Exterior & Aterros da Baía da Praia Grande,Macau Peninsula,12067,2801152.0,155940.0,66.58,1.577
2026,6,12,12:00,路氹填海區,COTAI Reclamation Area,Taipa & Cotai,56634,2801152.0,66570.0,28.42,0.507
2026,6,12,12:00,黑沙環及祐漢區,Areia Preta & Iao Hon,Macau Peninsula,6909,2801152.0,155940.0,66.58,1.577
2026,6,12,12:00,下環區,Barra/Manduco,Macau Peninsula,2447,2801152.0,155940.0,66.58,1.577
2026,6,12,12:00,荷蘭園區,Conselheiro Ferreira de Almeida,Macau Peninsula,1418,2801152.0,155940.0,66.58,1.577
2026,6,12,12:00,林茂塘區,Doca do Lamau,Macau Peninsula,730,2801152.0,155940.0,66.58,1.577
2026,6,12,12:00,沙梨頭及大三巴區,Patane & São Paulo,Macau Peninsula,4246,2801152.0,155940.0,66.58,1.577
2026,6,12,12:00,新口岸區,Zona de Aterros do Porto Exterior,Macau Peninsula,11431,2801152.0,155940.0,66.58,1.577
2026,6,12,12:00,高士德及雅廉訪區,Horta e Costa & Ouvidor Arriaga,Macau Peninsula,742,2801152.0,155940.0,66.58,1.577
2026,6,12,12:00,筷子基區,Fai Chi Kei,Macau Peninsula,685,2801152.0,155940.0,66.58,1.577
2026,6,12,12:00,氹仔舊城及馬場區,Cidade & Hipódromo da Taipa,Taipa & Cotai,4143,2801152.0,66570.0,28.42,0.507
2026,6,12,12:00,路環區,Coloane,Coloane,2444,2801152.0,11693.0,4.99,2.988
2026,6,12,12:00,北安及大潭山區,Pac On & Taipa Grande,Taipa & Cotai,6287,2801152.0,66570.0,28.42,0.507
2026,6,12,12:00,青洲區,Ilha Verde,Macau Peninsula,537,2801152.0,155940.0,66.58,1.577
2026,6,12,12:00,南西灣及主教山區,Praia Grande & Penha,Macau Peninsula,1039,2801152.0,155940.0,66.58,1.577
2026,6,12,12:00,海洋及小潭山區,Jardins do Oceano & Taipa Pequena,Taipa & Cotai,748,2801152.0,66570.0,28.42,0.507
2026,6,12,12:00,東望洋區(松山區),Ferreira do Amaral (Guia),Macau Peninsula,478,2801152.0,155940.0,66.58,1.577
2026,6,12,12:00,大學及北安灣區,Universidade & Baía de Pac On,Taipa & Cotai,350,2801152.0,66570.0,28.42,0.507
2026,6,13,13:00,新橋區,Barca,Macau Peninsula,1819,2801152.0,155940.0,66.58,1.577
2026,6,13,13:00,中區,Baixa de Macau,Macau Peninsula,12118,2801152.0,155940.0,66.58,1.577
2026,6,13,13:00,氹仔中心區,Baixa da Taipa,Taipa & Cotai,3891,2801152.0,66570.0,28.42,0.507
2026,6,13,13:00,台山區,Tamagnini Barbosa,Macau Peninsula,3318,2801152.0,155940.0,66.58,1.577
2026,6,13,13:00,黑沙環新填海區,Novos Aterros da Areia Preta,Macau Peninsula,2164,2801152.0,155940.0,66.58,1.577
2026,6,13,13:00,望廈及水塘區,Móng Há & Reservatório,Macau Peninsula,1823,2801152.0,155940.0,66.58,1.577
2026,6,13,13:00,外港及南灣湖新填海區,Novos Aterros do Porto Exterior & Aterros da Baía da Praia Grande,Macau Peninsula,13788,2801152.0,155940.0,66.58,1.577
2026,6,13,13:00,路氹填海區,COTAI Reclamation Area,Taipa & Cotai,58826,2801152.0,66570.0,28.42,0.507
2026,6,13,13:00,黑沙環及祐漢區,Areia Preta & Iao Hon,Macau Peninsula,6488,2801152.0,155940.0,66.58,1.577
2026,6,13,13:00,下環區,Barra/Manduco,Macau Peninsula,2721,2801152.0,155940.0,66.58,1.577
2026,6,13,13:00,荷蘭園區,Conselheiro Ferreira de Almeida,Macau Peninsula,1231,2801152.0,155940.0,66.58,1.577
2026,6,13,13:00,林茂塘區,Doca do Lamau,Macau Peninsula,799,2801152.0,155940.0,66.58,1.577
2026,6,13,13:00,沙梨頭及大三巴區,Patane & São Paulo,Macau Peninsula,4603,2801152.0,155940.0,66.58,1.577
2026,6,13,13:00,新口岸區,Zona de Aterros do Porto Exterior,Macau Peninsula,11537,2801152.0,155940.0,66.58,1.577
2026,6,13,13:00,高士德及雅廉訪區,Horta e Costa & Ouvidor Arriaga,Macau Peninsula,816,2801152.0,155940.0,66.58,1.577
2026,6,13,13:00,筷子基區,Fai Chi Kei,Macau Peninsula,779,2801152.0,155940.0,66.58,1.577
2026,6,13,13:00,氹仔舊城及馬場區,Cidade & Hipódromo da Taipa,Taipa & Cotai,5455,2801152.0,66570.0,28.42,0.507
2026,6,13,13:00,路環區,Coloane,Coloane,2627,2801152.0,11693.0,4.99,2.988
2026,6,13,13:00,北安及大潭山區,Pac On & Taipa Grande,Taipa & Cotai,6702,2801152.0,66570.0,28.42,0.507
2026,6,13,13:00,青洲區,Ilha Verde,Macau Peninsula,540,2801152.0,155940.0,66.58,1.577
2026,6,13,13:00,南西灣及主教山區,Praia Grande & Penha,Macau Peninsula,1120,2801152.0,155940.0,66.58,1.577
2026,6,13,13:00,海洋及小潭山區,Jardins do Oceano & Taipa Pequena,Taipa & Cotai,790,2801152.0,66570.0,28.42,0.507
2026,6,13,13:00,東望洋區(松山區),Ferreira do Amaral (Guia),Macau Peninsula,402,2801152.0,155940.0,66.58,1.577
2026,6,13,13:00,大學及北安灣區,Universidade & Baía de Pac On,Taipa & Cotai,336,2801152.0,66570.0,28.42,0.507
2026,6,14,14:00,新橋區,Barca,Macau Peninsula,1926,2801152.0,155940.0,66.58,1.577
2026,6,14,14:00,中區,Baixa de Macau,Macau Peninsula,14058,2801152.0,155940.0,66.58,1.577
2026,6,14,14:00,氹仔中心區,Baixa da Taipa,Taipa & Cotai,4086,2801152.0,66570.0,28.42,0.507
2026,6,14,14:00,台山區,Tamagnini Barbosa,Macau Peninsula,3071,2801152.0,155940.0,66.58,1.577
2026,6,14,14:00,黑沙環新填海區,Novos Aterros da Areia Preta,Macau Peninsula,2048,2801152.0,155940.0,66.58,1.577
2026,6,14,14:00,望廈及水塘區,Móng Há & Reservatório,Macau Peninsula,1714,2801152.0,155940.0,66.58,1.577
2026,6,14,14:00,外港及南灣湖新填海區,Novos Aterros do Porto Exterior & Aterros da Baía da Praia Grande,Macau Peninsula,15094,2801152.0,155940.0,66.58,1.577
2026,6,14,14:00,路氹填海區,COTAI Reclamation Area,Taipa & Cotai,60796,2801152.0,66570.0,28.42,0.507
2026,6,14,14:00,黑沙環及祐漢區,Areia Preta & Iao Hon,Macau Peninsula,5953,2801152.0,155940.0,66.58,1.577
2026,6,14,14:00,下環區,Barra/Manduco,Macau Peninsula,2763,2801152.0,155940.0,66.58,1.577
2026,6,14,14:00,荷蘭園區,Conselheiro Ferreira de Almeida,Macau Peninsula,1325,2801152.0,155940.0,66.58,1.577
2026,6,14,14:00,林茂塘區,Doca do Lamau,Macau Peninsula,781,2801152.0,155940.0,66.58,1.577
2026,6,14,14:00,沙梨頭及大三巴區,Patane & São Paulo,Macau Peninsula,4995,2801152.0,155940.0,66.58,1.577
2026,6,14,14:00,新口岸區,Zona de Aterros do Porto Exterior,Macau Peninsula,11566,2801152.0,155940.0,66.58,1.577
2026,6,14,14:00,高士德及雅廉訪區,Horta e Costa & Ouvidor Arriaga,Macau Peninsula,859,2801152.0,155940.0,66.58,1.577
2026,6,14,14:00,筷子基區,Fai Chi Kei,Macau Peninsula,816,2801152.0,155940.0,66.58,1.577
2026,6,14,14:00,氹仔舊城及馬場區,Cidade & Hipódromo da Taipa,Taipa & Cotai,6746,2801152.0,66570.0,28.42,0.507
2026,6,14,14:00,路環區,Coloane,Coloane,2633,2801152.0,11693.0,4.99,2.988
2026,6,14,14:00,北安及大潭山區,Pac On & Taipa Grande,Taipa & Cotai,6504,2801152.0,66570.0,28.42,0.507
2026,6,14,14:00,青洲區,Ilha Verde,Macau Peninsula,567,2801152.0,155940.0,66.58,1.577
2026,6,14,14:00,南西灣及主教山區,Praia Grande & Penha,Macau Peninsula,1011,2801152.0,155940.0,66.58,1.577
2026,6,14,14:00,海洋及小潭山區,Jardins do Oceano & Taipa Pequena,Taipa & Cotai,831,2801152.0,66570.0,28.42,0.507
2026,6,14,14:00,東望洋區(松山區),Ferreira do Amaral (Guia),Macau Peninsula,387,2801152.0,155940.0,66.58,1.577
2026,6,14,14:00,大學及北安灣區,Universidade & Baía de Pac On,Taipa & Cotai,335,2801152.0,66570.0,28.42,0.507
2026,6,15,15:00,新橋區,Barca,Macau Peninsula,1924,2801152.0,155940.0,66.58,1.577
2026,6,15,15:00,中區,Baixa de Macau,Macau Peninsula,14960,2801152.0,155940.0,66.58,1.577
2026,6,15,15:00,氹仔中心區,Baixa da Taipa,Taipa & Cotai,4010,2801152.0,66570.0,28.42,0.507
2026,6,15,15:00,台山區,Tamagnini Barbosa,Macau Peninsula,2920,2801152.0,155940.0,66.58,1.577
2026,6,15,15:00,黑沙環新填海區,Novos Aterros da Areia Preta,Macau Peninsula,2001,2801152.0,155940.0,66.58,1.577
2026,6,15,15:00,望廈及水塘區,Móng Há & Reservatório,Macau Peninsula,1633,2801152.0,155940.0,66.58,1.577
2026,6,15,15:00,外港及南灣湖新填海區,Novos Aterros do Porto Exterior & Aterros da Baía da Praia Grande,Macau Peninsula,16344,2801152.0,155940.0,66.58,1.577
2026,6,15,15:00,路氹填海區,COTAI Reclamation Area,Taipa & Cotai,64210,2801152.0,66570.0,28.42,0.507
2026,6,15,15:00,黑沙環及祐漢區,Areia Preta & Iao Hon,Macau Peninsula,5469,2801152.0,155940.0,66.58,1.577
2026,6,15,15:00,下環區,Barra/Manduco,Macau Peninsula,2683,2801152.0,155940.0,66.58,1.577
2026,6,15,15:00,荷蘭園區,Conselheiro Ferreira de Almeida,Macau Peninsula,1360,2801152.0,155940.0,66.58,1.577
2026,6,15,15:00,林茂塘區,Doca do Lamau,Macau Peninsula,745,2801152.0,155940.0,66.58,1.577
2026,6,15,15:00,沙梨頭及大三巴區,Patane & São Paulo,Macau Peninsula,5035,2801152.0,155940.0,66.58,1.577
2026,6,15,15:00,新口岸區,Zona de Aterros do Porto Exterior,Macau Peninsula,10207,2801152.0,155940.0,66.58,1.577
2026,6,15,15:00,高士德及雅廉訪區,Horta e Costa & Ouvidor Arriaga,Macau Peninsula,841,2801152.0,155940.0,66.58,1.577
2026,6,15,15:00,筷子基區,Fai Chi Kei,Macau Peninsula,707,2801152.0,155940.0,66.58,1.577
2026,6,15,15:00,氹仔舊城及馬場區,Cidade & Hipódromo da Taipa,Taipa & Cotai,7075,2801152.0,66570.0,28.42,0.507
2026,6,15,15:00,路環區,Coloane,Coloane,2820,2801152.0,11693.0,4.99,2.988
2026,6,15,15:00,北安及大潭山區,Pac On & Taipa Grande,Taipa & Cotai,5945,2801152.0,66570.0,28.42,0.507
2026,6,15,15:00,青洲區,Ilha Verde,Macau Peninsula,511,2801152.0,155940.0,66.58,1.577
2026,6,15,15:00,南西灣及主教山區,Praia Grande & Penha,Macau Peninsula,1022,2801152.0,155940.0,66.58,1.577
2026,6,15,15:00,海洋及小潭山區,Jardins do Oceano & Taipa Pequena,Taipa & Cotai,825,2801152.0,66570.0,28.42,0.507
2026,6,15,15:00,東望洋區(松山區),Ferreira do Amaral (Guia),Macau Peninsula,425,2801152.0,155940.0,66.58,1.577
2026,6,15,15:00,大學及北安灣區,Universidade & Baía de Pac On,Taipa & Cotai,339,2801152.0,66570.0,28.42,0.507
2026,6,16,16:00,新橋區,Barca,Macau Peninsula,1854,2801152.0,155940.0,66.58,1.577
2026,6,16,16:00,中區,Baixa de Macau,Macau Peninsula,14609,2801152.0,155940.0,66.58,1.577
2026,6,16,16:00,氹仔中心區,Baixa da Taipa,Taipa & Cotai,3777,2801152.0,66570.0,28.42,0.507
2026,6,16,16:00,台山區,Tamagnini Barbosa,Macau Peninsula,2759,2801152.0,155940.0,66.58,1.577
2026,6,16,16:00,黑沙環新填海區,Novos Aterros da Areia Preta,Macau Peninsula,1876,2801152.0,155940.0,66.58,1.577
2026,6,16,16:00,望廈及水塘區,Móng Há & Reservatório,Macau Peninsula,1546,2801152.0,155940.0,66.58,1.577
2026,6,16,16:00,外港及南灣湖新填海區,Novos Aterros do Porto Exterior & Aterros da Baía da Praia Grande,Macau Peninsula,16505,2801152.0,155940.0,66.58,1.577
2026,6,16,16:00,路氹填海區,COTAI Reclamation Area,Taipa & Cotai,68009,2801152.0,66570.0,28.42,0.507
2026,6,16,16:00,黑沙環及祐漢區,Areia Preta & Iao Hon,Macau Peninsula,5271,2801152.0,155940.0,66.58,1.577
2026,6,16,16:00,下環區,Barra/Manduco,Macau Peninsula,2481,2801152.0,155940.0,66.58,1.577
2026,6,16,16:00,荷蘭園區,Conselheiro Ferreira de Almeida,Macau Peninsula,1316,2801152.0,155940.0,66.58,1.577
2026,6,16,16:00,林茂塘區,Doca do Lamau,Macau Peninsula,750,2801152.0,155940.0,66.58,1.577
2026,6,16,16:00,沙梨頭及大三巴區,Patane & São Paulo,Macau Peninsula,4904,2801152.0,155940.0,66.58,1.577
2026,6,16,16:00,新口岸區,Zona de Aterros do Porto Exterior,Macau Peninsula,9912,2801152.0,155940.0,66.58,1.577
2026,6,16,16:00,高士德及雅廉訪區,Horta e Costa & Ouvidor Arriaga,Macau Peninsula,780,2801152.0,155940.0,66.58,1.577
2026,6,16,16:00,筷子基區,Fai Chi Kei,Macau Peninsula,646,2801152.0,155940.0,66.58,1.577
2026,6,16,16:00,氹仔舊城及馬場區,Cidade & Hipódromo da Taipa,Taipa & Cotai,6568,2801152.0,66570.0,28.42,0.507
2026,6,16,16:00,路環區,Coloane,Coloane,2782,2801152.0,11693.0,4.99,2.988
2026,6,16,16:00,北安及大潭山區,Pac On & Taipa Grande,Taipa & Cotai,5977,2801152.0,66570.0,28.42,0.507
2026,6,16,16:00,青洲區,Ilha Verde,Macau Peninsula,506,2801152.0,155940.0,66.58,1.577
2026,6,16,16:00,南西灣及主教山區,Praia Grande & Penha,Macau Peninsula,1042,2801152.0,155940.0,66.58,1.577
2026,6,16,16:00,海洋及小潭山區,Jardins do Oceano & Taipa Pequena,Taipa & Cotai,829,2801152.0,66570.0,28.42,0.507
2026,6,16,16:00,東望洋區(松山區),Ferreira do Amaral (Guia),Macau Peninsula,470,2801152.0,155940.0,66.58,1.577
2026,6,16,16:00,大學及北安灣區,Universidade & Baía de Pac On,Taipa & Cotai,340,2801152.0,66570.0,28.42,0.507
2026,6,17,17:00,新橋區,Barca,Macau Peninsula,1795,2801152.0,155940.0,66.58,1.577
2026,6,17,17:00,中區,Baixa de Macau,Macau Peninsula,13486,2801152.0,155940.0,66.58,1.577
2026,6,17,17:00,氹仔中心區,Baixa da Taipa,Taipa & Cotai,3653,2801152.0,66570.0,28.42,0.507
2026,6,17,17:00,台山區,Tamagnini Barbosa,Macau Peninsula,2786,2801152.0,155940.0,66.58,1.577
2026,6,17,17:00,黑沙環新填海區,Novos Aterros da Areia Preta,Macau Peninsula,1890,2801152.0,155940.0,66.58,1.577
2026,6,17,17:00,望廈及水塘區,Móng Há & Reservatório,Macau Peninsula,1499,2801152.0,155940.0,66.58,1.577
2026,6,17,17:00,外港及南灣湖新填海區,Novos Aterros do Porto Exterior & Aterros da Baía da Praia Grande,Macau Peninsula,16026,2801152.0,155940.0,66.58,1.577
2026,6,17,17:00,路氹填海區,COTAI Reclamation Area,Taipa & Cotai,70563,2801152.0,66570.0,28.42,0.507
2026,6,17,17:00,黑沙環及祐漢區,Areia Preta & Iao Hon,Macau Peninsula,5104,2801152.0,155940.0,66.58,1.577
2026,6,17,17:00,下環區,Barra/Manduco,Macau Peninsula,2370,2801152.0,155940.0,66.58,1.577
2026,6,17,17:00,荷蘭園區,Conselheiro Ferreira de Almeida,Macau Peninsula,1274,2801152.0,155940.0,66.58,1.577
2026,6,17,17:00,林茂塘區,Doca do Lamau,Macau Peninsula,754,2801152.0,155940.0,66.58,1.577
2026,6,17,17:00,沙梨頭及大三巴區,Patane & São Paulo,Macau Peninsula,4521,2801152.0,155940.0,66.58,1.577
2026,6,17,17:00,新口岸區,Zona de Aterros do Porto Exterior,Macau Peninsula,9875,2801152.0,155940.0,66.58,1.577
2026,6,17,17:00,高士德及雅廉訪區,Horta e Costa & Ouvidor Arriaga,Macau Peninsula,767,2801152.0,155940.0,66.58,1.577
2026,6,17,17:00,筷子基區,Fai Chi Kei,Macau Peninsula,643,2801152.0,155940.0,66.58,1.577
2026,6,17,17:00,氹仔舊城及馬場區,Cidade & Hipódromo da Taipa,Taipa & Cotai,5972,2801152.0,66570.0,28.42,0.507
2026,6,17,17:00,路環區,Coloane,Coloane,2655,2801152.0,11693.0,4.99,2.988
2026,6,17,17:00,北安及大潭山區,Pac On & Taipa Grande,Taipa & Cotai,6437,2801152.0,66570.0,28.42,0.507
2026,6,17,17:00,青洲區,Ilha Verde,Macau Peninsula,496,2801152.0,155940.0,66.58,1.577
2026,6,17,17:00,南西灣及主教山區,Praia Grande & Penha,Macau Peninsula,1072,2801152.0,155940.0,66.58,1.577
2026,6,17,17:00,海洋及小潭山區,Jardins do Oceano & Taipa Pequena,Taipa & Cotai,806,2801152.0,66570.0,28.42,0.507
2026,6,17,17:00,東望洋區(松山區),Ferreira do Amaral (Guia),Macau Peninsula,450,2801152.0,155940.0,66.58,1.577
2026,6,17,17:00,大學及北安灣區,Universidade & Baía de Pac On,Taipa & Cotai,324,2801152.0,66570.0,28.42,0.507
2026,6,18,18:00,新橋區,Barca,Macau Peninsula,1653,2801152.0,155940.0,66.58,1.577
2026,6,18,18:00,中區,Baixa de Macau,Macau Peninsula,12207,2801152.0,155940.0,66.58,1.577
2026,6,18,18:00,氹仔中心區,Baixa da Taipa,Taipa & Cotai,3589,2801152.0,66570.0,28.42,0.507
2026,6,18,18:00,台山區,Tamagnini Barbosa,Macau Peninsula,2785,2801152.0,155940.0,66.58,1.577
2026,6,18,18:00,黑沙環新填海區,Novos Aterros da Areia Preta,Macau Peninsula,1870,2801152.0,155940.0,66.58,1.577
2026,6,18,18:00,望廈及水塘區,Móng Há & Reservatório,Macau Peninsula,1457,2801152.0,155940.0,66.58,1.577
2026,6,18,18:00,外港及南灣湖新填海區,Novos Aterros do Porto Exterior & Aterros da Baía da Praia Grande,Macau Peninsula,15269,2801152.0,155940.0,66.58,1.577
2026,6,18,18:00,路氹填海區,COTAI Reclamation Area,Taipa & Cotai,70193,2801152.0,66570.0,28.42,0.507
2026,6,18,18:00,黑沙環及祐漢區,Areia Preta & Iao Hon,Macau Peninsula,4902,2801152.0,155940.0,66.58,1.577
2026,6,18,18:00,下環區,Barra/Manduco,Macau Peninsula,2252,2801152.0,155940.0,66.58,1.577
2026,6,18,18:00,荷蘭園區,Conselheiro Ferreira de Almeida,Macau Peninsula,1152,2801152.0,155940.0,66.58,1.577
2026,6,18,18:00,林茂塘區,Doca do Lamau,Macau Peninsula,772,2801152.0,155940.0,66.58,1.577
2026,6,18,18:00,沙梨頭及大三巴區,Patane & São Paulo,Macau Peninsula,3944,2801152.0,155940.0,66.58,1.577
2026,6,18,18:00,新口岸區,Zona de Aterros do Porto Exterior,Macau Peninsula,9780,2801152.0,155940.0,66.58,1.577
2026,6,18,18:00,高士德及雅廉訪區,Horta e Costa & Ouvidor Arriaga,Macau Peninsula,744,2801152.0,155940.0,66.58,1.577
2026,6,18,18:00,筷子基區,Fai Chi Kei,Macau Peninsula,659,2801152.0,155940.0,66.58,1.577
2026,6,18,18:00,氹仔舊城及馬場區,Cidade & Hipódromo da Taipa,Taipa & Cotai,5861,2801152.0,66570.0,28.42,0.507
2026,6,18,18:00,路環區,Coloane,Coloane,2457,2801152.0,11693.0,4.99,2.988
2026,6,18,18:00,北安及大潭山區,Pac On & Taipa Grande,Taipa & Cotai,6198,2801152.0,66570.0,28.42,0.507
2026,6,18,18:00,青洲區,Ilha Verde,Macau Peninsula,517,2801152.0,155940.0,66.58,1.577
2026,6,18,18:00,南西灣及主教山區,Praia Grande & Penha,Macau Peninsula,1009,2801152.0,155940.0,66.58,1.577
2026,6,18,18:00,海洋及小潭山區,Jardins do Oceano & Taipa Pequena,Taipa & Cotai,804,2801152.0,66570.0,28.42,0.507
2026,6,18,18:00,東望洋區(松山區),Ferreira do Amaral (Guia),Macau Peninsula,413,2801152.0,155940.0,66.58,1.577
2026,6,18,18:00,大學及北安灣區,Universidade & Baía de Pac On,Taipa & Cotai,305,2801152.0,66570.0,28.42,0.507
2026,6,19,19:00,新橋區,Barca,Macau Peninsula,1530,2801152.0,155940.0,66.58,1.577
2026,6,19,19:00,中區,Baixa de Macau,Macau Peninsula,10748,2801152.0,155940.0,66.58,1.577
2026,6,19,19:00,氹仔中心區,Baixa da Taipa,Taipa & Cotai,3810,2801152.0,66570.0,28.42,0.507
2026,6,19,19:00,台山區,Tamagnini Barbosa,Macau Peninsula,2744,2801152.0,155940.0,66.58,1.577
2026,6,19,19:00,黑沙環新填海區,Novos Aterros da Areia Preta,Macau Peninsula,1972,2801152.0,155940.0,66.58,1.577
2026,6,19,19:00,望廈及水塘區,Móng Há & Reservatório,Macau Peninsula,1383,2801152.0,155940.0,66.58,1.577
2026,6,19,19:00,外港及南灣湖新填海區,Novos Aterros do Porto Exterior & Aterros da Baía da Praia Grande,Macau Peninsula,14257,2801152.0,155940.0,66.58,1.577
2026,6,19,19:00,路氹填海區,COTAI Reclamation Area,Taipa & Cotai,68750,2801152.0,66570.0,28.42,0.507
2026,6,19,19:00,黑沙環及祐漢區,Areia Preta & Iao Hon,Macau Peninsula,4919,2801152.0,155940.0,66.58,1.577
2026,6,19,19:00,下環區,Barra/Manduco,Macau Peninsula,2363,2801152.0,155940.0,66.58,1.577
2026,6,19,19:00,荷蘭園區,Conselheiro Ferreira de Almeida,Macau Peninsula,1079,2801152.0,155940.0,66.58,1.577
2026,6,19,19:00,林茂塘區,Doca do Lamau,Macau Peninsula,765,2801152.0,155940.0,66.58,1.577
2026,6,19,19:00,沙梨頭及大三巴區,Patane & São Paulo,Macau Peninsula,3415,2801152.0,155940.0,66.58,1.577
2026,6,19,19:00,新口岸區,Zona de Aterros do Porto Exterior,Macau Peninsula,9780,2801152.0,155940.0,66.58,1.577
2026,6,19,19:00,高士德及雅廉訪區,Horta e Costa & Ouvidor Arriaga,Macau Peninsula,736,2801152.0,155940.0,66.58,1.577
2026,6,19,19:00,筷子基區,Fai Chi Kei,Macau Peninsula,715,2801152.0,155940.0,66.58,1.577
2026,6,19,19:00,氹仔舊城及馬場區,Cidade & Hipódromo da Taipa,Taipa & Cotai,6199,2801152.0,66570.0,28.42,0.507
2026,6,19,19:00,路環區,Coloane,Coloane,2263,2801152.0,11693.0,4.99,2.988
2026,6,19,19:00,北安及大潭山區,Pac On & Taipa Grande,Taipa & Cotai,5618,2801152.0,66570.0,28.42,0.507
2026,6,19,19:00,青洲區,Ilha Verde,Macau Peninsula,537,2801152.0,155940.0,66.58,1.577
2026,6,19,19:00,南西灣及主教山區,Praia Grande & Penha,Macau Peninsula,961,2801152.0,155940.0,66.58,1.577
2026,6,19,19:00,海洋及小潭山區,Jardins do Oceano & Taipa Pequena,Taipa & Cotai,827,2801152.0,66570.0,28.42,0.507
2026,6,19,19:00,東望洋區(松山區),Ferreira do Amaral (Guia),Macau Peninsula,352,2801152.0,155940.0,66.58,1.577
2026,6,19,19:00,大學及北安灣區,Universidade & Baía de Pac On,Taipa & Cotai,287,2801152.0,66570.0,28.42,0.507
2026,6,20,20:00,新橋區,Barca,Macau Peninsula,1437,2801152.0,155940.0,66.58,1.577
2026,6,20,20:00,中區,Baixa de Macau,Macau Peninsula,9460,2801152.0,155940.0,66.58,1.577
2026,6,20,20:00,氹仔中心區,Baixa da Taipa,Taipa & Cotai,4243,2801152.0,66570.0,28.42,0.507
2026,6,20,20:00,台山區,Tamagnini Barbosa,Macau Peninsula,2585,2801152.0,155940.0,66.58,1.577
2026,6,20,20:00,黑沙環新填海區,Novos Aterros da Areia Preta,Macau Peninsula,2056,2801152.0,155940.0,66.58,1.577
2026,6,20,20:00,望廈及水塘區,Móng Há & Reservatório,Macau Peninsula,1297,2801152.0,155940.0,66.58,1.577
2026,6,20,20:00,外港及南灣湖新填海區,Novos Aterros do Porto Exterior & Aterros da Baía da Praia Grande,Macau Peninsula,13475,2801152.0,155940.0,66.58,1.577
2026,6,20,20:00,路氹填海區,COTAI Reclamation Area,Taipa & Cotai,64911,2801152.0,66570.0,28.42,0.507
2026,6,20,20:00,黑沙環及祐漢區,Areia Preta & Iao Hon,Macau Peninsula,4602,2801152.0,155940.0,66.58,1.577
2026,6,20,20:00,下環區,Barra/Manduco,Macau Peninsula,2606,2801152.0,155940.0,66.58,1.577
2026,6,20,20:00,荷蘭園區,Conselheiro Ferreira de Almeida,Macau Peninsula,1006,2801152.0,155940.0,66.58,1.577
2026,6,20,20:00,林茂塘區,Doca do Lamau,Macau Peninsula,759,2801152.0,155940.0,66.58,1.577
2026,6,20,20:00,沙梨頭及大三巴區,Patane & São Paulo,Macau Peninsula,3000,2801152.0,155940.0,66.58,1.577
2026,6,20,20:00,新口岸區,Zona de Aterros do Porto Exterior,Macau Peninsula,10004,2801152.0,155940.0,66.58,1.577
2026,6,20,20:00,高士德及雅廉訪區,Horta e Costa & Ouvidor Arriaga,Macau Peninsula,720,2801152.0,155940.0,66.58,1.577
2026,6,20,20:00,筷子基區,Fai Chi Kei,Macau Peninsula,711,2801152.0,155940.0,66.58,1.577
2026,6,20,20:00,氹仔舊城及馬場區,Cidade & Hipódromo da Taipa,Taipa & Cotai,6781,2801152.0,66570.0,28.42,0.507
2026,6,20,20:00,路環區,Coloane,Coloane,2094,2801152.0,11693.0,4.99,2.988
2026,6,20,20:00,北安及大潭山區,Pac On & Taipa Grande,Taipa & Cotai,5321,2801152.0,66570.0,28.42,0.507
2026,6,20,20:00,青洲區,Ilha Verde,Macau Peninsula,473,2801152.0,155940.0,66.58,1.577
2026,6,20,20:00,南西灣及主教山區,Praia Grande & Penha,Macau Peninsula,889,2801152.0,155940.0,66.58,1.577
2026,6,20,20:00,海洋及小潭山區,Jardins do Oceano & Taipa Pequena,Taipa & Cotai,814,2801152.0,66570.0,28.42,0.507
2026,6,20,20:00,東望洋區(松山區),Ferreira do Amaral (Guia),Macau Peninsula,310,2801152.0,155940.0,66.58,1.577
2026,6,20,20:00,大學及北安灣區,Universidade & Baía de Pac On,Taipa & Cotai,286,2801152.0,66570.0,28.42,0.507
2026,6,21,21:00,新橋區,Barca,Macau Peninsula,1383,2801152.0,155940.0,66.58,1.577
2026,6,21,21:00,中區,Baixa de Macau,Macau Peninsula,8468,2801152.0,155940.0,66.58,1.577
2026,6,21,21:00,氹仔中心區,Baixa da Taipa,Taipa & Cotai,4387,2801152.0,66570.0,28.42,0.507
2026,6,21,21:00,台山區,Tamagnini Barbosa,Macau Peninsula,2375,2801152.0,155940.0,66.58,1.577
2026,6,21,21:00,黑沙環新填海區,Novos Aterros da Areia Preta,Macau Peninsula,2085,2801152.0,155940.0,66.58,1.577
2026,6,21,21:00,望廈及水塘區,Móng Há & Reservatório,Macau Peninsula,1230,2801152.0,155940.0,66.58,1.577
2026,6,21,21:00,外港及南灣湖新填海區,Novos Aterros do Porto Exterior & Aterros da Baía da Praia Grande,Macau Peninsula,12984,2801152.0,155940.0,66.58,1.577
2026,6,21,21:00,路氹填海區,COTAI Reclamation Area,Taipa & Cotai,61898,2801152.0,66570.0,28.42,0.507
2026,6,21,21:00,黑沙環及祐漢區,Areia Preta & Iao Hon,Macau Peninsula,4421,2801152.0,155940.0,66.58,1.577
2026,6,21,21:00,下環區,Barra/Manduco,Macau Peninsula,2645,2801152.0,155940.0,66.58,1.577
2026,6,21,21:00,荷蘭園區,Conselheiro Ferreira de Almeida,Macau Peninsula,896,2801152.0,155940.0,66.58,1.577
2026,6,21,21:00,林茂塘區,Doca do Lamau,Macau Peninsula,745,2801152.0,155940.0,66.58,1.577
2026,6,21,21:00,沙梨頭及大三巴區,Patane & São Paulo,Macau Peninsula,2590,2801152.0,155940.0,66.58,1.577
2026,6,21,21:00,新口岸區,Zona de Aterros do Porto Exterior,Macau Peninsula,9780,2801152.0,155940.0,66.58,1.577
2026,6,21,21:00,高士德及雅廉訪區,Horta e Costa & Ouvidor Arriaga,Macau Peninsula,704,2801152.0,155940.0,66.58,1.577
2026,6,21,21:00,筷子基區,Fai Chi Kei,Macau Peninsula,709,2801152.0,155940.0,66.58,1.577
2026,6,21,21:00,氹仔舊城及馬場區,Cidade & Hipódromo da Taipa,Taipa & Cotai,6289,2801152.0,66570.0,28.42,0.507
2026,6,21,21:00,路環區,Coloane,Coloane,1962,2801152.0,11693.0,4.99,2.988
2026,6,21,21:00,北安及大潭山區,Pac On & Taipa Grande,Taipa & Cotai,4446,2801152.0,66570.0,28.42,0.507
2026,6,21,21:00,青洲區,Ilha Verde,Macau Peninsula,464,2801152.0,155940.0,66.58,1.577
2026,6,21,21:00,南西灣及主教山區,Praia Grande & Penha,Macau Peninsula,777,2801152.0,155940.0,66.58,1.577
2026,6,21,21:00,海洋及小潭山區,Jardins do Oceano & Taipa Pequena,Taipa & Cotai,748,2801152.0,66570.0,28.42,0.507
2026,6,21,21:00,東望洋區(松山區),Ferreira do Amaral (Guia),Macau Peninsula,281,2801152.0,155940.0,66.58,1.577
2026,6,21,21:00,大學及北安灣區,Universidade & Baía de Pac On,Taipa & Cotai,282,2801152.0,66570.0,28.42,0.507
2026,6,22,22:00,新橋區,Barca,Macau Peninsula,1315,2801152.0,155940.0,66.58,1.577
2026,6,22,22:00,中區,Baixa de Macau,Macau Peninsula,7634,2801152.0,155940.0,66.58,1.577
2026,6,22,22:00,氹仔中心區,Baixa da Taipa,Taipa & Cotai,4113,2801152.0,66570.0,28.42,0.507
2026,6,22,22:00,台山區,Tamagnini Barbosa,Macau Peninsula,2190,2801152.0,155940.0,66.58,1.577
2026,6,22,22:00,黑沙環新填海區,Novos Aterros da Areia Preta,Macau Peninsula,1965,2801152.0,155940.0,66.58,1.577
2026,6,22,22:00,望廈及水塘區,Móng Há & Reservatório,Macau Peninsula,1142,2801152.0,155940.0,66.58,1.577
2026,6,22,22:00,外港及南灣湖新填海區,Novos Aterros do Porto Exterior & Aterros da Baía da Praia Grande,Macau Peninsula,12585,2801152.0,155940.0,66.58,1.577
2026,6,22,22:00,路氹填海區,COTAI Reclamation Area,Taipa & Cotai,60276,2801152.0,66570.0,28.42,0.507
2026,6,22,22:00,黑沙環及祐漢區,Areia Preta & Iao Hon,Macau Peninsula,3848,2801152.0,155940.0,66.58,1.577
2026,6,22,22:00,下環區,Barra/Manduco,Macau Peninsula,2398,2801152.0,155940.0,66.58,1.577
2026,6,22,22:00,荷蘭園區,Conselheiro Ferreira de Almeida,Macau Peninsula,845,2801152.0,155940.0,66.58,1.577
2026,6,22,22:00,林茂塘區,Doca do Lamau,Macau Peninsula,698,2801152.0,155940.0,66.58,1.577
2026,6,22,22:00,沙梨頭及大三巴區,Patane & São Paulo,Macau Peninsula,2343,2801152.0,155940.0,66.58,1.577
2026,6,22,22:00,新口岸區,Zona de Aterros do Porto Exterior,Macau Peninsula,9510,2801152.0,155940.0,66.58,1.577
2026,6,22,22:00,高士德及雅廉訪區,Horta e Costa & Ouvidor Arriaga,Macau Peninsula,666,2801152.0,155940.0,66.58,1.577
2026,6,22,22:00,筷子基區,Fai Chi Kei,Macau Peninsula,668,2801152.0,155940.0,66.58,1.577
2026,6,22,22:00,氹仔舊城及馬場區,Cidade & Hipódromo da Taipa,Taipa & Cotai,5014,2801152.0,66570.0,28.42,0.507
2026,6,22,22:00,路環區,Coloane,Coloane,1783,2801152.0,11693.0,4.99,2.988
2026,6,22,22:00,北安及大潭山區,Pac On & Taipa Grande,Taipa & Cotai,3643,2801152.0,66570.0,28.42,0.507
2026,6,22,22:00,青洲區,Ilha Verde,Macau Peninsula,445,2801152.0,155940.0,66.58,1.577
2026,6,22,22:00,南西灣及主教山區,Praia Grande & Penha,Macau Peninsula,805,2801152.0,155940.0,66.58,1.577
2026,6,22,22:00,海洋及小潭山區,Jardins do Oceano & Taipa Pequena,Taipa & Cotai,692,2801152.0,66570.0,28.42,0.507
2026,6,22,22:00,東望洋區(松山區),Ferreira do Amaral (Guia),Macau Peninsula,279,2801152.0,155940.0,66.58,1.577
2026,6,22,22:00,大學及北安灣區,Universidade & Baía de Pac On,Taipa & Cotai,259,2801152.0,66570.0,28.42,0.507
2026,6,23,23:00,新橋區,Barca,Macau Peninsula,1287,2801152.0,155940.0,66.58,1.577
2026,6,23,23:00,中區,Baixa de Macau,Macau Peninsula,6762,2801152.0,155940.0,66.58,1.577
2026,6,23,23:00,氹仔中心區,Baixa da Taipa,Taipa & Cotai,3995,2801152.0,66570.0,28.42,0.507
2026,6,23,23:00,台山區,Tamagnini Barbosa,Macau Peninsula,1828,2801152.0,155940.0,66.58,1.577
2026,6,23,23:00,黑沙環新填海區,Novos Aterros da Areia Preta,Macau Peninsula,1825,2801152.0,155940.0,66.58,1.577
2026,6,23,23:00,望廈及水塘區,Móng Há & Reservatório,Macau Peninsula,1047,2801152.0,155940.0,66.58,1.577
2026,6,23,23:00,外港及南灣湖新填海區,Novos Aterros do Porto Exterior & Aterros da Baía da Praia Grande,Macau Peninsula,12000,2801152.0,155940.0,66.58,1.577
2026,6,23,23:00,路氹填海區,COTAI Reclamation Area,Taipa & Cotai,57862,2801152.0,66570.0,28.42,0.507
2026,6,23,23:00,黑沙環及祐漢區,Areia Preta & Iao Hon,Macau Peninsula,3029,2801152.0,155940.0,66.58,1.577
2026,6,23,23:00,下環區,Barra/Manduco,Macau Peninsula,2214,2801152.0,155940.0,66.58,1.577
2026,6,23,23:00,荷蘭園區,Conselheiro Ferreira de Almeida,Macau Peninsula,807,2801152.0,155940.0,66.58,1.577
2026,6,23,23:00,林茂塘區,Doca do Lamau,Macau Peninsula,655,2801152.0,155940.0,66.58,1.577
2026,6,23,23:00,沙梨頭及大三巴區,Patane & São Paulo,Macau Peninsula,2286,2801152.0,155940.0,66.58,1.577
2026,6,23,23:00,新口岸區,Zona de Aterros do Porto Exterior,Macau Peninsula,9573,2801152.0,155940.0,66.58,1.577
2026,6,23,23:00,高士德及雅廉訪區,Horta e Costa & Ouvidor Arriaga,Macau Peninsula,622,2801152.0,155940.0,66.58,1.577
2026,6,23,23:00,筷子基區,Fai Chi Kei,Macau Peninsula,629,2801152.0,155940.0,66.58,1.577
2026,6,23,23:00,氹仔舊城及馬場區,Cidade & Hipódromo da Taipa,Taipa & Cotai,3980,2801152.0,66570.0,28.42,0.507
2026,6,23,23:00,路環區,Coloane,Coloane,1719,2801152.0,11693.0,4.99,2.988
2026,6,23,23:00,北安及大潭山區,Pac On & Taipa Grande,Taipa & Cotai,2686,2801152.0,66570.0,28.42,0.507
2026,6,23,23:00,青洲區,Ilha Verde,Macau Peninsula,423,2801152.0,155940.0,66.58,1.577
2026,6,23,23:00,南西灣及主教山區,Praia Grande & Penha,Macau Peninsula,910,2801152.0,155940.0,66.58,1.577
2026,6,23,23:00,海洋及小潭山區,Jardins do Oceano & Taipa Pequena,Taipa & Cotai,656,2801152.0,66570.0,28.42,0.507
2026,6,23,23:00,東望洋區(松山區),Ferreira do Amaral (Guia),Macau Peninsula,307,2801152.0,155940.0,66.58,1.577
2026,6,23,23:00,大學及北安灣區,Universidade & Baía de Pac On,Taipa & Cotai,250,2801152.0,66570.0,28.42,0.507
2026,5,0,00:00,新橋區,Barca,Macau Peninsula,1502,3487994.0,155940.0,66.58,1.577
2026,5,0,00:00,中區,Baixa de Macau,Macau Peninsula,7007,3487994.0,155940.0,66.58,1.577
2026,5,0,00:00,氹仔中心區,Baixa da Taipa,Taipa & Cotai,4397,3487994.0,66570.0,28.42,0.507
2026,5,0,00:00,台山區,Tamagnini Barbosa,Macau Peninsula,1796,3487994.0,155940.0,66.58,1.577
2026,5,0,00:00,黑沙環新填海區,Novos Aterros da Areia Preta,Macau Peninsula,1755,3487994.0,155940.0,66.58,1.577
2026,5,0,00:00,望廈及水塘區,Móng Há & Reservatório,Macau Peninsula,1020,3487994.0,155940.0,66.58,1.577
2026,5,0,00:00,外港及南灣湖新填海區,Novos Aterros do Porto Exterior & Aterros da Baía da Praia Grande,Macau Peninsula,12806,3487994.0,155940.0,66.58,1.577
2026,5,0,00:00,路氹填海區,COTAI Reclamation Area,Taipa & Cotai,59778,3487994.0,66570.0,28.42,0.507
2026,5,0,00:00,黑沙環及祐漢區,Areia Preta & Iao Hon,Macau Peninsula,2743,3487994.0,155940.0,66.58,1.577
2026,5,0,00:00,下環區,Barra/Manduco,Macau Peninsula,2566,3487994.0,155940.0,66.58,1.577
2026,5,0,00:00,荷蘭園區,Conselheiro Ferreira de Almeida,Macau Peninsula,853,3487994.0,155940.0,66.58,1.577
2026,5,0,00:00,林茂塘區,Doca do Lamau,Macau Peninsula,677,3487994.0,155940.0,66.58,1.577
2026,5,0,00:00,沙梨頭及大三巴區,Patane & São Paulo,Macau Peninsula,2565,3487994.0,155940.0,66.58,1.577
2026,5,0,00:00,新口岸區,Zona de Aterros do Porto Exterior,Macau Peninsula,11162,3487994.0,155940.0,66.58,1.577
2026,5,0,00:00,高士德及雅廉訪區,Horta e Costa & Ouvidor Arriaga,Macau Peninsula,689,3487994.0,155940.0,66.58,1.577
2026,5,0,00:00,筷子基區,Fai Chi Kei,Macau Peninsula,672,3487994.0,155940.0,66.58,1.577
2026,5,0,00:00,氹仔舊城及馬場區,Cidade & Hipódromo da Taipa,Taipa & Cotai,4101,3487994.0,66570.0,28.42,0.507
2026,5,0,00:00,路環區,Coloane,Coloane,1881,3487994.0,11693.0,4.99,2.988
2026,5,0,00:00,北安及大潭山區,Pac On & Taipa Grande,Taipa & Cotai,3044,3487994.0,66570.0,28.42,0.507
2026,5,0,00:00,青洲區,Ilha Verde,Macau Peninsula,460,3487994.0,155940.0,66.58,1.577
2026,5,0,00:00,南西灣及主教山區,Praia Grande & Penha,Macau Peninsula,1050,3487994.0,155940.0,66.58,1.577
2026,5,0,00:00,海洋及小潭山區,Jardins do Oceano & Taipa Pequena,Taipa & Cotai,604,3487994.0,66570.0,28.42,0.507
2026,5,0,00:00,東望洋區(松山區),Ferreira do Amaral (Guia),Macau Peninsula,319,3487994.0,155940.0,66.58,1.577
2026,5,0,00:00,大學及北安灣區,Universidade & Baía de Pac On,Taipa & Cotai,274,3487994.0,66570.0,28.42,0.507
2026,5,1,01:00,新橋區,Barca,Macau Peninsula,1321,3487994.0,155940.0,66.58,1.577
2026,5,1,01:00,中區,Baixa de Macau,Macau Peninsula,6349,3487994.0,155940.0,66.58,1.577
2026,5,1,01:00,氹仔中心區,Baixa da Taipa,Taipa & Cotai,4121,3487994.0,66570.0,28.42,0.507
2026,5,1,01:00,台山區,Tamagnini Barbosa,Macau Peninsula,1482,3487994.0,155940.0,66.58,1.577
2026,5,1,01:00,黑沙環新填海區,Novos Aterros da Areia Preta,Macau Peninsula,1420,3487994.0,155940.0,66.58,1.577
2026,5,1,01:00,望廈及水塘區,Móng Há & Reservatório,Macau Peninsula,834,3487994.0,155940.0,66.58,1.577
2026,5,1,01:00,外港及南灣湖新填海區,Novos Aterros do Porto Exterior & Aterros da Baía da Praia Grande,Macau Peninsula,11716,3487994.0,155940.0,66.58,1.577
2026,5,1,01:00,路氹填海區,COTAI Reclamation Area,Taipa & Cotai,55992,3487994.0,66570.0,28.42,0.507
2026,5,1,01:00,黑沙環及祐漢區,Areia Preta & Iao Hon,Macau Peninsula,1756,3487994.0,155940.0,66.58,1.577
2026,5,1,01:00,下環區,Barra/Manduco,Macau Peninsula,2414,3487994.0,155940.0,66.58,1.577
2026,5,1,01:00,荷蘭園區,Conselheiro Ferreira de Almeida,Macau Peninsula,753,3487994.0,155940.0,66.58,1.577
2026,5,1,01:00,林茂塘區,Doca do Lamau,Macau Peninsula,523,3487994.0,155940.0,66.58,1.577
2026,5,1,01:00,沙梨頭及大三巴區,Patane & São Paulo,Macau Peninsula,2472,3487994.0,155940.0,66.58,1.577
2026,5,1,01:00,新口岸區,Zona de Aterros do Porto Exterior,Macau Peninsula,11267,3487994.0,155940.0,66.58,1.577
2026,5,1,01:00,高士德及雅廉訪區,Horta e Costa & Ouvidor Arriaga,Macau Peninsula,596,3487994.0,155940.0,66.58,1.577
2026,5,1,01:00,筷子基區,Fai Chi Kei,Macau Peninsula,558,3487994.0,155940.0,66.58,1.577
2026,5,1,01:00,氹仔舊城及馬場區,Cidade & Hipódromo da Taipa,Taipa & Cotai,3688,3487994.0,66570.0,28.42,0.507
2026,5,1,01:00,路環區,Coloane,Coloane,1561,3487994.0,11693.0,4.99,2.988
2026,5,1,01:00,北安及大潭山區,Pac On & Taipa Grande,Taipa & Cotai,2572,3487994.0,66570.0,28.42,0.507
2026,5,1,01:00,青洲區,Ilha Verde,Macau Peninsula,358,3487994.0,155940.0,66.58,1.577
2026,5,1,01:00,南西灣及主教山區,Praia Grande & Penha,Macau Peninsula,1025,3487994.0,155940.0,66.58,1.577
2026,5,1,01:00,海洋及小潭山區,Jardins do Oceano & Taipa Pequena,Taipa & Cotai,480,3487994.0,66570.0,28.42,0.507
2026,5,1,01:00,東望洋區(松山區),Ferreira do Amaral (Guia),Macau Peninsula,299,3487994.0,155940.0,66.58,1.577
2026,5,1,01:00,大學及北安灣區,Universidade & Baía de Pac On,Taipa & Cotai,240,3487994.0,66570.0,28.42,0.507
2026,5,2,02:00,新橋區,Barca,Macau Peninsula,1334,3487994.0,155940.0,66.58,1.577
2026,5,2,02:00,中區,Baixa de Macau,Macau Peninsula,6084,3487994.0,155940.0,66.58,1.577
2026,5,2,02:00,氹仔中心區,Baixa da Taipa,Taipa & Cotai,4174,3487994.0,66570.0,28.42,0.507
2026,5,2,02:00,台山區,Tamagnini Barbosa,Macau Peninsula,1464,3487994.0,155940.0,66.58,1.577
2026,5,2,02:00,黑沙環新填海區,Novos Aterros da Areia Preta,Macau Peninsula,1392,3487994.0,155940.0,66.58,1.577
2026,5,2,02:00,望廈及水塘區,Móng Há & Reservatório,Macau Peninsula,817,3487994.0,155940.0,66.58,1.577
2026,5,2,02:00,外港及南灣湖新填海區,Novos Aterros do Porto Exterior & Aterros da Baía da Praia Grande,Macau Peninsula,11214,3487994.0,155940.0,66.58,1.577
2026,5,2,02:00,路氹填海區,COTAI Reclamation Area,Taipa & Cotai,55473,3487994.0,66570.0,28.42,0.507
2026,5,2,02:00,黑沙環及祐漢區,Areia Preta & Iao Hon,Macau Peninsula,1559,3487994.0,155940.0,66.58,1.577
2026,5,2,02:00,下環區,Barra/Manduco,Macau Peninsula,2454,3487994.0,155940.0,66.58,1.577
2026,5,2,02:00,荷蘭園區,Conselheiro Ferreira de Almeida,Macau Peninsula,772,3487994.0,155940.0,66.58,1.577
2026,5,2,02:00,林茂塘區,Doca do Lamau,Macau Peninsula,527,3487994.0,155940.0,66.58,1.577
2026,5,2,02:00,沙梨頭及大三巴區,Patane & São Paulo,Macau Peninsula,2561,3487994.0,155940.0,66.58,1.577
2026,5,2,02:00,新口岸區,Zona de Aterros do Porto Exterior,Macau Peninsula,11814,3487994.0,155940.0,66.58,1.577
2026,5,2,02:00,高士德及雅廉訪區,Horta e Costa & Ouvidor Arriaga,Macau Peninsula,617,3487994.0,155940.0,66.58,1.577
2026,5,2,02:00,筷子基區,Fai Chi Kei,Macau Peninsula,566,3487994.0,155940.0,66.58,1.577
2026,5,2,02:00,氹仔舊城及馬場區,Cidade & Hipódromo da Taipa,Taipa & Cotai,3645,3487994.0,66570.0,28.42,0.507
2026,5,2,02:00,路環區,Coloane,Coloane,1523,3487994.0,11693.0,4.99,2.988
2026,5,2,02:00,北安及大潭山區,Pac On & Taipa Grande,Taipa & Cotai,2559,3487994.0,66570.0,28.42,0.507
2026,5,2,02:00,青洲區,Ilha Verde,Macau Peninsula,350,3487994.0,155940.0,66.58,1.577
2026,5,2,02:00,南西灣及主教山區,Praia Grande & Penha,Macau Peninsula,1095,3487994.0,155940.0,66.58,1.577
2026,5,2,02:00,海洋及小潭山區,Jardins do Oceano & Taipa Pequena,Taipa & Cotai,434,3487994.0,66570.0,28.42,0.507
2026,5,2,02:00,東望洋區(松山區),Ferreira do Amaral (Guia),Macau Peninsula,312,3487994.0,155940.0,66.58,1.577
2026,5,2,02:00,大學及北安灣區,Universidade & Baía de Pac On,Taipa & Cotai,249,3487994.0,66570.0,28.42,0.507
2026,5,3,03:00,新橋區,Barca,Macau Peninsula,1332,3487994.0,155940.0,66.58,1.577
2026,5,3,03:00,中區,Baixa de Macau,Macau Peninsula,5841,3487994.0,155940.0,66.58,1.577
2026,5,3,03:00,氹仔中心區,Baixa da Taipa,Taipa & Cotai,4168,3487994.0,66570.0,28.42,0.507
2026,5,3,03:00,台山區,Tamagnini Barbosa,Macau Peninsula,1477,3487994.0,155940.0,66.58,1.577
2026,5,3,03:00,黑沙環新填海區,Novos Aterros da Areia Preta,Macau Peninsula,1390,3487994.0,155940.0,66.58,1.577
2026,5,3,03:00,望廈及水塘區,Móng Há & Reservatório,Macau Peninsula,801,3487994.0,155940.0,66.58,1.577
2026,5,3,03:00,外港及南灣湖新填海區,Novos Aterros do Porto Exterior & Aterros da Baía da Praia Grande,Macau Peninsula,10714,3487994.0,155940.0,66.58,1.577
2026,5,3,03:00,路氹填海區,COTAI Reclamation Area,Taipa & Cotai,55237,3487994.0,66570.0,28.42,0.507
2026,5,3,03:00,黑沙環及祐漢區,Areia Preta & Iao Hon,Macau Peninsula,1551,3487994.0,155940.0,66.58,1.577
2026,5,3,03:00,下環區,Barra/Manduco,Macau Peninsula,2472,3487994.0,155940.0,66.58,1.577
2026,5,3,03:00,荷蘭園區,Conselheiro Ferreira de Almeida,Macau Peninsula,791,3487994.0,155940.0,66.58,1.577
2026,5,3,03:00,林茂塘區,Doca do Lamau,Macau Peninsula,530,3487994.0,155940.0,66.58,1.577
2026,5,3,03:00,沙梨頭及大三巴區,Patane & São Paulo,Macau Peninsula,2612,3487994.0,155940.0,66.58,1.577
2026,5,3,03:00,新口岸區,Zona de Aterros do Porto Exterior,Macau Peninsula,12253,3487994.0,155940.0,66.58,1.577
2026,5,3,03:00,高士德及雅廉訪區,Horta e Costa & Ouvidor Arriaga,Macau Peninsula,625,3487994.0,155940.0,66.58,1.577
2026,5,3,03:00,筷子基區,Fai Chi Kei,Macau Peninsula,560,3487994.0,155940.0,66.58,1.577
2026,5,3,03:00,氹仔舊城及馬場區,Cidade & Hipódromo da Taipa,Taipa & Cotai,3591,3487994.0,66570.0,28.42,0.507
2026,5,3,03:00,路環區,Coloane,Coloane,1537,3487994.0,11693.0,4.99,2.988
2026,5,3,03:00,北安及大潭山區,Pac On & Taipa Grande,Taipa & Cotai,2517,3487994.0,66570.0,28.42,0.507
2026,5,3,03:00,青洲區,Ilha Verde,Macau Peninsula,348,3487994.0,155940.0,66.58,1.577
2026,5,3,03:00,南西灣及主教山區,Praia Grande & Penha,Macau Peninsula,1138,3487994.0,155940.0,66.58,1.577
2026,5,3,03:00,海洋及小潭山區,Jardins do Oceano & Taipa Pequena,Taipa & Cotai,406,3487994.0,66570.0,28.42,0.507
2026,5,3,03:00,東望洋區(松山區),Ferreira do Amaral (Guia),Macau Peninsula,313,3487994.0,155940.0,66.58,1.577
2026,5,3,03:00,大學及北安灣區,Universidade & Baía de Pac On,Taipa & Cotai,255,3487994.0,66570.0,28.42,0.507
2026,5,4,04:00,新橋區,Barca,Macau Peninsula,1336,3487994.0,155940.0,66.58,1.577
2026,5,4,04:00,中區,Baixa de Macau,Macau Peninsula,5591,3487994.0,155940.0,66.58,1.577
2026,5,4,04:00,氹仔中心區,Baixa da Taipa,Taipa & Cotai,4130,3487994.0,66570.0,28.42,0.507
2026,5,4,04:00,台山區,Tamagnini Barbosa,Macau Peninsula,1451,3487994.0,155940.0,66.58,1.577
2026,5,4,04:00,黑沙環新填海區,Novos Aterros da Areia Preta,Macau Peninsula,1356,3487994.0,155940.0,66.58,1.577
2026,5,4,04:00,望廈及水塘區,Móng Há & Reservatório,Macau Peninsula,781,3487994.0,155940.0,66.58,1.577
2026,5,4,04:00,外港及南灣湖新填海區,Novos Aterros do Porto Exterior & Aterros da Baía da Praia Grande,Macau Peninsula,10197,3487994.0,155940.0,66.58,1.577
2026,5,4,04:00,路氹填海區,COTAI Reclamation Area,Taipa & Cotai,54738,3487994.0,66570.0,28.42,0.507
2026,5,4,04:00,黑沙環及祐漢區,Areia Preta & Iao Hon,Macau Peninsula,1568,3487994.0,155940.0,66.58,1.577
2026,5,4,04:00,下環區,Barra/Manduco,Macau Peninsula,2465,3487994.0,155940.0,66.58,1.577
2026,5,4,04:00,荷蘭園區,Conselheiro Ferreira de Almeida,Macau Peninsula,784,3487994.0,155940.0,66.58,1.577
2026,5,4,04:00,林茂塘區,Doca do Lamau,Macau Peninsula,534,3487994.0,155940.0,66.58,1.577
2026,5,4,04:00,沙梨頭及大三巴區,Patane & São Paulo,Macau Peninsula,2621,3487994.0,155940.0,66.58,1.577
2026,5,4,04:00,新口岸區,Zona de Aterros do Porto Exterior,Macau Peninsula,12499,3487994.0,155940.0,66.58,1.577
2026,5,4,04:00,高士德及雅廉訪區,Horta e Costa & Ouvidor Arriaga,Macau Peninsula,635,3487994.0,155940.0,66.58,1.577
2026,5,4,04:00,筷子基區,Fai Chi Kei,Macau Peninsula,551,3487994.0,155940.0,66.58,1.577
2026,5,4,04:00,氹仔舊城及馬場區,Cidade & Hipódromo da Taipa,Taipa & Cotai,3517,3487994.0,66570.0,28.42,0.507
2026,5,4,04:00,路環區,Coloane,Coloane,1529,3487994.0,11693.0,4.99,2.988
2026,5,4,04:00,北安及大潭山區,Pac On & Taipa Grande,Taipa & Cotai,2423,3487994.0,66570.0,28.42,0.507
2026,5,4,04:00,青洲區,Ilha Verde,Macau Peninsula,341,3487994.0,155940.0,66.58,1.577
2026,5,4,04:00,南西灣及主教山區,Praia Grande & Penha,Macau Peninsula,1160,3487994.0,155940.0,66.58,1.577
2026,5,4,04:00,海洋及小潭山區,Jardins do Oceano & Taipa Pequena,Taipa & Cotai,386,3487994.0,66570.0,28.42,0.507
2026,5,4,04:00,東望洋區(松山區),Ferreira do Amaral (Guia),Macau Peninsula,318,3487994.0,155940.0,66.58,1.577
2026,5,4,04:00,大學及北安灣區,Universidade & Baía de Pac On,Taipa & Cotai,260,3487994.0,66570.0,28.42,0.507
2026,5,5,05:00,新橋區,Barca,Macau Peninsula,1349,3487994.0,155940.0,66.58,1.577
2026,5,5,05:00,中區,Baixa de Macau,Macau Peninsula,5399,3487994.0,155940.0,66.58,1.577
2026,5,5,05:00,氹仔中心區,Baixa da Taipa,Taipa & Cotai,4149,3487994.0,66570.0,28.42,0.507
2026,5,5,05:00,台山區,Tamagnini Barbosa,Macau Peninsula,1435,3487994.0,155940.0,66.58,1.577
2026,5,5,05:00,黑沙環新填海區,Novos Aterros da Areia Preta,Macau Peninsula,1338,3487994.0,155940.0,66.58,1.577
2026,5,5,05:00,望廈及水塘區,Móng Há & Reservatório,Macau Peninsula,790,3487994.0,155940.0,66.58,1.577
2026,5,5,05:00,外港及南灣湖新填海區,Novos Aterros do Porto Exterior & Aterros da Baía da Praia Grande,Macau Peninsula,9797,3487994.0,155940.0,66.58,1.577
2026,5,5,05:00,路氹填海區,COTAI Reclamation Area,Taipa & Cotai,54292,3487994.0,66570.0,28.42,0.507
2026,5,5,05:00,黑沙環及祐漢區,Areia Preta & Iao Hon,Macau Peninsula,1593,3487994.0,155940.0,66.58,1.577
2026,5,5,05:00,下環區,Barra/Manduco,Macau Peninsula,2470,3487994.0,155940.0,66.58,1.577
2026,5,5,05:00,荷蘭園區,Conselheiro Ferreira de Almeida,Macau Peninsula,787,3487994.0,155940.0,66.58,1.577
2026,5,5,05:00,林茂塘區,Doca do Lamau,Macau Peninsula,534,3487994.0,155940.0,66.58,1.577
2026,5,5,05:00,沙梨頭及大三巴區,Patane & São Paulo,Macau Peninsula,2645,3487994.0,155940.0,66.58,1.577
2026,5,5,05:00,新口岸區,Zona de Aterros do Porto Exterior,Macau Peninsula,12625,3487994.0,155940.0,66.58,1.577
2026,5,5,05:00,高士德及雅廉訪區,Horta e Costa & Ouvidor Arriaga,Macau Peninsula,652,3487994.0,155940.0,66.58,1.577
2026,5,5,05:00,筷子基區,Fai Chi Kei,Macau Peninsula,549,3487994.0,155940.0,66.58,1.577
2026,5,5,05:00,氹仔舊城及馬場區,Cidade & Hipódromo da Taipa,Taipa & Cotai,3462,3487994.0,66570.0,28.42,0.507
2026,5,5,05:00,路環區,Coloane,Coloane,1530,3487994.0,11693.0,4.99,2.988
2026,5,5,05:00,北安及大潭山區,Pac On & Taipa Grande,Taipa & Cotai,2358,3487994.0,66570.0,28.42,0.507
2026,5,5,05:00,青洲區,Ilha Verde,Macau Peninsula,339,3487994.0,155940.0,66.58,1.577
2026,5,5,05:00,南西灣及主教山區,Praia Grande & Penha,Macau Peninsula,1171,3487994.0,155940.0,66.58,1.577
2026,5,5,05:00,海洋及小潭山區,Jardins do Oceano & Taipa Pequena,Taipa & Cotai,375,3487994.0,66570.0,28.42,0.507
2026,5,5,05:00,東望洋區(松山區),Ferreira do Amaral (Guia),Macau Peninsula,322,3487994.0,155940.0,66.58,1.577
2026,5,5,05:00,大學及北安灣區,Universidade & Baía de Pac On,Taipa & Cotai,266,3487994.0,66570.0,28.42,0.507
2026,5,6,06:00,新橋區,Barca,Macau Peninsula,1359,3487994.0,155940.0,66.58,1.577
2026,5,6,06:00,中區,Baixa de Macau,Macau Peninsula,5250,3487994.0,155940.0,66.58,1.577
2026,5,6,06:00,氹仔中心區,Baixa da Taipa,Taipa & Cotai,4176,3487994.0,66570.0,28.42,0.507
2026,5,6,06:00,台山區,Tamagnini Barbosa,Macau Peninsula,1472,3487994.0,155940.0,66.58,1.577
2026,5,6,06:00,黑沙環新填海區,Novos Aterros da Areia Preta,Macau Peninsula,1327,3487994.0,155940.0,66.58,1.577
2026,5,6,06:00,望廈及水塘區,Móng Há & Reservatório,Macau Peninsula,798,3487994.0,155940.0,66.58,1.577
2026,5,6,06:00,外港及南灣湖新填海區,Novos Aterros do Porto Exterior & Aterros da Baía da Praia Grande,Macau Peninsula,9487,3487994.0,155940.0,66.58,1.577
2026,5,6,06:00,路氹填海區,COTAI Reclamation Area,Taipa & Cotai,53940,3487994.0,66570.0,28.42,0.507
2026,5,6,06:00,黑沙環及祐漢區,Areia Preta & Iao Hon,Macau Peninsula,1637,3487994.0,155940.0,66.58,1.577
2026,5,6,06:00,下環區,Barra/Manduco,Macau Peninsula,2483,3487994.0,155940.0,66.58,1.577
2026,5,6,06:00,荷蘭園區,Conselheiro Ferreira de Almeida,Macau Peninsula,796,3487994.0,155940.0,66.58,1.577
2026,5,6,06:00,林茂塘區,Doca do Lamau,Macau Peninsula,545,3487994.0,155940.0,66.58,1.577
2026,5,6,06:00,沙梨頭及大三巴區,Patane & São Paulo,Macau Peninsula,2681,3487994.0,155940.0,66.58,1.577
2026,5,6,06:00,新口岸區,Zona de Aterros do Porto Exterior,Macau Peninsula,12713,3487994.0,155940.0,66.58,1.577
2026,5,6,06:00,高士德及雅廉訪區,Horta e Costa & Ouvidor Arriaga,Macau Peninsula,661,3487994.0,155940.0,66.58,1.577
2026,5,6,06:00,筷子基區,Fai Chi Kei,Macau Peninsula,547,3487994.0,155940.0,66.58,1.577
2026,5,6,06:00,氹仔舊城及馬場區,Cidade & Hipódromo da Taipa,Taipa & Cotai,3436,3487994.0,66570.0,28.42,0.507
2026,5,6,06:00,路環區,Coloane,Coloane,1547,3487994.0,11693.0,4.99,2.988
2026,5,6,06:00,北安及大潭山區,Pac On & Taipa Grande,Taipa & Cotai,2346,3487994.0,66570.0,28.42,0.507
2026,5,6,06:00,青洲區,Ilha Verde,Macau Peninsula,343,3487994.0,155940.0,66.58,1.577
2026,5,6,06:00,南西灣及主教山區,Praia Grande & Penha,Macau Peninsula,1180,3487994.0,155940.0,66.58,1.577
2026,5,6,06:00,海洋及小潭山區,Jardins do Oceano & Taipa Pequena,Taipa & Cotai,368,3487994.0,66570.0,28.42,0.507
2026,5,6,06:00,東望洋區(松山區),Ferreira do Amaral (Guia),Macau Peninsula,327,3487994.0,155940.0,66.58,1.577
2026,5,6,06:00,大學及北安灣區,Universidade & Baía de Pac On,Taipa & Cotai,275,3487994.0,66570.0,28.42,0.507
2026,5,7,07:00,新橋區,Barca,Macau Peninsula,1370,3487994.0,155940.0,66.58,1.577
2026,5,7,07:00,中區,Baixa de Macau,Macau Peninsula,5239,3487994.0,155940.0,66.58,1.577
2026,5,7,07:00,氹仔中心區,Baixa da Taipa,Taipa & Cotai,4242,3487994.0,66570.0,28.42,0.507
2026,5,7,07:00,台山區,Tamagnini Barbosa,Macau Peninsula,1667,3487994.0,155940.0,66.58,1.577
2026,5,7,07:00,黑沙環新填海區,Novos Aterros da Areia Preta,Macau Peninsula,1375,3487994.0,155940.0,66.58,1.577
2026,5,7,07:00,望廈及水塘區,Móng Há & Reservatório,Macau Peninsula,822,3487994.0,155940.0,66.58,1.577
2026,5,7,07:00,外港及南灣湖新填海區,Novos Aterros do Porto Exterior & Aterros da Baía da Praia Grande,Macau Peninsula,9370,3487994.0,155940.0,66.58,1.577
2026,5,7,07:00,路氹填海區,COTAI Reclamation Area,Taipa & Cotai,53707,3487994.0,66570.0,28.42,0.507
2026,5,7,07:00,黑沙環及祐漢區,Areia Preta & Iao Hon,Macau Peninsula,2106,3487994.0,155940.0,66.58,1.577
2026,5,7,07:00,下環區,Barra/Manduco,Macau Peninsula,2529,3487994.0,155940.0,66.58,1.577
2026,5,7,07:00,荷蘭園區,Conselheiro Ferreira de Almeida,Macau Peninsula,812,3487994.0,155940.0,66.58,1.577
2026,5,7,07:00,林茂塘區,Doca do Lamau,Macau Peninsula,565,3487994.0,155940.0,66.58,1.577
2026,5,7,07:00,沙梨頭及大三巴區,Patane & São Paulo,Macau Peninsula,2667,3487994.0,155940.0,66.58,1.577
2026,5,7,07:00,新口岸區,Zona de Aterros do Porto Exterior,Macau Peninsula,12825,3487994.0,155940.0,66.58,1.577
2026,5,7,07:00,高士德及雅廉訪區,Horta e Costa & Ouvidor Arriaga,Macau Peninsula,675,3487994.0,155940.0,66.58,1.577
2026,5,7,07:00,筷子基區,Fai Chi Kei,Macau Peninsula,569,3487994.0,155940.0,66.58,1.577
2026,5,7,07:00,氹仔舊城及馬場區,Cidade & Hipódromo da Taipa,Taipa & Cotai,3479,3487994.0,66570.0,28.42,0.507
2026,5,7,07:00,路環區,Coloane,Coloane,1598,3487994.0,11693.0,4.99,2.988
2026,5,7,07:00,北安及大潭山區,Pac On & Taipa Grande,Taipa & Cotai,2412,3487994.0,66570.0,28.42,0.507
2026,5,7,07:00,青洲區,Ilha Verde,Macau Peninsula,365,3487994.0,155940.0,66.58,1.577
2026,5,7,07:00,南西灣及主教山區,Praia Grande & Penha,Macau Peninsula,1152,3487994.0,155940.0,66.58,1.577
2026,5,7,07:00,海洋及小潭山區,Jardins do Oceano & Taipa Pequena,Taipa & Cotai,392,3487994.0,66570.0,28.42,0.507
2026,5,7,07:00,東望洋區(松山區),Ferreira do Amaral (Guia),Macau Peninsula,338,3487994.0,155940.0,66.58,1.577
2026,5,7,07:00,大學及北安灣區,Universidade & Baía de Pac On,Taipa & Cotai,275,3487994.0,66570.0,28.42,0.507
2026,5,8,08:00,新橋區,Barca,Macau Peninsula,1393,3487994.0,155940.0,66.58,1.577
2026,5,8,08:00,中區,Baixa de Macau,Macau Peninsula,5275,3487994.0,155940.0,66.58,1.577
2026,5,8,08:00,氹仔中心區,Baixa da Taipa,Taipa & Cotai,4302,3487994.0,66570.0,28.42,0.507
2026,5,8,08:00,台山區,Tamagnini Barbosa,Macau Peninsula,1943,3487994.0,155940.0,66.58,1.577
2026,5,8,08:00,黑沙環新填海區,Novos Aterros da Areia Preta,Macau Peninsula,1470,3487994.0,155940.0,66.58,1.577
2026,5,8,08:00,望廈及水塘區,Móng Há & Reservatório,Macau Peninsula,901,3487994.0,155940.0,66.58,1.577
2026,5,8,08:00,外港及南灣湖新填海區,Novos Aterros do Porto Exterior & Aterros da Baía da Praia Grande,Macau Peninsula,9413,3487994.0,155940.0,66.58,1.577
2026,5,8,08:00,路氹填海區,COTAI Reclamation Area,Taipa & Cotai,53829,3487994.0,66570.0,28.42,0.507
2026,5,8,08:00,黑沙環及祐漢區,Areia Preta & Iao Hon,Macau Peninsula,2777,3487994.0,155940.0,66.58,1.577
2026,5,8,08:00,下環區,Barra/Manduco,Macau Peninsula,2568,3487994.0,155940.0,66.58,1.577
2026,5,8,08:00,荷蘭園區,Conselheiro Ferreira de Almeida,Macau Peninsula,856,3487994.0,155940.0,66.58,1.577
2026,5,8,08:00,林茂塘區,Doca do Lamau,Macau Peninsula,573,3487994.0,155940.0,66.58,1.577
2026,5,8,08:00,沙梨頭及大三巴區,Patane & São Paulo,Macau Peninsula,2733,3487994.0,155940.0,66.58,1.577
2026,5,8,08:00,新口岸區,Zona de Aterros do Porto Exterior,Macau Peninsula,12980,3487994.0,155940.0,66.58,1.577
2026,5,8,08:00,高士德及雅廉訪區,Horta e Costa & Ouvidor Arriaga,Macau Peninsula,693,3487994.0,155940.0,66.58,1.577
2026,5,8,08:00,筷子基區,Fai Chi Kei,Macau Peninsula,609,3487994.0,155940.0,66.58,1.577
2026,5,8,08:00,氹仔舊城及馬場區,Cidade & Hipódromo da Taipa,Taipa & Cotai,3567,3487994.0,66570.0,28.42,0.507
2026,5,8,08:00,路環區,Coloane,Coloane,1611,3487994.0,11693.0,4.99,2.988
2026,5,8,08:00,北安及大潭山區,Pac On & Taipa Grande,Taipa & Cotai,2512,3487994.0,66570.0,28.42,0.507
2026,5,8,08:00,青洲區,Ilha Verde,Macau Peninsula,423,3487994.0,155940.0,66.58,1.577
2026,5,8,08:00,南西灣及主教山區,Praia Grande & Penha,Macau Peninsula,1165,3487994.0,155940.0,66.58,1.577
2026,5,8,08:00,海洋及小潭山區,Jardins do Oceano & Taipa Pequena,Taipa & Cotai,439,3487994.0,66570.0,28.42,0.507
2026,5,8,08:00,東望洋區(松山區),Ferreira do Amaral (Guia),Macau Peninsula,375,3487994.0,155940.0,66.58,1.577
2026,5,8,08:00,大學及北安灣區,Universidade & Baía de Pac On,Taipa & Cotai,290,3487994.0,66570.0,28.42,0.507
2026,5,9,09:00,新橋區,Barca,Macau Peninsula,1410,3487994.0,155940.0,66.58,1.577
2026,5,9,09:00,中區,Baixa de Macau,Macau Peninsula,5616,3487994.0,155940.0,66.58,1.577
2026,5,9,09:00,氹仔中心區,Baixa da Taipa,Taipa & Cotai,4296,3487994.0,66570.0,28.42,0.507
2026,5,9,09:00,台山區,Tamagnini Barbosa,Macau Peninsula,2478,3487994.0,155940.0,66.58,1.577
2026,5,9,09:00,黑沙環新填海區,Novos Aterros da Areia Preta,Macau Peninsula,1610,3487994.0,155940.0,66.58,1.577
2026,5,9,09:00,望廈及水塘區,Móng Há & Reservatório,Macau Peninsula,1094,3487994.0,155940.0,66.58,1.577
2026,5,9,09:00,外港及南灣湖新填海區,Novos Aterros do Porto Exterior & Aterros da Baía da Praia Grande,Macau Peninsula,9668,3487994.0,155940.0,66.58,1.577
2026,5,9,09:00,路氹填海區,COTAI Reclamation Area,Taipa & Cotai,54438,3487994.0,66570.0,28.42,0.507
2026,5,9,09:00,黑沙環及祐漢區,Areia Preta & Iao Hon,Macau Peninsula,4075,3487994.0,155940.0,66.58,1.577
2026,5,9,09:00,下環區,Barra/Manduco,Macau Peninsula,2591,3487994.0,155940.0,66.58,1.577
2026,5,9,09:00,荷蘭園區,Conselheiro Ferreira de Almeida,Macau Peninsula,952,3487994.0,155940.0,66.58,1.577
2026,5,9,09:00,林茂塘區,Doca do Lamau,Macau Peninsula,591,3487994.0,155940.0,66.58,1.577
2026,5,9,09:00,沙梨頭及大三巴區,Patane & São Paulo,Macau Peninsula,2875,3487994.0,155940.0,66.58,1.577
2026,5,9,09:00,新口岸區,Zona de Aterros do Porto Exterior,Macau Peninsula,13189,3487994.0,155940.0,66.58,1.577
2026,5,9,09:00,高士德及雅廉訪區,Horta e Costa & Ouvidor Arriaga,Macau Peninsula,741,3487994.0,155940.0,66.58,1.577
2026,5,9,09:00,筷子基區,Fai Chi Kei,Macau Peninsula,696,3487994.0,155940.0,66.58,1.577
2026,5,9,09:00,氹仔舊城及馬場區,Cidade & Hipódromo da Taipa,Taipa & Cotai,3715,3487994.0,66570.0,28.42,0.507
2026,5,9,09:00,路環區,Coloane,Coloane,1808,3487994.0,11693.0,4.99,2.988
2026,5,9,09:00,北安及大潭山區,Pac On & Taipa Grande,Taipa & Cotai,2885,3487994.0,66570.0,28.42,0.507
2026,5,9,09:00,青洲區,Ilha Verde,Macau Peninsula,520,3487994.0,155940.0,66.58,1.577
2026,5,9,09:00,南西灣及主教山區,Praia Grande & Penha,Macau Peninsula,1185,3487994.0,155940.0,66.58,1.577
2026,5,9,09:00,海洋及小潭山區,Jardins do Oceano & Taipa Pequena,Taipa & Cotai,463,3487994.0,66570.0,28.42,0.507
2026,5,9,09:00,東望洋區(松山區),Ferreira do Amaral (Guia),Macau Peninsula,446,3487994.0,155940.0,66.58,1.577
2026,5,9,09:00,大學及北安灣區,Universidade & Baía de Pac On,Taipa & Cotai,297,3487994.0,66570.0,28.42,0.507
2026,5,10,10:00,新橋區,Barca,Macau Peninsula,1542,3487994.0,155940.0,66.58,1.577
2026,5,10,10:00,中區,Baixa de Macau,Macau Peninsula,6550,3487994.0,155940.0,66.58,1.577
2026,5,10,10:00,氹仔中心區,Baixa da Taipa,Taipa & Cotai,4239,3487994.0,66570.0,28.42,0.507
2026,5,10,10:00,台山區,Tamagnini Barbosa,Macau Peninsula,3223,3487994.0,155940.0,66.58,1.577
2026,5,10,10:00,黑沙環新填海區,Novos Aterros da Areia Preta,Macau Peninsula,1994,3487994.0,155940.0,66.58,1.577
2026,5,10,10:00,望廈及水塘區,Móng Há & Reservatório,Macau Peninsula,1440,3487994.0,155940.0,66.58,1.577
2026,5,10,10:00,外港及南灣湖新填海區,Novos Aterros do Porto Exterior & Aterros da Baía da Praia Grande,Macau Peninsula,10304,3487994.0,155940.0,66.58,1.577
2026,5,10,10:00,路氹填海區,COTAI Reclamation Area,Taipa & Cotai,55601,3487994.0,66570.0,28.42,0.507
2026,5,10,10:00,黑沙環及祐漢區,Areia Preta & Iao Hon,Macau Peninsula,7110,3487994.0,155940.0,66.58,1.577
2026,5,10,10:00,下環區,Barra/Manduco,Macau Peninsula,2638,3487994.0,155940.0,66.58,1.577
2026,5,10,10:00,荷蘭園區,Conselheiro Ferreira de Almeida,Macau Peninsula,1244,3487994.0,155940.0,66.58,1.577
2026,5,10,10:00,林茂塘區,Doca do Lamau,Macau Peninsula,620,3487994.0,155940.0,66.58,1.577
2026,5,10,10:00,沙梨頭及大三巴區,Patane & São Paulo,Macau Peninsula,3470,3487994.0,155940.0,66.58,1.577
2026,5,10,10:00,新口岸區,Zona de Aterros do Porto Exterior,Macau Peninsula,13435,3487994.0,155940.0,66.58,1.577
2026,5,10,10:00,高士德及雅廉訪區,Horta e Costa & Ouvidor Arriaga,Macau Peninsula,796,3487994.0,155940.0,66.58,1.577
2026,5,10,10:00,筷子基區,Fai Chi Kei,Macau Peninsula,685,3487994.0,155940.0,66.58,1.577
2026,5,10,10:00,氹仔舊城及馬場區,Cidade & Hipódromo da Taipa,Taipa & Cotai,3896,3487994.0,66570.0,28.42,0.507
2026,5,10,10:00,路環區,Coloane,Coloane,2046,3487994.0,11693.0,4.99,2.988
2026,5,10,10:00,北安及大潭山區,Pac On & Taipa Grande,Taipa & Cotai,4235,3487994.0,66570.0,28.42,0.507
2026,5,10,10:00,青洲區,Ilha Verde,Macau Peninsula,543,3487994.0,155940.0,66.58,1.577
2026,5,10,10:00,南西灣及主教山區,Praia Grande & Penha,Macau Peninsula,1163,3487994.0,155940.0,66.58,1.577
2026,5,10,10:00,海洋及小潭山區,Jardins do Oceano & Taipa Pequena,Taipa & Cotai,538,3487994.0,66570.0,28.42,0.507
2026,5,10,10:00,東望洋區(松山區),Ferreira do Amaral (Guia),Macau Peninsula,555,3487994.0,155940.0,66.58,1.577
2026,5,10,10:00,大學及北安灣區,Universidade & Baía de Pac On,Taipa & Cotai,342,3487994.0,66570.0,28.42,0.507
2026,5,11,11:00,新橋區,Barca,Macau Peninsula,1810,3487994.0,155940.0,66.58,1.577
2026,5,11,11:00,中區,Baixa de Macau,Macau Peninsula,8521,3487994.0,155940.0,66.58,1.577
2026,5,11,11:00,氹仔中心區,Baixa da Taipa,Taipa & Cotai,4104,3487994.0,66570.0,28.42,0.507
2026,5,11,11:00,台山區,Tamagnini Barbosa,Macau Peninsula,3960,3487994.0,155940.0,66.58,1.577
2026,5,11,11:00,黑沙環新填海區,Novos Aterros da Areia Preta,Macau Peninsula,2470,3487994.0,155940.0,66.58,1.577
2026,5,11,11:00,望廈及水塘區,Móng Há & Reservatório,Macau Peninsula,1801,3487994.0,155940.0,66.58,1.577
2026,5,11,11:00,外港及南灣湖新填海區,Novos Aterros do Porto Exterior & Aterros da Baía da Praia Grande,Macau Peninsula,11491,3487994.0,155940.0,66.58,1.577
2026,5,11,11:00,路氹填海區,COTAI Reclamation Area,Taipa & Cotai,58403,3487994.0,66570.0,28.42,0.507
2026,5,11,11:00,黑沙環及祐漢區,Areia Preta & Iao Hon,Macau Peninsula,9794,3487994.0,155940.0,66.58,1.577
2026,5,11,11:00,下環區,Barra/Manduco,Macau Peninsula,2771,3487994.0,155940.0,66.58,1.577
2026,5,11,11:00,荷蘭園區,Conselheiro Ferreira de Almeida,Macau Peninsula,1578,3487994.0,155940.0,66.58,1.577
2026,5,11,11:00,林茂塘區,Doca do Lamau,Macau Peninsula,697,3487994.0,155940.0,66.58,1.577
2026,5,11,11:00,沙梨頭及大三巴區,Patane & São Paulo,Macau Peninsula,4419,3487994.0,155940.0,66.58,1.577
2026,5,11,11:00,新口岸區,Zona de Aterros do Porto Exterior,Macau Peninsula,13562,3487994.0,155940.0,66.58,1.577
2026,5,11,11:00,高士德及雅廉訪區,Horta e Costa & Ouvidor Arriaga,Macau Peninsula,840,3487994.0,155940.0,66.58,1.577
2026,5,11,11:00,筷子基區,Fai Chi Kei,Macau Peninsula,698,3487994.0,155940.0,66.58,1.577
2026,5,11,11:00,氹仔舊城及馬場區,Cidade & Hipódromo da Taipa,Taipa & Cotai,4254,3487994.0,66570.0,28.42,0.507
2026,5,11,11:00,路環區,Coloane,Coloane,2380,3487994.0,11693.0,4.99,2.988
2026,5,11,11:00,北安及大潭山區,Pac On & Taipa Grande,Taipa & Cotai,6105,3487994.0,66570.0,28.42,0.507
2026,5,11,11:00,青洲區,Ilha Verde,Macau Peninsula,558,3487994.0,155940.0,66.58,1.577
2026,5,11,11:00,南西灣及主教山區,Praia Grande & Penha,Macau Peninsula,1130,3487994.0,155940.0,66.58,1.577
2026,5,11,11:00,海洋及小潭山區,Jardins do Oceano & Taipa Pequena,Taipa & Cotai,656,3487994.0,66570.0,28.42,0.507
2026,5,11,11:00,東望洋區(松山區),Ferreira do Amaral (Guia),Macau Peninsula,643,3487994.0,155940.0,66.58,1.577
2026,5,11,11:00,大學及北安灣區,Universidade & Baía de Pac On,Taipa & Cotai,439,3487994.0,66570.0,28.42,0.507
2026,5,12,12:00,新橋區,Barca,Macau Peninsula,2135,3487994.0,155940.0,66.58,1.577
2026,5,12,12:00,中區,Baixa de Macau,Macau Peninsula,11912,3487994.0,155940.0,66.58,1.577
2026,5,12,12:00,氹仔中心區,Baixa da Taipa,Taipa & Cotai,4087,3487994.0,66570.0,28.42,0.507
2026,5,12,12:00,台山區,Tamagnini Barbosa,Macau Peninsula,4206,3487994.0,155940.0,66.58,1.577
2026,5,12,12:00,黑沙環新填海區,Novos Aterros da Areia Preta,Macau Peninsula,2531,3487994.0,155940.0,66.58,1.577
2026,5,12,12:00,望廈及水塘區,Móng Há & Reservatório,Macau Peninsula,2031,3487994.0,155940.0,66.58,1.577
2026,5,12,12:00,外港及南灣湖新填海區,Novos Aterros do Porto Exterior & Aterros da Baía da Praia Grande,Macau Peninsula,13636,3487994.0,155940.0,66.58,1.577
2026,5,12,12:00,路氹填海區,COTAI Reclamation Area,Taipa & Cotai,62444,3487994.0,66570.0,28.42,0.507
2026,5,12,12:00,黑沙環及祐漢區,Areia Preta & Iao Hon,Macau Peninsula,9554,3487994.0,155940.0,66.58,1.577
2026,5,12,12:00,下環區,Barra/Manduco,Macau Peninsula,3036,3487994.0,155940.0,66.58,1.577
2026,5,12,12:00,荷蘭園區,Conselheiro Ferreira de Almeida,Macau Peninsula,1718,3487994.0,155940.0,66.58,1.577
2026,5,12,12:00,林茂塘區,Doca do Lamau,Macau Peninsula,771,3487994.0,155940.0,66.58,1.577
2026,5,12,12:00,沙梨頭及大三巴區,Patane & São Paulo,Macau Peninsula,5584,3487994.0,155940.0,66.58,1.577
2026,5,12,12:00,新口岸區,Zona de Aterros do Porto Exterior,Macau Peninsula,13512,3487994.0,155940.0,66.58,1.577
2026,5,12,12:00,高士德及雅廉訪區,Horta e Costa & Ouvidor Arriaga,Macau Peninsula,921,3487994.0,155940.0,66.58,1.577
2026,5,12,12:00,筷子基區,Fai Chi Kei,Macau Peninsula,771,3487994.0,155940.0,66.58,1.577
2026,5,12,12:00,氹仔舊城及馬場區,Cidade & Hipódromo da Taipa,Taipa & Cotai,5082,3487994.0,66570.0,28.42,0.507
2026,5,12,12:00,路環區,Coloane,Coloane,2777,3487994.0,11693.0,4.99,2.988
2026,5,12,12:00,北安及大潭山區,Pac On & Taipa Grande,Taipa & Cotai,7226,3487994.0,66570.0,28.42,0.507
2026,5,12,12:00,青洲區,Ilha Verde,Macau Peninsula,576,3487994.0,155940.0,66.58,1.577
2026,5,12,12:00,南西灣及主教山區,Praia Grande & Penha,Macau Peninsula,1167,3487994.0,155940.0,66.58,1.577
2026,5,12,12:00,海洋及小潭山區,Jardins do Oceano & Taipa Pequena,Taipa & Cotai,804,3487994.0,66570.0,28.42,0.507
2026,5,12,12:00,東望洋區(松山區),Ferreira do Amaral (Guia),Macau Peninsula,661,3487994.0,155940.0,66.58,1.577
2026,5,12,12:00,大學及北安灣區,Universidade & Baía de Pac On,Taipa & Cotai,471,3487994.0,66570.0,28.42,0.507
2026,5,13,13:00,新橋區,Barca,Macau Peninsula,2243,3487994.0,155940.0,66.58,1.577
2026,5,13,13:00,中區,Baixa de Macau,Macau Peninsula,15426,3487994.0,155940.0,66.58,1.577
2026,5,13,13:00,氹仔中心區,Baixa da Taipa,Taipa & Cotai,4282,3487994.0,66570.0,28.42,0.507
2026,5,13,13:00,台山區,Tamagnini Barbosa,Macau Peninsula,4015,3487994.0,155940.0,66.58,1.577
2026,5,13,13:00,黑沙環新填海區,Novos Aterros da Areia Preta,Macau Peninsula,2417,3487994.0,155940.0,66.58,1.577
2026,5,13,13:00,望廈及水塘區,Móng Há & Reservatório,Macau Peninsula,2207,3487994.0,155940.0,66.58,1.577
2026,5,13,13:00,外港及南灣湖新填海區,Novos Aterros do Porto Exterior & Aterros da Baía da Praia Grande,Macau Peninsula,15919,3487994.0,155940.0,66.58,1.577
2026,5,13,13:00,路氹填海區,COTAI Reclamation Area,Taipa & Cotai,65818,3487994.0,66570.0,28.42,0.507
2026,5,13,13:00,黑沙環及祐漢區,Areia Preta & Iao Hon,Macau Peninsula,8441,3487994.0,155940.0,66.58,1.577
2026,5,13,13:00,下環區,Barra/Manduco,Macau Peninsula,3343,3487994.0,155940.0,66.58,1.577
2026,5,13,13:00,荷蘭園區,Conselheiro Ferreira de Almeida,Macau Peninsula,1512,3487994.0,155940.0,66.58,1.577
2026,5,13,13:00,林茂塘區,Doca do Lamau,Macau Peninsula,849,3487994.0,155940.0,66.58,1.577
2026,5,13,13:00,沙梨頭及大三巴區,Patane & São Paulo,Macau Peninsula,6066,3487994.0,155940.0,66.58,1.577
2026,5,13,13:00,新口岸區,Zona de Aterros do Porto Exterior,Macau Peninsula,13979,3487994.0,155940.0,66.58,1.577
2026,5,13,13:00,高士德及雅廉訪區,Horta e Costa & Ouvidor Arriaga,Macau Peninsula,1016,3487994.0,155940.0,66.58,1.577
2026,5,13,13:00,筷子基區,Fai Chi Kei,Macau Peninsula,895,3487994.0,155940.0,66.58,1.577
2026,5,13,13:00,氹仔舊城及馬場區,Cidade & Hipódromo da Taipa,Taipa & Cotai,6791,3487994.0,66570.0,28.42,0.507
2026,5,13,13:00,路環區,Coloane,Coloane,3144,3487994.0,11693.0,4.99,2.988
2026,5,13,13:00,北安及大潭山區,Pac On & Taipa Grande,Taipa & Cotai,7457,3487994.0,66570.0,28.42,0.507
2026,5,13,13:00,青洲區,Ilha Verde,Macau Peninsula,621,3487994.0,155940.0,66.58,1.577
2026,5,13,13:00,南西灣及主教山區,Praia Grande & Penha,Macau Peninsula,1303,3487994.0,155940.0,66.58,1.577
2026,5,13,13:00,海洋及小潭山區,Jardins do Oceano & Taipa Pequena,Taipa & Cotai,886,3487994.0,66570.0,28.42,0.507
2026,5,13,13:00,東望洋區(松山區),Ferreira do Amaral (Guia),Macau Peninsula,559,3487994.0,155940.0,66.58,1.577
2026,5,13,13:00,大學及北安灣區,Universidade & Baía de Pac On,Taipa & Cotai,449,3487994.0,66570.0,28.42,0.507
2026,5,14,14:00,新橋區,Barca,Macau Peninsula,2347,3487994.0,155940.0,66.58,1.577
2026,5,14,14:00,中區,Baixa de Macau,Macau Peninsula,18122,3487994.0,155940.0,66.58,1.577
2026,5,14,14:00,氹仔中心區,Baixa da Taipa,Taipa & Cotai,4514,3487994.0,66570.0,28.42,0.507
2026,5,14,14:00,台山區,Tamagnini Barbosa,Macau Peninsula,3618,3487994.0,155940.0,66.58,1.577
2026,5,14,14:00,黑沙環新填海區,Novos Aterros da Areia Preta,Macau Peninsula,2197,3487994.0,155940.0,66.58,1.577
2026,5,14,14:00,望廈及水塘區,Móng Há & Reservatório,Macau Peninsula,2036,3487994.0,155940.0,66.58,1.577
2026,5,14,14:00,外港及南灣湖新填海區,Novos Aterros do Porto Exterior & Aterros da Baía da Praia Grande,Macau Peninsula,17477,3487994.0,155940.0,66.58,1.577
2026,5,14,14:00,路氹填海區,COTAI Reclamation Area,Taipa & Cotai,68522,3487994.0,66570.0,28.42,0.507
2026,5,14,14:00,黑沙環及祐漢區,Areia Preta & Iao Hon,Macau Peninsula,7614,3487994.0,155940.0,66.58,1.577
2026,5,14,14:00,下環區,Barra/Manduco,Macau Peninsula,3436,3487994.0,155940.0,66.58,1.577
2026,5,14,14:00,荷蘭園區,Conselheiro Ferreira de Almeida,Macau Peninsula,1643,3487994.0,155940.0,66.58,1.577
2026,5,14,14:00,林茂塘區,Doca do Lamau,Macau Peninsula,903,3487994.0,155940.0,66.58,1.577
2026,5,14,14:00,沙梨頭及大三巴區,Patane & São Paulo,Macau Peninsula,6458,3487994.0,155940.0,66.58,1.577
2026,5,14,14:00,新口岸區,Zona de Aterros do Porto Exterior,Macau Peninsula,14269,3487994.0,155940.0,66.58,1.577
2026,5,14,14:00,高士德及雅廉訪區,Horta e Costa & Ouvidor Arriaga,Macau Peninsula,1047,3487994.0,155940.0,66.58,1.577
2026,5,14,14:00,筷子基區,Fai Chi Kei,Macau Peninsula,951,3487994.0,155940.0,66.58,1.577
2026,5,14,14:00,氹仔舊城及馬場區,Cidade & Hipódromo da Taipa,Taipa & Cotai,8485,3487994.0,66570.0,28.42,0.507
2026,5,14,14:00,路環區,Coloane,Coloane,3143,3487994.0,11693.0,4.99,2.988
2026,5,14,14:00,北安及大潭山區,Pac On & Taipa Grande,Taipa & Cotai,7405,3487994.0,66570.0,28.42,0.507
2026,5,14,14:00,青洲區,Ilha Verde,Macau Peninsula,635,3487994.0,155940.0,66.58,1.577
2026,5,14,14:00,南西灣及主教山區,Praia Grande & Penha,Macau Peninsula,1201,3487994.0,155940.0,66.58,1.577
2026,5,14,14:00,海洋及小潭山區,Jardins do Oceano & Taipa Pequena,Taipa & Cotai,931,3487994.0,66570.0,28.42,0.507
2026,5,14,14:00,東望洋區(松山區),Ferreira do Amaral (Guia),Macau Peninsula,535,3487994.0,155940.0,66.58,1.577
2026,5,14,14:00,大學及北安灣區,Universidade & Baía de Pac On,Taipa & Cotai,430,3487994.0,66570.0,28.42,0.507
2026,5,15,15:00,新橋區,Barca,Macau Peninsula,2390,3487994.0,155940.0,66.58,1.577
2026,5,15,15:00,中區,Baixa de Macau,Macau Peninsula,19184,3487994.0,155940.0,66.58,1.577
2026,5,15,15:00,氹仔中心區,Baixa da Taipa,Taipa & Cotai,4463,3487994.0,66570.0,28.42,0.507
2026,5,15,15:00,台山區,Tamagnini Barbosa,Macau Peninsula,3451,3487994.0,155940.0,66.58,1.577
2026,5,15,15:00,黑沙環新填海區,Novos Aterros da Areia Preta,Macau Peninsula,2146,3487994.0,155940.0,66.58,1.577
2026,5,15,15:00,望廈及水塘區,Móng Há & Reservatório,Macau Peninsula,1898,3487994.0,155940.0,66.58,1.577
2026,5,15,15:00,外港及南灣湖新填海區,Novos Aterros do Porto Exterior & Aterros da Baía da Praia Grande,Macau Peninsula,19080,3487994.0,155940.0,66.58,1.577
2026,5,15,15:00,路氹填海區,COTAI Reclamation Area,Taipa & Cotai,73123,3487994.0,66570.0,28.42,0.507
2026,5,15,15:00,黑沙環及祐漢區,Areia Preta & Iao Hon,Macau Peninsula,6846,3487994.0,155940.0,66.58,1.577
2026,5,15,15:00,下環區,Barra/Manduco,Macau Peninsula,3386,3487994.0,155940.0,66.58,1.577
2026,5,15,15:00,荷蘭園區,Conselheiro Ferreira de Almeida,Macau Peninsula,1675,3487994.0,155940.0,66.58,1.577
2026,5,15,15:00,林茂塘區,Doca do Lamau,Macau Peninsula,815,3487994.0,155940.0,66.58,1.577
2026,5,15,15:00,沙梨頭及大三巴區,Patane & São Paulo,Macau Peninsula,6707,3487994.0,155940.0,66.58,1.577
2026,5,15,15:00,新口岸區,Zona de Aterros do Porto Exterior,Macau Peninsula,12557,3487994.0,155940.0,66.58,1.577
2026,5,15,15:00,高士德及雅廉訪區,Horta e Costa & Ouvidor Arriaga,Macau Peninsula,969,3487994.0,155940.0,66.58,1.577
2026,5,15,15:00,筷子基區,Fai Chi Kei,Macau Peninsula,804,3487994.0,155940.0,66.58,1.577
2026,5,15,15:00,氹仔舊城及馬場區,Cidade & Hipódromo da Taipa,Taipa & Cotai,9091,3487994.0,66570.0,28.42,0.507
2026,5,15,15:00,路環區,Coloane,Coloane,3309,3487994.0,11693.0,4.99,2.988
2026,5,15,15:00,北安及大潭山區,Pac On & Taipa Grande,Taipa & Cotai,6711,3487994.0,66570.0,28.42,0.507
2026,5,15,15:00,青洲區,Ilha Verde,Macau Peninsula,560,3487994.0,155940.0,66.58,1.577
2026,5,15,15:00,南西灣及主教山區,Praia Grande & Penha,Macau Peninsula,1236,3487994.0,155940.0,66.58,1.577
2026,5,15,15:00,海洋及小潭山區,Jardins do Oceano & Taipa Pequena,Taipa & Cotai,967,3487994.0,66570.0,28.42,0.507
2026,5,15,15:00,東望洋區(松山區),Ferreira do Amaral (Guia),Macau Peninsula,590,3487994.0,155940.0,66.58,1.577
2026,5,15,15:00,大學及北安灣區,Universidade & Baía de Pac On,Taipa & Cotai,470,3487994.0,66570.0,28.42,0.507
2026,5,16,16:00,新橋區,Barca,Macau Peninsula,2282,3487994.0,155940.0,66.58,1.577
2026,5,16,16:00,中區,Baixa de Macau,Macau Peninsula,18698,3487994.0,155940.0,66.58,1.577
2026,5,16,16:00,氹仔中心區,Baixa da Taipa,Taipa & Cotai,4271,3487994.0,66570.0,28.42,0.507
2026,5,16,16:00,台山區,Tamagnini Barbosa,Macau Peninsula,3327,3487994.0,155940.0,66.58,1.577
2026,5,16,16:00,黑沙環新填海區,Novos Aterros da Areia Preta,Macau Peninsula,2051,3487994.0,155940.0,66.58,1.577
2026,5,16,16:00,望廈及水塘區,Móng Há & Reservatório,Macau Peninsula,1697,3487994.0,155940.0,66.58,1.577
2026,5,16,16:00,外港及南灣湖新填海區,Novos Aterros do Porto Exterior & Aterros da Baía da Praia Grande,Macau Peninsula,19280,3487994.0,155940.0,66.58,1.577
2026,5,16,16:00,路氹填海區,COTAI Reclamation Area,Taipa & Cotai,78642,3487994.0,66570.0,28.42,0.507
2026,5,16,16:00,黑沙環及祐漢區,Areia Preta & Iao Hon,Macau Peninsula,6427,3487994.0,155940.0,66.58,1.577
2026,5,16,16:00,下環區,Barra/Manduco,Macau Peninsula,3116,3487994.0,155940.0,66.58,1.577
2026,5,16,16:00,荷蘭園區,Conselheiro Ferreira de Almeida,Macau Peninsula,1649,3487994.0,155940.0,66.58,1.577
2026,5,16,16:00,林茂塘區,Doca do Lamau,Macau Peninsula,799,3487994.0,155940.0,66.58,1.577
2026,5,16,16:00,沙梨頭及大三巴區,Patane & São Paulo,Macau Peninsula,6425,3487994.0,155940.0,66.58,1.577
2026,5,16,16:00,新口岸區,Zona de Aterros do Porto Exterior,Macau Peninsula,12073,3487994.0,155940.0,66.58,1.577
2026,5,16,16:00,高士德及雅廉訪區,Horta e Costa & Ouvidor Arriaga,Macau Peninsula,912,3487994.0,155940.0,66.58,1.577
2026,5,16,16:00,筷子基區,Fai Chi Kei,Macau Peninsula,695,3487994.0,155940.0,66.58,1.577
2026,5,16,16:00,氹仔舊城及馬場區,Cidade & Hipódromo da Taipa,Taipa & Cotai,8477,3487994.0,66570.0,28.42,0.507
2026,5,16,16:00,路環區,Coloane,Coloane,3311,3487994.0,11693.0,4.99,2.988
2026,5,16,16:00,北安及大潭山區,Pac On & Taipa Grande,Taipa & Cotai,6711,3487994.0,66570.0,28.42,0.507
2026,5,16,16:00,青洲區,Ilha Verde,Macau Peninsula,545,3487994.0,155940.0,66.58,1.577
2026,5,16,16:00,南西灣及主教山區,Praia Grande & Penha,Macau Peninsula,1225,3487994.0,155940.0,66.58,1.577
2026,5,16,16:00,海洋及小潭山區,Jardins do Oceano & Taipa Pequena,Taipa & Cotai,940,3487994.0,66570.0,28.42,0.507
2026,5,16,16:00,東望洋區(松山區),Ferreira do Amaral (Guia),Macau Peninsula,567,3487994.0,155940.0,66.58,1.577
2026,5,16,16:00,大學及北安灣區,Universidade & Baía de Pac On,Taipa & Cotai,502,3487994.0,66570.0,28.42,0.507
2026,5,17,17:00,新橋區,Barca,Macau Peninsula,2148,3487994.0,155940.0,66.58,1.577
2026,5,17,17:00,中區,Baixa de Macau,Macau Peninsula,17343,3487994.0,155940.0,66.58,1.577
2026,5,17,17:00,氹仔中心區,Baixa da Taipa,Taipa & Cotai,4115,3487994.0,66570.0,28.42,0.507
2026,5,17,17:00,台山區,Tamagnini Barbosa,Macau Peninsula,3269,3487994.0,155940.0,66.58,1.577
2026,5,17,17:00,黑沙環新填海區,Novos Aterros da Areia Preta,Macau Peninsula,1950,3487994.0,155940.0,66.58,1.577
2026,5,17,17:00,望廈及水塘區,Móng Há & Reservatório,Macau Peninsula,1584,3487994.0,155940.0,66.58,1.577
2026,5,17,17:00,外港及南灣湖新填海區,Novos Aterros do Porto Exterior & Aterros da Baía da Praia Grande,Macau Peninsula,18669,3487994.0,155940.0,66.58,1.577
2026,5,17,17:00,路氹填海區,COTAI Reclamation Area,Taipa & Cotai,81978,3487994.0,66570.0,28.42,0.507
2026,5,17,17:00,黑沙環及祐漢區,Areia Preta & Iao Hon,Macau Peninsula,6115,3487994.0,155940.0,66.58,1.577
2026,5,17,17:00,下環區,Barra/Manduco,Macau Peninsula,2928,3487994.0,155940.0,66.58,1.577
2026,5,17,17:00,荷蘭園區,Conselheiro Ferreira de Almeida,Macau Peninsula,1550,3487994.0,155940.0,66.58,1.577
2026,5,17,17:00,林茂塘區,Doca do Lamau,Macau Peninsula,822,3487994.0,155940.0,66.58,1.577
2026,5,17,17:00,沙梨頭及大三巴區,Patane & São Paulo,Macau Peninsula,5833,3487994.0,155940.0,66.58,1.577
2026,5,17,17:00,新口岸區,Zona de Aterros do Porto Exterior,Macau Peninsula,12163,3487994.0,155940.0,66.58,1.577
2026,5,17,17:00,高士德及雅廉訪區,Horta e Costa & Ouvidor Arriaga,Macau Peninsula,886,3487994.0,155940.0,66.58,1.577
2026,5,17,17:00,筷子基區,Fai Chi Kei,Macau Peninsula,688,3487994.0,155940.0,66.58,1.577
2026,5,17,17:00,氹仔舊城及馬場區,Cidade & Hipódromo da Taipa,Taipa & Cotai,7720,3487994.0,66570.0,28.42,0.507
2026,5,17,17:00,路環區,Coloane,Coloane,3156,3487994.0,11693.0,4.99,2.988
2026,5,17,17:00,北安及大潭山區,Pac On & Taipa Grande,Taipa & Cotai,7340,3487994.0,66570.0,28.42,0.507
2026,5,17,17:00,青洲區,Ilha Verde,Macau Peninsula,546,3487994.0,155940.0,66.58,1.577
2026,5,17,17:00,南西灣及主教山區,Praia Grande & Penha,Macau Peninsula,1255,3487994.0,155940.0,66.58,1.577
2026,5,17,17:00,海洋及小潭山區,Jardins do Oceano & Taipa Pequena,Taipa & Cotai,929,3487994.0,66570.0,28.42,0.507
2026,5,17,17:00,東望洋區(松山區),Ferreira do Amaral (Guia),Macau Peninsula,501,3487994.0,155940.0,66.58,1.577
2026,5,17,17:00,大學及北安灣區,Universidade & Baía de Pac On,Taipa & Cotai,469,3487994.0,66570.0,28.42,0.507
2026,5,18,18:00,新橋區,Barca,Macau Peninsula,1963,3487994.0,155940.0,66.58,1.577
2026,5,18,18:00,中區,Baixa de Macau,Macau Peninsula,15359,3487994.0,155940.0,66.58,1.577
2026,5,18,18:00,氹仔中心區,Baixa da Taipa,Taipa & Cotai,4054,3487994.0,66570.0,28.42,0.507
2026,5,18,18:00,台山區,Tamagnini Barbosa,Macau Peninsula,3353,3487994.0,155940.0,66.58,1.577
2026,5,18,18:00,黑沙環新填海區,Novos Aterros da Areia Preta,Macau Peninsula,2037,3487994.0,155940.0,66.58,1.577
2026,5,18,18:00,望廈及水塘區,Móng Há & Reservatório,Macau Peninsula,1535,3487994.0,155940.0,66.58,1.577
2026,5,18,18:00,外港及南灣湖新填海區,Novos Aterros do Porto Exterior & Aterros da Baía da Praia Grande,Macau Peninsula,17717,3487994.0,155940.0,66.58,1.577
2026,5,18,18:00,路氹填海區,COTAI Reclamation Area,Taipa & Cotai,81337,3487994.0,66570.0,28.42,0.507
2026,5,18,18:00,黑沙環及祐漢區,Areia Preta & Iao Hon,Macau Peninsula,6061,3487994.0,155940.0,66.58,1.577
2026,5,18,18:00,下環區,Barra/Manduco,Macau Peninsula,2798,3487994.0,155940.0,66.58,1.577
2026,5,18,18:00,荷蘭園區,Conselheiro Ferreira de Almeida,Macau Peninsula,1373,3487994.0,155940.0,66.58,1.577
2026,5,18,18:00,林茂塘區,Doca do Lamau,Macau Peninsula,834,3487994.0,155940.0,66.58,1.577
2026,5,18,18:00,沙梨頭及大三巴區,Patane & São Paulo,Macau Peninsula,4979,3487994.0,155940.0,66.58,1.577
2026,5,18,18:00,新口岸區,Zona de Aterros do Porto Exterior,Macau Peninsula,11864,3487994.0,155940.0,66.58,1.577
2026,5,18,18:00,高士德及雅廉訪區,Horta e Costa & Ouvidor Arriaga,Macau Peninsula,872,3487994.0,155940.0,66.58,1.577
2026,5,18,18:00,筷子基區,Fai Chi Kei,Macau Peninsula,717,3487994.0,155940.0,66.58,1.577
2026,5,18,18:00,氹仔舊城及馬場區,Cidade & Hipódromo da Taipa,Taipa & Cotai,7256,3487994.0,66570.0,28.42,0.507
2026,5,18,18:00,路環區,Coloane,Coloane,2839,3487994.0,11693.0,4.99,2.988
2026,5,18,18:00,北安及大潭山區,Pac On & Taipa Grande,Taipa & Cotai,7322,3487994.0,66570.0,28.42,0.507
2026,5,18,18:00,青洲區,Ilha Verde,Macau Peninsula,569,3487994.0,155940.0,66.58,1.577
2026,5,18,18:00,南西灣及主教山區,Praia Grande & Penha,Macau Peninsula,1181,3487994.0,155940.0,66.58,1.577
2026,5,18,18:00,海洋及小潭山區,Jardins do Oceano & Taipa Pequena,Taipa & Cotai,909,3487994.0,66570.0,28.42,0.507
2026,5,18,18:00,東望洋區(松山區),Ferreira do Amaral (Guia),Macau Peninsula,430,3487994.0,155940.0,66.58,1.577
2026,5,18,18:00,大學及北安灣區,Universidade & Baía de Pac On,Taipa & Cotai,425,3487994.0,66570.0,28.42,0.507
2026,5,19,19:00,新橋區,Barca,Macau Peninsula,1782,3487994.0,155940.0,66.58,1.577
2026,5,19,19:00,中區,Baixa de Macau,Macau Peninsula,13345,3487994.0,155940.0,66.58,1.577
2026,5,19,19:00,氹仔中心區,Baixa da Taipa,Taipa & Cotai,4260,3487994.0,66570.0,28.42,0.507
2026,5,19,19:00,台山區,Tamagnini Barbosa,Macau Peninsula,3344,3487994.0,155940.0,66.58,1.577
2026,5,19,19:00,黑沙環新填海區,Novos Aterros da Areia Preta,Macau Peninsula,2094,3487994.0,155940.0,66.58,1.577
2026,5,19,19:00,望廈及水塘區,Móng Há & Reservatório,Macau Peninsula,1475,3487994.0,155940.0,66.58,1.577
2026,5,19,19:00,外港及南灣湖新填海區,Novos Aterros do Porto Exterior & Aterros da Baía da Praia Grande,Macau Peninsula,16405,3487994.0,155940.0,66.58,1.577
2026,5,19,19:00,路氹填海區,COTAI Reclamation Area,Taipa & Cotai,79356,3487994.0,66570.0,28.42,0.507
2026,5,19,19:00,黑沙環及祐漢區,Areia Preta & Iao Hon,Macau Peninsula,6052,3487994.0,155940.0,66.58,1.577
2026,5,19,19:00,下環區,Barra/Manduco,Macau Peninsula,2917,3487994.0,155940.0,66.58,1.577
2026,5,19,19:00,荷蘭園區,Conselheiro Ferreira de Almeida,Macau Peninsula,1238,3487994.0,155940.0,66.58,1.577
2026,5,19,19:00,林茂塘區,Doca do Lamau,Macau Peninsula,844,3487994.0,155940.0,66.58,1.577
2026,5,19,19:00,沙梨頭及大三巴區,Patane & São Paulo,Macau Peninsula,4161,3487994.0,155940.0,66.58,1.577
2026,5,19,19:00,新口岸區,Zona de Aterros do Porto Exterior,Macau Peninsula,11665,3487994.0,155940.0,66.58,1.577
2026,5,19,19:00,高士德及雅廉訪區,Horta e Costa & Ouvidor Arriaga,Macau Peninsula,866,3487994.0,155940.0,66.58,1.577
2026,5,19,19:00,筷子基區,Fai Chi Kei,Macau Peninsula,763,3487994.0,155940.0,66.58,1.577
2026,5,19,19:00,氹仔舊城及馬場區,Cidade & Hipódromo da Taipa,Taipa & Cotai,7484,3487994.0,66570.0,28.42,0.507
2026,5,19,19:00,路環區,Coloane,Coloane,2572,3487994.0,11693.0,4.99,2.988
2026,5,19,19:00,北安及大潭山區,Pac On & Taipa Grande,Taipa & Cotai,6891,3487994.0,66570.0,28.42,0.507
2026,5,19,19:00,青洲區,Ilha Verde,Macau Peninsula,579,3487994.0,155940.0,66.58,1.577
2026,5,19,19:00,南西灣及主教山區,Praia Grande & Penha,Macau Peninsula,1101,3487994.0,155940.0,66.58,1.577
2026,5,19,19:00,海洋及小潭山區,Jardins do Oceano & Taipa Pequena,Taipa & Cotai,903,3487994.0,66570.0,28.42,0.507
2026,5,19,19:00,東望洋區(松山區),Ferreira do Amaral (Guia),Macau Peninsula,392,3487994.0,155940.0,66.58,1.577
2026,5,19,19:00,大學及北安灣區,Universidade & Baía de Pac On,Taipa & Cotai,366,3487994.0,66570.0,28.42,0.507
2026,5,20,20:00,新橋區,Barca,Macau Peninsula,1653,3487994.0,155940.0,66.58,1.577
2026,5,20,20:00,中區,Baixa de Macau,Macau Peninsula,11523,3487994.0,155940.0,66.58,1.577
2026,5,20,20:00,氹仔中心區,Baixa da Taipa,Taipa & Cotai,4682,3487994.0,66570.0,28.42,0.507
2026,5,20,20:00,台山區,Tamagnini Barbosa,Macau Peninsula,3197,3487994.0,155940.0,66.58,1.577
2026,5,20,20:00,黑沙環新填海區,Novos Aterros da Areia Preta,Macau Peninsula,2166,3487994.0,155940.0,66.58,1.577
2026,5,20,20:00,望廈及水塘區,Móng Há & Reservatório,Macau Peninsula,1384,3487994.0,155940.0,66.58,1.577
2026,5,20,20:00,外港及南灣湖新填海區,Novos Aterros do Porto Exterior & Aterros da Baía da Praia Grande,Macau Peninsula,15333,3487994.0,155940.0,66.58,1.577
2026,5,20,20:00,路氹填海區,COTAI Reclamation Area,Taipa & Cotai,74290,3487994.0,66570.0,28.42,0.507
2026,5,20,20:00,黑沙環及祐漢區,Areia Preta & Iao Hon,Macau Peninsula,5637,3487994.0,155940.0,66.58,1.577
2026,5,20,20:00,下環區,Barra/Manduco,Macau Peninsula,3110,3487994.0,155940.0,66.58,1.577
2026,5,20,20:00,荷蘭園區,Conselheiro Ferreira de Almeida,Macau Peninsula,1154,3487994.0,155940.0,66.58,1.577
2026,5,20,20:00,林茂塘區,Doca do Lamau,Macau Peninsula,832,3487994.0,155940.0,66.58,1.577
2026,5,20,20:00,沙梨頭及大三巴區,Patane & São Paulo,Macau Peninsula,3526,3487994.0,155940.0,66.58,1.577
2026,5,20,20:00,新口岸區,Zona de Aterros do Porto Exterior,Macau Peninsula,11743,3487994.0,155940.0,66.58,1.577
2026,5,20,20:00,高士德及雅廉訪區,Horta e Costa & Ouvidor Arriaga,Macau Peninsula,852,3487994.0,155940.0,66.58,1.577
2026,5,20,20:00,筷子基區,Fai Chi Kei,Macau Peninsula,766,3487994.0,155940.0,66.58,1.577
2026,5,20,20:00,氹仔舊城及馬場區,Cidade & Hipódromo da Taipa,Taipa & Cotai,7904,3487994.0,66570.0,28.42,0.507
2026,5,20,20:00,路環區,Coloane,Coloane,2380,3487994.0,11693.0,4.99,2.988
2026,5,20,20:00,北安及大潭山區,Pac On & Taipa Grande,Taipa & Cotai,6776,3487994.0,66570.0,28.42,0.507
2026,5,20,20:00,青洲區,Ilha Verde,Macau Peninsula,532,3487994.0,155940.0,66.58,1.577
2026,5,20,20:00,南西灣及主教山區,Praia Grande & Penha,Macau Peninsula,1013,3487994.0,155940.0,66.58,1.577
2026,5,20,20:00,海洋及小潭山區,Jardins do Oceano & Taipa Pequena,Taipa & Cotai,865,3487994.0,66570.0,28.42,0.507
2026,5,20,20:00,東望洋區(松山區),Ferreira do Amaral (Guia),Macau Peninsula,350,3487994.0,155940.0,66.58,1.577
2026,5,20,20:00,大學及北安灣區,Universidade & Baía de Pac On,Taipa & Cotai,336,3487994.0,66570.0,28.42,0.507
2026,5,21,21:00,新橋區,Barca,Macau Peninsula,1561,3487994.0,155940.0,66.58,1.577
2026,5,21,21:00,中區,Baixa de Macau,Macau Peninsula,10065,3487994.0,155940.0,66.58,1.577
2026,5,21,21:00,氹仔中心區,Baixa da Taipa,Taipa & Cotai,4861,3487994.0,66570.0,28.42,0.507
2026,5,21,21:00,台山區,Tamagnini Barbosa,Macau Peninsula,2880,3487994.0,155940.0,66.58,1.577
2026,5,21,21:00,黑沙環新填海區,Novos Aterros da Areia Preta,Macau Peninsula,2166,3487994.0,155940.0,66.58,1.577
2026,5,21,21:00,望廈及水塘區,Móng Há & Reservatório,Macau Peninsula,1310,3487994.0,155940.0,66.58,1.577
2026,5,21,21:00,外港及南灣湖新填海區,Novos Aterros do Porto Exterior & Aterros da Baía da Praia Grande,Macau Peninsula,14706,3487994.0,155940.0,66.58,1.577
2026,5,21,21:00,路氹填海區,COTAI Reclamation Area,Taipa & Cotai,69752,3487994.0,66570.0,28.42,0.507
2026,5,21,21:00,黑沙環及祐漢區,Areia Preta & Iao Hon,Macau Peninsula,5519,3487994.0,155940.0,66.58,1.577
2026,5,21,21:00,下環區,Barra/Manduco,Macau Peninsula,3103,3487994.0,155940.0,66.58,1.577
2026,5,21,21:00,荷蘭園區,Conselheiro Ferreira de Almeida,Macau Peninsula,1056,3487994.0,155940.0,66.58,1.577
2026,5,21,21:00,林茂塘區,Doca do Lamau,Macau Peninsula,802,3487994.0,155940.0,66.58,1.577
2026,5,21,21:00,沙梨頭及大三巴區,Patane & São Paulo,Macau Peninsula,2967,3487994.0,155940.0,66.58,1.577
2026,5,21,21:00,新口岸區,Zona de Aterros do Porto Exterior,Macau Peninsula,11332,3487994.0,155940.0,66.58,1.577
2026,5,21,21:00,高士德及雅廉訪區,Horta e Costa & Ouvidor Arriaga,Macau Peninsula,818,3487994.0,155940.0,66.58,1.577
2026,5,21,21:00,筷子基區,Fai Chi Kei,Macau Peninsula,761,3487994.0,155940.0,66.58,1.577
2026,5,21,21:00,氹仔舊城及馬場區,Cidade & Hipódromo da Taipa,Taipa & Cotai,7213,3487994.0,66570.0,28.42,0.507
2026,5,21,21:00,路環區,Coloane,Coloane,2201,3487994.0,11693.0,4.99,2.988
2026,5,21,21:00,北安及大潭山區,Pac On & Taipa Grande,Taipa & Cotai,5830,3487994.0,66570.0,28.42,0.507
2026,5,21,21:00,青洲區,Ilha Verde,Macau Peninsula,537,3487994.0,155940.0,66.58,1.577
2026,5,21,21:00,南西灣及主教山區,Praia Grande & Penha,Macau Peninsula,886,3487994.0,155940.0,66.58,1.577
2026,5,21,21:00,海洋及小潭山區,Jardins do Oceano & Taipa Pequena,Taipa & Cotai,812,3487994.0,66570.0,28.42,0.507
2026,5,21,21:00,東望洋區(松山區),Ferreira do Amaral (Guia),Macau Peninsula,322,3487994.0,155940.0,66.58,1.577
2026,5,21,21:00,大學及北安灣區,Universidade & Baía de Pac On,Taipa & Cotai,321,3487994.0,66570.0,28.42,0.507
2026,5,22,22:00,新橋區,Barca,Macau Peninsula,1487,3487994.0,155940.0,66.58,1.577
2026,5,22,22:00,中區,Baixa de Macau,Macau Peninsula,8898,3487994.0,155940.0,66.58,1.577
2026,5,22,22:00,氹仔中心區,Baixa da Taipa,Taipa & Cotai,4535,3487994.0,66570.0,28.42,0.507
2026,5,22,22:00,台山區,Tamagnini Barbosa,Macau Peninsula,2507,3487994.0,155940.0,66.58,1.577
2026,5,22,22:00,黑沙環新填海區,Novos Aterros da Areia Preta,Macau Peninsula,2062,3487994.0,155940.0,66.58,1.577
2026,5,22,22:00,望廈及水塘區,Móng Há & Reservatório,Macau Peninsula,1203,3487994.0,155940.0,66.58,1.577
2026,5,22,22:00,外港及南灣湖新填海區,Novos Aterros do Porto Exterior & Aterros da Baía da Praia Grande,Macau Peninsula,14310,3487994.0,155940.0,66.58,1.577
2026,5,22,22:00,路氹填海區,COTAI Reclamation Area,Taipa & Cotai,66550,3487994.0,66570.0,28.42,0.507
2026,5,22,22:00,黑沙環及祐漢區,Areia Preta & Iao Hon,Macau Peninsula,4831,3487994.0,155940.0,66.58,1.577
2026,5,22,22:00,下環區,Barra/Manduco,Macau Peninsula,2778,3487994.0,155940.0,66.58,1.577
2026,5,22,22:00,荷蘭園區,Conselheiro Ferreira de Almeida,Macau Peninsula,929,3487994.0,155940.0,66.58,1.577
2026,5,22,22:00,林茂塘區,Doca do Lamau,Macau Peninsula,759,3487994.0,155940.0,66.58,1.577
2026,5,22,22:00,沙梨頭及大三巴區,Patane & São Paulo,Macau Peninsula,2655,3487994.0,155940.0,66.58,1.577
2026,5,22,22:00,新口岸區,Zona de Aterros do Porto Exterior,Macau Peninsula,10922,3487994.0,155940.0,66.58,1.577
2026,5,22,22:00,高士德及雅廉訪區,Horta e Costa & Ouvidor Arriaga,Macau Peninsula,757,3487994.0,155940.0,66.58,1.577
2026,5,22,22:00,筷子基區,Fai Chi Kei,Macau Peninsula,736,3487994.0,155940.0,66.58,1.577
2026,5,22,22:00,氹仔舊城及馬場區,Cidade & Hipódromo da Taipa,Taipa & Cotai,5749,3487994.0,66570.0,28.42,0.507
2026,5,22,22:00,路環區,Coloane,Coloane,1992,3487994.0,11693.0,4.99,2.988
2026,5,22,22:00,北安及大潭山區,Pac On & Taipa Grande,Taipa & Cotai,4753,3487994.0,66570.0,28.42,0.507
2026,5,22,22:00,青洲區,Ilha Verde,Macau Peninsula,519,3487994.0,155940.0,66.58,1.577
2026,5,22,22:00,南西灣及主教山區,Praia Grande & Penha,Macau Peninsula,896,3487994.0,155940.0,66.58,1.577
2026,5,22,22:00,海洋及小潭山區,Jardins do Oceano & Taipa Pequena,Taipa & Cotai,718,3487994.0,66570.0,28.42,0.507
2026,5,22,22:00,東望洋區(松山區),Ferreira do Amaral (Guia),Macau Peninsula,300,3487994.0,155940.0,66.58,1.577
2026,5,22,22:00,大學及北安灣區,Universidade & Baía de Pac On,Taipa & Cotai,295,3487994.0,66570.0,28.42,0.507
2026,5,23,23:00,新橋區,Barca,Macau Peninsula,1470,3487994.0,155940.0,66.58,1.577
2026,5,23,23:00,中區,Baixa de Macau,Macau Peninsula,7701,3487994.0,155940.0,66.58,1.577
2026,5,23,23:00,氹仔中心區,Baixa da Taipa,Taipa & Cotai,4311,3487994.0,66570.0,28.42,0.507
2026,5,23,23:00,台山區,Tamagnini Barbosa,Macau Peninsula,2128,3487994.0,155940.0,66.58,1.577
2026,5,23,23:00,黑沙環新填海區,Novos Aterros da Areia Preta,Macau Peninsula,1895,3487994.0,155940.0,66.58,1.577
2026,5,23,23:00,望廈及水塘區,Móng Há & Reservatório,Macau Peninsula,1101,3487994.0,155940.0,66.58,1.577
2026,5,23,23:00,外港及南灣湖新填海區,Novos Aterros do Porto Exterior & Aterros da Baía da Praia Grande,Macau Peninsula,13681,3487994.0,155940.0,66.58,1.577
2026,5,23,23:00,路氹填海區,COTAI Reclamation Area,Taipa & Cotai,63529,3487994.0,66570.0,28.42,0.507
2026,5,23,23:00,黑沙環及祐漢區,Areia Preta & Iao Hon,Macau Peninsula,3693,3487994.0,155940.0,66.58,1.577
2026,5,23,23:00,下環區,Barra/Manduco,Macau Peninsula,2512,3487994.0,155940.0,66.58,1.577
2026,5,23,23:00,荷蘭園區,Conselheiro Ferreira de Almeida,Macau Peninsula,871,3487994.0,155940.0,66.58,1.577
2026,5,23,23:00,林茂塘區,Doca do Lamau,Macau Peninsula,712,3487994.0,155940.0,66.58,1.577
2026,5,23,23:00,沙梨頭及大三巴區,Patane & São Paulo,Macau Peninsula,2508,3487994.0,155940.0,66.58,1.577
2026,5,23,23:00,新口岸區,Zona de Aterros do Porto Exterior,Macau Peninsula,10828,3487994.0,155940.0,66.58,1.577
2026,5,23,23:00,高士德及雅廉訪區,Horta e Costa & Ouvidor Arriaga,Macau Peninsula,697,3487994.0,155940.0,66.58,1.577
2026,5,23,23:00,筷子基區,Fai Chi Kei,Macau Peninsula,690,3487994.0,155940.0,66.58,1.577
2026,5,23,23:00,氹仔舊城及馬場區,Cidade & Hipódromo da Taipa,Taipa & Cotai,4586,3487994.0,66570.0,28.42,0.507
2026,5,23,23:00,路環區,Coloane,Coloane,2234,3487994.0,11693.0,4.99,2.988
2026,5,23,23:00,北安及大潭山區,Pac On & Taipa Grande,Taipa & Cotai,3705,3487994.0,66570.0,28.42,0.507
2026,5,23,23:00,青洲區,Ilha Verde,Macau Peninsula,484,3487994.0,155940.0,66.58,1.577
2026,5,23,23:00,南西灣及主教山區,Praia Grande & Penha,Macau Peninsula,967,3487994.0,155940.0,66.58,1.577
2026,5,23,23:00,海洋及小潭山區,Jardins do Oceano & Taipa Pequena,Taipa & Cotai,678,3487994.0,66570.0,28.42,0.507
2026,5,23,23:00,東望洋區(松山區),Ferreira do Amaral (Guia),Macau Peninsula,311,3487994.0,155940.0,66.58,1.577
2026,5,23,23:00,大學及北安灣區,Universidade & Baía de Pac On,Taipa & Cotai,273,3487994.0,66570.0,28.42,0.507
2026,4,0,00:00,新橋區,Barca,Macau Peninsula,1561,3441396.0,155940.0,66.58,1.577
2026,4,0,00:00,中區,Baixa de Macau,Macau Peninsula,6819,3441396.0,155940.0,66.58,1.577
2026,4,0,00:00,氹仔中心區,Baixa da Taipa,Taipa & Cotai,4420,3441396.0,66570.0,28.42,0.507
2026,4,0,00:00,台山區,Tamagnini Barbosa,Macau Peninsula,1753,3441396.0,155940.0,66.58,1.577
2026,4,0,00:00,黑沙環新填海區,Novos Aterros da Areia Preta,Macau Peninsula,1699,3441396.0,155940.0,66.58,1.577
2026,4,0,00:00,望廈及水塘區,Móng Há & Reservatório,Macau Peninsula,992,3441396.0,155940.0,66.58,1.577
2026,4,0,00:00,外港及南灣湖新填海區,Novos Aterros do Porto Exterior & Aterros da Baía da Praia Grande,Macau Peninsula,12040,3441396.0,155940.0,66.58,1.577
2026,4,0,00:00,路氹填海區,COTAI Reclamation Area,Taipa & Cotai,56186,3441396.0,66570.0,28.42,0.507
2026,4,0,00:00,黑沙環及祐漢區,Areia Preta & Iao Hon,Macau Peninsula,2530,3441396.0,155940.0,66.58,1.577
2026,4,0,00:00,下環區,Barra/Manduco,Macau Peninsula,2810,3441396.0,155940.0,66.58,1.577
2026,4,0,00:00,荷蘭園區,Conselheiro Ferreira de Almeida,Macau Peninsula,908,3441396.0,155940.0,66.58,1.577
2026,4,0,00:00,林茂塘區,Doca do Lamau,Macau Peninsula,689,3441396.0,155940.0,66.58,1.577
2026,4,0,00:00,沙梨頭及大三巴區,Patane & São Paulo,Macau Peninsula,2594,3441396.0,155940.0,66.58,1.577
2026,4,0,00:00,新口岸區,Zona de Aterros do Porto Exterior,Macau Peninsula,10953,3441396.0,155940.0,66.58,1.577
2026,4,0,00:00,高士德及雅廉訪區,Horta e Costa & Ouvidor Arriaga,Macau Peninsula,678,3441396.0,155940.0,66.58,1.577
2026,4,0,00:00,筷子基區,Fai Chi Kei,Macau Peninsula,593,3441396.0,155940.0,66.58,1.577
2026,4,0,00:00,氹仔舊城及馬場區,Cidade & Hipódromo da Taipa,Taipa & Cotai,4185,3441396.0,66570.0,28.42,0.507
2026,4,0,00:00,路環區,Coloane,Coloane,1934,3441396.0,11693.0,4.99,2.988
2026,4,0,00:00,北安及大潭山區,Pac On & Taipa Grande,Taipa & Cotai,3163,3441396.0,66570.0,28.42,0.507
2026,4,0,00:00,青洲區,Ilha Verde,Macau Peninsula,458,3441396.0,155940.0,66.58,1.577
2026,4,0,00:00,南西灣及主教山區,Praia Grande & Penha,Macau Peninsula,1016,3441396.0,155940.0,66.58,1.577
2026,4,0,00:00,海洋及小潭山區,Jardins do Oceano & Taipa Pequena,Taipa & Cotai,581,3441396.0,66570.0,28.42,0.507
2026,4,0,00:00,東望洋區(松山區),Ferreira do Amaral (Guia),Macau Peninsula,360,3441396.0,155940.0,66.58,1.577
2026,4,0,00:00,大學及北安灣區,Universidade & Baía de Pac On,Taipa & Cotai,293,3441396.0,66570.0,28.42,0.507
2026,4,1,01:00,新橋區,Barca,Macau Peninsula,1372,3441396.0,155940.0,66.58,1.577
2026,4,1,01:00,中區,Baixa de Macau,Macau Peninsula,6102,3441396.0,155940.0,66.58,1.577
2026,4,1,01:00,氹仔中心區,Baixa da Taipa,Taipa & Cotai,4098,3441396.0,66570.0,28.42,0.507
2026,4,1,01:00,台山區,Tamagnini Barbosa,Macau Peninsula,1476,3441396.0,155940.0,66.58,1.577
2026,4,1,01:00,黑沙環新填海區,Novos Aterros da Areia Preta,Macau Peninsula,1417,3441396.0,155940.0,66.58,1.577
2026,4,1,01:00,望廈及水塘區,Móng Há & Reservatório,Macau Peninsula,815,3441396.0,155940.0,66.58,1.577
2026,4,1,01:00,外港及南灣湖新填海區,Novos Aterros do Porto Exterior & Aterros da Baía da Praia Grande,Macau Peninsula,11046,3441396.0,155940.0,66.58,1.577
2026,4,1,01:00,路氹填海區,COTAI Reclamation Area,Taipa & Cotai,53693,3441396.0,66570.0,28.42,0.507
2026,4,1,01:00,黑沙環及祐漢區,Areia Preta & Iao Hon,Macau Peninsula,1726,3441396.0,155940.0,66.58,1.577
2026,4,1,01:00,下環區,Barra/Manduco,Macau Peninsula,2698,3441396.0,155940.0,66.58,1.577
2026,4,1,01:00,荷蘭園區,Conselheiro Ferreira de Almeida,Macau Peninsula,782,3441396.0,155940.0,66.58,1.577
2026,4,1,01:00,林茂塘區,Doca do Lamau,Macau Peninsula,553,3441396.0,155940.0,66.58,1.577
2026,4,1,01:00,沙梨頭及大三巴區,Patane & São Paulo,Macau Peninsula,2487,3441396.0,155940.0,66.58,1.577
2026,4,1,01:00,新口岸區,Zona de Aterros do Porto Exterior,Macau Peninsula,10987,3441396.0,155940.0,66.58,1.577
2026,4,1,01:00,高士德及雅廉訪區,Horta e Costa & Ouvidor Arriaga,Macau Peninsula,602,3441396.0,155940.0,66.58,1.577
2026,4,1,01:00,筷子基區,Fai Chi Kei,Macau Peninsula,484,3441396.0,155940.0,66.58,1.577
2026,4,1,01:00,氹仔舊城及馬場區,Cidade & Hipódromo da Taipa,Taipa & Cotai,3805,3441396.0,66570.0,28.42,0.507
2026,4,1,01:00,路環區,Coloane,Coloane,1725,3441396.0,11693.0,4.99,2.988
2026,4,1,01:00,北安及大潭山區,Pac On & Taipa Grande,Taipa & Cotai,2721,3441396.0,66570.0,28.42,0.507
2026,4,1,01:00,青洲區,Ilha Verde,Macau Peninsula,371,3441396.0,155940.0,66.58,1.577
2026,4,1,01:00,南西灣及主教山區,Praia Grande & Penha,Macau Peninsula,1017,3441396.0,155940.0,66.58,1.577
2026,4,1,01:00,海洋及小潭山區,Jardins do Oceano & Taipa Pequena,Taipa & Cotai,457,3441396.0,66570.0,28.42,0.507
2026,4,1,01:00,東望洋區(松山區),Ferreira do Amaral (Guia),Macau Peninsula,346,3441396.0,155940.0,66.58,1.577
2026,4,1,01:00,大學及北安灣區,Universidade & Baía de Pac On,Taipa & Cotai,264,3441396.0,66570.0,28.42,0.507
2026,4,2,02:00,新橋區,Barca,Macau Peninsula,1413,3441396.0,155940.0,66.58,1.577
2026,4,2,02:00,中區,Baixa de Macau,Macau Peninsula,5919,3441396.0,155940.0,66.58,1.577
2026,4,2,02:00,氹仔中心區,Baixa da Taipa,Taipa & Cotai,4140,3441396.0,66570.0,28.42,0.507
2026,4,2,02:00,台山區,Tamagnini Barbosa,Macau Peninsula,1414,3441396.0,155940.0,66.58,1.577
2026,4,2,02:00,黑沙環新填海區,Novos Aterros da Areia Preta,Macau Peninsula,1419,3441396.0,155940.0,66.58,1.577
2026,4,2,02:00,望廈及水塘區,Móng Há & Reservatório,Macau Peninsula,767,3441396.0,155940.0,66.58,1.577
2026,4,2,02:00,外港及南灣湖新填海區,Novos Aterros do Porto Exterior & Aterros da Baía da Praia Grande,Macau Peninsula,10570,3441396.0,155940.0,66.58,1.577
2026,4,2,02:00,路氹填海區,COTAI Reclamation Area,Taipa & Cotai,53469,3441396.0,66570.0,28.42,0.507
2026,4,2,02:00,黑沙環及祐漢區,Areia Preta & Iao Hon,Macau Peninsula,1601,3441396.0,155940.0,66.58,1.577
2026,4,2,02:00,下環區,Barra/Manduco,Macau Peninsula,2695,3441396.0,155940.0,66.58,1.577
2026,4,2,02:00,荷蘭園區,Conselheiro Ferreira de Almeida,Macau Peninsula,737,3441396.0,155940.0,66.58,1.577
2026,4,2,02:00,林茂塘區,Doca do Lamau,Macau Peninsula,562,3441396.0,155940.0,66.58,1.577
2026,4,2,02:00,沙梨頭及大三巴區,Patane & São Paulo,Macau Peninsula,2547,3441396.0,155940.0,66.58,1.577
2026,4,2,02:00,新口岸區,Zona de Aterros do Porto Exterior,Macau Peninsula,11466,3441396.0,155940.0,66.58,1.577
2026,4,2,02:00,高士德及雅廉訪區,Horta e Costa & Ouvidor Arriaga,Macau Peninsula,627,3441396.0,155940.0,66.58,1.577
2026,4,2,02:00,筷子基區,Fai Chi Kei,Macau Peninsula,473,3441396.0,155940.0,66.58,1.577
2026,4,2,02:00,氹仔舊城及馬場區,Cidade & Hipódromo da Taipa,Taipa & Cotai,3777,3441396.0,66570.0,28.42,0.507
2026,4,2,02:00,路環區,Coloane,Coloane,1698,3441396.0,11693.0,4.99,2.988
2026,4,2,02:00,北安及大潭山區,Pac On & Taipa Grande,Taipa & Cotai,2639,3441396.0,66570.0,28.42,0.507
2026,4,2,02:00,青洲區,Ilha Verde,Macau Peninsula,371,3441396.0,155940.0,66.58,1.577
2026,4,2,02:00,南西灣及主教山區,Praia Grande & Penha,Macau Peninsula,1091,3441396.0,155940.0,66.58,1.577
2026,4,2,02:00,海洋及小潭山區,Jardins do Oceano & Taipa Pequena,Taipa & Cotai,427,3441396.0,66570.0,28.42,0.507
2026,4,2,02:00,東望洋區(松山區),Ferreira do Amaral (Guia),Macau Peninsula,380,3441396.0,155940.0,66.58,1.577
2026,4,2,02:00,大學及北安灣區,Universidade & Baía de Pac On,Taipa & Cotai,268,3441396.0,66570.0,28.42,0.507
2026,4,3,03:00,新橋區,Barca,Macau Peninsula,1420,3441396.0,155940.0,66.58,1.577
2026,4,3,03:00,中區,Baixa de Macau,Macau Peninsula,5676,3441396.0,155940.0,66.58,1.577
2026,4,3,03:00,氹仔中心區,Baixa da Taipa,Taipa & Cotai,4150,3441396.0,66570.0,28.42,0.507
2026,4,3,03:00,台山區,Tamagnini Barbosa,Macau Peninsula,1395,3441396.0,155940.0,66.58,1.577
2026,4,3,03:00,黑沙環新填海區,Novos Aterros da Areia Preta,Macau Peninsula,1395,3441396.0,155940.0,66.58,1.577
2026,4,3,03:00,望廈及水塘區,Móng Há & Reservatório,Macau Peninsula,738,3441396.0,155940.0,66.58,1.577
2026,4,3,03:00,外港及南灣湖新填海區,Novos Aterros do Porto Exterior & Aterros da Baía da Praia Grande,Macau Peninsula,10076,3441396.0,155940.0,66.58,1.577
2026,4,3,03:00,路氹填海區,COTAI Reclamation Area,Taipa & Cotai,53286,3441396.0,66570.0,28.42,0.507
2026,4,3,03:00,黑沙環及祐漢區,Areia Preta & Iao Hon,Macau Peninsula,1656,3441396.0,155940.0,66.58,1.577
2026,4,3,03:00,下環區,Barra/Manduco,Macau Peninsula,2698,3441396.0,155940.0,66.58,1.577
2026,4,3,03:00,荷蘭園區,Conselheiro Ferreira de Almeida,Macau Peninsula,754,3441396.0,155940.0,66.58,1.577
2026,4,3,03:00,林茂塘區,Doca do Lamau,Macau Peninsula,555,3441396.0,155940.0,66.58,1.577
2026,4,3,03:00,沙梨頭及大三巴區,Patane & São Paulo,Macau Peninsula,2601,3441396.0,155940.0,66.58,1.577
2026,4,3,03:00,新口岸區,Zona de Aterros do Porto Exterior,Macau Peninsula,11874,3441396.0,155940.0,66.58,1.577
2026,4,3,03:00,高士德及雅廉訪區,Horta e Costa & Ouvidor Arriaga,Macau Peninsula,645,3441396.0,155940.0,66.58,1.577
2026,4,3,03:00,筷子基區,Fai Chi Kei,Macau Peninsula,465,3441396.0,155940.0,66.58,1.577
2026,4,3,03:00,氹仔舊城及馬場區,Cidade & Hipódromo da Taipa,Taipa & Cotai,3711,3441396.0,66570.0,28.42,0.507
2026,4,3,03:00,路環區,Coloane,Coloane,1690,3441396.0,11693.0,4.99,2.988
2026,4,3,03:00,北安及大潭山區,Pac On & Taipa Grande,Taipa & Cotai,2605,3441396.0,66570.0,28.42,0.507
2026,4,3,03:00,青洲區,Ilha Verde,Macau Peninsula,370,3441396.0,155940.0,66.58,1.577
2026,4,3,03:00,南西灣及主教山區,Praia Grande & Penha,Macau Peninsula,1144,3441396.0,155940.0,66.58,1.577
2026,4,3,03:00,海洋及小潭山區,Jardins do Oceano & Taipa Pequena,Taipa & Cotai,398,3441396.0,66570.0,28.42,0.507
2026,4,3,03:00,東望洋區(松山區),Ferreira do Amaral (Guia),Macau Peninsula,391,3441396.0,155940.0,66.58,1.577
2026,4,3,03:00,大學及北安灣區,Universidade & Baía de Pac On,Taipa & Cotai,270,3441396.0,66570.0,28.42,0.507
2026,4,4,04:00,新橋區,Barca,Macau Peninsula,1437,3441396.0,155940.0,66.58,1.577
2026,4,4,04:00,中區,Baixa de Macau,Macau Peninsula,5439,3441396.0,155940.0,66.58,1.577
2026,4,4,04:00,氹仔中心區,Baixa da Taipa,Taipa & Cotai,4149,3441396.0,66570.0,28.42,0.507
2026,4,4,04:00,台山區,Tamagnini Barbosa,Macau Peninsula,1301,3441396.0,155940.0,66.58,1.577
2026,4,4,04:00,黑沙環新填海區,Novos Aterros da Areia Preta,Macau Peninsula,1374,3441396.0,155940.0,66.58,1.577
2026,4,4,04:00,望廈及水塘區,Móng Há & Reservatório,Macau Peninsula,712,3441396.0,155940.0,66.58,1.577
2026,4,4,04:00,外港及南灣湖新填海區,Novos Aterros do Porto Exterior & Aterros da Baía da Praia Grande,Macau Peninsula,9620,3441396.0,155940.0,66.58,1.577
2026,4,4,04:00,路氹填海區,COTAI Reclamation Area,Taipa & Cotai,52863,3441396.0,66570.0,28.42,0.507
2026,4,4,04:00,黑沙環及祐漢區,Areia Preta & Iao Hon,Macau Peninsula,1756,3441396.0,155940.0,66.58,1.577
2026,4,4,04:00,下環區,Barra/Manduco,Macau Peninsula,2708,3441396.0,155940.0,66.58,1.577
2026,4,4,04:00,荷蘭園區,Conselheiro Ferreira de Almeida,Macau Peninsula,754,3441396.0,155940.0,66.58,1.577
2026,4,4,04:00,林茂塘區,Doca do Lamau,Macau Peninsula,560,3441396.0,155940.0,66.58,1.577
2026,4,4,04:00,沙梨頭及大三巴區,Patane & São Paulo,Macau Peninsula,2600,3441396.0,155940.0,66.58,1.577
2026,4,4,04:00,新口岸區,Zona de Aterros do Porto Exterior,Macau Peninsula,12088,3441396.0,155940.0,66.58,1.577
2026,4,4,04:00,高士德及雅廉訪區,Horta e Costa & Ouvidor Arriaga,Macau Peninsula,651,3441396.0,155940.0,66.58,1.577
2026,4,4,04:00,筷子基區,Fai Chi Kei,Macau Peninsula,458,3441396.0,155940.0,66.58,1.577
2026,4,4,04:00,氹仔舊城及馬場區,Cidade & Hipódromo da Taipa,Taipa & Cotai,3645,3441396.0,66570.0,28.42,0.507
2026,4,4,04:00,路環區,Coloane,Coloane,1687,3441396.0,11693.0,4.99,2.988
2026,4,4,04:00,北安及大潭山區,Pac On & Taipa Grande,Taipa & Cotai,2480,3441396.0,66570.0,28.42,0.507
2026,4,4,04:00,青洲區,Ilha Verde,Macau Peninsula,369,3441396.0,155940.0,66.58,1.577
2026,4,4,04:00,南西灣及主教山區,Praia Grande & Penha,Macau Peninsula,1165,3441396.0,155940.0,66.58,1.577
2026,4,4,04:00,海洋及小潭山區,Jardins do Oceano & Taipa Pequena,Taipa & Cotai,385,3441396.0,66570.0,28.42,0.507
2026,4,4,04:00,東望洋區(松山區),Ferreira do Amaral (Guia),Macau Peninsula,401,3441396.0,155940.0,66.58,1.577
2026,4,4,04:00,大學及北安灣區,Universidade & Baía de Pac On,Taipa & Cotai,270,3441396.0,66570.0,28.42,0.507
2026,4,5,05:00,新橋區,Barca,Macau Peninsula,1452,3441396.0,155940.0,66.58,1.577
2026,4,5,05:00,中區,Baixa de Macau,Macau Peninsula,5270,3441396.0,155940.0,66.58,1.577
2026,4,5,05:00,氹仔中心區,Baixa da Taipa,Taipa & Cotai,4162,3441396.0,66570.0,28.42,0.507
2026,4,5,05:00,台山區,Tamagnini Barbosa,Macau Peninsula,1246,3441396.0,155940.0,66.58,1.577
2026,4,5,05:00,黑沙環新填海區,Novos Aterros da Areia Preta,Macau Peninsula,1368,3441396.0,155940.0,66.58,1.577
2026,4,5,05:00,望廈及水塘區,Móng Há & Reservatório,Macau Peninsula,711,3441396.0,155940.0,66.58,1.577
2026,4,5,05:00,外港及南灣湖新填海區,Novos Aterros do Porto Exterior & Aterros da Baía da Praia Grande,Macau Peninsula,9238,3441396.0,155940.0,66.58,1.577
2026,4,5,05:00,路氹填海區,COTAI Reclamation Area,Taipa & Cotai,52392,3441396.0,66570.0,28.42,0.507
2026,4,5,05:00,黑沙環及祐漢區,Areia Preta & Iao Hon,Macau Peninsula,1842,3441396.0,155940.0,66.58,1.577
2026,4,5,05:00,下環區,Barra/Manduco,Macau Peninsula,2703,3441396.0,155940.0,66.58,1.577
2026,4,5,05:00,荷蘭園區,Conselheiro Ferreira de Almeida,Macau Peninsula,760,3441396.0,155940.0,66.58,1.577
2026,4,5,05:00,林茂塘區,Doca do Lamau,Macau Peninsula,561,3441396.0,155940.0,66.58,1.577
2026,4,5,05:00,沙梨頭及大三巴區,Patane & São Paulo,Macau Peninsula,2620,3441396.0,155940.0,66.58,1.577
2026,4,5,05:00,新口岸區,Zona de Aterros do Porto Exterior,Macau Peninsula,12187,3441396.0,155940.0,66.58,1.577
2026,4,5,05:00,高士德及雅廉訪區,Horta e Costa & Ouvidor Arriaga,Macau Peninsula,662,3441396.0,155940.0,66.58,1.577
2026,4,5,05:00,筷子基區,Fai Chi Kei,Macau Peninsula,459,3441396.0,155940.0,66.58,1.577
2026,4,5,05:00,氹仔舊城及馬場區,Cidade & Hipódromo da Taipa,Taipa & Cotai,3584,3441396.0,66570.0,28.42,0.507
2026,4,5,05:00,路環區,Coloane,Coloane,1692,3441396.0,11693.0,4.99,2.988
2026,4,5,05:00,北安及大潭山區,Pac On & Taipa Grande,Taipa & Cotai,2413,3441396.0,66570.0,28.42,0.507
2026,4,5,05:00,青洲區,Ilha Verde,Macau Peninsula,376,3441396.0,155940.0,66.58,1.577
2026,4,5,05:00,南西灣及主教山區,Praia Grande & Penha,Macau Peninsula,1184,3441396.0,155940.0,66.58,1.577
2026,4,5,05:00,海洋及小潭山區,Jardins do Oceano & Taipa Pequena,Taipa & Cotai,369,3441396.0,66570.0,28.42,0.507
2026,4,5,05:00,東望洋區(松山區),Ferreira do Amaral (Guia),Macau Peninsula,402,3441396.0,155940.0,66.58,1.577
2026,4,5,05:00,大學及北安灣區,Universidade & Baía de Pac On,Taipa & Cotai,279,3441396.0,66570.0,28.42,0.507
2026,4,6,06:00,新橋區,Barca,Macau Peninsula,1469,3441396.0,155940.0,66.58,1.577
2026,4,6,06:00,中區,Baixa de Macau,Macau Peninsula,5154,3441396.0,155940.0,66.58,1.577
2026,4,6,06:00,氹仔中心區,Baixa da Taipa,Taipa & Cotai,4197,3441396.0,66570.0,28.42,0.507
2026,4,6,06:00,台山區,Tamagnini Barbosa,Macau Peninsula,1279,3441396.0,155940.0,66.58,1.577
2026,4,6,06:00,黑沙環新填海區,Novos Aterros da Areia Preta,Macau Peninsula,1367,3441396.0,155940.0,66.58,1.577
2026,4,6,06:00,望廈及水塘區,Móng Há & Reservatório,Macau Peninsula,720,3441396.0,155940.0,66.58,1.577
2026,4,6,06:00,外港及南灣湖新填海區,Novos Aterros do Porto Exterior & Aterros da Baía da Praia Grande,Macau Peninsula,8951,3441396.0,155940.0,66.58,1.577
2026,4,6,06:00,路氹填海區,COTAI Reclamation Area,Taipa & Cotai,52069,3441396.0,66570.0,28.42,0.507
2026,4,6,06:00,黑沙環及祐漢區,Areia Preta & Iao Hon,Macau Peninsula,1878,3441396.0,155940.0,66.58,1.577
2026,4,6,06:00,下環區,Barra/Manduco,Macau Peninsula,2715,3441396.0,155940.0,66.58,1.577
2026,4,6,06:00,荷蘭園區,Conselheiro Ferreira de Almeida,Macau Peninsula,767,3441396.0,155940.0,66.58,1.577
2026,4,6,06:00,林茂塘區,Doca do Lamau,Macau Peninsula,572,3441396.0,155940.0,66.58,1.577
2026,4,6,06:00,沙梨頭及大三巴區,Patane & São Paulo,Macau Peninsula,2650,3441396.0,155940.0,66.58,1.577
2026,4,6,06:00,新口岸區,Zona de Aterros do Porto Exterior,Macau Peninsula,12236,3441396.0,155940.0,66.58,1.577
2026,4,6,06:00,高士德及雅廉訪區,Horta e Costa & Ouvidor Arriaga,Macau Peninsula,666,3441396.0,155940.0,66.58,1.577
2026,4,6,06:00,筷子基區,Fai Chi Kei,Macau Peninsula,468,3441396.0,155940.0,66.58,1.577
2026,4,6,06:00,氹仔舊城及馬場區,Cidade & Hipódromo da Taipa,Taipa & Cotai,3553,3441396.0,66570.0,28.42,0.507
2026,4,6,06:00,路環區,Coloane,Coloane,1727,3441396.0,11693.0,4.99,2.988
2026,4,6,06:00,北安及大潭山區,Pac On & Taipa Grande,Taipa & Cotai,2413,3441396.0,66570.0,28.42,0.507
2026,4,6,06:00,青洲區,Ilha Verde,Macau Peninsula,384,3441396.0,155940.0,66.58,1.577
2026,4,6,06:00,南西灣及主教山區,Praia Grande & Penha,Macau Peninsula,1200,3441396.0,155940.0,66.58,1.577
2026,4,6,06:00,海洋及小潭山區,Jardins do Oceano & Taipa Pequena,Taipa & Cotai,366,3441396.0,66570.0,28.42,0.507
2026,4,6,06:00,東望洋區(松山區),Ferreira do Amaral (Guia),Macau Peninsula,406,3441396.0,155940.0,66.58,1.577
2026,4,6,06:00,大學及北安灣區,Universidade & Baía de Pac On,Taipa & Cotai,286,3441396.0,66570.0,28.42,0.507
2026,4,7,07:00,新橋區,Barca,Macau Peninsula,1494,3441396.0,155940.0,66.58,1.577
2026,4,7,07:00,中區,Baixa de Macau,Macau Peninsula,5143,3441396.0,155940.0,66.58,1.577
2026,4,7,07:00,氹仔中心區,Baixa da Taipa,Taipa & Cotai,4265,3441396.0,66570.0,28.42,0.507
2026,4,7,07:00,台山區,Tamagnini Barbosa,Macau Peninsula,1555,3441396.0,155940.0,66.58,1.577
2026,4,7,07:00,黑沙環新填海區,Novos Aterros da Areia Preta,Macau Peninsula,1387,3441396.0,155940.0,66.58,1.577
2026,4,7,07:00,望廈及水塘區,Móng Há & Reservatório,Macau Peninsula,760,3441396.0,155940.0,66.58,1.577
2026,4,7,07:00,外港及南灣湖新填海區,Novos Aterros do Porto Exterior & Aterros da Baía da Praia Grande,Macau Peninsula,8840,3441396.0,155940.0,66.58,1.577
2026,4,7,07:00,路氹填海區,COTAI Reclamation Area,Taipa & Cotai,51844,3441396.0,66570.0,28.42,0.507
2026,4,7,07:00,黑沙環及祐漢區,Areia Preta & Iao Hon,Macau Peninsula,2136,3441396.0,155940.0,66.58,1.577
2026,4,7,07:00,下環區,Barra/Manduco,Macau Peninsula,2820,3441396.0,155940.0,66.58,1.577
2026,4,7,07:00,荷蘭園區,Conselheiro Ferreira de Almeida,Macau Peninsula,798,3441396.0,155940.0,66.58,1.577
2026,4,7,07:00,林茂塘區,Doca do Lamau,Macau Peninsula,590,3441396.0,155940.0,66.58,1.577
2026,4,7,07:00,沙梨頭及大三巴區,Patane & São Paulo,Macau Peninsula,2636,3441396.0,155940.0,66.58,1.577
2026,4,7,07:00,新口岸區,Zona de Aterros do Porto Exterior,Macau Peninsula,12328,3441396.0,155940.0,66.58,1.577
2026,4,7,07:00,高士德及雅廉訪區,Horta e Costa & Ouvidor Arriaga,Macau Peninsula,655,3441396.0,155940.0,66.58,1.577
2026,4,7,07:00,筷子基區,Fai Chi Kei,Macau Peninsula,509,3441396.0,155940.0,66.58,1.577
2026,4,7,07:00,氹仔舊城及馬場區,Cidade & Hipódromo da Taipa,Taipa & Cotai,3592,3441396.0,66570.0,28.42,0.507
2026,4,7,07:00,路環區,Coloane,Coloane,1783,3441396.0,11693.0,4.99,2.988
2026,4,7,07:00,北安及大潭山區,Pac On & Taipa Grande,Taipa & Cotai,2548,3441396.0,66570.0,28.42,0.507
2026,4,7,07:00,青洲區,Ilha Verde,Macau Peninsula,390,3441396.0,155940.0,66.58,1.577
2026,4,7,07:00,南西灣及主教山區,Praia Grande & Penha,Macau Peninsula,1154,3441396.0,155940.0,66.58,1.577
2026,4,7,07:00,海洋及小潭山區,Jardins do Oceano & Taipa Pequena,Taipa & Cotai,392,3441396.0,66570.0,28.42,0.507
2026,4,7,07:00,東望洋區(松山區),Ferreira do Amaral (Guia),Macau Peninsula,398,3441396.0,155940.0,66.58,1.577
2026,4,7,07:00,大學及北安灣區,Universidade & Baía de Pac On,Taipa & Cotai,292,3441396.0,66570.0,28.42,0.507
2026,4,8,08:00,新橋區,Barca,Macau Peninsula,1524,3441396.0,155940.0,66.58,1.577
2026,4,8,08:00,中區,Baixa de Macau,Macau Peninsula,5222,3441396.0,155940.0,66.58,1.577
2026,4,8,08:00,氹仔中心區,Baixa da Taipa,Taipa & Cotai,4316,3441396.0,66570.0,28.42,0.507
2026,4,8,08:00,台山區,Tamagnini Barbosa,Macau Peninsula,1858,3441396.0,155940.0,66.58,1.577
2026,4,8,08:00,黑沙環新填海區,Novos Aterros da Areia Preta,Macau Peninsula,1468,3441396.0,155940.0,66.58,1.577
2026,4,8,08:00,望廈及水塘區,Móng Há & Reservatório,Macau Peninsula,845,3441396.0,155940.0,66.58,1.577
2026,4,8,08:00,外港及南灣湖新填海區,Novos Aterros do Porto Exterior & Aterros da Baía da Praia Grande,Macau Peninsula,8890,3441396.0,155940.0,66.58,1.577
2026,4,8,08:00,路氹填海區,COTAI Reclamation Area,Taipa & Cotai,51955,3441396.0,66570.0,28.42,0.507
2026,4,8,08:00,黑沙環及祐漢區,Areia Preta & Iao Hon,Macau Peninsula,2619,3441396.0,155940.0,66.58,1.577
2026,4,8,08:00,下環區,Barra/Manduco,Macau Peninsula,2818,3441396.0,155940.0,66.58,1.577
2026,4,8,08:00,荷蘭園區,Conselheiro Ferreira de Almeida,Macau Peninsula,826,3441396.0,155940.0,66.58,1.577
2026,4,8,08:00,林茂塘區,Doca do Lamau,Macau Peninsula,614,3441396.0,155940.0,66.58,1.577
2026,4,8,08:00,沙梨頭及大三巴區,Patane & São Paulo,Macau Peninsula,2715,3441396.0,155940.0,66.58,1.577
2026,4,8,08:00,新口岸區,Zona de Aterros do Porto Exterior,Macau Peninsula,12485,3441396.0,155940.0,66.58,1.577
2026,4,8,08:00,高士德及雅廉訪區,Horta e Costa & Ouvidor Arriaga,Macau Peninsula,636,3441396.0,155940.0,66.58,1.577
2026,4,8,08:00,筷子基區,Fai Chi Kei,Macau Peninsula,537,3441396.0,155940.0,66.58,1.577
2026,4,8,08:00,氹仔舊城及馬場區,Cidade & Hipódromo da Taipa,Taipa & Cotai,3706,3441396.0,66570.0,28.42,0.507
2026,4,8,08:00,路環區,Coloane,Coloane,1760,3441396.0,11693.0,4.99,2.988
2026,4,8,08:00,北安及大潭山區,Pac On & Taipa Grande,Taipa & Cotai,2636,3441396.0,66570.0,28.42,0.507
2026,4,8,08:00,青洲區,Ilha Verde,Macau Peninsula,452,3441396.0,155940.0,66.58,1.577
2026,4,8,08:00,南西灣及主教山區,Praia Grande & Penha,Macau Peninsula,1170,3441396.0,155940.0,66.58,1.577
2026,4,8,08:00,海洋及小潭山區,Jardins do Oceano & Taipa Pequena,Taipa & Cotai,449,3441396.0,66570.0,28.42,0.507
2026,4,8,08:00,東望洋區(松山區),Ferreira do Amaral (Guia),Macau Peninsula,436,3441396.0,155940.0,66.58,1.577
2026,4,8,08:00,大學及北安灣區,Universidade & Baía de Pac On,Taipa & Cotai,305,3441396.0,66570.0,28.42,0.507
2026,4,9,09:00,新橋區,Barca,Macau Peninsula,1526,3441396.0,155940.0,66.58,1.577
2026,4,9,09:00,中區,Baixa de Macau,Macau Peninsula,5496,3441396.0,155940.0,66.58,1.577
2026,4,9,09:00,氹仔中心區,Baixa da Taipa,Taipa & Cotai,4250,3441396.0,66570.0,28.42,0.507
2026,4,9,09:00,台山區,Tamagnini Barbosa,Macau Peninsula,2349,3441396.0,155940.0,66.58,1.577
2026,4,9,09:00,黑沙環新填海區,Novos Aterros da Areia Preta,Macau Peninsula,1567,3441396.0,155940.0,66.58,1.577
2026,4,9,09:00,望廈及水塘區,Móng Há & Reservatório,Macau Peninsula,1046,3441396.0,155940.0,66.58,1.577
2026,4,9,09:00,外港及南灣湖新填海區,Novos Aterros do Porto Exterior & Aterros da Baía da Praia Grande,Macau Peninsula,9176,3441396.0,155940.0,66.58,1.577
2026,4,9,09:00,路氹填海區,COTAI Reclamation Area,Taipa & Cotai,52546,3441396.0,66570.0,28.42,0.507
2026,4,9,09:00,黑沙環及祐漢區,Areia Preta & Iao Hon,Macau Peninsula,3534,3441396.0,155940.0,66.58,1.577
2026,4,9,09:00,下環區,Barra/Manduco,Macau Peninsula,2836,3441396.0,155940.0,66.58,1.577
2026,4,9,09:00,荷蘭園區,Conselheiro Ferreira de Almeida,Macau Peninsula,1002,3441396.0,155940.0,66.58,1.577
2026,4,9,09:00,林茂塘區,Doca do Lamau,Macau Peninsula,650,3441396.0,155940.0,66.58,1.577
2026,4,9,09:00,沙梨頭及大三巴區,Patane & São Paulo,Macau Peninsula,2819,3441396.0,155940.0,66.58,1.577
2026,4,9,09:00,新口岸區,Zona de Aterros do Porto Exterior,Macau Peninsula,12737,3441396.0,155940.0,66.58,1.577
2026,4,9,09:00,高士德及雅廉訪區,Horta e Costa & Ouvidor Arriaga,Macau Peninsula,689,3441396.0,155940.0,66.58,1.577
2026,4,9,09:00,筷子基區,Fai Chi Kei,Macau Peninsula,687,3441396.0,155940.0,66.58,1.577
2026,4,9,09:00,氹仔舊城及馬場區,Cidade & Hipódromo da Taipa,Taipa & Cotai,3840,3441396.0,66570.0,28.42,0.507
2026,4,9,09:00,路環區,Coloane,Coloane,1935,3441396.0,11693.0,4.99,2.988
2026,4,9,09:00,北安及大潭山區,Pac On & Taipa Grande,Taipa & Cotai,2868,3441396.0,66570.0,28.42,0.507
2026,4,9,09:00,青洲區,Ilha Verde,Macau Peninsula,559,3441396.0,155940.0,66.58,1.577
2026,4,9,09:00,南西灣及主教山區,Praia Grande & Penha,Macau Peninsula,1190,3441396.0,155940.0,66.58,1.577
2026,4,9,09:00,海洋及小潭山區,Jardins do Oceano & Taipa Pequena,Taipa & Cotai,483,3441396.0,66570.0,28.42,0.507
2026,4,9,09:00,東望洋區(松山區),Ferreira do Amaral (Guia),Macau Peninsula,505,3441396.0,155940.0,66.58,1.577
2026,4,9,09:00,大學及北安灣區,Universidade & Baía de Pac On,Taipa & Cotai,333,3441396.0,66570.0,28.42,0.507
2026,4,10,10:00,新橋區,Barca,Macau Peninsula,1671,3441396.0,155940.0,66.58,1.577
2026,4,10,10:00,中區,Baixa de Macau,Macau Peninsula,6225,3441396.0,155940.0,66.58,1.577
2026,4,10,10:00,氹仔中心區,Baixa da Taipa,Taipa & Cotai,4144,3441396.0,66570.0,28.42,0.507
2026,4,10,10:00,台山區,Tamagnini Barbosa,Macau Peninsula,2762,3441396.0,155940.0,66.58,1.577
2026,4,10,10:00,黑沙環新填海區,Novos Aterros da Areia Preta,Macau Peninsula,1977,3441396.0,155940.0,66.58,1.577
2026,4,10,10:00,望廈及水塘區,Móng Há & Reservatório,Macau Peninsula,1330,3441396.0,155940.0,66.58,1.577
2026,4,10,10:00,外港及南灣湖新填海區,Novos Aterros do Porto Exterior & Aterros da Baía da Praia Grande,Macau Peninsula,9758,3441396.0,155940.0,66.58,1.577
2026,4,10,10:00,路氹填海區,COTAI Reclamation Area,Taipa & Cotai,53507,3441396.0,66570.0,28.42,0.507
2026,4,10,10:00,黑沙環及祐漢區,Areia Preta & Iao Hon,Macau Peninsula,6470,3441396.0,155940.0,66.58,1.577
2026,4,10,10:00,下環區,Barra/Manduco,Macau Peninsula,2867,3441396.0,155940.0,66.58,1.577
2026,4,10,10:00,荷蘭園區,Conselheiro Ferreira de Almeida,Macau Peninsula,1369,3441396.0,155940.0,66.58,1.577
2026,4,10,10:00,林茂塘區,Doca do Lamau,Macau Peninsula,659,3441396.0,155940.0,66.58,1.577
2026,4,10,10:00,沙梨頭及大三巴區,Patane & São Paulo,Macau Peninsula,3369,3441396.0,155940.0,66.58,1.577
2026,4,10,10:00,新口岸區,Zona de Aterros do Porto Exterior,Macau Peninsula,12974,3441396.0,155940.0,66.58,1.577
2026,4,10,10:00,高士德及雅廉訪區,Horta e Costa & Ouvidor Arriaga,Macau Peninsula,713,3441396.0,155940.0,66.58,1.577
2026,4,10,10:00,筷子基區,Fai Chi Kei,Macau Peninsula,642,3441396.0,155940.0,66.58,1.577
2026,4,10,10:00,氹仔舊城及馬場區,Cidade & Hipódromo da Taipa,Taipa & Cotai,4011,3441396.0,66570.0,28.42,0.507
2026,4,10,10:00,路環區,Coloane,Coloane,2149,3441396.0,11693.0,4.99,2.988
2026,4,10,10:00,北安及大潭山區,Pac On & Taipa Grande,Taipa & Cotai,4212,3441396.0,66570.0,28.42,0.507
2026,4,10,10:00,青洲區,Ilha Verde,Macau Peninsula,553,3441396.0,155940.0,66.58,1.577
2026,4,10,10:00,南西灣及主教山區,Praia Grande & Penha,Macau Peninsula,1157,3441396.0,155940.0,66.58,1.577
2026,4,10,10:00,海洋及小潭山區,Jardins do Oceano & Taipa Pequena,Taipa & Cotai,534,3441396.0,66570.0,28.42,0.507
2026,4,10,10:00,東望洋區(松山區),Ferreira do Amaral (Guia),Macau Peninsula,560,3441396.0,155940.0,66.58,1.577
2026,4,10,10:00,大學及北安灣區,Universidade & Baía de Pac On,Taipa & Cotai,462,3441396.0,66570.0,28.42,0.507
2026,4,11,11:00,新橋區,Barca,Macau Peninsula,1899,3441396.0,155940.0,66.58,1.577
2026,4,11,11:00,中區,Baixa de Macau,Macau Peninsula,7932,3441396.0,155940.0,66.58,1.577
2026,4,11,11:00,氹仔中心區,Baixa da Taipa,Taipa & Cotai,3987,3441396.0,66570.0,28.42,0.507
2026,4,11,11:00,台山區,Tamagnini Barbosa,Macau Peninsula,3360,3441396.0,155940.0,66.58,1.577
2026,4,11,11:00,黑沙環新填海區,Novos Aterros da Areia Preta,Macau Peninsula,2444,3441396.0,155940.0,66.58,1.577
2026,4,11,11:00,望廈及水塘區,Móng Há & Reservatório,Macau Peninsula,1680,3441396.0,155940.0,66.58,1.577
2026,4,11,11:00,外港及南灣湖新填海區,Novos Aterros do Porto Exterior & Aterros da Baía da Praia Grande,Macau Peninsula,10872,3441396.0,155940.0,66.58,1.577
2026,4,11,11:00,路氹填海區,COTAI Reclamation Area,Taipa & Cotai,56288,3441396.0,66570.0,28.42,0.507
2026,4,11,11:00,黑沙環及祐漢區,Areia Preta & Iao Hon,Macau Peninsula,9105,3441396.0,155940.0,66.58,1.577
2026,4,11,11:00,下環區,Barra/Manduco,Macau Peninsula,2957,3441396.0,155940.0,66.58,1.577
2026,4,11,11:00,荷蘭園區,Conselheiro Ferreira de Almeida,Macau Peninsula,1644,3441396.0,155940.0,66.58,1.577
2026,4,11,11:00,林茂塘區,Doca do Lamau,Macau Peninsula,719,3441396.0,155940.0,66.58,1.577
2026,4,11,11:00,沙梨頭及大三巴區,Patane & São Paulo,Macau Peninsula,4291,3441396.0,155940.0,66.58,1.577
2026,4,11,11:00,新口岸區,Zona de Aterros do Porto Exterior,Macau Peninsula,13097,3441396.0,155940.0,66.58,1.577
2026,4,11,11:00,高士德及雅廉訪區,Horta e Costa & Ouvidor Arriaga,Macau Peninsula,774,3441396.0,155940.0,66.58,1.577
2026,4,11,11:00,筷子基區,Fai Chi Kei,Macau Peninsula,673,3441396.0,155940.0,66.58,1.577
2026,4,11,11:00,氹仔舊城及馬場區,Cidade & Hipódromo da Taipa,Taipa & Cotai,4357,3441396.0,66570.0,28.42,0.507
2026,4,11,11:00,路環區,Coloane,Coloane,2529,3441396.0,11693.0,4.99,2.988
2026,4,11,11:00,北安及大潭山區,Pac On & Taipa Grande,Taipa & Cotai,6172,3441396.0,66570.0,28.42,0.507
2026,4,11,11:00,青洲區,Ilha Verde,Macau Peninsula,566,3441396.0,155940.0,66.58,1.577
2026,4,11,11:00,南西灣及主教山區,Praia Grande & Penha,Macau Peninsula,1146,3441396.0,155940.0,66.58,1.577
2026,4,11,11:00,海洋及小潭山區,Jardins do Oceano & Taipa Pequena,Taipa & Cotai,657,3441396.0,66570.0,28.42,0.507
2026,4,11,11:00,東望洋區(松山區),Ferreira do Amaral (Guia),Macau Peninsula,584,3441396.0,155940.0,66.58,1.577
2026,4,11,11:00,大學及北安灣區,Universidade & Baía de Pac On,Taipa & Cotai,542,3441396.0,66570.0,28.42,0.507
2026,4,12,12:00,新橋區,Barca,Macau Peninsula,2200,3441396.0,155940.0,66.58,1.577
2026,4,12,12:00,中區,Baixa de Macau,Macau Peninsula,10849,3441396.0,155940.0,66.58,1.577
2026,4,12,12:00,氹仔中心區,Baixa da Taipa,Taipa & Cotai,3952,3441396.0,66570.0,28.42,0.507
2026,4,12,12:00,台山區,Tamagnini Barbosa,Macau Peninsula,3626,3441396.0,155940.0,66.58,1.577
2026,4,12,12:00,黑沙環新填海區,Novos Aterros da Areia Preta,Macau Peninsula,2494,3441396.0,155940.0,66.58,1.577
2026,4,12,12:00,望廈及水塘區,Móng Há & Reservatório,Macau Peninsula,2048,3441396.0,155940.0,66.58,1.577
2026,4,12,12:00,外港及南灣湖新填海區,Novos Aterros do Porto Exterior & Aterros da Baía da Praia Grande,Macau Peninsula,12706,3441396.0,155940.0,66.58,1.577
2026,4,12,12:00,路氹填海區,COTAI Reclamation Area,Taipa & Cotai,60038,3441396.0,66570.0,28.42,0.507
2026,4,12,12:00,黑沙環及祐漢區,Areia Preta & Iao Hon,Macau Peninsula,8636,3441396.0,155940.0,66.58,1.577
2026,4,12,12:00,下環區,Barra/Manduco,Macau Peninsula,3231,3441396.0,155940.0,66.58,1.577
2026,4,12,12:00,荷蘭園區,Conselheiro Ferreira de Almeida,Macau Peninsula,1827,3441396.0,155940.0,66.58,1.577
2026,4,12,12:00,林茂塘區,Doca do Lamau,Macau Peninsula,824,3441396.0,155940.0,66.58,1.577
2026,4,12,12:00,沙梨頭及大三巴區,Patane & São Paulo,Macau Peninsula,5431,3441396.0,155940.0,66.58,1.577
2026,4,12,12:00,新口岸區,Zona de Aterros do Porto Exterior,Macau Peninsula,12995,3441396.0,155940.0,66.58,1.577
2026,4,12,12:00,高士德及雅廉訪區,Horta e Costa & Ouvidor Arriaga,Macau Peninsula,893,3441396.0,155940.0,66.58,1.577
2026,4,12,12:00,筷子基區,Fai Chi Kei,Macau Peninsula,803,3441396.0,155940.0,66.58,1.577
2026,4,12,12:00,氹仔舊城及馬場區,Cidade & Hipódromo da Taipa,Taipa & Cotai,5079,3441396.0,66570.0,28.42,0.507
2026,4,12,12:00,路環區,Coloane,Coloane,3003,3441396.0,11693.0,4.99,2.988
2026,4,12,12:00,北安及大潭山區,Pac On & Taipa Grande,Taipa & Cotai,7632,3441396.0,66570.0,28.42,0.507
2026,4,12,12:00,青洲區,Ilha Verde,Macau Peninsula,597,3441396.0,155940.0,66.58,1.577
2026,4,12,12:00,南西灣及主教山區,Praia Grande & Penha,Macau Peninsula,1171,3441396.0,155940.0,66.58,1.577
2026,4,12,12:00,海洋及小潭山區,Jardins do Oceano & Taipa Pequena,Taipa & Cotai,800,3441396.0,66570.0,28.42,0.507
2026,4,12,12:00,東望洋區(松山區),Ferreira do Amaral (Guia),Macau Peninsula,594,3441396.0,155940.0,66.58,1.577
2026,4,12,12:00,大學及北安灣區,Universidade & Baía de Pac On,Taipa & Cotai,605,3441396.0,66570.0,28.42,0.507
2026,4,13,13:00,新橋區,Barca,Macau Peninsula,2316,3441396.0,155940.0,66.58,1.577
2026,4,13,13:00,中區,Baixa de Macau,Macau Peninsula,13817,3441396.0,155940.0,66.58,1.577
2026,4,13,13:00,氹仔中心區,Baixa da Taipa,Taipa & Cotai,4181,3441396.0,66570.0,28.42,0.507
2026,4,13,13:00,台山區,Tamagnini Barbosa,Macau Peninsula,3472,3441396.0,155940.0,66.58,1.577
2026,4,13,13:00,黑沙環新填海區,Novos Aterros da Areia Preta,Macau Peninsula,2310,3441396.0,155940.0,66.58,1.577
2026,4,13,13:00,望廈及水塘區,Móng Há & Reservatório,Macau Peninsula,2165,3441396.0,155940.0,66.58,1.577
2026,4,13,13:00,外港及南灣湖新填海區,Novos Aterros do Porto Exterior & Aterros da Baía da Praia Grande,Macau Peninsula,15300,3441396.0,155940.0,66.58,1.577
2026,4,13,13:00,路氹填海區,COTAI Reclamation Area,Taipa & Cotai,62878,3441396.0,66570.0,28.42,0.507
2026,4,13,13:00,黑沙環及祐漢區,Areia Preta & Iao Hon,Macau Peninsula,7712,3441396.0,155940.0,66.58,1.577
2026,4,13,13:00,下環區,Barra/Manduco,Macau Peninsula,3437,3441396.0,155940.0,66.58,1.577
2026,4,13,13:00,荷蘭園區,Conselheiro Ferreira de Almeida,Macau Peninsula,1689,3441396.0,155940.0,66.58,1.577
2026,4,13,13:00,林茂塘區,Doca do Lamau,Macau Peninsula,967,3441396.0,155940.0,66.58,1.577
2026,4,13,13:00,沙梨頭及大三巴區,Patane & São Paulo,Macau Peninsula,5881,3441396.0,155940.0,66.58,1.577
2026,4,13,13:00,新口岸區,Zona de Aterros do Porto Exterior,Macau Peninsula,13550,3441396.0,155940.0,66.58,1.577
2026,4,13,13:00,高士德及雅廉訪區,Horta e Costa & Ouvidor Arriaga,Macau Peninsula,998,3441396.0,155940.0,66.58,1.577
2026,4,13,13:00,筷子基區,Fai Chi Kei,Macau Peninsula,1033,3441396.0,155940.0,66.58,1.577
2026,4,13,13:00,氹仔舊城及馬場區,Cidade & Hipódromo da Taipa,Taipa & Cotai,6698,3441396.0,66570.0,28.42,0.507
2026,4,13,13:00,路環區,Coloane,Coloane,3370,3441396.0,11693.0,4.99,2.988
2026,4,13,13:00,北安及大潭山區,Pac On & Taipa Grande,Taipa & Cotai,8120,3441396.0,66570.0,28.42,0.507
2026,4,13,13:00,青洲區,Ilha Verde,Macau Peninsula,675,3441396.0,155940.0,66.58,1.577
2026,4,13,13:00,南西灣及主教山區,Praia Grande & Penha,Macau Peninsula,1213,3441396.0,155940.0,66.58,1.577
2026,4,13,13:00,海洋及小潭山區,Jardins do Oceano & Taipa Pequena,Taipa & Cotai,887,3441396.0,66570.0,28.42,0.507
2026,4,13,13:00,東望洋區(松山區),Ferreira do Amaral (Guia),Macau Peninsula,502,3441396.0,155940.0,66.58,1.577
2026,4,13,13:00,大學及北安灣區,Universidade & Baía de Pac On,Taipa & Cotai,658,3441396.0,66570.0,28.42,0.507
2026,4,14,14:00,新橋區,Barca,Macau Peninsula,2422,3441396.0,155940.0,66.58,1.577
2026,4,14,14:00,中區,Baixa de Macau,Macau Peninsula,16384,3441396.0,155940.0,66.58,1.577
2026,4,14,14:00,氹仔中心區,Baixa da Taipa,Taipa & Cotai,4397,3441396.0,66570.0,28.42,0.507
2026,4,14,14:00,台山區,Tamagnini Barbosa,Macau Peninsula,3154,3441396.0,155940.0,66.58,1.577
2026,4,14,14:00,黑沙環新填海區,Novos Aterros da Areia Preta,Macau Peninsula,2044,3441396.0,155940.0,66.58,1.577
2026,4,14,14:00,望廈及水塘區,Móng Há & Reservatório,Macau Peninsula,1980,3441396.0,155940.0,66.58,1.577
2026,4,14,14:00,外港及南灣湖新填海區,Novos Aterros do Porto Exterior & Aterros da Baía da Praia Grande,Macau Peninsula,16874,3441396.0,155940.0,66.58,1.577
2026,4,14,14:00,路氹填海區,COTAI Reclamation Area,Taipa & Cotai,64841,3441396.0,66570.0,28.42,0.507
2026,4,14,14:00,黑沙環及祐漢區,Areia Preta & Iao Hon,Macau Peninsula,7109,3441396.0,155940.0,66.58,1.577
2026,4,14,14:00,下環區,Barra/Manduco,Macau Peninsula,3558,3441396.0,155940.0,66.58,1.577
2026,4,14,14:00,荷蘭園區,Conselheiro Ferreira de Almeida,Macau Peninsula,1814,3441396.0,155940.0,66.58,1.577
2026,4,14,14:00,林茂塘區,Doca do Lamau,Macau Peninsula,1039,3441396.0,155940.0,66.58,1.577
2026,4,14,14:00,沙梨頭及大三巴區,Patane & São Paulo,Macau Peninsula,6432,3441396.0,155940.0,66.58,1.577
2026,4,14,14:00,新口岸區,Zona de Aterros do Porto Exterior,Macau Peninsula,13778,3441396.0,155940.0,66.58,1.577
2026,4,14,14:00,高士德及雅廉訪區,Horta e Costa & Ouvidor Arriaga,Macau Peninsula,1059,3441396.0,155940.0,66.58,1.577
2026,4,14,14:00,筷子基區,Fai Chi Kei,Macau Peninsula,1081,3441396.0,155940.0,66.58,1.577
2026,4,14,14:00,氹仔舊城及馬場區,Cidade & Hipódromo da Taipa,Taipa & Cotai,8515,3441396.0,66570.0,28.42,0.507
2026,4,14,14:00,路環區,Coloane,Coloane,3372,3441396.0,11693.0,4.99,2.988
2026,4,14,14:00,北安及大潭山區,Pac On & Taipa Grande,Taipa & Cotai,7964,3441396.0,66570.0,28.42,0.507
2026,4,14,14:00,青洲區,Ilha Verde,Macau Peninsula,677,3441396.0,155940.0,66.58,1.577
2026,4,14,14:00,南西灣及主教山區,Praia Grande & Penha,Macau Peninsula,1130,3441396.0,155940.0,66.58,1.577
2026,4,14,14:00,海洋及小潭山區,Jardins do Oceano & Taipa Pequena,Taipa & Cotai,937,3441396.0,66570.0,28.42,0.507
2026,4,14,14:00,東望洋區(松山區),Ferreira do Amaral (Guia),Macau Peninsula,510,3441396.0,155940.0,66.58,1.577
2026,4,14,14:00,大學及北安灣區,Universidade & Baía de Pac On,Taipa & Cotai,633,3441396.0,66570.0,28.42,0.507
2026,4,15,15:00,新橋區,Barca,Macau Peninsula,2449,3441396.0,155940.0,66.58,1.577
2026,4,15,15:00,中區,Baixa de Macau,Macau Peninsula,17566,3441396.0,155940.0,66.58,1.577
2026,4,15,15:00,氹仔中心區,Baixa da Taipa,Taipa & Cotai,4394,3441396.0,66570.0,28.42,0.507
2026,4,15,15:00,台山區,Tamagnini Barbosa,Macau Peninsula,3059,3441396.0,155940.0,66.58,1.577
2026,4,15,15:00,黑沙環新填海區,Novos Aterros da Areia Preta,Macau Peninsula,1984,3441396.0,155940.0,66.58,1.577
2026,4,15,15:00,望廈及水塘區,Móng Há & Reservatório,Macau Peninsula,1869,3441396.0,155940.0,66.58,1.577
2026,4,15,15:00,外港及南灣湖新填海區,Novos Aterros do Porto Exterior & Aterros da Baía da Praia Grande,Macau Peninsula,18728,3441396.0,155940.0,66.58,1.577
2026,4,15,15:00,路氹填海區,COTAI Reclamation Area,Taipa & Cotai,68756,3441396.0,66570.0,28.42,0.507
2026,4,15,15:00,黑沙環及祐漢區,Areia Preta & Iao Hon,Macau Peninsula,6467,3441396.0,155940.0,66.58,1.577
2026,4,15,15:00,下環區,Barra/Manduco,Macau Peninsula,3587,3441396.0,155940.0,66.58,1.577
2026,4,15,15:00,荷蘭園區,Conselheiro Ferreira de Almeida,Macau Peninsula,1864,3441396.0,155940.0,66.58,1.577
2026,4,15,15:00,林茂塘區,Doca do Lamau,Macau Peninsula,878,3441396.0,155940.0,66.58,1.577
2026,4,15,15:00,沙梨頭及大三巴區,Patane & São Paulo,Macau Peninsula,6751,3441396.0,155940.0,66.58,1.577
2026,4,15,15:00,新口岸區,Zona de Aterros do Porto Exterior,Macau Peninsula,12132,3441396.0,155940.0,66.58,1.577
2026,4,15,15:00,高士德及雅廉訪區,Horta e Costa & Ouvidor Arriaga,Macau Peninsula,1011,3441396.0,155940.0,66.58,1.577
2026,4,15,15:00,筷子基區,Fai Chi Kei,Macau Peninsula,868,3441396.0,155940.0,66.58,1.577
2026,4,15,15:00,氹仔舊城及馬場區,Cidade & Hipódromo da Taipa,Taipa & Cotai,9331,3441396.0,66570.0,28.42,0.507
2026,4,15,15:00,路環區,Coloane,Coloane,3532,3441396.0,11693.0,4.99,2.988
2026,4,15,15:00,北安及大潭山區,Pac On & Taipa Grande,Taipa & Cotai,7257,3441396.0,66570.0,28.42,0.507
2026,4,15,15:00,青洲區,Ilha Verde,Macau Peninsula,593,3441396.0,155940.0,66.58,1.577
2026,4,15,15:00,南西灣及主教山區,Praia Grande & Penha,Macau Peninsula,1168,3441396.0,155940.0,66.58,1.577
2026,4,15,15:00,海洋及小潭山區,Jardins do Oceano & Taipa Pequena,Taipa & Cotai,980,3441396.0,66570.0,28.42,0.507
2026,4,15,15:00,東望洋區(松山區),Ferreira do Amaral (Guia),Macau Peninsula,538,3441396.0,155940.0,66.58,1.577
2026,4,15,15:00,大學及北安灣區,Universidade & Baía de Pac On,Taipa & Cotai,632,3441396.0,66570.0,28.42,0.507
2026,4,16,16:00,新橋區,Barca,Macau Peninsula,2387,3441396.0,155940.0,66.58,1.577
2026,4,16,16:00,中區,Baixa de Macau,Macau Peninsula,17459,3441396.0,155940.0,66.58,1.577
2026,4,16,16:00,氹仔中心區,Baixa da Taipa,Taipa & Cotai,4189,3441396.0,66570.0,28.42,0.507
2026,4,16,16:00,台山區,Tamagnini Barbosa,Macau Peninsula,2968,3441396.0,155940.0,66.58,1.577
2026,4,16,16:00,黑沙環新填海區,Novos Aterros da Areia Preta,Macau Peninsula,1867,3441396.0,155940.0,66.58,1.577
2026,4,16,16:00,望廈及水塘區,Móng Há & Reservatório,Macau Peninsula,1665,3441396.0,155940.0,66.58,1.577
2026,4,16,16:00,外港及南灣湖新填海區,Novos Aterros do Porto Exterior & Aterros da Baía da Praia Grande,Macau Peninsula,18742,3441396.0,155940.0,66.58,1.577
2026,4,16,16:00,路氹填海區,COTAI Reclamation Area,Taipa & Cotai,73306,3441396.0,66570.0,28.42,0.507
2026,4,16,16:00,黑沙環及祐漢區,Areia Preta & Iao Hon,Macau Peninsula,6072,3441396.0,155940.0,66.58,1.577
2026,4,16,16:00,下環區,Barra/Manduco,Macau Peninsula,3368,3441396.0,155940.0,66.58,1.577
2026,4,16,16:00,荷蘭園區,Conselheiro Ferreira de Almeida,Macau Peninsula,1827,3441396.0,155940.0,66.58,1.577
2026,4,16,16:00,林茂塘區,Doca do Lamau,Macau Peninsula,802,3441396.0,155940.0,66.58,1.577
2026,4,16,16:00,沙梨頭及大三巴區,Patane & São Paulo,Macau Peninsula,6551,3441396.0,155940.0,66.58,1.577
2026,4,16,16:00,新口岸區,Zona de Aterros do Porto Exterior,Macau Peninsula,11743,3441396.0,155940.0,66.58,1.577
2026,4,16,16:00,高士德及雅廉訪區,Horta e Costa & Ouvidor Arriaga,Macau Peninsula,925,3441396.0,155940.0,66.58,1.577
2026,4,16,16:00,筷子基區,Fai Chi Kei,Macau Peninsula,715,3441396.0,155940.0,66.58,1.577
2026,4,16,16:00,氹仔舊城及馬場區,Cidade & Hipódromo da Taipa,Taipa & Cotai,8970,3441396.0,66570.0,28.42,0.507
2026,4,16,16:00,路環區,Coloane,Coloane,3593,3441396.0,11693.0,4.99,2.988
2026,4,16,16:00,北安及大潭山區,Pac On & Taipa Grande,Taipa & Cotai,7505,3441396.0,66570.0,28.42,0.507
2026,4,16,16:00,青洲區,Ilha Verde,Macau Peninsula,545,3441396.0,155940.0,66.58,1.577
2026,4,16,16:00,南西灣及主教山區,Praia Grande & Penha,Macau Peninsula,1200,3441396.0,155940.0,66.58,1.577
2026,4,16,16:00,海洋及小潭山區,Jardins do Oceano & Taipa Pequena,Taipa & Cotai,991,3441396.0,66570.0,28.42,0.507
2026,4,16,16:00,東望洋區(松山區),Ferreira do Amaral (Guia),Macau Peninsula,534,3441396.0,155940.0,66.58,1.577
2026,4,16,16:00,大學及北安灣區,Universidade & Baía de Pac On,Taipa & Cotai,593,3441396.0,66570.0,28.42,0.507
2026,4,17,17:00,新橋區,Barca,Macau Peninsula,2234,3441396.0,155940.0,66.58,1.577
2026,4,17,17:00,中區,Baixa de Macau,Macau Peninsula,16219,3441396.0,155940.0,66.58,1.577
2026,4,17,17:00,氹仔中心區,Baixa da Taipa,Taipa & Cotai,4013,3441396.0,66570.0,28.42,0.507
2026,4,17,17:00,台山區,Tamagnini Barbosa,Macau Peninsula,2983,3441396.0,155940.0,66.58,1.577
2026,4,17,17:00,黑沙環新填海區,Novos Aterros da Areia Preta,Macau Peninsula,1840,3441396.0,155940.0,66.58,1.577
2026,4,17,17:00,望廈及水塘區,Móng Há & Reservatório,Macau Peninsula,1486,3441396.0,155940.0,66.58,1.577
2026,4,17,17:00,外港及南灣湖新填海區,Novos Aterros do Porto Exterior & Aterros da Baía da Praia Grande,Macau Peninsula,18350,3441396.0,155940.0,66.58,1.577
2026,4,17,17:00,路氹填海區,COTAI Reclamation Area,Taipa & Cotai,76190,3441396.0,66570.0,28.42,0.507
2026,4,17,17:00,黑沙環及祐漢區,Areia Preta & Iao Hon,Macau Peninsula,5723,3441396.0,155940.0,66.58,1.577
2026,4,17,17:00,下環區,Barra/Manduco,Macau Peninsula,3116,3441396.0,155940.0,66.58,1.577
2026,4,17,17:00,荷蘭園區,Conselheiro Ferreira de Almeida,Macau Peninsula,1644,3441396.0,155940.0,66.58,1.577
2026,4,17,17:00,林茂塘區,Doca do Lamau,Macau Peninsula,832,3441396.0,155940.0,66.58,1.577
2026,4,17,17:00,沙梨頭及大三巴區,Patane & São Paulo,Macau Peninsula,5863,3441396.0,155940.0,66.58,1.577
2026,4,17,17:00,新口岸區,Zona de Aterros do Porto Exterior,Macau Peninsula,11726,3441396.0,155940.0,66.58,1.577
2026,4,17,17:00,高士德及雅廉訪區,Horta e Costa & Ouvidor Arriaga,Macau Peninsula,882,3441396.0,155940.0,66.58,1.577
2026,4,17,17:00,筷子基區,Fai Chi Kei,Macau Peninsula,689,3441396.0,155940.0,66.58,1.577
2026,4,17,17:00,氹仔舊城及馬場區,Cidade & Hipódromo da Taipa,Taipa & Cotai,8155,3441396.0,66570.0,28.42,0.507
2026,4,17,17:00,路環區,Coloane,Coloane,3348,3441396.0,11693.0,4.99,2.988
2026,4,17,17:00,北安及大潭山區,Pac On & Taipa Grande,Taipa & Cotai,8047,3441396.0,66570.0,28.42,0.507
2026,4,17,17:00,青洲區,Ilha Verde,Macau Peninsula,530,3441396.0,155940.0,66.58,1.577
2026,4,17,17:00,南西灣及主教山區,Praia Grande & Penha,Macau Peninsula,1190,3441396.0,155940.0,66.58,1.577
2026,4,17,17:00,海洋及小潭山區,Jardins do Oceano & Taipa Pequena,Taipa & Cotai,920,3441396.0,66570.0,28.42,0.507
2026,4,17,17:00,東望洋區(松山區),Ferreira do Amaral (Guia),Macau Peninsula,516,3441396.0,155940.0,66.58,1.577
2026,4,17,17:00,大學及北安灣區,Universidade & Baía de Pac On,Taipa & Cotai,587,3441396.0,66570.0,28.42,0.507
2026,4,18,18:00,新橋區,Barca,Macau Peninsula,2014,3441396.0,155940.0,66.58,1.577
2026,4,18,18:00,中區,Baixa de Macau,Macau Peninsula,14354,3441396.0,155940.0,66.58,1.577
2026,4,18,18:00,氹仔中心區,Baixa da Taipa,Taipa & Cotai,3959,3441396.0,66570.0,28.42,0.507
2026,4,18,18:00,台山區,Tamagnini Barbosa,Macau Peninsula,3075,3441396.0,155940.0,66.58,1.577
2026,4,18,18:00,黑沙環新填海區,Novos Aterros da Areia Preta,Macau Peninsula,1941,3441396.0,155940.0,66.58,1.577
2026,4,18,18:00,望廈及水塘區,Móng Há & Reservatório,Macau Peninsula,1430,3441396.0,155940.0,66.58,1.577
2026,4,18,18:00,外港及南灣湖新填海區,Novos Aterros do Porto Exterior & Aterros da Baía da Praia Grande,Macau Peninsula,17306,3441396.0,155940.0,66.58,1.577
2026,4,18,18:00,路氹填海區,COTAI Reclamation Area,Taipa & Cotai,76172,3441396.0,66570.0,28.42,0.507
2026,4,18,18:00,黑沙環及祐漢區,Areia Preta & Iao Hon,Macau Peninsula,5531,3441396.0,155940.0,66.58,1.577
2026,4,18,18:00,下環區,Barra/Manduco,Macau Peninsula,2998,3441396.0,155940.0,66.58,1.577
2026,4,18,18:00,荷蘭園區,Conselheiro Ferreira de Almeida,Macau Peninsula,1457,3441396.0,155940.0,66.58,1.577
2026,4,18,18:00,林茂塘區,Doca do Lamau,Macau Peninsula,840,3441396.0,155940.0,66.58,1.577
2026,4,18,18:00,沙梨頭及大三巴區,Patane & São Paulo,Macau Peninsula,4923,3441396.0,155940.0,66.58,1.577
2026,4,18,18:00,新口岸區,Zona de Aterros do Porto Exterior,Macau Peninsula,11462,3441396.0,155940.0,66.58,1.577
2026,4,18,18:00,高士德及雅廉訪區,Horta e Costa & Ouvidor Arriaga,Macau Peninsula,861,3441396.0,155940.0,66.58,1.577
2026,4,18,18:00,筷子基區,Fai Chi Kei,Macau Peninsula,733,3441396.0,155940.0,66.58,1.577
2026,4,18,18:00,氹仔舊城及馬場區,Cidade & Hipódromo da Taipa,Taipa & Cotai,7424,3441396.0,66570.0,28.42,0.507
2026,4,18,18:00,路環區,Coloane,Coloane,2928,3441396.0,11693.0,4.99,2.988
2026,4,18,18:00,北安及大潭山區,Pac On & Taipa Grande,Taipa & Cotai,8084,3441396.0,66570.0,28.42,0.507
2026,4,18,18:00,青洲區,Ilha Verde,Macau Peninsula,570,3441396.0,155940.0,66.58,1.577
2026,4,18,18:00,南西灣及主教山區,Praia Grande & Penha,Macau Peninsula,1152,3441396.0,155940.0,66.58,1.577
2026,4,18,18:00,海洋及小潭山區,Jardins do Oceano & Taipa Pequena,Taipa & Cotai,887,3441396.0,66570.0,28.42,0.507
2026,4,18,18:00,東望洋區(松山區),Ferreira do Amaral (Guia),Macau Peninsula,437,3441396.0,155940.0,66.58,1.577
2026,4,18,18:00,大學及北安灣區,Universidade & Baía de Pac On,Taipa & Cotai,527,3441396.0,66570.0,28.42,0.507
2026,4,19,19:00,新橋區,Barca,Macau Peninsula,1818,3441396.0,155940.0,66.58,1.577
2026,4,19,19:00,中區,Baixa de Macau,Macau Peninsula,12400,3441396.0,155940.0,66.58,1.577
2026,4,19,19:00,氹仔中心區,Baixa da Taipa,Taipa & Cotai,4196,3441396.0,66570.0,28.42,0.507
2026,4,19,19:00,台山區,Tamagnini Barbosa,Macau Peninsula,3063,3441396.0,155940.0,66.58,1.577
2026,4,19,19:00,黑沙環新填海區,Novos Aterros da Areia Preta,Macau Peninsula,2028,3441396.0,155940.0,66.58,1.577
2026,4,19,19:00,望廈及水塘區,Móng Há & Reservatório,Macau Peninsula,1395,3441396.0,155940.0,66.58,1.577
2026,4,19,19:00,外港及南灣湖新填海區,Novos Aterros do Porto Exterior & Aterros da Baía da Praia Grande,Macau Peninsula,16000,3441396.0,155940.0,66.58,1.577
2026,4,19,19:00,路氹填海區,COTAI Reclamation Area,Taipa & Cotai,74507,3441396.0,66570.0,28.42,0.507
2026,4,19,19:00,黑沙環及祐漢區,Areia Preta & Iao Hon,Macau Peninsula,5601,3441396.0,155940.0,66.58,1.577
2026,4,19,19:00,下環區,Barra/Manduco,Macau Peninsula,3089,3441396.0,155940.0,66.58,1.577
2026,4,19,19:00,荷蘭園區,Conselheiro Ferreira de Almeida,Macau Peninsula,1319,3441396.0,155940.0,66.58,1.577
2026,4,19,19:00,林茂塘區,Doca do Lamau,Macau Peninsula,871,3441396.0,155940.0,66.58,1.577
2026,4,19,19:00,沙梨頭及大三巴區,Patane & São Paulo,Macau Peninsula,4116,3441396.0,155940.0,66.58,1.577
2026,4,19,19:00,新口岸區,Zona de Aterros do Porto Exterior,Macau Peninsula,11467,3441396.0,155940.0,66.58,1.577
2026,4,19,19:00,高士德及雅廉訪區,Horta e Costa & Ouvidor Arriaga,Macau Peninsula,836,3441396.0,155940.0,66.58,1.577
2026,4,19,19:00,筷子基區,Fai Chi Kei,Macau Peninsula,767,3441396.0,155940.0,66.58,1.577
2026,4,19,19:00,氹仔舊城及馬場區,Cidade & Hipódromo da Taipa,Taipa & Cotai,7564,3441396.0,66570.0,28.42,0.507
2026,4,19,19:00,路環區,Coloane,Coloane,2673,3441396.0,11693.0,4.99,2.988
2026,4,19,19:00,北安及大潭山區,Pac On & Taipa Grande,Taipa & Cotai,7756,3441396.0,66570.0,28.42,0.507
2026,4,19,19:00,青洲區,Ilha Verde,Macau Peninsula,603,3441396.0,155940.0,66.58,1.577
2026,4,19,19:00,南西灣及主教山區,Praia Grande & Penha,Macau Peninsula,1073,3441396.0,155940.0,66.58,1.577
2026,4,19,19:00,海洋及小潭山區,Jardins do Oceano & Taipa Pequena,Taipa & Cotai,854,3441396.0,66570.0,28.42,0.507
2026,4,19,19:00,東望洋區(松山區),Ferreira do Amaral (Guia),Macau Peninsula,393,3441396.0,155940.0,66.58,1.577
2026,4,19,19:00,大學及北安灣區,Universidade & Baía de Pac On,Taipa & Cotai,458,3441396.0,66570.0,28.42,0.507
2026,4,20,20:00,新橋區,Barca,Macau Peninsula,1680,3441396.0,155940.0,66.58,1.577
2026,4,20,20:00,中區,Baixa de Macau,Macau Peninsula,10713,3441396.0,155940.0,66.58,1.577
2026,4,20,20:00,氹仔中心區,Baixa da Taipa,Taipa & Cotai,4733,3441396.0,66570.0,28.42,0.507
2026,4,20,20:00,台山區,Tamagnini Barbosa,Macau Peninsula,2887,3441396.0,155940.0,66.58,1.577
2026,4,20,20:00,黑沙環新填海區,Novos Aterros da Areia Preta,Macau Peninsula,2094,3441396.0,155940.0,66.58,1.577
2026,4,20,20:00,望廈及水塘區,Móng Há & Reservatório,Macau Peninsula,1389,3441396.0,155940.0,66.58,1.577
2026,4,20,20:00,外港及南灣湖新填海區,Novos Aterros do Porto Exterior & Aterros da Baía da Praia Grande,Macau Peninsula,14801,3441396.0,155940.0,66.58,1.577
2026,4,20,20:00,路氹填海區,COTAI Reclamation Area,Taipa & Cotai,69850,3441396.0,66570.0,28.42,0.507
2026,4,20,20:00,黑沙環及祐漢區,Areia Preta & Iao Hon,Macau Peninsula,5206,3441396.0,155940.0,66.58,1.577
2026,4,20,20:00,下環區,Barra/Manduco,Macau Peninsula,3303,3441396.0,155940.0,66.58,1.577
2026,4,20,20:00,荷蘭園區,Conselheiro Ferreira de Almeida,Macau Peninsula,1190,3441396.0,155940.0,66.58,1.577
2026,4,20,20:00,林茂塘區,Doca do Lamau,Macau Peninsula,849,3441396.0,155940.0,66.58,1.577
2026,4,20,20:00,沙梨頭及大三巴區,Patane & São Paulo,Macau Peninsula,3415,3441396.0,155940.0,66.58,1.577
2026,4,20,20:00,新口岸區,Zona de Aterros do Porto Exterior,Macau Peninsula,11696,3441396.0,155940.0,66.58,1.577
2026,4,20,20:00,高士德及雅廉訪區,Horta e Costa & Ouvidor Arriaga,Macau Peninsula,826,3441396.0,155940.0,66.58,1.577
2026,4,20,20:00,筷子基區,Fai Chi Kei,Macau Peninsula,778,3441396.0,155940.0,66.58,1.577
2026,4,20,20:00,氹仔舊城及馬場區,Cidade & Hipódromo da Taipa,Taipa & Cotai,8247,3441396.0,66570.0,28.42,0.507
2026,4,20,20:00,路環區,Coloane,Coloane,2454,3441396.0,11693.0,4.99,2.988
2026,4,20,20:00,北安及大潭山區,Pac On & Taipa Grande,Taipa & Cotai,7726,3441396.0,66570.0,28.42,0.507
2026,4,20,20:00,青洲區,Ilha Verde,Macau Peninsula,549,3441396.0,155940.0,66.58,1.577
2026,4,20,20:00,南西灣及主教山區,Praia Grande & Penha,Macau Peninsula,1013,3441396.0,155940.0,66.58,1.577
2026,4,20,20:00,海洋及小潭山區,Jardins do Oceano & Taipa Pequena,Taipa & Cotai,846,3441396.0,66570.0,28.42,0.507
2026,4,20,20:00,東望洋區(松山區),Ferreira do Amaral (Guia),Macau Peninsula,369,3441396.0,155940.0,66.58,1.577
2026,4,20,20:00,大學及北安灣區,Universidade & Baía de Pac On,Taipa & Cotai,395,3441396.0,66570.0,28.42,0.507
2026,4,21,21:00,新橋區,Barca,Macau Peninsula,1627,3441396.0,155940.0,66.58,1.577
2026,4,21,21:00,中區,Baixa de Macau,Macau Peninsula,9467,3441396.0,155940.0,66.58,1.577
2026,4,21,21:00,氹仔中心區,Baixa da Taipa,Taipa & Cotai,4899,3441396.0,66570.0,28.42,0.507
2026,4,21,21:00,台山區,Tamagnini Barbosa,Macau Peninsula,2696,3441396.0,155940.0,66.58,1.577
2026,4,21,21:00,黑沙環新填海區,Novos Aterros da Areia Preta,Macau Peninsula,2056,3441396.0,155940.0,66.58,1.577
2026,4,21,21:00,望廈及水塘區,Móng Há & Reservatório,Macau Peninsula,1292,3441396.0,155940.0,66.58,1.577
2026,4,21,21:00,外港及南灣湖新填海區,Novos Aterros do Porto Exterior & Aterros da Baía da Praia Grande,Macau Peninsula,14215,3441396.0,155940.0,66.58,1.577
2026,4,21,21:00,路氹填海區,COTAI Reclamation Area,Taipa & Cotai,65768,3441396.0,66570.0,28.42,0.507
2026,4,21,21:00,黑沙環及祐漢區,Areia Preta & Iao Hon,Macau Peninsula,5108,3441396.0,155940.0,66.58,1.577
2026,4,21,21:00,下環區,Barra/Manduco,Macau Peninsula,3294,3441396.0,155940.0,66.58,1.577
2026,4,21,21:00,荷蘭園區,Conselheiro Ferreira de Almeida,Macau Peninsula,1075,3441396.0,155940.0,66.58,1.577
2026,4,21,21:00,林茂塘區,Doca do Lamau,Macau Peninsula,834,3441396.0,155940.0,66.58,1.577
2026,4,21,21:00,沙梨頭及大三巴區,Patane & São Paulo,Macau Peninsula,2937,3441396.0,155940.0,66.58,1.577
2026,4,21,21:00,新口岸區,Zona de Aterros do Porto Exterior,Macau Peninsula,11171,3441396.0,155940.0,66.58,1.577
2026,4,21,21:00,高士德及雅廉訪區,Horta e Costa & Ouvidor Arriaga,Macau Peninsula,803,3441396.0,155940.0,66.58,1.577
2026,4,21,21:00,筷子基區,Fai Chi Kei,Macau Peninsula,772,3441396.0,155940.0,66.58,1.577
2026,4,21,21:00,氹仔舊城及馬場區,Cidade & Hipódromo da Taipa,Taipa & Cotai,7654,3441396.0,66570.0,28.42,0.507
2026,4,21,21:00,路環區,Coloane,Coloane,2299,3441396.0,11693.0,4.99,2.988
2026,4,21,21:00,北安及大潭山區,Pac On & Taipa Grande,Taipa & Cotai,6726,3441396.0,66570.0,28.42,0.507
2026,4,21,21:00,青洲區,Ilha Verde,Macau Peninsula,542,3441396.0,155940.0,66.58,1.577
2026,4,21,21:00,南西灣及主教山區,Praia Grande & Penha,Macau Peninsula,867,3441396.0,155940.0,66.58,1.577
2026,4,21,21:00,海洋及小潭山區,Jardins do Oceano & Taipa Pequena,Taipa & Cotai,761,3441396.0,66570.0,28.42,0.507
2026,4,21,21:00,東望洋區(松山區),Ferreira do Amaral (Guia),Macau Peninsula,329,3441396.0,155940.0,66.58,1.577
2026,4,21,21:00,大學及北安灣區,Universidade & Baía de Pac On,Taipa & Cotai,376,3441396.0,66570.0,28.42,0.507
2026,4,22,22:00,新橋區,Barca,Macau Peninsula,1552,3441396.0,155940.0,66.58,1.577
2026,4,22,22:00,中區,Baixa de Macau,Macau Peninsula,8467,3441396.0,155940.0,66.58,1.577
2026,4,22,22:00,氹仔中心區,Baixa da Taipa,Taipa & Cotai,4536,3441396.0,66570.0,28.42,0.507
2026,4,22,22:00,台山區,Tamagnini Barbosa,Macau Peninsula,2402,3441396.0,155940.0,66.58,1.577
2026,4,22,22:00,黑沙環新填海區,Novos Aterros da Areia Preta,Macau Peninsula,1941,3441396.0,155940.0,66.58,1.577
2026,4,22,22:00,望廈及水塘區,Móng Há & Reservatório,Macau Peninsula,1174,3441396.0,155940.0,66.58,1.577
2026,4,22,22:00,外港及南灣湖新填海區,Novos Aterros do Porto Exterior & Aterros da Baía da Praia Grande,Macau Peninsula,13741,3441396.0,155940.0,66.58,1.577
2026,4,22,22:00,路氹填海區,COTAI Reclamation Area,Taipa & Cotai,63776,3441396.0,66570.0,28.42,0.507
2026,4,22,22:00,黑沙環及祐漢區,Areia Preta & Iao Hon,Macau Peninsula,4325,3441396.0,155940.0,66.58,1.577
2026,4,22,22:00,下環區,Barra/Manduco,Macau Peninsula,3022,3441396.0,155940.0,66.58,1.577
2026,4,22,22:00,荷蘭園區,Conselheiro Ferreira de Almeida,Macau Peninsula,999,3441396.0,155940.0,66.58,1.577
2026,4,22,22:00,林茂塘區,Doca do Lamau,Macau Peninsula,761,3441396.0,155940.0,66.58,1.577
2026,4,22,22:00,沙梨頭及大三巴區,Patane & São Paulo,Macau Peninsula,2680,3441396.0,155940.0,66.58,1.577
2026,4,22,22:00,新口岸區,Zona de Aterros do Porto Exterior,Macau Peninsula,10906,3441396.0,155940.0,66.58,1.577
2026,4,22,22:00,高士德及雅廉訪區,Horta e Costa & Ouvidor Arriaga,Macau Peninsula,755,3441396.0,155940.0,66.58,1.577
2026,4,22,22:00,筷子基區,Fai Chi Kei,Macau Peninsula,712,3441396.0,155940.0,66.58,1.577
2026,4,22,22:00,氹仔舊城及馬場區,Cidade & Hipódromo da Taipa,Taipa & Cotai,6026,3441396.0,66570.0,28.42,0.507
2026,4,22,22:00,路環區,Coloane,Coloane,2153,3441396.0,11693.0,4.99,2.988
2026,4,22,22:00,北安及大潭山區,Pac On & Taipa Grande,Taipa & Cotai,5536,3441396.0,66570.0,28.42,0.507
2026,4,22,22:00,青洲區,Ilha Verde,Macau Peninsula,518,3441396.0,155940.0,66.58,1.577
2026,4,22,22:00,南西灣及主教山區,Praia Grande & Penha,Macau Peninsula,861,3441396.0,155940.0,66.58,1.577
2026,4,22,22:00,海洋及小潭山區,Jardins do Oceano & Taipa Pequena,Taipa & Cotai,711,3441396.0,66570.0,28.42,0.507
2026,4,22,22:00,東望洋區(松山區),Ferreira do Amaral (Guia),Macau Peninsula,331,3441396.0,155940.0,66.58,1.577
2026,4,22,22:00,大學及北安灣區,Universidade & Baía de Pac On,Taipa & Cotai,343,3441396.0,66570.0,28.42,0.507
2026,4,23,23:00,新橋區,Barca,Macau Peninsula,1540,3441396.0,155940.0,66.58,1.577
2026,4,23,23:00,中區,Baixa de Macau,Macau Peninsula,7503,3441396.0,155940.0,66.58,1.577
2026,4,23,23:00,氹仔中心區,Baixa da Taipa,Taipa & Cotai,4376,3441396.0,66570.0,28.42,0.507
2026,4,23,23:00,台山區,Tamagnini Barbosa,Macau Peninsula,2056,3441396.0,155940.0,66.58,1.577
2026,4,23,23:00,黑沙環新填海區,Novos Aterros da Areia Preta,Macau Peninsula,1808,3441396.0,155940.0,66.58,1.577
2026,4,23,23:00,望廈及水塘區,Móng Há & Reservatório,Macau Peninsula,1075,3441396.0,155940.0,66.58,1.577
2026,4,23,23:00,外港及南灣湖新填海區,Novos Aterros do Porto Exterior & Aterros da Baía da Praia Grande,Macau Peninsula,13028,3441396.0,155940.0,66.58,1.577
2026,4,23,23:00,路氹填海區,COTAI Reclamation Area,Taipa & Cotai,60729,3441396.0,66570.0,28.42,0.507
2026,4,23,23:00,黑沙環及祐漢區,Areia Preta & Iao Hon,Macau Peninsula,3381,3441396.0,155940.0,66.58,1.577
2026,4,23,23:00,下環區,Barra/Manduco,Macau Peninsula,2827,3441396.0,155940.0,66.58,1.577
2026,4,23,23:00,荷蘭園區,Conselheiro Ferreira de Almeida,Macau Peninsula,959,3441396.0,155940.0,66.58,1.577
2026,4,23,23:00,林茂塘區,Doca do Lamau,Macau Peninsula,726,3441396.0,155940.0,66.58,1.577
2026,4,23,23:00,沙梨頭及大三巴區,Patane & São Paulo,Macau Peninsula,2632,3441396.0,155940.0,66.58,1.577
2026,4,23,23:00,新口岸區,Zona de Aterros do Porto Exterior,Macau Peninsula,10862,3441396.0,155940.0,66.58,1.577
2026,4,23,23:00,高士德及雅廉訪區,Horta e Costa & Ouvidor Arriaga,Macau Peninsula,707,3441396.0,155940.0,66.58,1.577
2026,4,23,23:00,筷子基區,Fai Chi Kei,Macau Peninsula,634,3441396.0,155940.0,66.58,1.577
2026,4,23,23:00,氹仔舊城及馬場區,Cidade & Hipódromo da Taipa,Taipa & Cotai,4813,3441396.0,66570.0,28.42,0.507
2026,4,23,23:00,路環區,Coloane,Coloane,2042,3441396.0,11693.0,4.99,2.988
2026,4,23,23:00,北安及大潭山區,Pac On & Taipa Grande,Taipa & Cotai,4217,3441396.0,66570.0,28.42,0.507
2026,4,23,23:00,青洲區,Ilha Verde,Macau Peninsula,493,3441396.0,155940.0,66.58,1.577
2026,4,23,23:00,南西灣及主教山區,Praia Grande & Penha,Macau Peninsula,954,3441396.0,155940.0,66.58,1.577
2026,4,23,23:00,海洋及小潭山區,Jardins do Oceano & Taipa Pequena,Taipa & Cotai,674,3441396.0,66570.0,28.42,0.507
2026,4,23,23:00,東望洋區(松山區),Ferreira do Amaral (Guia),Macau Peninsula,347,3441396.0,155940.0,66.58,1.577
2026,4,23,23:00,大學及北安灣區,Universidade & Baía de Pac On,Taipa & Cotai,294,3441396.0,66570.0,28.42,0.507
2026,3,0,00:00,新橋區,Barca,Macau Peninsula,1404,3393636.0,155940.0,66.58,1.577
2026,3,0,00:00,中區,Baixa de Macau,Macau Peninsula,6988,3393636.0,155940.0,66.58,1.577
2026,3,0,00:00,氹仔中心區,Baixa da Taipa,Taipa & Cotai,4414,3393636.0,66570.0,28.42,0.507
2026,3,0,00:00,台山區,Tamagnini Barbosa,Macau Peninsula,1902,3393636.0,155940.0,66.58,1.577
2026,3,0,00:00,黑沙環新填海區,Novos Aterros da Areia Preta,Macau Peninsula,1752,3393636.0,155940.0,66.58,1.577
2026,3,0,00:00,望廈及水塘區,Móng Há & Reservatório,Macau Peninsula,1044,3393636.0,155940.0,66.58,1.577
2026,3,0,00:00,外港及南灣湖新填海區,Novos Aterros do Porto Exterior & Aterros da Baía da Praia Grande,Macau Peninsula,12933,3393636.0,155940.0,66.58,1.577
2026,3,0,00:00,路氹填海區,COTAI Reclamation Area,Taipa & Cotai,58466,3393636.0,66570.0,28.42,0.507
2026,3,0,00:00,黑沙環及祐漢區,Areia Preta & Iao Hon,Macau Peninsula,2693,3393636.0,155940.0,66.58,1.577
2026,3,0,00:00,下環區,Barra/Manduco,Macau Peninsula,2545,3393636.0,155940.0,66.58,1.577
2026,3,0,00:00,荷蘭園區,Conselheiro Ferreira de Almeida,Macau Peninsula,808,3393636.0,155940.0,66.58,1.577
2026,3,0,00:00,林茂塘區,Doca do Lamau,Macau Peninsula,669,3393636.0,155940.0,66.58,1.577
2026,3,0,00:00,沙梨頭及大三巴區,Patane & São Paulo,Macau Peninsula,2569,3393636.0,155940.0,66.58,1.577
2026,3,0,00:00,新口岸區,Zona de Aterros do Porto Exterior,Macau Peninsula,11605,3393636.0,155940.0,66.58,1.577
2026,3,0,00:00,高士德及雅廉訪區,Horta e Costa & Ouvidor Arriaga,Macau Peninsula,690,3393636.0,155940.0,66.58,1.577
2026,3,0,00:00,筷子基區,Fai Chi Kei,Macau Peninsula,610,3393636.0,155940.0,66.58,1.577
2026,3,0,00:00,氹仔舊城及馬場區,Cidade & Hipódromo da Taipa,Taipa & Cotai,3850,3393636.0,66570.0,28.42,0.507
2026,3,0,00:00,路環區,Coloane,Coloane,1937,3393636.0,11693.0,4.99,2.988
2026,3,0,00:00,北安及大潭山區,Pac On & Taipa Grande,Taipa & Cotai,3398,3393636.0,66570.0,28.42,0.507
2026,3,0,00:00,青洲區,Ilha Verde,Macau Peninsula,466,3393636.0,155940.0,66.58,1.577
2026,3,0,00:00,南西灣及主教山區,Praia Grande & Penha,Macau Peninsula,987,3393636.0,155940.0,66.58,1.577
2026,3,0,00:00,海洋及小潭山區,Jardins do Oceano & Taipa Pequena,Taipa & Cotai,550,3393636.0,66570.0,28.42,0.507
2026,3,0,00:00,東望洋區(松山區),Ferreira do Amaral (Guia),Macau Peninsula,353,3393636.0,155940.0,66.58,1.577
2026,3,0,00:00,大學及北安灣區,Universidade & Baía de Pac On,Taipa & Cotai,423,3393636.0,66570.0,28.42,0.507
2026,3,1,01:00,新橋區,Barca,Macau Peninsula,1220,3393636.0,155940.0,66.58,1.577
2026,3,1,01:00,中區,Baixa de Macau,Macau Peninsula,6319,3393636.0,155940.0,66.58,1.577
2026,3,1,01:00,氹仔中心區,Baixa da Taipa,Taipa & Cotai,4152,3393636.0,66570.0,28.42,0.507
2026,3,1,01:00,台山區,Tamagnini Barbosa,Macau Peninsula,1630,3393636.0,155940.0,66.58,1.577
2026,3,1,01:00,黑沙環新填海區,Novos Aterros da Areia Preta,Macau Peninsula,1453,3393636.0,155940.0,66.58,1.577
2026,3,1,01:00,望廈及水塘區,Móng Há & Reservatório,Macau Peninsula,839,3393636.0,155940.0,66.58,1.577
2026,3,1,01:00,外港及南灣湖新填海區,Novos Aterros do Porto Exterior & Aterros da Baía da Praia Grande,Macau Peninsula,11831,3393636.0,155940.0,66.58,1.577
2026,3,1,01:00,路氹填海區,COTAI Reclamation Area,Taipa & Cotai,55150,3393636.0,66570.0,28.42,0.507
2026,3,1,01:00,黑沙環及祐漢區,Areia Preta & Iao Hon,Macau Peninsula,2003,3393636.0,155940.0,66.58,1.577
2026,3,1,01:00,下環區,Barra/Manduco,Macau Peninsula,2423,3393636.0,155940.0,66.58,1.577
2026,3,1,01:00,荷蘭園區,Conselheiro Ferreira de Almeida,Macau Peninsula,717,3393636.0,155940.0,66.58,1.577
2026,3,1,01:00,林茂塘區,Doca do Lamau,Macau Peninsula,534,3393636.0,155940.0,66.58,1.577
2026,3,1,01:00,沙梨頭及大三巴區,Patane & São Paulo,Macau Peninsula,2483,3393636.0,155940.0,66.58,1.577
2026,3,1,01:00,新口岸區,Zona de Aterros do Porto Exterior,Macau Peninsula,11668,3393636.0,155940.0,66.58,1.577
2026,3,1,01:00,高士德及雅廉訪區,Horta e Costa & Ouvidor Arriaga,Macau Peninsula,611,3393636.0,155940.0,66.58,1.577
2026,3,1,01:00,筷子基區,Fai Chi Kei,Macau Peninsula,496,3393636.0,155940.0,66.58,1.577
2026,3,1,01:00,氹仔舊城及馬場區,Cidade & Hipódromo da Taipa,Taipa & Cotai,3515,3393636.0,66570.0,28.42,0.507
2026,3,1,01:00,路環區,Coloane,Coloane,1769,3393636.0,11693.0,4.99,2.988
2026,3,1,01:00,北安及大潭山區,Pac On & Taipa Grande,Taipa & Cotai,2940,3393636.0,66570.0,28.42,0.507
2026,3,1,01:00,青洲區,Ilha Verde,Macau Peninsula,375,3393636.0,155940.0,66.58,1.577
2026,3,1,01:00,南西灣及主教山區,Praia Grande & Penha,Macau Peninsula,980,3393636.0,155940.0,66.58,1.577
2026,3,1,01:00,海洋及小潭山區,Jardins do Oceano & Taipa Pequena,Taipa & Cotai,430,3393636.0,66570.0,28.42,0.507
2026,3,1,01:00,東望洋區(松山區),Ferreira do Amaral (Guia),Macau Peninsula,330,3393636.0,155940.0,66.58,1.577
2026,3,1,01:00,大學及北安灣區,Universidade & Baía de Pac On,Taipa & Cotai,375,3393636.0,66570.0,28.42,0.507
2026,3,2,02:00,新橋區,Barca,Macau Peninsula,1247,3393636.0,155940.0,66.58,1.577
2026,3,2,02:00,中區,Baixa de Macau,Macau Peninsula,6142,3393636.0,155940.0,66.58,1.577
2026,3,2,02:00,氹仔中心區,Baixa da Taipa,Taipa & Cotai,4212,3393636.0,66570.0,28.42,0.507
2026,3,2,02:00,台山區,Tamagnini Barbosa,Macau Peninsula,1558,3393636.0,155940.0,66.58,1.577
2026,3,2,02:00,黑沙環新填海區,Novos Aterros da Areia Preta,Macau Peninsula,1445,3393636.0,155940.0,66.58,1.577
2026,3,2,02:00,望廈及水塘區,Móng Há & Reservatório,Macau Peninsula,798,3393636.0,155940.0,66.58,1.577
2026,3,2,02:00,外港及南灣湖新填海區,Novos Aterros do Porto Exterior & Aterros da Baía da Praia Grande,Macau Peninsula,11282,3393636.0,155940.0,66.58,1.577
2026,3,2,02:00,路氹填海區,COTAI Reclamation Area,Taipa & Cotai,54810,3393636.0,66570.0,28.42,0.507
2026,3,2,02:00,黑沙環及祐漢區,Areia Preta & Iao Hon,Macau Peninsula,1893,3393636.0,155940.0,66.58,1.577
2026,3,2,02:00,下環區,Barra/Manduco,Macau Peninsula,2441,3393636.0,155940.0,66.58,1.577
2026,3,2,02:00,荷蘭園區,Conselheiro Ferreira de Almeida,Macau Peninsula,666,3393636.0,155940.0,66.58,1.577
2026,3,2,02:00,林茂塘區,Doca do Lamau,Macau Peninsula,526,3393636.0,155940.0,66.58,1.577
2026,3,2,02:00,沙梨頭及大三巴區,Patane & São Paulo,Macau Peninsula,2541,3393636.0,155940.0,66.58,1.577
2026,3,2,02:00,新口岸區,Zona de Aterros do Porto Exterior,Macau Peninsula,12142,3393636.0,155940.0,66.58,1.577
2026,3,2,02:00,高士德及雅廉訪區,Horta e Costa & Ouvidor Arriaga,Macau Peninsula,640,3393636.0,155940.0,66.58,1.577
2026,3,2,02:00,筷子基區,Fai Chi Kei,Macau Peninsula,486,3393636.0,155940.0,66.58,1.577
2026,3,2,02:00,氹仔舊城及馬場區,Cidade & Hipódromo da Taipa,Taipa & Cotai,3437,3393636.0,66570.0,28.42,0.507
2026,3,2,02:00,路環區,Coloane,Coloane,1744,3393636.0,11693.0,4.99,2.988
2026,3,2,02:00,北安及大潭山區,Pac On & Taipa Grande,Taipa & Cotai,2803,3393636.0,66570.0,28.42,0.507
2026,3,2,02:00,青洲區,Ilha Verde,Macau Peninsula,383,3393636.0,155940.0,66.58,1.577
2026,3,2,02:00,南西灣及主教山區,Praia Grande & Penha,Macau Peninsula,1040,3393636.0,155940.0,66.58,1.577
2026,3,2,02:00,海洋及小潭山區,Jardins do Oceano & Taipa Pequena,Taipa & Cotai,390,3393636.0,66570.0,28.42,0.507
2026,3,2,02:00,東望洋區(松山區),Ferreira do Amaral (Guia),Macau Peninsula,361,3393636.0,155940.0,66.58,1.577
2026,3,2,02:00,大學及北安灣區,Universidade & Baía de Pac On,Taipa & Cotai,371,3393636.0,66570.0,28.42,0.507
2026,3,3,03:00,新橋區,Barca,Macau Peninsula,1244,3393636.0,155940.0,66.58,1.577
2026,3,3,03:00,中區,Baixa de Macau,Macau Peninsula,5891,3393636.0,155940.0,66.58,1.577
2026,3,3,03:00,氹仔中心區,Baixa da Taipa,Taipa & Cotai,4213,3393636.0,66570.0,28.42,0.507
2026,3,3,03:00,台山區,Tamagnini Barbosa,Macau Peninsula,1521,3393636.0,155940.0,66.58,1.577
2026,3,3,03:00,黑沙環新填海區,Novos Aterros da Areia Preta,Macau Peninsula,1443,3393636.0,155940.0,66.58,1.577
2026,3,3,03:00,望廈及水塘區,Móng Há & Reservatório,Macau Peninsula,765,3393636.0,155940.0,66.58,1.577
2026,3,3,03:00,外港及南灣湖新填海區,Novos Aterros do Porto Exterior & Aterros da Baía da Praia Grande,Macau Peninsula,10748,3393636.0,155940.0,66.58,1.577
2026,3,3,03:00,路氹填海區,COTAI Reclamation Area,Taipa & Cotai,54654,3393636.0,66570.0,28.42,0.507
2026,3,3,03:00,黑沙環及祐漢區,Areia Preta & Iao Hon,Macau Peninsula,1958,3393636.0,155940.0,66.58,1.577
2026,3,3,03:00,下環區,Barra/Manduco,Macau Peninsula,2459,3393636.0,155940.0,66.58,1.577
2026,3,3,03:00,荷蘭園區,Conselheiro Ferreira de Almeida,Macau Peninsula,674,3393636.0,155940.0,66.58,1.577
2026,3,3,03:00,林茂塘區,Doca do Lamau,Macau Peninsula,519,3393636.0,155940.0,66.58,1.577
2026,3,3,03:00,沙梨頭及大三巴區,Patane & São Paulo,Macau Peninsula,2563,3393636.0,155940.0,66.58,1.577
2026,3,3,03:00,新口岸區,Zona de Aterros do Porto Exterior,Macau Peninsula,12614,3393636.0,155940.0,66.58,1.577
2026,3,3,03:00,高士德及雅廉訪區,Horta e Costa & Ouvidor Arriaga,Macau Peninsula,655,3393636.0,155940.0,66.58,1.577
2026,3,3,03:00,筷子基區,Fai Chi Kei,Macau Peninsula,477,3393636.0,155940.0,66.58,1.577
2026,3,3,03:00,氹仔舊城及馬場區,Cidade & Hipódromo da Taipa,Taipa & Cotai,3376,3393636.0,66570.0,28.42,0.507
2026,3,3,03:00,路環區,Coloane,Coloane,1793,3393636.0,11693.0,4.99,2.988
2026,3,3,03:00,北安及大潭山區,Pac On & Taipa Grande,Taipa & Cotai,2860,3393636.0,66570.0,28.42,0.507
2026,3,3,03:00,青洲區,Ilha Verde,Macau Peninsula,378,3393636.0,155940.0,66.58,1.577
2026,3,3,03:00,南西灣及主教山區,Praia Grande & Penha,Macau Peninsula,1093,3393636.0,155940.0,66.58,1.577
2026,3,3,03:00,海洋及小潭山區,Jardins do Oceano & Taipa Pequena,Taipa & Cotai,366,3393636.0,66570.0,28.42,0.507
2026,3,3,03:00,東望洋區(松山區),Ferreira do Amaral (Guia),Macau Peninsula,369,3393636.0,155940.0,66.58,1.577
2026,3,3,03:00,大學及北安灣區,Universidade & Baía de Pac On,Taipa & Cotai,376,3393636.0,66570.0,28.42,0.507
2026,3,4,04:00,新橋區,Barca,Macau Peninsula,1247,3393636.0,155940.0,66.58,1.577
2026,3,4,04:00,中區,Baixa de Macau,Macau Peninsula,5660,3393636.0,155940.0,66.58,1.577
2026,3,4,04:00,氹仔中心區,Baixa da Taipa,Taipa & Cotai,4192,3393636.0,66570.0,28.42,0.507
2026,3,4,04:00,台山區,Tamagnini Barbosa,Macau Peninsula,1446,3393636.0,155940.0,66.58,1.577
2026,3,4,04:00,黑沙環新填海區,Novos Aterros da Areia Preta,Macau Peninsula,1417,3393636.0,155940.0,66.58,1.577
2026,3,4,04:00,望廈及水塘區,Móng Há & Reservatório,Macau Peninsula,718,3393636.0,155940.0,66.58,1.577
2026,3,4,04:00,外港及南灣湖新填海區,Novos Aterros do Porto Exterior & Aterros da Baía da Praia Grande,Macau Peninsula,10207,3393636.0,155940.0,66.58,1.577
2026,3,4,04:00,路氹填海區,COTAI Reclamation Area,Taipa & Cotai,54257,3393636.0,66570.0,28.42,0.507
2026,3,4,04:00,黑沙環及祐漢區,Areia Preta & Iao Hon,Macau Peninsula,2063,3393636.0,155940.0,66.58,1.577
2026,3,4,04:00,下環區,Barra/Manduco,Macau Peninsula,2451,3393636.0,155940.0,66.58,1.577
2026,3,4,04:00,荷蘭園區,Conselheiro Ferreira de Almeida,Macau Peninsula,680,3393636.0,155940.0,66.58,1.577
2026,3,4,04:00,林茂塘區,Doca do Lamau,Macau Peninsula,513,3393636.0,155940.0,66.58,1.577
2026,3,4,04:00,沙梨頭及大三巴區,Patane & São Paulo,Macau Peninsula,2567,3393636.0,155940.0,66.58,1.577
2026,3,4,04:00,新口岸區,Zona de Aterros do Porto Exterior,Macau Peninsula,12854,3393636.0,155940.0,66.58,1.577
2026,3,4,04:00,高士德及雅廉訪區,Horta e Costa & Ouvidor Arriaga,Macau Peninsula,658,3393636.0,155940.0,66.58,1.577
2026,3,4,04:00,筷子基區,Fai Chi Kei,Macau Peninsula,467,3393636.0,155940.0,66.58,1.577
2026,3,4,04:00,氹仔舊城及馬場區,Cidade & Hipódromo da Taipa,Taipa & Cotai,3318,3393636.0,66570.0,28.42,0.507
2026,3,4,04:00,路環區,Coloane,Coloane,1761,3393636.0,11693.0,4.99,2.988
2026,3,4,04:00,北安及大潭山區,Pac On & Taipa Grande,Taipa & Cotai,2845,3393636.0,66570.0,28.42,0.507
2026,3,4,04:00,青洲區,Ilha Verde,Macau Peninsula,374,3393636.0,155940.0,66.58,1.577
2026,3,4,04:00,南西灣及主教山區,Praia Grande & Penha,Macau Peninsula,1123,3393636.0,155940.0,66.58,1.577
2026,3,4,04:00,海洋及小潭山區,Jardins do Oceano & Taipa Pequena,Taipa & Cotai,357,3393636.0,66570.0,28.42,0.507
2026,3,4,04:00,東望洋區(松山區),Ferreira do Amaral (Guia),Macau Peninsula,373,3393636.0,155940.0,66.58,1.577
2026,3,4,04:00,大學及北安灣區,Universidade & Baía de Pac On,Taipa & Cotai,380,3393636.0,66570.0,28.42,0.507
2026,3,5,05:00,新橋區,Barca,Macau Peninsula,1266,3393636.0,155940.0,66.58,1.577
2026,3,5,05:00,中區,Baixa de Macau,Macau Peninsula,5480,3393636.0,155940.0,66.58,1.577
2026,3,5,05:00,氹仔中心區,Baixa da Taipa,Taipa & Cotai,4218,3393636.0,66570.0,28.42,0.507
2026,3,5,05:00,台山區,Tamagnini Barbosa,Macau Peninsula,1408,3393636.0,155940.0,66.58,1.577
2026,3,5,05:00,黑沙環新填海區,Novos Aterros da Areia Preta,Macau Peninsula,1405,3393636.0,155940.0,66.58,1.577
2026,3,5,05:00,望廈及水塘區,Móng Há & Reservatório,Macau Peninsula,717,3393636.0,155940.0,66.58,1.577
2026,3,5,05:00,外港及南灣湖新填海區,Novos Aterros do Porto Exterior & Aterros da Baía da Praia Grande,Macau Peninsula,9774,3393636.0,155940.0,66.58,1.577
2026,3,5,05:00,路氹填海區,COTAI Reclamation Area,Taipa & Cotai,53831,3393636.0,66570.0,28.42,0.507
2026,3,5,05:00,黑沙環及祐漢區,Areia Preta & Iao Hon,Macau Peninsula,2140,3393636.0,155940.0,66.58,1.577
2026,3,5,05:00,下環區,Barra/Manduco,Macau Peninsula,2468,3393636.0,155940.0,66.58,1.577
2026,3,5,05:00,荷蘭園區,Conselheiro Ferreira de Almeida,Macau Peninsula,693,3393636.0,155940.0,66.58,1.577
2026,3,5,05:00,林茂塘區,Doca do Lamau,Macau Peninsula,518,3393636.0,155940.0,66.58,1.577
2026,3,5,05:00,沙梨頭及大三巴區,Patane & São Paulo,Macau Peninsula,2589,3393636.0,155940.0,66.58,1.577
2026,3,5,05:00,新口岸區,Zona de Aterros do Porto Exterior,Macau Peninsula,13020,3393636.0,155940.0,66.58,1.577
2026,3,5,05:00,高士德及雅廉訪區,Horta e Costa & Ouvidor Arriaga,Macau Peninsula,670,3393636.0,155940.0,66.58,1.577
2026,3,5,05:00,筷子基區,Fai Chi Kei,Macau Peninsula,465,3393636.0,155940.0,66.58,1.577
2026,3,5,05:00,氹仔舊城及馬場區,Cidade & Hipódromo da Taipa,Taipa & Cotai,3285,3393636.0,66570.0,28.42,0.507
2026,3,5,05:00,路環區,Coloane,Coloane,1752,3393636.0,11693.0,4.99,2.988
2026,3,5,05:00,北安及大潭山區,Pac On & Taipa Grande,Taipa & Cotai,2710,3393636.0,66570.0,28.42,0.507
2026,3,5,05:00,青洲區,Ilha Verde,Macau Peninsula,381,3393636.0,155940.0,66.58,1.577
2026,3,5,05:00,南西灣及主教山區,Praia Grande & Penha,Macau Peninsula,1132,3393636.0,155940.0,66.58,1.577
2026,3,5,05:00,海洋及小潭山區,Jardins do Oceano & Taipa Pequena,Taipa & Cotai,342,3393636.0,66570.0,28.42,0.507
2026,3,5,05:00,東望洋區(松山區),Ferreira do Amaral (Guia),Macau Peninsula,376,3393636.0,155940.0,66.58,1.577
2026,3,5,05:00,大學及北安灣區,Universidade & Baía de Pac On,Taipa & Cotai,385,3393636.0,66570.0,28.42,0.507
2026,3,6,06:00,新橋區,Barca,Macau Peninsula,1285,3393636.0,155940.0,66.58,1.577
2026,3,6,06:00,中區,Baixa de Macau,Macau Peninsula,5372,3393636.0,155940.0,66.58,1.577
2026,3,6,06:00,氹仔中心區,Baixa da Taipa,Taipa & Cotai,4280,3393636.0,66570.0,28.42,0.507
2026,3,6,06:00,台山區,Tamagnini Barbosa,Macau Peninsula,1420,3393636.0,155940.0,66.58,1.577
2026,3,6,06:00,黑沙環新填海區,Novos Aterros da Areia Preta,Macau Peninsula,1401,3393636.0,155940.0,66.58,1.577
2026,3,6,06:00,望廈及水塘區,Móng Há & Reservatório,Macau Peninsula,726,3393636.0,155940.0,66.58,1.577
2026,3,6,06:00,外港及南灣湖新填海區,Novos Aterros do Porto Exterior & Aterros da Baía da Praia Grande,Macau Peninsula,9488,3393636.0,155940.0,66.58,1.577
2026,3,6,06:00,路氹填海區,COTAI Reclamation Area,Taipa & Cotai,53433,3393636.0,66570.0,28.42,0.507
2026,3,6,06:00,黑沙環及祐漢區,Areia Preta & Iao Hon,Macau Peninsula,2186,3393636.0,155940.0,66.58,1.577
2026,3,6,06:00,下環區,Barra/Manduco,Macau Peninsula,2479,3393636.0,155940.0,66.58,1.577
2026,3,6,06:00,荷蘭園區,Conselheiro Ferreira de Almeida,Macau Peninsula,700,3393636.0,155940.0,66.58,1.577
2026,3,6,06:00,林茂塘區,Doca do Lamau,Macau Peninsula,527,3393636.0,155940.0,66.58,1.577
2026,3,6,06:00,沙梨頭及大三巴區,Patane & São Paulo,Macau Peninsula,2602,3393636.0,155940.0,66.58,1.577
2026,3,6,06:00,新口岸區,Zona de Aterros do Porto Exterior,Macau Peninsula,13055,3393636.0,155940.0,66.58,1.577
2026,3,6,06:00,高士德及雅廉訪區,Horta e Costa & Ouvidor Arriaga,Macau Peninsula,673,3393636.0,155940.0,66.58,1.577
2026,3,6,06:00,筷子基區,Fai Chi Kei,Macau Peninsula,472,3393636.0,155940.0,66.58,1.577
2026,3,6,06:00,氹仔舊城及馬場區,Cidade & Hipódromo da Taipa,Taipa & Cotai,3244,3393636.0,66570.0,28.42,0.507
2026,3,6,06:00,路環區,Coloane,Coloane,1789,3393636.0,11693.0,4.99,2.988
2026,3,6,06:00,北安及大潭山區,Pac On & Taipa Grande,Taipa & Cotai,2689,3393636.0,66570.0,28.42,0.507
2026,3,6,06:00,青洲區,Ilha Verde,Macau Peninsula,385,3393636.0,155940.0,66.58,1.577
2026,3,6,06:00,南西灣及主教山區,Praia Grande & Penha,Macau Peninsula,1154,3393636.0,155940.0,66.58,1.577
2026,3,6,06:00,海洋及小潭山區,Jardins do Oceano & Taipa Pequena,Taipa & Cotai,335,3393636.0,66570.0,28.42,0.507
2026,3,6,06:00,東望洋區(松山區),Ferreira do Amaral (Guia),Macau Peninsula,380,3393636.0,155940.0,66.58,1.577
2026,3,6,06:00,大學及北安灣區,Universidade & Baía de Pac On,Taipa & Cotai,389,3393636.0,66570.0,28.42,0.507
2026,3,7,07:00,新橋區,Barca,Macau Peninsula,1304,3393636.0,155940.0,66.58,1.577
2026,3,7,07:00,中區,Baixa de Macau,Macau Peninsula,5302,3393636.0,155940.0,66.58,1.577
2026,3,7,07:00,氹仔中心區,Baixa da Taipa,Taipa & Cotai,4359,3393636.0,66570.0,28.42,0.507
2026,3,7,07:00,台山區,Tamagnini Barbosa,Macau Peninsula,1733,3393636.0,155940.0,66.58,1.577
2026,3,7,07:00,黑沙環新填海區,Novos Aterros da Areia Preta,Macau Peninsula,1427,3393636.0,155940.0,66.58,1.577
2026,3,7,07:00,望廈及水塘區,Móng Há & Reservatório,Macau Peninsula,789,3393636.0,155940.0,66.58,1.577
2026,3,7,07:00,外港及南灣湖新填海區,Novos Aterros do Porto Exterior & Aterros da Baía da Praia Grande,Macau Peninsula,9352,3393636.0,155940.0,66.58,1.577
2026,3,7,07:00,路氹填海區,COTAI Reclamation Area,Taipa & Cotai,53131,3393636.0,66570.0,28.42,0.507
2026,3,7,07:00,黑沙環及祐漢區,Areia Preta & Iao Hon,Macau Peninsula,2473,3393636.0,155940.0,66.58,1.577
2026,3,7,07:00,下環區,Barra/Manduco,Macau Peninsula,2535,3393636.0,155940.0,66.58,1.577
2026,3,7,07:00,荷蘭園區,Conselheiro Ferreira de Almeida,Macau Peninsula,733,3393636.0,155940.0,66.58,1.577
2026,3,7,07:00,林茂塘區,Doca do Lamau,Macau Peninsula,545,3393636.0,155940.0,66.58,1.577
2026,3,7,07:00,沙梨頭及大三巴區,Patane & São Paulo,Macau Peninsula,2606,3393636.0,155940.0,66.58,1.577
2026,3,7,07:00,新口岸區,Zona de Aterros do Porto Exterior,Macau Peninsula,13196,3393636.0,155940.0,66.58,1.577
2026,3,7,07:00,高士德及雅廉訪區,Horta e Costa & Ouvidor Arriaga,Macau Peninsula,668,3393636.0,155940.0,66.58,1.577
2026,3,7,07:00,筷子基區,Fai Chi Kei,Macau Peninsula,489,3393636.0,155940.0,66.58,1.577
2026,3,7,07:00,氹仔舊城及馬場區,Cidade & Hipódromo da Taipa,Taipa & Cotai,3290,3393636.0,66570.0,28.42,0.507
2026,3,7,07:00,路環區,Coloane,Coloane,1832,3393636.0,11693.0,4.99,2.988
2026,3,7,07:00,北安及大潭山區,Pac On & Taipa Grande,Taipa & Cotai,2783,3393636.0,66570.0,28.42,0.507
2026,3,7,07:00,青洲區,Ilha Verde,Macau Peninsula,399,3393636.0,155940.0,66.58,1.577
2026,3,7,07:00,南西灣及主教山區,Praia Grande & Penha,Macau Peninsula,1120,3393636.0,155940.0,66.58,1.577
2026,3,7,07:00,海洋及小潭山區,Jardins do Oceano & Taipa Pequena,Taipa & Cotai,354,3393636.0,66570.0,28.42,0.507
2026,3,7,07:00,東望洋區(松山區),Ferreira do Amaral (Guia),Macau Peninsula,371,3393636.0,155940.0,66.58,1.577
2026,3,7,07:00,大學及北安灣區,Universidade & Baía de Pac On,Taipa & Cotai,400,3393636.0,66570.0,28.42,0.507
2026,3,8,08:00,新橋區,Barca,Macau Peninsula,1319,3393636.0,155940.0,66.58,1.577
2026,3,8,08:00,中區,Baixa de Macau,Macau Peninsula,5364,3393636.0,155940.0,66.58,1.577
2026,3,8,08:00,氹仔中心區,Baixa da Taipa,Taipa & Cotai,4421,3393636.0,66570.0,28.42,0.507
2026,3,8,08:00,台山區,Tamagnini Barbosa,Macau Peninsula,2185,3393636.0,155940.0,66.58,1.577
2026,3,8,08:00,黑沙環新填海區,Novos Aterros da Areia Preta,Macau Peninsula,1541,3393636.0,155940.0,66.58,1.577
2026,3,8,08:00,望廈及水塘區,Móng Há & Reservatório,Macau Peninsula,908,3393636.0,155940.0,66.58,1.577
2026,3,8,08:00,外港及南灣湖新填海區,Novos Aterros do Porto Exterior & Aterros da Baía da Praia Grande,Macau Peninsula,9420,3393636.0,155940.0,66.58,1.577
2026,3,8,08:00,路氹填海區,COTAI Reclamation Area,Taipa & Cotai,53249,3393636.0,66570.0,28.42,0.507
2026,3,8,08:00,黑沙環及祐漢區,Areia Preta & Iao Hon,Macau Peninsula,3123,3393636.0,155940.0,66.58,1.577
2026,3,8,08:00,下環區,Barra/Manduco,Macau Peninsula,2542,3393636.0,155940.0,66.58,1.577
2026,3,8,08:00,荷蘭園區,Conselheiro Ferreira de Almeida,Macau Peninsula,752,3393636.0,155940.0,66.58,1.577
2026,3,8,08:00,林茂塘區,Doca do Lamau,Macau Peninsula,578,3393636.0,155940.0,66.58,1.577
2026,3,8,08:00,沙梨頭及大三巴區,Patane & São Paulo,Macau Peninsula,2687,3393636.0,155940.0,66.58,1.577
2026,3,8,08:00,新口岸區,Zona de Aterros do Porto Exterior,Macau Peninsula,13408,3393636.0,155940.0,66.58,1.577
2026,3,8,08:00,高士德及雅廉訪區,Horta e Costa & Ouvidor Arriaga,Macau Peninsula,684,3393636.0,155940.0,66.58,1.577
2026,3,8,08:00,筷子基區,Fai Chi Kei,Macau Peninsula,525,3393636.0,155940.0,66.58,1.577
2026,3,8,08:00,氹仔舊城及馬場區,Cidade & Hipódromo da Taipa,Taipa & Cotai,3417,3393636.0,66570.0,28.42,0.507
2026,3,8,08:00,路環區,Coloane,Coloane,1840,3393636.0,11693.0,4.99,2.988
2026,3,8,08:00,北安及大潭山區,Pac On & Taipa Grande,Taipa & Cotai,2889,3393636.0,66570.0,28.42,0.507
2026,3,8,08:00,青洲區,Ilha Verde,Macau Peninsula,464,3393636.0,155940.0,66.58,1.577
2026,3,8,08:00,南西灣及主教山區,Praia Grande & Penha,Macau Peninsula,1146,3393636.0,155940.0,66.58,1.577
2026,3,8,08:00,海洋及小潭山區,Jardins do Oceano & Taipa Pequena,Taipa & Cotai,399,3393636.0,66570.0,28.42,0.507
2026,3,8,08:00,東望洋區(松山區),Ferreira do Amaral (Guia),Macau Peninsula,413,3393636.0,155940.0,66.58,1.577
2026,3,8,08:00,大學及北安灣區,Universidade & Baía de Pac On,Taipa & Cotai,417,3393636.0,66570.0,28.42,0.507
2026,3,9,09:00,新橋區,Barca,Macau Peninsula,1320,3393636.0,155940.0,66.58,1.577
2026,3,9,09:00,中區,Baixa de Macau,Macau Peninsula,5570,3393636.0,155940.0,66.58,1.577
2026,3,9,09:00,氹仔中心區,Baixa da Taipa,Taipa & Cotai,4488,3393636.0,66570.0,28.42,0.507
2026,3,9,09:00,台山區,Tamagnini Barbosa,Macau Peninsula,2651,3393636.0,155940.0,66.58,1.577
2026,3,9,09:00,黑沙環新填海區,Novos Aterros da Areia Preta,Macau Peninsula,1630,3393636.0,155940.0,66.58,1.577
2026,3,9,09:00,望廈及水塘區,Móng Há & Reservatório,Macau Peninsula,1121,3393636.0,155940.0,66.58,1.577
2026,3,9,09:00,外港及南灣湖新填海區,Novos Aterros do Porto Exterior & Aterros da Baía da Praia Grande,Macau Peninsula,9703,3393636.0,155940.0,66.58,1.577
2026,3,9,09:00,路氹填海區,COTAI Reclamation Area,Taipa & Cotai,53868,3393636.0,66570.0,28.42,0.507
2026,3,9,09:00,黑沙環及祐漢區,Areia Preta & Iao Hon,Macau Peninsula,3876,3393636.0,155940.0,66.58,1.577
2026,3,9,09:00,下環區,Barra/Manduco,Macau Peninsula,2551,3393636.0,155940.0,66.58,1.577
2026,3,9,09:00,荷蘭園區,Conselheiro Ferreira de Almeida,Macau Peninsula,975,3393636.0,155940.0,66.58,1.577
2026,3,9,09:00,林茂塘區,Doca do Lamau,Macau Peninsula,604,3393636.0,155940.0,66.58,1.577
2026,3,9,09:00,沙梨頭及大三巴區,Patane & São Paulo,Macau Peninsula,2806,3393636.0,155940.0,66.58,1.577
2026,3,9,09:00,新口岸區,Zona de Aterros do Porto Exterior,Macau Peninsula,13610,3393636.0,155940.0,66.58,1.577
2026,3,9,09:00,高士德及雅廉訪區,Horta e Costa & Ouvidor Arriaga,Macau Peninsula,718,3393636.0,155940.0,66.58,1.577
2026,3,9,09:00,筷子基區,Fai Chi Kei,Macau Peninsula,638,3393636.0,155940.0,66.58,1.577
2026,3,9,09:00,氹仔舊城及馬場區,Cidade & Hipódromo da Taipa,Taipa & Cotai,3673,3393636.0,66570.0,28.42,0.507
2026,3,9,09:00,路環區,Coloane,Coloane,2058,3393636.0,11693.0,4.99,2.988
2026,3,9,09:00,北安及大潭山區,Pac On & Taipa Grande,Taipa & Cotai,3348,3393636.0,66570.0,28.42,0.507
2026,3,9,09:00,青洲區,Ilha Verde,Macau Peninsula,581,3393636.0,155940.0,66.58,1.577
2026,3,9,09:00,南西灣及主教山區,Praia Grande & Penha,Macau Peninsula,1180,3393636.0,155940.0,66.58,1.577
2026,3,9,09:00,海洋及小潭山區,Jardins do Oceano & Taipa Pequena,Taipa & Cotai,441,3393636.0,66570.0,28.42,0.507
2026,3,9,09:00,東望洋區(松山區),Ferreira do Amaral (Guia),Macau Peninsula,461,3393636.0,155940.0,66.58,1.577
2026,3,9,09:00,大學及北安灣區,Universidade & Baía de Pac On,Taipa & Cotai,475,3393636.0,66570.0,28.42,0.507
2026,3,10,10:00,新橋區,Barca,Macau Peninsula,1424,3393636.0,155940.0,66.58,1.577
2026,3,10,10:00,中區,Baixa de Macau,Macau Peninsula,6249,3393636.0,155940.0,66.58,1.577
2026,3,10,10:00,氹仔中心區,Baixa da Taipa,Taipa & Cotai,4409,3393636.0,66570.0,28.42,0.507
2026,3,10,10:00,台山區,Tamagnini Barbosa,Macau Peninsula,2919,3393636.0,155940.0,66.58,1.577
2026,3,10,10:00,黑沙環新填海區,Novos Aterros da Areia Preta,Macau Peninsula,2033,3393636.0,155940.0,66.58,1.577
2026,3,10,10:00,望廈及水塘區,Móng Há & Reservatório,Macau Peninsula,1458,3393636.0,155940.0,66.58,1.577
2026,3,10,10:00,外港及南灣湖新填海區,Novos Aterros do Porto Exterior & Aterros da Baía da Praia Grande,Macau Peninsula,10404,3393636.0,155940.0,66.58,1.577
2026,3,10,10:00,路氹填海區,COTAI Reclamation Area,Taipa & Cotai,54312,3393636.0,66570.0,28.42,0.507
2026,3,10,10:00,黑沙環及祐漢區,Areia Preta & Iao Hon,Macau Peninsula,6385,3393636.0,155940.0,66.58,1.577
2026,3,10,10:00,下環區,Barra/Manduco,Macau Peninsula,2599,3393636.0,155940.0,66.58,1.577
2026,3,10,10:00,荷蘭園區,Conselheiro Ferreira de Almeida,Macau Peninsula,1254,3393636.0,155940.0,66.58,1.577
2026,3,10,10:00,林茂塘區,Doca do Lamau,Macau Peninsula,623,3393636.0,155940.0,66.58,1.577
2026,3,10,10:00,沙梨頭及大三巴區,Patane & São Paulo,Macau Peninsula,3274,3393636.0,155940.0,66.58,1.577
2026,3,10,10:00,新口岸區,Zona de Aterros do Porto Exterior,Macau Peninsula,13807,3393636.0,155940.0,66.58,1.577
2026,3,10,10:00,高士德及雅廉訪區,Horta e Costa & Ouvidor Arriaga,Macau Peninsula,762,3393636.0,155940.0,66.58,1.577
2026,3,10,10:00,筷子基區,Fai Chi Kei,Macau Peninsula,613,3393636.0,155940.0,66.58,1.577
2026,3,10,10:00,氹仔舊城及馬場區,Cidade & Hipódromo da Taipa,Taipa & Cotai,3857,3393636.0,66570.0,28.42,0.507
2026,3,10,10:00,路環區,Coloane,Coloane,2219,3393636.0,11693.0,4.99,2.988
2026,3,10,10:00,北安及大潭山區,Pac On & Taipa Grande,Taipa & Cotai,4958,3393636.0,66570.0,28.42,0.507
2026,3,10,10:00,青洲區,Ilha Verde,Macau Peninsula,561,3393636.0,155940.0,66.58,1.577
2026,3,10,10:00,南西灣及主教山區,Praia Grande & Penha,Macau Peninsula,1153,3393636.0,155940.0,66.58,1.577
2026,3,10,10:00,海洋及小潭山區,Jardins do Oceano & Taipa Pequena,Taipa & Cotai,515,3393636.0,66570.0,28.42,0.507
2026,3,10,10:00,東望洋區(松山區),Ferreira do Amaral (Guia),Macau Peninsula,501,3393636.0,155940.0,66.58,1.577
2026,3,10,10:00,大學及北安灣區,Universidade & Baía de Pac On,Taipa & Cotai,828,3393636.0,66570.0,28.42,0.507
2026,3,11,11:00,新橋區,Barca,Macau Peninsula,1728,3393636.0,155940.0,66.58,1.577
2026,3,11,11:00,中區,Baixa de Macau,Macau Peninsula,8001,3393636.0,155940.0,66.58,1.577
2026,3,11,11:00,氹仔中心區,Baixa da Taipa,Taipa & Cotai,4256,3393636.0,66570.0,28.42,0.507
2026,3,11,11:00,台山區,Tamagnini Barbosa,Macau Peninsula,3423,3393636.0,155940.0,66.58,1.577
2026,3,11,11:00,黑沙環新填海區,Novos Aterros da Areia Preta,Macau Peninsula,2414,3393636.0,155940.0,66.58,1.577
2026,3,11,11:00,望廈及水塘區,Móng Há & Reservatório,Macau Peninsula,1749,3393636.0,155940.0,66.58,1.577
2026,3,11,11:00,外港及南灣湖新填海區,Novos Aterros do Porto Exterior & Aterros da Baía da Praia Grande,Macau Peninsula,11737,3393636.0,155940.0,66.58,1.577
2026,3,11,11:00,路氹填海區,COTAI Reclamation Area,Taipa & Cotai,56062,3393636.0,66570.0,28.42,0.507
2026,3,11,11:00,黑沙環及祐漢區,Areia Preta & Iao Hon,Macau Peninsula,8779,3393636.0,155940.0,66.58,1.577
2026,3,11,11:00,下環區,Barra/Manduco,Macau Peninsula,2764,3393636.0,155940.0,66.58,1.577
2026,3,11,11:00,荷蘭園區,Conselheiro Ferreira de Almeida,Macau Peninsula,1651,3393636.0,155940.0,66.58,1.577
2026,3,11,11:00,林茂塘區,Doca do Lamau,Macau Peninsula,683,3393636.0,155940.0,66.58,1.577
2026,3,11,11:00,沙梨頭及大三巴區,Patane & São Paulo,Macau Peninsula,4176,3393636.0,155940.0,66.58,1.577
2026,3,11,11:00,新口岸區,Zona de Aterros do Porto Exterior,Macau Peninsula,13805,3393636.0,155940.0,66.58,1.577
2026,3,11,11:00,高士德及雅廉訪區,Horta e Costa & Ouvidor Arriaga,Macau Peninsula,767,3393636.0,155940.0,66.58,1.577
2026,3,11,11:00,筷子基區,Fai Chi Kei,Macau Peninsula,646,3393636.0,155940.0,66.58,1.577
2026,3,11,11:00,氹仔舊城及馬場區,Cidade & Hipódromo da Taipa,Taipa & Cotai,4143,3393636.0,66570.0,28.42,0.507
2026,3,11,11:00,路環區,Coloane,Coloane,2609,3393636.0,11693.0,4.99,2.988
2026,3,11,11:00,北安及大潭山區,Pac On & Taipa Grande,Taipa & Cotai,6953,3393636.0,66570.0,28.42,0.507
2026,3,11,11:00,青洲區,Ilha Verde,Macau Peninsula,568,3393636.0,155940.0,66.58,1.577
2026,3,11,11:00,南西灣及主教山區,Praia Grande & Penha,Macau Peninsula,1141,3393636.0,155940.0,66.58,1.577
2026,3,11,11:00,海洋及小潭山區,Jardins do Oceano & Taipa Pequena,Taipa & Cotai,636,3393636.0,66570.0,28.42,0.507
2026,3,11,11:00,東望洋區(松山區),Ferreira do Amaral (Guia),Macau Peninsula,562,3393636.0,155940.0,66.58,1.577
2026,3,11,11:00,大學及北安灣區,Universidade & Baía de Pac On,Taipa & Cotai,918,3393636.0,66570.0,28.42,0.507
2026,3,12,12:00,新橋區,Barca,Macau Peninsula,2021,3393636.0,155940.0,66.58,1.577
2026,3,12,12:00,中區,Baixa de Macau,Macau Peninsula,10837,3393636.0,155940.0,66.58,1.577
2026,3,12,12:00,氹仔中心區,Baixa da Taipa,Taipa & Cotai,4257,3393636.0,66570.0,28.42,0.507
2026,3,12,12:00,台山區,Tamagnini Barbosa,Macau Peninsula,3825,3393636.0,155940.0,66.58,1.577
2026,3,12,12:00,黑沙環新填海區,Novos Aterros da Areia Preta,Macau Peninsula,2503,3393636.0,155940.0,66.58,1.577
2026,3,12,12:00,望廈及水塘區,Móng Há & Reservatório,Macau Peninsula,2098,3393636.0,155940.0,66.58,1.577
2026,3,12,12:00,外港及南灣湖新填海區,Novos Aterros do Porto Exterior & Aterros da Baía da Praia Grande,Macau Peninsula,13634,3393636.0,155940.0,66.58,1.577
2026,3,12,12:00,路氹填海區,COTAI Reclamation Area,Taipa & Cotai,58639,3393636.0,66570.0,28.42,0.507
2026,3,12,12:00,黑沙環及祐漢區,Areia Preta & Iao Hon,Macau Peninsula,8537,3393636.0,155940.0,66.58,1.577
2026,3,12,12:00,下環區,Barra/Manduco,Macau Peninsula,3029,3393636.0,155940.0,66.58,1.577
2026,3,12,12:00,荷蘭園區,Conselheiro Ferreira de Almeida,Macau Peninsula,1777,3393636.0,155940.0,66.58,1.577
2026,3,12,12:00,林茂塘區,Doca do Lamau,Macau Peninsula,787,3393636.0,155940.0,66.58,1.577
2026,3,12,12:00,沙梨頭及大三巴區,Patane & São Paulo,Macau Peninsula,5033,3393636.0,155940.0,66.58,1.577
2026,3,12,12:00,新口岸區,Zona de Aterros do Porto Exterior,Macau Peninsula,13747,3393636.0,155940.0,66.58,1.577
2026,3,12,12:00,高士德及雅廉訪區,Horta e Costa & Ouvidor Arriaga,Macau Peninsula,862,3393636.0,155940.0,66.58,1.577
2026,3,12,12:00,筷子基區,Fai Chi Kei,Macau Peninsula,765,3393636.0,155940.0,66.58,1.577
2026,3,12,12:00,氹仔舊城及馬場區,Cidade & Hipódromo da Taipa,Taipa & Cotai,4943,3393636.0,66570.0,28.42,0.507
2026,3,12,12:00,路環區,Coloane,Coloane,3152,3393636.0,11693.0,4.99,2.988
2026,3,12,12:00,北安及大潭山區,Pac On & Taipa Grande,Taipa & Cotai,8690,3393636.0,66570.0,28.42,0.507
2026,3,12,12:00,青洲區,Ilha Verde,Macau Peninsula,640,3393636.0,155940.0,66.58,1.577
2026,3,12,12:00,南西灣及主教山區,Praia Grande & Penha,Macau Peninsula,1175,3393636.0,155940.0,66.58,1.577
2026,3,12,12:00,海洋及小潭山區,Jardins do Oceano & Taipa Pequena,Taipa & Cotai,795,3393636.0,66570.0,28.42,0.507
2026,3,12,12:00,東望洋區(松山區),Ferreira do Amaral (Guia),Macau Peninsula,583,3393636.0,155940.0,66.58,1.577
2026,3,12,12:00,大學及北安灣區,Universidade & Baía de Pac On,Taipa & Cotai,979,3393636.0,66570.0,28.42,0.507
2026,3,13,13:00,新橋區,Barca,Macau Peninsula,2118,3393636.0,155940.0,66.58,1.577
2026,3,13,13:00,中區,Baixa de Macau,Macau Peninsula,13709,3393636.0,155940.0,66.58,1.577
2026,3,13,13:00,氹仔中心區,Baixa da Taipa,Taipa & Cotai,4556,3393636.0,66570.0,28.42,0.507
2026,3,13,13:00,台山區,Tamagnini Barbosa,Macau Peninsula,3658,3393636.0,155940.0,66.58,1.577
2026,3,13,13:00,黑沙環新填海區,Novos Aterros da Areia Preta,Macau Peninsula,2502,3393636.0,155940.0,66.58,1.577
2026,3,13,13:00,望廈及水塘區,Móng Há & Reservatório,Macau Peninsula,2291,3393636.0,155940.0,66.58,1.577
2026,3,13,13:00,外港及南灣湖新填海區,Novos Aterros do Porto Exterior & Aterros da Baía da Praia Grande,Macau Peninsula,16141,3393636.0,155940.0,66.58,1.577
2026,3,13,13:00,路氹填海區,COTAI Reclamation Area,Taipa & Cotai,60434,3393636.0,66570.0,28.42,0.507
2026,3,13,13:00,黑沙環及祐漢區,Areia Preta & Iao Hon,Macau Peninsula,7752,3393636.0,155940.0,66.58,1.577
2026,3,13,13:00,下環區,Barra/Manduco,Macau Peninsula,3270,3393636.0,155940.0,66.58,1.577
2026,3,13,13:00,荷蘭園區,Conselheiro Ferreira de Almeida,Macau Peninsula,1629,3393636.0,155940.0,66.58,1.577
2026,3,13,13:00,林茂塘區,Doca do Lamau,Macau Peninsula,881,3393636.0,155940.0,66.58,1.577
2026,3,13,13:00,沙梨頭及大三巴區,Patane & São Paulo,Macau Peninsula,5541,3393636.0,155940.0,66.58,1.577
2026,3,13,13:00,新口岸區,Zona de Aterros do Porto Exterior,Macau Peninsula,14177,3393636.0,155940.0,66.58,1.577
2026,3,13,13:00,高士德及雅廉訪區,Horta e Costa & Ouvidor Arriaga,Macau Peninsula,958,3393636.0,155940.0,66.58,1.577
2026,3,13,13:00,筷子基區,Fai Chi Kei,Macau Peninsula,955,3393636.0,155940.0,66.58,1.577
2026,3,13,13:00,氹仔舊城及馬場區,Cidade & Hipódromo da Taipa,Taipa & Cotai,6663,3393636.0,66570.0,28.42,0.507
2026,3,13,13:00,路環區,Coloane,Coloane,3516,3393636.0,11693.0,4.99,2.988
2026,3,13,13:00,北安及大潭山區,Pac On & Taipa Grande,Taipa & Cotai,9035,3393636.0,66570.0,28.42,0.507
2026,3,13,13:00,青洲區,Ilha Verde,Macau Peninsula,679,3393636.0,155940.0,66.58,1.577
2026,3,13,13:00,南西灣及主教山區,Praia Grande & Penha,Macau Peninsula,1235,3393636.0,155940.0,66.58,1.577
2026,3,13,13:00,海洋及小潭山區,Jardins do Oceano & Taipa Pequena,Taipa & Cotai,875,3393636.0,66570.0,28.42,0.507
2026,3,13,13:00,東望洋區(松山區),Ferreira do Amaral (Guia),Macau Peninsula,516,3393636.0,155940.0,66.58,1.577
2026,3,13,13:00,大學及北安灣區,Universidade & Baía de Pac On,Taipa & Cotai,1088,3393636.0,66570.0,28.42,0.507
2026,3,14,14:00,新橋區,Barca,Macau Peninsula,2219,3393636.0,155940.0,66.58,1.577
2026,3,14,14:00,中區,Baixa de Macau,Macau Peninsula,16181,3393636.0,155940.0,66.58,1.577
2026,3,14,14:00,氹仔中心區,Baixa da Taipa,Taipa & Cotai,4728,3393636.0,66570.0,28.42,0.507
2026,3,14,14:00,台山區,Tamagnini Barbosa,Macau Peninsula,3382,3393636.0,155940.0,66.58,1.577
2026,3,14,14:00,黑沙環新填海區,Novos Aterros da Areia Preta,Macau Peninsula,2321,3393636.0,155940.0,66.58,1.577
2026,3,14,14:00,望廈及水塘區,Móng Há & Reservatório,Macau Peninsula,2064,3393636.0,155940.0,66.58,1.577
2026,3,14,14:00,外港及南灣湖新填海區,Novos Aterros do Porto Exterior & Aterros da Baía da Praia Grande,Macau Peninsula,17773,3393636.0,155940.0,66.58,1.577
2026,3,14,14:00,路氹填海區,COTAI Reclamation Area,Taipa & Cotai,61647,3393636.0,66570.0,28.42,0.507
2026,3,14,14:00,黑沙環及祐漢區,Areia Preta & Iao Hon,Macau Peninsula,7157,3393636.0,155940.0,66.58,1.577
2026,3,14,14:00,下環區,Barra/Manduco,Macau Peninsula,3380,3393636.0,155940.0,66.58,1.577
2026,3,14,14:00,荷蘭園區,Conselheiro Ferreira de Almeida,Macau Peninsula,1731,3393636.0,155940.0,66.58,1.577
2026,3,14,14:00,林茂塘區,Doca do Lamau,Macau Peninsula,972,3393636.0,155940.0,66.58,1.577
2026,3,14,14:00,沙梨頭及大三巴區,Patane & São Paulo,Macau Peninsula,5911,3393636.0,155940.0,66.58,1.577
2026,3,14,14:00,新口岸區,Zona de Aterros do Porto Exterior,Macau Peninsula,14556,3393636.0,155940.0,66.58,1.577
2026,3,14,14:00,高士德及雅廉訪區,Horta e Costa & Ouvidor Arriaga,Macau Peninsula,1016,3393636.0,155940.0,66.58,1.577
2026,3,14,14:00,筷子基區,Fai Chi Kei,Macau Peninsula,1070,3393636.0,155940.0,66.58,1.577
2026,3,14,14:00,氹仔舊城及馬場區,Cidade & Hipódromo da Taipa,Taipa & Cotai,8405,3393636.0,66570.0,28.42,0.507
2026,3,14,14:00,路環區,Coloane,Coloane,3530,3393636.0,11693.0,4.99,2.988
2026,3,14,14:00,北安及大潭山區,Pac On & Taipa Grande,Taipa & Cotai,8916,3393636.0,66570.0,28.42,0.507
2026,3,14,14:00,青洲區,Ilha Verde,Macau Peninsula,728,3393636.0,155940.0,66.58,1.577
2026,3,14,14:00,南西灣及主教山區,Praia Grande & Penha,Macau Peninsula,1160,3393636.0,155940.0,66.58,1.577
2026,3,14,14:00,海洋及小潭山區,Jardins do Oceano & Taipa Pequena,Taipa & Cotai,905,3393636.0,66570.0,28.42,0.507
2026,3,14,14:00,東望洋區(松山區),Ferreira do Amaral (Guia),Macau Peninsula,508,3393636.0,155940.0,66.58,1.577
2026,3,14,14:00,大學及北安灣區,Universidade & Baía de Pac On,Taipa & Cotai,1058,3393636.0,66570.0,28.42,0.507
2026,3,15,15:00,新橋區,Barca,Macau Peninsula,2273,3393636.0,155940.0,66.58,1.577
2026,3,15,15:00,中區,Baixa de Macau,Macau Peninsula,17520,3393636.0,155940.0,66.58,1.577
2026,3,15,15:00,氹仔中心區,Baixa da Taipa,Taipa & Cotai,4618,3393636.0,66570.0,28.42,0.507
2026,3,15,15:00,台山區,Tamagnini Barbosa,Macau Peninsula,3251,3393636.0,155940.0,66.58,1.577
2026,3,15,15:00,黑沙環新填海區,Novos Aterros da Areia Preta,Macau Peninsula,2152,3393636.0,155940.0,66.58,1.577
2026,3,15,15:00,望廈及水塘區,Móng Há & Reservatório,Macau Peninsula,1959,3393636.0,155940.0,66.58,1.577
2026,3,15,15:00,外港及南灣湖新填海區,Novos Aterros do Porto Exterior & Aterros da Baía da Praia Grande,Macau Peninsula,19506,3393636.0,155940.0,66.58,1.577
2026,3,15,15:00,路氹填海區,COTAI Reclamation Area,Taipa & Cotai,65109,3393636.0,66570.0,28.42,0.507
2026,3,15,15:00,黑沙環及祐漢區,Areia Preta & Iao Hon,Macau Peninsula,6561,3393636.0,155940.0,66.58,1.577
2026,3,15,15:00,下環區,Barra/Manduco,Macau Peninsula,3366,3393636.0,155940.0,66.58,1.577
2026,3,15,15:00,荷蘭園區,Conselheiro Ferreira de Almeida,Macau Peninsula,1805,3393636.0,155940.0,66.58,1.577
2026,3,15,15:00,林茂塘區,Doca do Lamau,Macau Peninsula,851,3393636.0,155940.0,66.58,1.577
2026,3,15,15:00,沙梨頭及大三巴區,Patane & São Paulo,Macau Peninsula,6224,3393636.0,155940.0,66.58,1.577
2026,3,15,15:00,新口岸區,Zona de Aterros do Porto Exterior,Macau Peninsula,13052,3393636.0,155940.0,66.58,1.577
2026,3,15,15:00,高士德及雅廉訪區,Horta e Costa & Ouvidor Arriaga,Macau Peninsula,961,3393636.0,155940.0,66.58,1.577
2026,3,15,15:00,筷子基區,Fai Chi Kei,Macau Peninsula,833,3393636.0,155940.0,66.58,1.577
2026,3,15,15:00,氹仔舊城及馬場區,Cidade & Hipódromo da Taipa,Taipa & Cotai,8892,3393636.0,66570.0,28.42,0.507
2026,3,15,15:00,路環區,Coloane,Coloane,3699,3393636.0,11693.0,4.99,2.988
2026,3,15,15:00,北安及大潭山區,Pac On & Taipa Grande,Taipa & Cotai,8351,3393636.0,66570.0,28.42,0.507
2026,3,15,15:00,青洲區,Ilha Verde,Macau Peninsula,645,3393636.0,155940.0,66.58,1.577
2026,3,15,15:00,南西灣及主教山區,Praia Grande & Penha,Macau Peninsula,1207,3393636.0,155940.0,66.58,1.577
2026,3,15,15:00,海洋及小潭山區,Jardins do Oceano & Taipa Pequena,Taipa & Cotai,916,3393636.0,66570.0,28.42,0.507
2026,3,15,15:00,東望洋區(松山區),Ferreira do Amaral (Guia),Macau Peninsula,540,3393636.0,155940.0,66.58,1.577
2026,3,15,15:00,大學及北安灣區,Universidade & Baía de Pac On,Taipa & Cotai,1106,3393636.0,66570.0,28.42,0.507
2026,3,16,16:00,新橋區,Barca,Macau Peninsula,2194,3393636.0,155940.0,66.58,1.577
2026,3,16,16:00,中區,Baixa de Macau,Macau Peninsula,17412,3393636.0,155940.0,66.58,1.577
2026,3,16,16:00,氹仔中心區,Baixa da Taipa,Taipa & Cotai,4364,3393636.0,66570.0,28.42,0.507
2026,3,16,16:00,台山區,Tamagnini Barbosa,Macau Peninsula,3199,3393636.0,155940.0,66.58,1.577
2026,3,16,16:00,黑沙環新填海區,Novos Aterros da Areia Preta,Macau Peninsula,2005,3393636.0,155940.0,66.58,1.577
2026,3,16,16:00,望廈及水塘區,Móng Há & Reservatório,Macau Peninsula,1777,3393636.0,155940.0,66.58,1.577
2026,3,16,16:00,外港及南灣湖新填海區,Novos Aterros do Porto Exterior & Aterros da Baía da Praia Grande,Macau Peninsula,19492,3393636.0,155940.0,66.58,1.577
2026,3,16,16:00,路氹填海區,COTAI Reclamation Area,Taipa & Cotai,69604,3393636.0,66570.0,28.42,0.507
2026,3,16,16:00,黑沙環及祐漢區,Areia Preta & Iao Hon,Macau Peninsula,6201,3393636.0,155940.0,66.58,1.577
2026,3,16,16:00,下環區,Barra/Manduco,Macau Peninsula,3182,3393636.0,155940.0,66.58,1.577
2026,3,16,16:00,荷蘭園區,Conselheiro Ferreira de Almeida,Macau Peninsula,1720,3393636.0,155940.0,66.58,1.577
2026,3,16,16:00,林茂塘區,Doca do Lamau,Macau Peninsula,786,3393636.0,155940.0,66.58,1.577
2026,3,16,16:00,沙梨頭及大三巴區,Patane & São Paulo,Macau Peninsula,6046,3393636.0,155940.0,66.58,1.577
2026,3,16,16:00,新口岸區,Zona de Aterros do Porto Exterior,Macau Peninsula,12514,3393636.0,155940.0,66.58,1.577
2026,3,16,16:00,高士德及雅廉訪區,Horta e Costa & Ouvidor Arriaga,Macau Peninsula,881,3393636.0,155940.0,66.58,1.577
2026,3,16,16:00,筷子基區,Fai Chi Kei,Macau Peninsula,695,3393636.0,155940.0,66.58,1.577
2026,3,16,16:00,氹仔舊城及馬場區,Cidade & Hipódromo da Taipa,Taipa & Cotai,8358,3393636.0,66570.0,28.42,0.507
2026,3,16,16:00,路環區,Coloane,Coloane,3796,3393636.0,11693.0,4.99,2.988
2026,3,16,16:00,北安及大潭山區,Pac On & Taipa Grande,Taipa & Cotai,9010,3393636.0,66570.0,28.42,0.507
2026,3,16,16:00,青洲區,Ilha Verde,Macau Peninsula,592,3393636.0,155940.0,66.58,1.577
2026,3,16,16:00,南西灣及主教山區,Praia Grande & Penha,Macau Peninsula,1203,3393636.0,155940.0,66.58,1.577
2026,3,16,16:00,海洋及小潭山區,Jardins do Oceano & Taipa Pequena,Taipa & Cotai,959,3393636.0,66570.0,28.42,0.507
2026,3,16,16:00,東望洋區(松山區),Ferreira do Amaral (Guia),Macau Peninsula,555,3393636.0,155940.0,66.58,1.577
2026,3,16,16:00,大學及北安灣區,Universidade & Baía de Pac On,Taipa & Cotai,1066,3393636.0,66570.0,28.42,0.507
2026,3,17,17:00,新橋區,Barca,Macau Peninsula,2075,3393636.0,155940.0,66.58,1.577
2026,3,17,17:00,中區,Baixa de Macau,Macau Peninsula,16195,3393636.0,155940.0,66.58,1.577
2026,3,17,17:00,氹仔中心區,Baixa da Taipa,Taipa & Cotai,4119,3393636.0,66570.0,28.42,0.507
2026,3,17,17:00,台山區,Tamagnini Barbosa,Macau Peninsula,3164,3393636.0,155940.0,66.58,1.577
2026,3,17,17:00,黑沙環新填海區,Novos Aterros da Areia Preta,Macau Peninsula,1908,3393636.0,155940.0,66.58,1.577
2026,3,17,17:00,望廈及水塘區,Móng Há & Reservatório,Macau Peninsula,1664,3393636.0,155940.0,66.58,1.577
2026,3,17,17:00,外港及南灣湖新填海區,Novos Aterros do Porto Exterior & Aterros da Baía da Praia Grande,Macau Peninsula,18781,3393636.0,155940.0,66.58,1.577
2026,3,17,17:00,路氹填海區,COTAI Reclamation Area,Taipa & Cotai,72586,3393636.0,66570.0,28.42,0.507
2026,3,17,17:00,黑沙環及祐漢區,Areia Preta & Iao Hon,Macau Peninsula,5996,3393636.0,155940.0,66.58,1.577
2026,3,17,17:00,下環區,Barra/Manduco,Macau Peninsula,2969,3393636.0,155940.0,66.58,1.577
2026,3,17,17:00,荷蘭園區,Conselheiro Ferreira de Almeida,Macau Peninsula,1517,3393636.0,155940.0,66.58,1.577
2026,3,17,17:00,林茂塘區,Doca do Lamau,Macau Peninsula,802,3393636.0,155940.0,66.58,1.577
2026,3,17,17:00,沙梨頭及大三巴區,Patane & São Paulo,Macau Peninsula,5590,3393636.0,155940.0,66.58,1.577
2026,3,17,17:00,新口岸區,Zona de Aterros do Porto Exterior,Macau Peninsula,12396,3393636.0,155940.0,66.58,1.577
2026,3,17,17:00,高士德及雅廉訪區,Horta e Costa & Ouvidor Arriaga,Macau Peninsula,847,3393636.0,155940.0,66.58,1.577
2026,3,17,17:00,筷子基區,Fai Chi Kei,Macau Peninsula,686,3393636.0,155940.0,66.58,1.577
2026,3,17,17:00,氹仔舊城及馬場區,Cidade & Hipódromo da Taipa,Taipa & Cotai,7523,3393636.0,66570.0,28.42,0.507
2026,3,17,17:00,路環區,Coloane,Coloane,3564,3393636.0,11693.0,4.99,2.988
2026,3,17,17:00,北安及大潭山區,Pac On & Taipa Grande,Taipa & Cotai,9501,3393636.0,66570.0,28.42,0.507
2026,3,17,17:00,青洲區,Ilha Verde,Macau Peninsula,599,3393636.0,155940.0,66.58,1.577
2026,3,17,17:00,南西灣及主教山區,Praia Grande & Penha,Macau Peninsula,1196,3393636.0,155940.0,66.58,1.577
2026,3,17,17:00,海洋及小潭山區,Jardins do Oceano & Taipa Pequena,Taipa & Cotai,867,3393636.0,66570.0,28.42,0.507
2026,3,17,17:00,東望洋區(松山區),Ferreira do Amaral (Guia),Macau Peninsula,517,3393636.0,155940.0,66.58,1.577
2026,3,17,17:00,大學及北安灣區,Universidade & Baía de Pac On,Taipa & Cotai,1065,3393636.0,66570.0,28.42,0.507
2026,3,18,18:00,新橋區,Barca,Macau Peninsula,1894,3393636.0,155940.0,66.58,1.577
2026,3,18,18:00,中區,Baixa de Macau,Macau Peninsula,14362,3393636.0,155940.0,66.58,1.577
2026,3,18,18:00,氹仔中心區,Baixa da Taipa,Taipa & Cotai,4085,3393636.0,66570.0,28.42,0.507
2026,3,18,18:00,台山區,Tamagnini Barbosa,Macau Peninsula,3283,3393636.0,155940.0,66.58,1.577
2026,3,18,18:00,黑沙環新填海區,Novos Aterros da Areia Preta,Macau Peninsula,1982,3393636.0,155940.0,66.58,1.577
2026,3,18,18:00,望廈及水塘區,Móng Há & Reservatório,Macau Peninsula,1582,3393636.0,155940.0,66.58,1.577
2026,3,18,18:00,外港及南灣湖新填海區,Novos Aterros do Porto Exterior & Aterros da Baía da Praia Grande,Macau Peninsula,18120,3393636.0,155940.0,66.58,1.577
2026,3,18,18:00,路氹填海區,COTAI Reclamation Area,Taipa & Cotai,72612,3393636.0,66570.0,28.42,0.507
2026,3,18,18:00,黑沙環及祐漢區,Areia Preta & Iao Hon,Macau Peninsula,5801,3393636.0,155940.0,66.58,1.577
2026,3,18,18:00,下環區,Barra/Manduco,Macau Peninsula,2792,3393636.0,155940.0,66.58,1.577
2026,3,18,18:00,荷蘭園區,Conselheiro Ferreira de Almeida,Macau Peninsula,1325,3393636.0,155940.0,66.58,1.577
2026,3,18,18:00,林茂塘區,Doca do Lamau,Macau Peninsula,835,3393636.0,155940.0,66.58,1.577
2026,3,18,18:00,沙梨頭及大三巴區,Patane & São Paulo,Macau Peninsula,4607,3393636.0,155940.0,66.58,1.577
2026,3,18,18:00,新口岸區,Zona de Aterros do Porto Exterior,Macau Peninsula,12268,3393636.0,155940.0,66.58,1.577
2026,3,18,18:00,高士德及雅廉訪區,Horta e Costa & Ouvidor Arriaga,Macau Peninsula,813,3393636.0,155940.0,66.58,1.577
2026,3,18,18:00,筷子基區,Fai Chi Kei,Macau Peninsula,725,3393636.0,155940.0,66.58,1.577
2026,3,18,18:00,氹仔舊城及馬場區,Cidade & Hipódromo da Taipa,Taipa & Cotai,7184,3393636.0,66570.0,28.42,0.507
2026,3,18,18:00,路環區,Coloane,Coloane,3072,3393636.0,11693.0,4.99,2.988
2026,3,18,18:00,北安及大潭山區,Pac On & Taipa Grande,Taipa & Cotai,9222,3393636.0,66570.0,28.42,0.507
2026,3,18,18:00,青洲區,Ilha Verde,Macau Peninsula,623,3393636.0,155940.0,66.58,1.577
2026,3,18,18:00,南西灣及主教山區,Praia Grande & Penha,Macau Peninsula,1119,3393636.0,155940.0,66.58,1.577
2026,3,18,18:00,海洋及小潭山區,Jardins do Oceano & Taipa Pequena,Taipa & Cotai,868,3393636.0,66570.0,28.42,0.507
2026,3,18,18:00,東望洋區(松山區),Ferreira do Amaral (Guia),Macau Peninsula,455,3393636.0,155940.0,66.58,1.577
2026,3,18,18:00,大學及北安灣區,Universidade & Baía de Pac On,Taipa & Cotai,1021,3393636.0,66570.0,28.42,0.507
2026,3,19,19:00,新橋區,Barca,Macau Peninsula,1681,3393636.0,155940.0,66.58,1.577
2026,3,19,19:00,中區,Baixa de Macau,Macau Peninsula,12418,3393636.0,155940.0,66.58,1.577
2026,3,19,19:00,氹仔中心區,Baixa da Taipa,Taipa & Cotai,4353,3393636.0,66570.0,28.42,0.507
2026,3,19,19:00,台山區,Tamagnini Barbosa,Macau Peninsula,3284,3393636.0,155940.0,66.58,1.577
2026,3,19,19:00,黑沙環新填海區,Novos Aterros da Areia Preta,Macau Peninsula,2072,3393636.0,155940.0,66.58,1.577
2026,3,19,19:00,望廈及水塘區,Móng Há & Reservatório,Macau Peninsula,1526,3393636.0,155940.0,66.58,1.577
2026,3,19,19:00,外港及南灣湖新填海區,Novos Aterros do Porto Exterior & Aterros da Baía da Praia Grande,Macau Peninsula,16845,3393636.0,155940.0,66.58,1.577
2026,3,19,19:00,路氹填海區,COTAI Reclamation Area,Taipa & Cotai,71028,3393636.0,66570.0,28.42,0.507
2026,3,19,19:00,黑沙環及祐漢區,Areia Preta & Iao Hon,Macau Peninsula,6016,3393636.0,155940.0,66.58,1.577
2026,3,19,19:00,下環區,Barra/Manduco,Macau Peninsula,2874,3393636.0,155940.0,66.58,1.577
2026,3,19,19:00,荷蘭園區,Conselheiro Ferreira de Almeida,Macau Peninsula,1192,3393636.0,155940.0,66.58,1.577
2026,3,19,19:00,林茂塘區,Doca do Lamau,Macau Peninsula,828,3393636.0,155940.0,66.58,1.577
2026,3,19,19:00,沙梨頭及大三巴區,Patane & São Paulo,Macau Peninsula,3824,3393636.0,155940.0,66.58,1.577
2026,3,19,19:00,新口岸區,Zona de Aterros do Porto Exterior,Macau Peninsula,12353,3393636.0,155940.0,66.58,1.577
2026,3,19,19:00,高士德及雅廉訪區,Horta e Costa & Ouvidor Arriaga,Macau Peninsula,823,3393636.0,155940.0,66.58,1.577
2026,3,19,19:00,筷子基區,Fai Chi Kei,Macau Peninsula,748,3393636.0,155940.0,66.58,1.577
2026,3,19,19:00,氹仔舊城及馬場區,Cidade & Hipódromo da Taipa,Taipa & Cotai,7537,3393636.0,66570.0,28.42,0.507
2026,3,19,19:00,路環區,Coloane,Coloane,2710,3393636.0,11693.0,4.99,2.988
2026,3,19,19:00,北安及大潭山區,Pac On & Taipa Grande,Taipa & Cotai,8815,3393636.0,66570.0,28.42,0.507
2026,3,19,19:00,青洲區,Ilha Verde,Macau Peninsula,629,3393636.0,155940.0,66.58,1.577
2026,3,19,19:00,南西灣及主教山區,Praia Grande & Penha,Macau Peninsula,1003,3393636.0,155940.0,66.58,1.577
2026,3,19,19:00,海洋及小潭山區,Jardins do Oceano & Taipa Pequena,Taipa & Cotai,851,3393636.0,66570.0,28.42,0.507
2026,3,19,19:00,東望洋區(松山區),Ferreira do Amaral (Guia),Macau Peninsula,420,3393636.0,155940.0,66.58,1.577
2026,3,19,19:00,大學及北安灣區,Universidade & Baía de Pac On,Taipa & Cotai,820,3393636.0,66570.0,28.42,0.507
2026,3,20,20:00,新橋區,Barca,Macau Peninsula,1544,3393636.0,155940.0,66.58,1.577
2026,3,20,20:00,中區,Baixa de Macau,Macau Peninsula,10680,3393636.0,155940.0,66.58,1.577
2026,3,20,20:00,氹仔中心區,Baixa da Taipa,Taipa & Cotai,4815,3393636.0,66570.0,28.42,0.507
2026,3,20,20:00,台山區,Tamagnini Barbosa,Macau Peninsula,3041,3393636.0,155940.0,66.58,1.577
2026,3,20,20:00,黑沙環新填海區,Novos Aterros da Areia Preta,Macau Peninsula,2172,3393636.0,155940.0,66.58,1.577
2026,3,20,20:00,望廈及水塘區,Móng Há & Reservatório,Macau Peninsula,1464,3393636.0,155940.0,66.58,1.577
2026,3,20,20:00,外港及南灣湖新填海區,Novos Aterros do Porto Exterior & Aterros da Baía da Praia Grande,Macau Peninsula,15683,3393636.0,155940.0,66.58,1.577
2026,3,20,20:00,路氹填海區,COTAI Reclamation Area,Taipa & Cotai,67855,3393636.0,66570.0,28.42,0.507
2026,3,20,20:00,黑沙環及祐漢區,Areia Preta & Iao Hon,Macau Peninsula,5501,3393636.0,155940.0,66.58,1.577
2026,3,20,20:00,下環區,Barra/Manduco,Macau Peninsula,3011,3393636.0,155940.0,66.58,1.577
2026,3,20,20:00,荷蘭園區,Conselheiro Ferreira de Almeida,Macau Peninsula,1056,3393636.0,155940.0,66.58,1.577
2026,3,20,20:00,林茂塘區,Doca do Lamau,Macau Peninsula,809,3393636.0,155940.0,66.58,1.577
2026,3,20,20:00,沙梨頭及大三巴區,Patane & São Paulo,Macau Peninsula,3157,3393636.0,155940.0,66.58,1.577
2026,3,20,20:00,新口岸區,Zona de Aterros do Porto Exterior,Macau Peninsula,12598,3393636.0,155940.0,66.58,1.577
2026,3,20,20:00,高士德及雅廉訪區,Horta e Costa & Ouvidor Arriaga,Macau Peninsula,810,3393636.0,155940.0,66.58,1.577
2026,3,20,20:00,筷子基區,Fai Chi Kei,Macau Peninsula,754,3393636.0,155940.0,66.58,1.577
2026,3,20,20:00,氹仔舊城及馬場區,Cidade & Hipódromo da Taipa,Taipa & Cotai,7810,3393636.0,66570.0,28.42,0.507
2026,3,20,20:00,路環區,Coloane,Coloane,2395,3393636.0,11693.0,4.99,2.988
2026,3,20,20:00,北安及大潭山區,Pac On & Taipa Grande,Taipa & Cotai,8334,3393636.0,66570.0,28.42,0.507
2026,3,20,20:00,青洲區,Ilha Verde,Macau Peninsula,582,3393636.0,155940.0,66.58,1.577
2026,3,20,20:00,南西灣及主教山區,Praia Grande & Penha,Macau Peninsula,917,3393636.0,155940.0,66.58,1.577
2026,3,20,20:00,海洋及小潭山區,Jardins do Oceano & Taipa Pequena,Taipa & Cotai,803,3393636.0,66570.0,28.42,0.507
2026,3,20,20:00,東望洋區(松山區),Ferreira do Amaral (Guia),Macau Peninsula,385,3393636.0,155940.0,66.58,1.577
2026,3,20,20:00,大學及北安灣區,Universidade & Baía de Pac On,Taipa & Cotai,613,3393636.0,66570.0,28.42,0.507
2026,3,21,21:00,新橋區,Barca,Macau Peninsula,1483,3393636.0,155940.0,66.58,1.577
2026,3,21,21:00,中區,Baixa de Macau,Macau Peninsula,9420,3393636.0,155940.0,66.58,1.577
2026,3,21,21:00,氹仔中心區,Baixa da Taipa,Taipa & Cotai,4805,3393636.0,66570.0,28.42,0.507
2026,3,21,21:00,台山區,Tamagnini Barbosa,Macau Peninsula,2800,3393636.0,155940.0,66.58,1.577
2026,3,21,21:00,黑沙環新填海區,Novos Aterros da Areia Preta,Macau Peninsula,2060,3393636.0,155940.0,66.58,1.577
2026,3,21,21:00,望廈及水塘區,Móng Há & Reservatório,Macau Peninsula,1317,3393636.0,155940.0,66.58,1.577
2026,3,21,21:00,外港及南灣湖新填海區,Novos Aterros do Porto Exterior & Aterros da Baía da Praia Grande,Macau Peninsula,15181,3393636.0,155940.0,66.58,1.577
2026,3,21,21:00,路氹填海區,COTAI Reclamation Area,Taipa & Cotai,65349,3393636.0,66570.0,28.42,0.507
2026,3,21,21:00,黑沙環及祐漢區,Areia Preta & Iao Hon,Macau Peninsula,5140,3393636.0,155940.0,66.58,1.577
2026,3,21,21:00,下環區,Barra/Manduco,Macau Peninsula,2914,3393636.0,155940.0,66.58,1.577
2026,3,21,21:00,荷蘭園區,Conselheiro Ferreira de Almeida,Macau Peninsula,937,3393636.0,155940.0,66.58,1.577
2026,3,21,21:00,林茂塘區,Doca do Lamau,Macau Peninsula,791,3393636.0,155940.0,66.58,1.577
2026,3,21,21:00,沙梨頭及大三巴區,Patane & São Paulo,Macau Peninsula,2749,3393636.0,155940.0,66.58,1.577
2026,3,21,21:00,新口岸區,Zona de Aterros do Porto Exterior,Macau Peninsula,12060,3393636.0,155940.0,66.58,1.577
2026,3,21,21:00,高士德及雅廉訪區,Horta e Costa & Ouvidor Arriaga,Macau Peninsula,755,3393636.0,155940.0,66.58,1.577
2026,3,21,21:00,筷子基區,Fai Chi Kei,Macau Peninsula,739,3393636.0,155940.0,66.58,1.577
2026,3,21,21:00,氹仔舊城及馬場區,Cidade & Hipódromo da Taipa,Taipa & Cotai,6946,3393636.0,66570.0,28.42,0.507
2026,3,21,21:00,路環區,Coloane,Coloane,2200,3393636.0,11693.0,4.99,2.988
2026,3,21,21:00,北安及大潭山區,Pac On & Taipa Grande,Taipa & Cotai,7370,3393636.0,66570.0,28.42,0.507
2026,3,21,21:00,青洲區,Ilha Verde,Macau Peninsula,538,3393636.0,155940.0,66.58,1.577
2026,3,21,21:00,南西灣及主教山區,Praia Grande & Penha,Macau Peninsula,827,3393636.0,155940.0,66.58,1.577
2026,3,21,21:00,海洋及小潭山區,Jardins do Oceano & Taipa Pequena,Taipa & Cotai,722,3393636.0,66570.0,28.42,0.507
2026,3,21,21:00,東望洋區(松山區),Ferreira do Amaral (Guia),Macau Peninsula,341,3393636.0,155940.0,66.58,1.577
2026,3,21,21:00,大學及北安灣區,Universidade & Baía de Pac On,Taipa & Cotai,585,3393636.0,66570.0,28.42,0.507
2026,3,22,22:00,新橋區,Barca,Macau Peninsula,1406,3393636.0,155940.0,66.58,1.577
2026,3,22,22:00,中區,Baixa de Macau,Macau Peninsula,8411,3393636.0,155940.0,66.58,1.577
2026,3,22,22:00,氹仔中心區,Baixa da Taipa,Taipa & Cotai,4460,3393636.0,66570.0,28.42,0.507
2026,3,22,22:00,台山區,Tamagnini Barbosa,Macau Peninsula,2459,3393636.0,155940.0,66.58,1.577
2026,3,22,22:00,黑沙環新填海區,Novos Aterros da Areia Preta,Macau Peninsula,1961,3393636.0,155940.0,66.58,1.577
2026,3,22,22:00,望廈及水塘區,Móng Há & Reservatório,Macau Peninsula,1209,3393636.0,155940.0,66.58,1.577
2026,3,22,22:00,外港及南灣湖新填海區,Novos Aterros do Porto Exterior & Aterros da Baía da Praia Grande,Macau Peninsula,15055,3393636.0,155940.0,66.58,1.577
2026,3,22,22:00,路氹填海區,COTAI Reclamation Area,Taipa & Cotai,63244,3393636.0,66570.0,28.42,0.507
2026,3,22,22:00,黑沙環及祐漢區,Areia Preta & Iao Hon,Macau Peninsula,4260,3393636.0,155940.0,66.58,1.577
2026,3,22,22:00,下環區,Barra/Manduco,Macau Peninsula,2664,3393636.0,155940.0,66.58,1.577
2026,3,22,22:00,荷蘭園區,Conselheiro Ferreira de Almeida,Macau Peninsula,842,3393636.0,155940.0,66.58,1.577
2026,3,22,22:00,林茂塘區,Doca do Lamau,Macau Peninsula,728,3393636.0,155940.0,66.58,1.577
2026,3,22,22:00,沙梨頭及大三巴區,Patane & São Paulo,Macau Peninsula,2543,3393636.0,155940.0,66.58,1.577
2026,3,22,22:00,新口岸區,Zona de Aterros do Porto Exterior,Macau Peninsula,11606,3393636.0,155940.0,66.58,1.577
2026,3,22,22:00,高士德及雅廉訪區,Horta e Costa & Ouvidor Arriaga,Macau Peninsula,721,3393636.0,155940.0,66.58,1.577
2026,3,22,22:00,筷子基區,Fai Chi Kei,Macau Peninsula,678,3393636.0,155940.0,66.58,1.577
2026,3,22,22:00,氹仔舊城及馬場區,Cidade & Hipódromo da Taipa,Taipa & Cotai,5594,3393636.0,66570.0,28.42,0.507
2026,3,22,22:00,路環區,Coloane,Coloane,2076,3393636.0,11693.0,4.99,2.988
2026,3,22,22:00,北安及大潭山區,Pac On & Taipa Grande,Taipa & Cotai,6183,3393636.0,66570.0,28.42,0.507
2026,3,22,22:00,青洲區,Ilha Verde,Macau Peninsula,523,3393636.0,155940.0,66.58,1.577
2026,3,22,22:00,南西灣及主教山區,Praia Grande & Penha,Macau Peninsula,864,3393636.0,155940.0,66.58,1.577
2026,3,22,22:00,海洋及小潭山區,Jardins do Oceano & Taipa Pequena,Taipa & Cotai,724,3393636.0,66570.0,28.42,0.507
2026,3,22,22:00,東望洋區(松山區),Ferreira do Amaral (Guia),Macau Peninsula,340,3393636.0,155940.0,66.58,1.577
2026,3,22,22:00,大學及北安灣區,Universidade & Baía de Pac On,Taipa & Cotai,543,3393636.0,66570.0,28.42,0.507
2026,3,23,23:00,新橋區,Barca,Macau Peninsula,1387,3393636.0,155940.0,66.58,1.577
2026,3,23,23:00,中區,Baixa de Macau,Macau Peninsula,7643,3393636.0,155940.0,66.58,1.577
2026,3,23,23:00,氹仔中心區,Baixa da Taipa,Taipa & Cotai,4365,3393636.0,66570.0,28.42,0.507
2026,3,23,23:00,台山區,Tamagnini Barbosa,Macau Peninsula,2159,3393636.0,155940.0,66.58,1.577
2026,3,23,23:00,黑沙環新填海區,Novos Aterros da Areia Preta,Macau Peninsula,1836,3393636.0,155940.0,66.58,1.577
2026,3,23,23:00,望廈及水塘區,Móng Há & Reservatório,Macau Peninsula,1109,3393636.0,155940.0,66.58,1.577
2026,3,23,23:00,外港及南灣湖新填海區,Novos Aterros do Porto Exterior & Aterros da Baía da Praia Grande,Macau Peninsula,13951,3393636.0,155940.0,66.58,1.577
2026,3,23,23:00,路氹填海區,COTAI Reclamation Area,Taipa & Cotai,60764,3393636.0,66570.0,28.42,0.507
2026,3,23,23:00,黑沙環及祐漢區,Areia Preta & Iao Hon,Macau Peninsula,3452,3393636.0,155940.0,66.58,1.577
2026,3,23,23:00,下環區,Barra/Manduco,Macau Peninsula,2517,3393636.0,155940.0,66.58,1.577
2026,3,23,23:00,荷蘭園區,Conselheiro Ferreira de Almeida,Macau Peninsula,829,3393636.0,155940.0,66.58,1.577
2026,3,23,23:00,林茂塘區,Doca do Lamau,Macau Peninsula,695,3393636.0,155940.0,66.58,1.577
2026,3,23,23:00,沙梨頭及大三巴區,Patane & São Paulo,Macau Peninsula,2484,3393636.0,155940.0,66.58,1.577
2026,3,23,23:00,新口岸區,Zona de Aterros do Porto Exterior,Macau Peninsula,11427,3393636.0,155940.0,66.58,1.577
2026,3,23,23:00,高士德及雅廉訪區,Horta e Costa & Ouvidor Arriaga,Macau Peninsula,701,3393636.0,155940.0,66.58,1.577
2026,3,23,23:00,筷子基區,Fai Chi Kei,Macau Peninsula,628,3393636.0,155940.0,66.58,1.577
2026,3,23,23:00,氹仔舊城及馬場區,Cidade & Hipódromo da Taipa,Taipa & Cotai,4459,3393636.0,66570.0,28.42,0.507
2026,3,23,23:00,路環區,Coloane,Coloane,2005,3393636.0,11693.0,4.99,2.988
2026,3,23,23:00,北安及大潭山區,Pac On & Taipa Grande,Taipa & Cotai,4585,3393636.0,66570.0,28.42,0.507
2026,3,23,23:00,青洲區,Ilha Verde,Macau Peninsula,505,3393636.0,155940.0,66.58,1.577
2026,3,23,23:00,南西灣及主教山區,Praia Grande & Penha,Macau Peninsula,921,3393636.0,155940.0,66.58,1.577
2026,3,23,23:00,海洋及小潭山區,Jardins do Oceano & Taipa Pequena,Taipa & Cotai,663,3393636.0,66570.0,28.42,0.507
2026,3,23,23:00,東望洋區(松山區),Ferreira do Amaral (Guia),Macau Peninsula,344,3393636.0,155940.0,66.58,1.577
2026,3,23,23:00,大學及北安灣區,Universidade & Baía de Pac On,Taipa & Cotai,440,3393636.0,66570.0,28.42,0.507
2026,2,0,00:00,新橋區,Barca,Macau Peninsula,1586,4172940.0,155940.0,66.58,1.577
2026,2,0,00:00,中區,Baixa de Macau,Macau Peninsula,7809,4172940.0,155940.0,66.58,1.577
2026,2,0,00:00,氹仔中心區,Baixa da Taipa,Taipa & Cotai,5313,4172940.0,66570.0,28.42,0.507
2026,2,0,00:00,台山區,Tamagnini Barbosa,Macau Peninsula,1936,4172940.0,155940.0,66.58,1.577
2026,2,0,00:00,黑沙環新填海區,Novos Aterros da Areia Preta,Macau Peninsula,2002,4172940.0,155940.0,66.58,1.577
2026,2,0,00:00,望廈及水塘區,Móng Há & Reservatório,Macau Peninsula,1142,4172940.0,155940.0,66.58,1.577
2026,2,0,00:00,外港及南灣湖新填海區,Novos Aterros do Porto Exterior & Aterros da Baía da Praia Grande,Macau Peninsula,13584,4172940.0,155940.0,66.58,1.577
2026,2,0,00:00,路氹填海區,COTAI Reclamation Area,Taipa & Cotai,65458,4172940.0,66570.0,28.42,0.507
2026,2,0,00:00,黑沙環及祐漢區,Areia Preta & Iao Hon,Macau Peninsula,3127,4172940.0,155940.0,66.58,1.577
2026,2,0,00:00,下環區,Barra/Manduco,Macau Peninsula,3171,4172940.0,155940.0,66.58,1.577
2026,2,0,00:00,荷蘭園區,Conselheiro Ferreira de Almeida,Macau Peninsula,1027,4172940.0,155940.0,66.58,1.577
2026,2,0,00:00,林茂塘區,Doca do Lamau,Macau Peninsula,756,4172940.0,155940.0,66.58,1.577
2026,2,0,00:00,沙梨頭及大三巴區,Patane & São Paulo,Macau Peninsula,3180,4172940.0,155940.0,66.58,1.577
2026,2,0,00:00,新口岸區,Zona de Aterros do Porto Exterior,Macau Peninsula,14361,4172940.0,155940.0,66.58,1.577
2026,2,0,00:00,高士德及雅廉訪區,Horta e Costa & Ouvidor Arriaga,Macau Peninsula,865,4172940.0,155940.0,66.58,1.577
2026,2,0,00:00,筷子基區,Fai Chi Kei,Macau Peninsula,715,4172940.0,155940.0,66.58,1.577
2026,2,0,00:00,氹仔舊城及馬場區,Cidade & Hipódromo da Taipa,Taipa & Cotai,4877,4172940.0,66570.0,28.42,0.507
2026,2,0,00:00,路環區,Coloane,Coloane,2036,4172940.0,11693.0,4.99,2.988
2026,2,0,00:00,北安及大潭山區,Pac On & Taipa Grande,Taipa & Cotai,3865,4172940.0,66570.0,28.42,0.507
2026,2,0,00:00,青洲區,Ilha Verde,Macau Peninsula,477,4172940.0,155940.0,66.58,1.577
2026,2,0,00:00,南西灣及主教山區,Praia Grande & Penha,Macau Peninsula,1238,4172940.0,155940.0,66.58,1.577
2026,2,0,00:00,海洋及小潭山區,Jardins do Oceano & Taipa Pequena,Taipa & Cotai,707,4172940.0,66570.0,28.42,0.507
2026,2,0,00:00,東望洋區(松山區),Ferreira do Amaral (Guia),Macau Peninsula,509,4172940.0,155940.0,66.58,1.577
2026,2,0,00:00,大學及北安灣區,Universidade & Baía de Pac On,Taipa & Cotai,286,4172940.0,66570.0,28.42,0.507
2026,2,1,01:00,新橋區,Barca,Macau Peninsula,1414,4172940.0,155940.0,66.58,1.577
2026,2,1,01:00,中區,Baixa de Macau,Macau Peninsula,6948,4172940.0,155940.0,66.58,1.577
2026,2,1,01:00,氹仔中心區,Baixa da Taipa,Taipa & Cotai,4877,4172940.0,66570.0,28.42,0.507
2026,2,1,01:00,台山區,Tamagnini Barbosa,Macau Peninsula,1474,4172940.0,155940.0,66.58,1.577
2026,2,1,01:00,黑沙環新填海區,Novos Aterros da Areia Preta,Macau Peninsula,1606,4172940.0,155940.0,66.58,1.577
2026,2,1,01:00,望廈及水塘區,Móng Há & Reservatório,Macau Peninsula,923,4172940.0,155940.0,66.58,1.577
2026,2,1,01:00,外港及南灣湖新填海區,Novos Aterros do Porto Exterior & Aterros da Baía da Praia Grande,Macau Peninsula,12230,4172940.0,155940.0,66.58,1.577
2026,2,1,01:00,路氹填海區,COTAI Reclamation Area,Taipa & Cotai,61529,4172940.0,66570.0,28.42,0.507
2026,2,1,01:00,黑沙環及祐漢區,Areia Preta & Iao Hon,Macau Peninsula,1695,4172940.0,155940.0,66.58,1.577
2026,2,1,01:00,下環區,Barra/Manduco,Macau Peninsula,2977,4172940.0,155940.0,66.58,1.577
2026,2,1,01:00,荷蘭園區,Conselheiro Ferreira de Almeida,Macau Peninsula,969,4172940.0,155940.0,66.58,1.577
2026,2,1,01:00,林茂塘區,Doca do Lamau,Macau Peninsula,601,4172940.0,155940.0,66.58,1.577
2026,2,1,01:00,沙梨頭及大三巴區,Patane & São Paulo,Macau Peninsula,3001,4172940.0,155940.0,66.58,1.577
2026,2,1,01:00,新口岸區,Zona de Aterros do Porto Exterior,Macau Peninsula,14308,4172940.0,155940.0,66.58,1.577
2026,2,1,01:00,高士德及雅廉訪區,Horta e Costa & Ouvidor Arriaga,Macau Peninsula,768,4172940.0,155940.0,66.58,1.577
2026,2,1,01:00,筷子基區,Fai Chi Kei,Macau Peninsula,612,4172940.0,155940.0,66.58,1.577
2026,2,1,01:00,氹仔舊城及馬場區,Cidade & Hipódromo da Taipa,Taipa & Cotai,4253,4172940.0,66570.0,28.42,0.507
2026,2,1,01:00,路環區,Coloane,Coloane,1825,4172940.0,11693.0,4.99,2.988
2026,2,1,01:00,北安及大潭山區,Pac On & Taipa Grande,Taipa & Cotai,3234,4172940.0,66570.0,28.42,0.507
2026,2,1,01:00,青洲區,Ilha Verde,Macau Peninsula,349,4172940.0,155940.0,66.58,1.577
2026,2,1,01:00,南西灣及主教山區,Praia Grande & Penha,Macau Peninsula,1169,4172940.0,155940.0,66.58,1.577
2026,2,1,01:00,海洋及小潭山區,Jardins do Oceano & Taipa Pequena,Taipa & Cotai,512,4172940.0,66570.0,28.42,0.507
2026,2,1,01:00,東望洋區(松山區),Ferreira do Amaral (Guia),Macau Peninsula,458,4172940.0,155940.0,66.58,1.577
2026,2,1,01:00,大學及北安灣區,Universidade & Baía de Pac On,Taipa & Cotai,244,4172940.0,66570.0,28.42,0.507
2026,2,2,02:00,新橋區,Barca,Macau Peninsula,1433,4172940.0,155940.0,66.58,1.577
2026,2,2,02:00,中區,Baixa de Macau,Macau Peninsula,6725,4172940.0,155940.0,66.58,1.577
2026,2,2,02:00,氹仔中心區,Baixa da Taipa,Taipa & Cotai,4856,4172940.0,66570.0,28.42,0.507
2026,2,2,02:00,台山區,Tamagnini Barbosa,Macau Peninsula,1383,4172940.0,155940.0,66.58,1.577
2026,2,2,02:00,黑沙環新填海區,Novos Aterros da Areia Preta,Macau Peninsula,1585,4172940.0,155940.0,66.58,1.577
2026,2,2,02:00,望廈及水塘區,Móng Há & Reservatório,Macau Peninsula,890,4172940.0,155940.0,66.58,1.577
2026,2,2,02:00,外港及南灣湖新填海區,Novos Aterros do Porto Exterior & Aterros da Baía da Praia Grande,Macau Peninsula,11745,4172940.0,155940.0,66.58,1.577
2026,2,2,02:00,路氹填海區,COTAI Reclamation Area,Taipa & Cotai,60926,4172940.0,66570.0,28.42,0.507
2026,2,2,02:00,黑沙環及祐漢區,Areia Preta & Iao Hon,Macau Peninsula,1595,4172940.0,155940.0,66.58,1.577
2026,2,2,02:00,下環區,Barra/Manduco,Macau Peninsula,3018,4172940.0,155940.0,66.58,1.577
2026,2,2,02:00,荷蘭園區,Conselheiro Ferreira de Almeida,Macau Peninsula,1009,4172940.0,155940.0,66.58,1.577
2026,2,2,02:00,林茂塘區,Doca do Lamau,Macau Peninsula,592,4172940.0,155940.0,66.58,1.577
2026,2,2,02:00,沙梨頭及大三巴區,Patane & São Paulo,Macau Peninsula,3049,4172940.0,155940.0,66.58,1.577
2026,2,2,02:00,新口岸區,Zona de Aterros do Porto Exterior,Macau Peninsula,14698,4172940.0,155940.0,66.58,1.577
2026,2,2,02:00,高士德及雅廉訪區,Horta e Costa & Ouvidor Arriaga,Macau Peninsula,784,4172940.0,155940.0,66.58,1.577
2026,2,2,02:00,筷子基區,Fai Chi Kei,Macau Peninsula,632,4172940.0,155940.0,66.58,1.577
2026,2,2,02:00,氹仔舊城及馬場區,Cidade & Hipódromo da Taipa,Taipa & Cotai,4124,4172940.0,66570.0,28.42,0.507
2026,2,2,02:00,路環區,Coloane,Coloane,1798,4172940.0,11693.0,4.99,2.988
2026,2,2,02:00,北安及大潭山區,Pac On & Taipa Grande,Taipa & Cotai,3105,4172940.0,66570.0,28.42,0.507
2026,2,2,02:00,青洲區,Ilha Verde,Macau Peninsula,349,4172940.0,155940.0,66.58,1.577
2026,2,2,02:00,南西灣及主教山區,Praia Grande & Penha,Macau Peninsula,1220,4172940.0,155940.0,66.58,1.577
2026,2,2,02:00,海洋及小潭山區,Jardins do Oceano & Taipa Pequena,Taipa & Cotai,451,4172940.0,66570.0,28.42,0.507
2026,2,2,02:00,東望洋區(松山區),Ferreira do Amaral (Guia),Macau Peninsula,464,4172940.0,155940.0,66.58,1.577
2026,2,2,02:00,大學及北安灣區,Universidade & Baía de Pac On,Taipa & Cotai,243,4172940.0,66570.0,28.42,0.507
2026,2,3,03:00,新橋區,Barca,Macau Peninsula,1431,4172940.0,155940.0,66.58,1.577
2026,2,3,03:00,中區,Baixa de Macau,Macau Peninsula,6462,4172940.0,155940.0,66.58,1.577
2026,2,3,03:00,氹仔中心區,Baixa da Taipa,Taipa & Cotai,4835,4172940.0,66570.0,28.42,0.507
2026,2,3,03:00,台山區,Tamagnini Barbosa,Macau Peninsula,1349,4172940.0,155940.0,66.58,1.577
2026,2,3,03:00,黑沙環新填海區,Novos Aterros da Areia Preta,Macau Peninsula,1573,4172940.0,155940.0,66.58,1.577
2026,2,3,03:00,望廈及水塘區,Móng Há & Reservatório,Macau Peninsula,861,4172940.0,155940.0,66.58,1.577
2026,2,3,03:00,外港及南灣湖新填海區,Novos Aterros do Porto Exterior & Aterros da Baía da Praia Grande,Macau Peninsula,11248,4172940.0,155940.0,66.58,1.577
2026,2,3,03:00,路氹填海區,COTAI Reclamation Area,Taipa & Cotai,60529,4172940.0,66570.0,28.42,0.507
2026,2,3,03:00,黑沙環及祐漢區,Areia Preta & Iao Hon,Macau Peninsula,1612,4172940.0,155940.0,66.58,1.577
2026,2,3,03:00,下環區,Barra/Manduco,Macau Peninsula,3052,4172940.0,155940.0,66.58,1.577
2026,2,3,03:00,荷蘭園區,Conselheiro Ferreira de Almeida,Macau Peninsula,1027,4172940.0,155940.0,66.58,1.577
2026,2,3,03:00,林茂塘區,Doca do Lamau,Macau Peninsula,594,4172940.0,155940.0,66.58,1.577
2026,2,3,03:00,沙梨頭及大三巴區,Patane & São Paulo,Macau Peninsula,3045,4172940.0,155940.0,66.58,1.577
2026,2,3,03:00,新口岸區,Zona de Aterros do Porto Exterior,Macau Peninsula,15084,4172940.0,155940.0,66.58,1.577
2026,2,3,03:00,高士德及雅廉訪區,Horta e Costa & Ouvidor Arriaga,Macau Peninsula,813,4172940.0,155940.0,66.58,1.577
2026,2,3,03:00,筷子基區,Fai Chi Kei,Macau Peninsula,625,4172940.0,155940.0,66.58,1.577
2026,2,3,03:00,氹仔舊城及馬場區,Cidade & Hipódromo da Taipa,Taipa & Cotai,4040,4172940.0,66570.0,28.42,0.507
2026,2,3,03:00,路環區,Coloane,Coloane,1828,4172940.0,11693.0,4.99,2.988
2026,2,3,03:00,北安及大潭山區,Pac On & Taipa Grande,Taipa & Cotai,3069,4172940.0,66570.0,28.42,0.507
2026,2,3,03:00,青洲區,Ilha Verde,Macau Peninsula,338,4172940.0,155940.0,66.58,1.577
2026,2,3,03:00,南西灣及主教山區,Praia Grande & Penha,Macau Peninsula,1248,4172940.0,155940.0,66.58,1.577
2026,2,3,03:00,海洋及小潭山區,Jardins do Oceano & Taipa Pequena,Taipa & Cotai,428,4172940.0,66570.0,28.42,0.507
2026,2,3,03:00,東望洋區(松山區),Ferreira do Amaral (Guia),Macau Peninsula,474,4172940.0,155940.0,66.58,1.577
2026,2,3,03:00,大學及北安灣區,Universidade & Baía de Pac On,Taipa & Cotai,248,4172940.0,66570.0,28.42,0.507
2026,2,4,04:00,新橋區,Barca,Macau Peninsula,1452,4172940.0,155940.0,66.58,1.577
2026,2,4,04:00,中區,Baixa de Macau,Macau Peninsula,6209,4172940.0,155940.0,66.58,1.577
2026,2,4,04:00,氹仔中心區,Baixa da Taipa,Taipa & Cotai,4788,4172940.0,66570.0,28.42,0.507
2026,2,4,04:00,台山區,Tamagnini Barbosa,Macau Peninsula,1318,4172940.0,155940.0,66.58,1.577
2026,2,4,04:00,黑沙環新填海區,Novos Aterros da Areia Preta,Macau Peninsula,1537,4172940.0,155940.0,66.58,1.577
2026,2,4,04:00,望廈及水塘區,Móng Há & Reservatório,Macau Peninsula,843,4172940.0,155940.0,66.58,1.577
2026,2,4,04:00,外港及南灣湖新填海區,Novos Aterros do Porto Exterior & Aterros da Baía da Praia Grande,Macau Peninsula,10749,4172940.0,155940.0,66.58,1.577
2026,2,4,04:00,路氹填海區,COTAI Reclamation Area,Taipa & Cotai,59980,4172940.0,66570.0,28.42,0.507
2026,2,4,04:00,黑沙環及祐漢區,Areia Preta & Iao Hon,Macau Peninsula,1622,4172940.0,155940.0,66.58,1.577
2026,2,4,04:00,下環區,Barra/Manduco,Macau Peninsula,3048,4172940.0,155940.0,66.58,1.577
2026,2,4,04:00,荷蘭園區,Conselheiro Ferreira de Almeida,Macau Peninsula,1032,4172940.0,155940.0,66.58,1.577
2026,2,4,04:00,林茂塘區,Doca do Lamau,Macau Peninsula,595,4172940.0,155940.0,66.58,1.577
2026,2,4,04:00,沙梨頭及大三巴區,Patane & São Paulo,Macau Peninsula,3036,4172940.0,155940.0,66.58,1.577
2026,2,4,04:00,新口岸區,Zona de Aterros do Porto Exterior,Macau Peninsula,15313,4172940.0,155940.0,66.58,1.577
2026,2,4,04:00,高士德及雅廉訪區,Horta e Costa & Ouvidor Arriaga,Macau Peninsula,803,4172940.0,155940.0,66.58,1.577
2026,2,4,04:00,筷子基區,Fai Chi Kei,Macau Peninsula,615,4172940.0,155940.0,66.58,1.577
2026,2,4,04:00,氹仔舊城及馬場區,Cidade & Hipódromo da Taipa,Taipa & Cotai,3965,4172940.0,66570.0,28.42,0.507
2026,2,4,04:00,路環區,Coloane,Coloane,1805,4172940.0,11693.0,4.99,2.988
2026,2,4,04:00,北安及大潭山區,Pac On & Taipa Grande,Taipa & Cotai,3051,4172940.0,66570.0,28.42,0.507
2026,2,4,04:00,青洲區,Ilha Verde,Macau Peninsula,340,4172940.0,155940.0,66.58,1.577
2026,2,4,04:00,南西灣及主教山區,Praia Grande & Penha,Macau Peninsula,1259,4172940.0,155940.0,66.58,1.577
2026,2,4,04:00,海洋及小潭山區,Jardins do Oceano & Taipa Pequena,Taipa & Cotai,415,4172940.0,66570.0,28.42,0.507
2026,2,4,04:00,東望洋區(松山區),Ferreira do Amaral (Guia),Macau Peninsula,478,4172940.0,155940.0,66.58,1.577
2026,2,4,04:00,大學及北安灣區,Universidade & Baía de Pac On,Taipa & Cotai,247,4172940.0,66570.0,28.42,0.507
2026,2,5,05:00,新橋區,Barca,Macau Peninsula,1487,4172940.0,155940.0,66.58,1.577
2026,2,5,05:00,中區,Baixa de Macau,Macau Peninsula,6024,4172940.0,155940.0,66.58,1.577
2026,2,5,05:00,氹仔中心區,Baixa da Taipa,Taipa & Cotai,4779,4172940.0,66570.0,28.42,0.507
2026,2,5,05:00,台山區,Tamagnini Barbosa,Macau Peninsula,1299,4172940.0,155940.0,66.58,1.577
2026,2,5,05:00,黑沙環新填海區,Novos Aterros da Areia Preta,Macau Peninsula,1535,4172940.0,155940.0,66.58,1.577
2026,2,5,05:00,望廈及水塘區,Móng Há & Reservatório,Macau Peninsula,844,4172940.0,155940.0,66.58,1.577
2026,2,5,05:00,外港及南灣湖新填海區,Novos Aterros do Porto Exterior & Aterros da Baía da Praia Grande,Macau Peninsula,10368,4172940.0,155940.0,66.58,1.577
2026,2,5,05:00,路氹填海區,COTAI Reclamation Area,Taipa & Cotai,59502,4172940.0,66570.0,28.42,0.507
2026,2,5,05:00,黑沙環及祐漢區,Areia Preta & Iao Hon,Macau Peninsula,1642,4172940.0,155940.0,66.58,1.577
2026,2,5,05:00,下環區,Barra/Manduco,Macau Peninsula,3056,4172940.0,155940.0,66.58,1.577
2026,2,5,05:00,荷蘭園區,Conselheiro Ferreira de Almeida,Macau Peninsula,1035,4172940.0,155940.0,66.58,1.577
2026,2,5,05:00,林茂塘區,Doca do Lamau,Macau Peninsula,598,4172940.0,155940.0,66.58,1.577
2026,2,5,05:00,沙梨頭及大三巴區,Patane & São Paulo,Macau Peninsula,3037,4172940.0,155940.0,66.58,1.577
2026,2,5,05:00,新口岸區,Zona de Aterros do Porto Exterior,Macau Peninsula,15429,4172940.0,155940.0,66.58,1.577
2026,2,5,05:00,高士德及雅廉訪區,Horta e Costa & Ouvidor Arriaga,Macau Peninsula,809,4172940.0,155940.0,66.58,1.577
2026,2,5,05:00,筷子基區,Fai Chi Kei,Macau Peninsula,613,4172940.0,155940.0,66.58,1.577
2026,2,5,05:00,氹仔舊城及馬場區,Cidade & Hipódromo da Taipa,Taipa & Cotai,3883,4172940.0,66570.0,28.42,0.507
2026,2,5,05:00,路環區,Coloane,Coloane,1792,4172940.0,11693.0,4.99,2.988
2026,2,5,05:00,北安及大潭山區,Pac On & Taipa Grande,Taipa & Cotai,2926,4172940.0,66570.0,28.42,0.507
2026,2,5,05:00,青洲區,Ilha Verde,Macau Peninsula,344,4172940.0,155940.0,66.58,1.577
2026,2,5,05:00,南西灣及主教山區,Praia Grande & Penha,Macau Peninsula,1260,4172940.0,155940.0,66.58,1.577
2026,2,5,05:00,海洋及小潭山區,Jardins do Oceano & Taipa Pequena,Taipa & Cotai,398,4172940.0,66570.0,28.42,0.507
2026,2,5,05:00,東望洋區(松山區),Ferreira do Amaral (Guia),Macau Peninsula,479,4172940.0,155940.0,66.58,1.577
2026,2,5,05:00,大學及北安灣區,Universidade & Baía de Pac On,Taipa & Cotai,252,4172940.0,66570.0,28.42,0.507
2026,2,6,06:00,新橋區,Barca,Macau Peninsula,1507,4172940.0,155940.0,66.58,1.577
2026,2,6,06:00,中區,Baixa de Macau,Macau Peninsula,5901,4172940.0,155940.0,66.58,1.577
2026,2,6,06:00,氹仔中心區,Baixa da Taipa,Taipa & Cotai,4795,4172940.0,66570.0,28.42,0.507
2026,2,6,06:00,台山區,Tamagnini Barbosa,Macau Peninsula,1341,4172940.0,155940.0,66.58,1.577
2026,2,6,06:00,黑沙環新填海區,Novos Aterros da Areia Preta,Macau Peninsula,1531,4172940.0,155940.0,66.58,1.577
2026,2,6,06:00,望廈及水塘區,Móng Há & Reservatório,Macau Peninsula,854,4172940.0,155940.0,66.58,1.577
2026,2,6,06:00,外港及南灣湖新填海區,Novos Aterros do Porto Exterior & Aterros da Baía da Praia Grande,Macau Peninsula,10134,4172940.0,155940.0,66.58,1.577
2026,2,6,06:00,路氹填海區,COTAI Reclamation Area,Taipa & Cotai,59243,4172940.0,66570.0,28.42,0.507
2026,2,6,06:00,黑沙環及祐漢區,Areia Preta & Iao Hon,Macau Peninsula,1661,4172940.0,155940.0,66.58,1.577
2026,2,6,06:00,下環區,Barra/Manduco,Macau Peninsula,3072,4172940.0,155940.0,66.58,1.577
2026,2,6,06:00,荷蘭園區,Conselheiro Ferreira de Almeida,Macau Peninsula,1040,4172940.0,155940.0,66.58,1.577
2026,2,6,06:00,林茂塘區,Doca do Lamau,Macau Peninsula,603,4172940.0,155940.0,66.58,1.577
2026,2,6,06:00,沙梨頭及大三巴區,Patane & São Paulo,Macau Peninsula,3058,4172940.0,155940.0,66.58,1.577
2026,2,6,06:00,新口岸區,Zona de Aterros do Porto Exterior,Macau Peninsula,15500,4172940.0,155940.0,66.58,1.577
2026,2,6,06:00,高士德及雅廉訪區,Horta e Costa & Ouvidor Arriaga,Macau Peninsula,805,4172940.0,155940.0,66.58,1.577
2026,2,6,06:00,筷子基區,Fai Chi Kei,Macau Peninsula,616,4172940.0,155940.0,66.58,1.577
2026,2,6,06:00,氹仔舊城及馬場區,Cidade & Hipódromo da Taipa,Taipa & Cotai,3848,4172940.0,66570.0,28.42,0.507
2026,2,6,06:00,路環區,Coloane,Coloane,1814,4172940.0,11693.0,4.99,2.988
2026,2,6,06:00,北安及大潭山區,Pac On & Taipa Grande,Taipa & Cotai,2914,4172940.0,66570.0,28.42,0.507
2026,2,6,06:00,青洲區,Ilha Verde,Macau Peninsula,346,4172940.0,155940.0,66.58,1.577
2026,2,6,06:00,南西灣及主教山區,Praia Grande & Penha,Macau Peninsula,1268,4172940.0,155940.0,66.58,1.577
2026,2,6,06:00,海洋及小潭山區,Jardins do Oceano & Taipa Pequena,Taipa & Cotai,394,4172940.0,66570.0,28.42,0.507
2026,2,6,06:00,東望洋區(松山區),Ferreira do Amaral (Guia),Macau Peninsula,482,4172940.0,155940.0,66.58,1.577
2026,2,6,06:00,大學及北安灣區,Universidade & Baía de Pac On,Taipa & Cotai,260,4172940.0,66570.0,28.42,0.507
2026,2,7,07:00,新橋區,Barca,Macau Peninsula,1511,4172940.0,155940.0,66.58,1.577
2026,2,7,07:00,中區,Baixa de Macau,Macau Peninsula,5930,4172940.0,155940.0,66.58,1.577
2026,2,7,07:00,氹仔中心區,Baixa da Taipa,Taipa & Cotai,4833,4172940.0,66570.0,28.42,0.507
2026,2,7,07:00,台山區,Tamagnini Barbosa,Macau Peninsula,1563,4172940.0,155940.0,66.58,1.577
2026,2,7,07:00,黑沙環新填海區,Novos Aterros da Areia Preta,Macau Peninsula,1551,4172940.0,155940.0,66.58,1.577
2026,2,7,07:00,望廈及水塘區,Móng Há & Reservatório,Macau Peninsula,891,4172940.0,155940.0,66.58,1.577
2026,2,7,07:00,外港及南灣湖新填海區,Novos Aterros do Porto Exterior & Aterros da Baía da Praia Grande,Macau Peninsula,10032,4172940.0,155940.0,66.58,1.577
2026,2,7,07:00,路氹填海區,COTAI Reclamation Area,Taipa & Cotai,59194,4172940.0,66570.0,28.42,0.507
2026,2,7,07:00,黑沙環及祐漢區,Areia Preta & Iao Hon,Macau Peninsula,1917,4172940.0,155940.0,66.58,1.577
2026,2,7,07:00,下環區,Barra/Manduco,Macau Peninsula,3040,4172940.0,155940.0,66.58,1.577
2026,2,7,07:00,荷蘭園區,Conselheiro Ferreira de Almeida,Macau Peninsula,973,4172940.0,155940.0,66.58,1.577
2026,2,7,07:00,林茂塘區,Doca do Lamau,Macau Peninsula,634,4172940.0,155940.0,66.58,1.577
2026,2,7,07:00,沙梨頭及大三巴區,Patane & São Paulo,Macau Peninsula,3055,4172940.0,155940.0,66.58,1.577
2026,2,7,07:00,新口岸區,Zona de Aterros do Porto Exterior,Macau Peninsula,15661,4172940.0,155940.0,66.58,1.577
2026,2,7,07:00,高士德及雅廉訪區,Horta e Costa & Ouvidor Arriaga,Macau Peninsula,849,4172940.0,155940.0,66.58,1.577
2026,2,7,07:00,筷子基區,Fai Chi Kei,Macau Peninsula,565,4172940.0,155940.0,66.58,1.577
2026,2,7,07:00,氹仔舊城及馬場區,Cidade & Hipódromo da Taipa,Taipa & Cotai,3897,4172940.0,66570.0,28.42,0.507
2026,2,7,07:00,路環區,Coloane,Coloane,1850,4172940.0,11693.0,4.99,2.988
2026,2,7,07:00,北安及大潭山區,Pac On & Taipa Grande,Taipa & Cotai,2972,4172940.0,66570.0,28.42,0.507
2026,2,7,07:00,青洲區,Ilha Verde,Macau Peninsula,376,4172940.0,155940.0,66.58,1.577
2026,2,7,07:00,南西灣及主教山區,Praia Grande & Penha,Macau Peninsula,1248,4172940.0,155940.0,66.58,1.577
2026,2,7,07:00,海洋及小潭山區,Jardins do Oceano & Taipa Pequena,Taipa & Cotai,414,4172940.0,66570.0,28.42,0.507
2026,2,7,07:00,東望洋區(松山區),Ferreira do Amaral (Guia),Macau Peninsula,514,4172940.0,155940.0,66.58,1.577
2026,2,7,07:00,大學及北安灣區,Universidade & Baía de Pac On,Taipa & Cotai,253,4172940.0,66570.0,28.42,0.507
2026,2,8,08:00,新橋區,Barca,Macau Peninsula,1516,4172940.0,155940.0,66.58,1.577
2026,2,8,08:00,中區,Baixa de Macau,Macau Peninsula,6024,4172940.0,155940.0,66.58,1.577
2026,2,8,08:00,氹仔中心區,Baixa da Taipa,Taipa & Cotai,4931,4172940.0,66570.0,28.42,0.507
2026,2,8,08:00,台山區,Tamagnini Barbosa,Macau Peninsula,1925,4172940.0,155940.0,66.58,1.577
2026,2,8,08:00,黑沙環新填海區,Novos Aterros da Areia Preta,Macau Peninsula,1640,4172940.0,155940.0,66.58,1.577
2026,2,8,08:00,望廈及水塘區,Móng Há & Reservatório,Macau Peninsula,979,4172940.0,155940.0,66.58,1.577
2026,2,8,08:00,外港及南灣湖新填海區,Novos Aterros do Porto Exterior & Aterros da Baía da Praia Grande,Macau Peninsula,10060,4172940.0,155940.0,66.58,1.577
2026,2,8,08:00,路氹填海區,COTAI Reclamation Area,Taipa & Cotai,59502,4172940.0,66570.0,28.42,0.507
2026,2,8,08:00,黑沙環及祐漢區,Areia Preta & Iao Hon,Macau Peninsula,2673,4172940.0,155940.0,66.58,1.577
2026,2,8,08:00,下環區,Barra/Manduco,Macau Peninsula,3034,4172940.0,155940.0,66.58,1.577
2026,2,8,08:00,荷蘭園區,Conselheiro Ferreira de Almeida,Macau Peninsula,994,4172940.0,155940.0,66.58,1.577
2026,2,8,08:00,林茂塘區,Doca do Lamau,Macau Peninsula,651,4172940.0,155940.0,66.58,1.577
2026,2,8,08:00,沙梨頭及大三巴區,Patane & São Paulo,Macau Peninsula,3148,4172940.0,155940.0,66.58,1.577
2026,2,8,08:00,新口岸區,Zona de Aterros do Porto Exterior,Macau Peninsula,15936,4172940.0,155940.0,66.58,1.577
2026,2,8,08:00,高士德及雅廉訪區,Horta e Costa & Ouvidor Arriaga,Macau Peninsula,877,4172940.0,155940.0,66.58,1.577
2026,2,8,08:00,筷子基區,Fai Chi Kei,Macau Peninsula,564,4172940.0,155940.0,66.58,1.577
2026,2,8,08:00,氹仔舊城及馬場區,Cidade & Hipódromo da Taipa,Taipa & Cotai,3993,4172940.0,66570.0,28.42,0.507
2026,2,8,08:00,路環區,Coloane,Coloane,1933,4172940.0,11693.0,4.99,2.988
2026,2,8,08:00,北安及大潭山區,Pac On & Taipa Grande,Taipa & Cotai,3151,4172940.0,66570.0,28.42,0.507
2026,2,8,08:00,青洲區,Ilha Verde,Macau Peninsula,412,4172940.0,155940.0,66.58,1.577
2026,2,8,08:00,南西灣及主教山區,Praia Grande & Penha,Macau Peninsula,1290,4172940.0,155940.0,66.58,1.577
2026,2,8,08:00,海洋及小潭山區,Jardins do Oceano & Taipa Pequena,Taipa & Cotai,443,4172940.0,66570.0,28.42,0.507
2026,2,8,08:00,東望洋區(松山區),Ferreira do Amaral (Guia),Macau Peninsula,547,4172940.0,155940.0,66.58,1.577
2026,2,8,08:00,大學及北安灣區,Universidade & Baía de Pac On,Taipa & Cotai,266,4172940.0,66570.0,28.42,0.507
2026,2,9,09:00,新橋區,Barca,Macau Peninsula,1591,4172940.0,155940.0,66.58,1.577
2026,2,9,09:00,中區,Baixa de Macau,Macau Peninsula,6468,4172940.0,155940.0,66.58,1.577
2026,2,9,09:00,氹仔中心區,Baixa da Taipa,Taipa & Cotai,5068,4172940.0,66570.0,28.42,0.507
2026,2,9,09:00,台山區,Tamagnini Barbosa,Macau Peninsula,2665,4172940.0,155940.0,66.58,1.577
2026,2,9,09:00,黑沙環新填海區,Novos Aterros da Areia Preta,Macau Peninsula,1847,4172940.0,155940.0,66.58,1.577
2026,2,9,09:00,望廈及水塘區,Móng Há & Reservatório,Macau Peninsula,1129,4172940.0,155940.0,66.58,1.577
2026,2,9,09:00,外港及南灣湖新填海區,Novos Aterros do Porto Exterior & Aterros da Baía da Praia Grande,Macau Peninsula,10314,4172940.0,155940.0,66.58,1.577
2026,2,9,09:00,路氹填海區,COTAI Reclamation Area,Taipa & Cotai,60157,4172940.0,66570.0,28.42,0.507
2026,2,9,09:00,黑沙環及祐漢區,Areia Preta & Iao Hon,Macau Peninsula,4876,4172940.0,155940.0,66.58,1.577
2026,2,9,09:00,下環區,Barra/Manduco,Macau Peninsula,3207,4172940.0,155940.0,66.58,1.577
2026,2,9,09:00,荷蘭園區,Conselheiro Ferreira de Almeida,Macau Peninsula,1057,4172940.0,155940.0,66.58,1.577
2026,2,9,09:00,林茂塘區,Doca do Lamau,Macau Peninsula,669,4172940.0,155940.0,66.58,1.577
2026,2,9,09:00,沙梨頭及大三巴區,Patane & São Paulo,Macau Peninsula,3498,4172940.0,155940.0,66.58,1.577
2026,2,9,09:00,新口岸區,Zona de Aterros do Porto Exterior,Macau Peninsula,16331,4172940.0,155940.0,66.58,1.577
2026,2,9,09:00,高士德及雅廉訪區,Horta e Costa & Ouvidor Arriaga,Macau Peninsula,912,4172940.0,155940.0,66.58,1.577
2026,2,9,09:00,筷子基區,Fai Chi Kei,Macau Peninsula,622,4172940.0,155940.0,66.58,1.577
2026,2,9,09:00,氹仔舊城及馬場區,Cidade & Hipódromo da Taipa,Taipa & Cotai,4252,4172940.0,66570.0,28.42,0.507
2026,2,9,09:00,路環區,Coloane,Coloane,2159,4172940.0,11693.0,4.99,2.988
2026,2,9,09:00,北安及大潭山區,Pac On & Taipa Grande,Taipa & Cotai,3661,4172940.0,66570.0,28.42,0.507
2026,2,9,09:00,青洲區,Ilha Verde,Macau Peninsula,496,4172940.0,155940.0,66.58,1.577
2026,2,9,09:00,南西灣及主教山區,Praia Grande & Penha,Macau Peninsula,1308,4172940.0,155940.0,66.58,1.577
2026,2,9,09:00,海洋及小潭山區,Jardins do Oceano & Taipa Pequena,Taipa & Cotai,516,4172940.0,66570.0,28.42,0.507
2026,2,9,09:00,東望洋區(松山區),Ferreira do Amaral (Guia),Macau Peninsula,589,4172940.0,155940.0,66.58,1.577
2026,2,9,09:00,大學及北安灣區,Universidade & Baía de Pac On,Taipa & Cotai,286,4172940.0,66570.0,28.42,0.507
2026,2,10,10:00,新橋區,Barca,Macau Peninsula,1814,4172940.0,155940.0,66.58,1.577
2026,2,10,10:00,中區,Baixa de Macau,Macau Peninsula,7912,4172940.0,155940.0,66.58,1.577
2026,2,10,10:00,氹仔中心區,Baixa da Taipa,Taipa & Cotai,5062,4172940.0,66570.0,28.42,0.507
2026,2,10,10:00,台山區,Tamagnini Barbosa,Macau Peninsula,3721,4172940.0,155940.0,66.58,1.577
2026,2,10,10:00,黑沙環新填海區,Novos Aterros da Areia Preta,Macau Peninsula,2350,4172940.0,155940.0,66.58,1.577
2026,2,10,10:00,望廈及水塘區,Móng Há & Reservatório,Macau Peninsula,1474,4172940.0,155940.0,66.58,1.577
2026,2,10,10:00,外港及南灣湖新填海區,Novos Aterros do Porto Exterior & Aterros da Baía da Praia Grande,Macau Peninsula,10941,4172940.0,155940.0,66.58,1.577
2026,2,10,10:00,路氹填海區,COTAI Reclamation Area,Taipa & Cotai,61286,4172940.0,66570.0,28.42,0.507
2026,2,10,10:00,黑沙環及祐漢區,Areia Preta & Iao Hon,Macau Peninsula,10199,4172940.0,155940.0,66.58,1.577
2026,2,10,10:00,下環區,Barra/Manduco,Macau Peninsula,3317,4172940.0,155940.0,66.58,1.577
2026,2,10,10:00,荷蘭園區,Conselheiro Ferreira de Almeida,Macau Peninsula,1351,4172940.0,155940.0,66.58,1.577
2026,2,10,10:00,林茂塘區,Doca do Lamau,Macau Peninsula,720,4172940.0,155940.0,66.58,1.577
2026,2,10,10:00,沙梨頭及大三巴區,Patane & São Paulo,Macau Peninsula,4595,4172940.0,155940.0,66.58,1.577
2026,2,10,10:00,新口岸區,Zona de Aterros do Porto Exterior,Macau Peninsula,16861,4172940.0,155940.0,66.58,1.577
2026,2,10,10:00,高士德及雅廉訪區,Horta e Costa & Ouvidor Arriaga,Macau Peninsula,995,4172940.0,155940.0,66.58,1.577
2026,2,10,10:00,筷子基區,Fai Chi Kei,Macau Peninsula,683,4172940.0,155940.0,66.58,1.577
2026,2,10,10:00,氹仔舊城及馬場區,Cidade & Hipódromo da Taipa,Taipa & Cotai,4678,4172940.0,66570.0,28.42,0.507
2026,2,10,10:00,路環區,Coloane,Coloane,2465,4172940.0,11693.0,4.99,2.988
2026,2,10,10:00,北安及大潭山區,Pac On & Taipa Grande,Taipa & Cotai,5257,4172940.0,66570.0,28.42,0.507
2026,2,10,10:00,青洲區,Ilha Verde,Macau Peninsula,548,4172940.0,155940.0,66.58,1.577
2026,2,10,10:00,南西灣及主教山區,Praia Grande & Penha,Macau Peninsula,1313,4172940.0,155940.0,66.58,1.577
2026,2,10,10:00,海洋及小潭山區,Jardins do Oceano & Taipa Pequena,Taipa & Cotai,605,4172940.0,66570.0,28.42,0.507
2026,2,10,10:00,東望洋區(松山區),Ferreira do Amaral (Guia),Macau Peninsula,679,4172940.0,155940.0,66.58,1.577
2026,2,10,10:00,大學及北安灣區,Universidade & Baía de Pac On,Taipa & Cotai,349,4172940.0,66570.0,28.42,0.507
2026,2,11,11:00,新橋區,Barca,Macau Peninsula,2303,4172940.0,155940.0,66.58,1.577
2026,2,11,11:00,中區,Baixa de Macau,Macau Peninsula,11276,4172940.0,155940.0,66.58,1.577
2026,2,11,11:00,氹仔中心區,Baixa da Taipa,Taipa & Cotai,4903,4172940.0,66570.0,28.42,0.507
2026,2,11,11:00,台山區,Tamagnini Barbosa,Macau Peninsula,5081,4172940.0,155940.0,66.58,1.577
2026,2,11,11:00,黑沙環新填海區,Novos Aterros da Areia Preta,Macau Peninsula,2709,4172940.0,155940.0,66.58,1.577
2026,2,11,11:00,望廈及水塘區,Móng Há & Reservatório,Macau Peninsula,1713,4172940.0,155940.0,66.58,1.577
2026,2,11,11:00,外港及南灣湖新填海區,Novos Aterros do Porto Exterior & Aterros da Baía da Praia Grande,Macau Peninsula,12302,4172940.0,155940.0,66.58,1.577
2026,2,11,11:00,路氹填海區,COTAI Reclamation Area,Taipa & Cotai,65067,4172940.0,66570.0,28.42,0.507
2026,2,11,11:00,黑沙環及祐漢區,Areia Preta & Iao Hon,Macau Peninsula,14433,4172940.0,155940.0,66.58,1.577
2026,2,11,11:00,下環區,Barra/Manduco,Macau Peninsula,3633,4172940.0,155940.0,66.58,1.577
2026,2,11,11:00,荷蘭園區,Conselheiro Ferreira de Almeida,Macau Peninsula,1906,4172940.0,155940.0,66.58,1.577
2026,2,11,11:00,林茂塘區,Doca do Lamau,Macau Peninsula,830,4172940.0,155940.0,66.58,1.577
2026,2,11,11:00,沙梨頭及大三巴區,Patane & São Paulo,Macau Peninsula,6672,4172940.0,155940.0,66.58,1.577
2026,2,11,11:00,新口岸區,Zona de Aterros do Porto Exterior,Macau Peninsula,17110,4172940.0,155940.0,66.58,1.577
2026,2,11,11:00,高士德及雅廉訪區,Horta e Costa & Ouvidor Arriaga,Macau Peninsula,1035,4172940.0,155940.0,66.58,1.577
2026,2,11,11:00,筷子基區,Fai Chi Kei,Macau Peninsula,741,4172940.0,155940.0,66.58,1.577
2026,2,11,11:00,氹仔舊城及馬場區,Cidade & Hipódromo da Taipa,Taipa & Cotai,5597,4172940.0,66570.0,28.42,0.507
2026,2,11,11:00,路環區,Coloane,Coloane,2966,4172940.0,11693.0,4.99,2.988
2026,2,11,11:00,北安及大潭山區,Pac On & Taipa Grande,Taipa & Cotai,7566,4172940.0,66570.0,28.42,0.507
2026,2,11,11:00,青洲區,Ilha Verde,Macau Peninsula,571,4172940.0,155940.0,66.58,1.577
2026,2,11,11:00,南西灣及主教山區,Praia Grande & Penha,Macau Peninsula,1325,4172940.0,155940.0,66.58,1.577
2026,2,11,11:00,海洋及小潭山區,Jardins do Oceano & Taipa Pequena,Taipa & Cotai,776,4172940.0,66570.0,28.42,0.507
2026,2,11,11:00,東望洋區(松山區),Ferreira do Amaral (Guia),Macau Peninsula,742,4172940.0,155940.0,66.58,1.577
2026,2,11,11:00,大學及北安灣區,Universidade & Baía de Pac On,Taipa & Cotai,381,4172940.0,66570.0,28.42,0.507
2026,2,12,12:00,新橋區,Barca,Macau Peninsula,2934,4172940.0,155940.0,66.58,1.577
2026,2,12,12:00,中區,Baixa de Macau,Macau Peninsula,16573,4172940.0,155940.0,66.58,1.577
2026,2,12,12:00,氹仔中心區,Baixa da Taipa,Taipa & Cotai,4732,4172940.0,66570.0,28.42,0.507
2026,2,12,12:00,台山區,Tamagnini Barbosa,Macau Peninsula,5531,4172940.0,155940.0,66.58,1.577
2026,2,12,12:00,黑沙環新填海區,Novos Aterros da Areia Preta,Macau Peninsula,2948,4172940.0,155940.0,66.58,1.577
2026,2,12,12:00,望廈及水塘區,Móng Há & Reservatório,Macau Peninsula,1908,4172940.0,155940.0,66.58,1.577
2026,2,12,12:00,外港及南灣湖新填海區,Novos Aterros do Porto Exterior & Aterros da Baía da Praia Grande,Macau Peninsula,15090,4172940.0,155940.0,66.58,1.577
2026,2,12,12:00,路氹填海區,COTAI Reclamation Area,Taipa & Cotai,70407,4172940.0,66570.0,28.42,0.507
2026,2,12,12:00,黑沙環及祐漢區,Areia Preta & Iao Hon,Macau Peninsula,14012,4172940.0,155940.0,66.58,1.577
2026,2,12,12:00,下環區,Barra/Manduco,Macau Peninsula,4236,4172940.0,155940.0,66.58,1.577
2026,2,12,12:00,荷蘭園區,Conselheiro Ferreira de Almeida,Macau Peninsula,2227,4172940.0,155940.0,66.58,1.577
2026,2,12,12:00,林茂塘區,Doca do Lamau,Macau Peninsula,926,4172940.0,155940.0,66.58,1.577
2026,2,12,12:00,沙梨頭及大三巴區,Patane & São Paulo,Macau Peninsula,9353,4172940.0,155940.0,66.58,1.577
2026,2,12,12:00,新口岸區,Zona de Aterros do Porto Exterior,Macau Peninsula,16551,4172940.0,155940.0,66.58,1.577
2026,2,12,12:00,高士德及雅廉訪區,Horta e Costa & Ouvidor Arriaga,Macau Peninsula,1149,4172940.0,155940.0,66.58,1.577
2026,2,12,12:00,筷子基區,Fai Chi Kei,Macau Peninsula,842,4172940.0,155940.0,66.58,1.577
2026,2,12,12:00,氹仔舊城及馬場區,Cidade & Hipódromo da Taipa,Taipa & Cotai,7275,4172940.0,66570.0,28.42,0.507
2026,2,12,12:00,路環區,Coloane,Coloane,3730,4172940.0,11693.0,4.99,2.988
2026,2,12,12:00,北安及大潭山區,Pac On & Taipa Grande,Taipa & Cotai,9471,4172940.0,66570.0,28.42,0.507
2026,2,12,12:00,青洲區,Ilha Verde,Macau Peninsula,602,4172940.0,155940.0,66.58,1.577
2026,2,12,12:00,南西灣及主教山區,Praia Grande & Penha,Macau Peninsula,1447,4172940.0,155940.0,66.58,1.577
2026,2,12,12:00,海洋及小潭山區,Jardins do Oceano & Taipa Pequena,Taipa & Cotai,982,4172940.0,66570.0,28.42,0.507
2026,2,12,12:00,東望洋區(松山區),Ferreira do Amaral (Guia),Macau Peninsula,825,4172940.0,155940.0,66.58,1.577
2026,2,12,12:00,大學及北安灣區,Universidade & Baía de Pac On,Taipa & Cotai,404,4172940.0,66570.0,28.42,0.507
2026,2,13,13:00,新橋區,Barca,Macau Peninsula,3118,4172940.0,155940.0,66.58,1.577
2026,2,13,13:00,中區,Baixa de Macau,Macau Peninsula,21961,4172940.0,155940.0,66.58,1.577
2026,2,13,13:00,氹仔中心區,Baixa da Taipa,Taipa & Cotai,4961,4172940.0,66570.0,28.42,0.507
2026,2,13,13:00,台山區,Tamagnini Barbosa,Macau Peninsula,4723,4172940.0,155940.0,66.58,1.577
2026,2,13,13:00,黑沙環新填海區,Novos Aterros da Areia Preta,Macau Peninsula,2838,4172940.0,155940.0,66.58,1.577
2026,2,13,13:00,望廈及水塘區,Móng Há & Reservatório,Macau Peninsula,2046,4172940.0,155940.0,66.58,1.577
2026,2,13,13:00,外港及南灣湖新填海區,Novos Aterros do Porto Exterior & Aterros da Baía da Praia Grande,Macau Peninsula,18536,4172940.0,155940.0,66.58,1.577
2026,2,13,13:00,路氹填海區,COTAI Reclamation Area,Taipa & Cotai,74691,4172940.0,66570.0,28.42,0.507
2026,2,13,13:00,黑沙環及祐漢區,Areia Preta & Iao Hon,Macau Peninsula,11077,4172940.0,155940.0,66.58,1.577
2026,2,13,13:00,下環區,Barra/Manduco,Macau Peninsula,4825,4172940.0,155940.0,66.58,1.577
2026,2,13,13:00,荷蘭園區,Conselheiro Ferreira de Almeida,Macau Peninsula,2095,4172940.0,155940.0,66.58,1.577
2026,2,13,13:00,林茂塘區,Doca do Lamau,Macau Peninsula,1007,4172940.0,155940.0,66.58,1.577
2026,2,13,13:00,沙梨頭及大三巴區,Patane & São Paulo,Macau Peninsula,10543,4172940.0,155940.0,66.58,1.577
2026,2,13,13:00,新口岸區,Zona de Aterros do Porto Exterior,Macau Peninsula,17514,4172940.0,155940.0,66.58,1.577
2026,2,13,13:00,高士德及雅廉訪區,Horta e Costa & Ouvidor Arriaga,Macau Peninsula,1204,4172940.0,155940.0,66.58,1.577
2026,2,13,13:00,筷子基區,Fai Chi Kei,Macau Peninsula,992,4172940.0,155940.0,66.58,1.577
2026,2,13,13:00,氹仔舊城及馬場區,Cidade & Hipódromo da Taipa,Taipa & Cotai,10119,4172940.0,66570.0,28.42,0.507
2026,2,13,13:00,路環區,Coloane,Coloane,4252,4172940.0,11693.0,4.99,2.988
2026,2,13,13:00,北安及大潭山區,Pac On & Taipa Grande,Taipa & Cotai,9716,4172940.0,66570.0,28.42,0.507
2026,2,13,13:00,青洲區,Ilha Verde,Macau Peninsula,631,4172940.0,155940.0,66.58,1.577
2026,2,13,13:00,南西灣及主教山區,Praia Grande & Penha,Macau Peninsula,1589,4172940.0,155940.0,66.58,1.577
2026,2,13,13:00,海洋及小潭山區,Jardins do Oceano & Taipa Pequena,Taipa & Cotai,1120,4172940.0,66570.0,28.42,0.507
2026,2,13,13:00,東望洋區(松山區),Ferreira do Amaral (Guia),Macau Peninsula,692,4172940.0,155940.0,66.58,1.577
2026,2,13,13:00,大學及北安灣區,Universidade & Baía de Pac On,Taipa & Cotai,415,4172940.0,66570.0,28.42,0.507
2026,2,14,14:00,新橋區,Barca,Macau Peninsula,3375,4172940.0,155940.0,66.58,1.577
2026,2,14,14:00,中區,Baixa de Macau,Macau Peninsula,25880,4172940.0,155940.0,66.58,1.577
2026,2,14,14:00,氹仔中心區,Baixa da Taipa,Taipa & Cotai,5197,4172940.0,66570.0,28.42,0.507
2026,2,14,14:00,台山區,Tamagnini Barbosa,Macau Peninsula,3966,4172940.0,155940.0,66.58,1.577
2026,2,14,14:00,黑沙環新填海區,Novos Aterros da Areia Preta,Macau Peninsula,2525,4172940.0,155940.0,66.58,1.577
2026,2,14,14:00,望廈及水塘區,Móng Há & Reservatório,Macau Peninsula,1870,4172940.0,155940.0,66.58,1.577
2026,2,14,14:00,外港及南灣湖新填海區,Novos Aterros do Porto Exterior & Aterros da Baía da Praia Grande,Macau Peninsula,20503,4172940.0,155940.0,66.58,1.577
2026,2,14,14:00,路氹填海區,COTAI Reclamation Area,Taipa & Cotai,78144,4172940.0,66570.0,28.42,0.507
2026,2,14,14:00,黑沙環及祐漢區,Areia Preta & Iao Hon,Macau Peninsula,9479,4172940.0,155940.0,66.58,1.577
2026,2,14,14:00,下環區,Barra/Manduco,Macau Peninsula,5034,4172940.0,155940.0,66.58,1.577
2026,2,14,14:00,荷蘭園區,Conselheiro Ferreira de Almeida,Macau Peninsula,2243,4172940.0,155940.0,66.58,1.577
2026,2,14,14:00,林茂塘區,Doca do Lamau,Macau Peninsula,960,4172940.0,155940.0,66.58,1.577
2026,2,14,14:00,沙梨頭及大三巴區,Patane & São Paulo,Macau Peninsula,11252,4172940.0,155940.0,66.58,1.577
2026,2,14,14:00,新口岸區,Zona de Aterros do Porto Exterior,Macau Peninsula,18385,4172940.0,155940.0,66.58,1.577
2026,2,14,14:00,高士德及雅廉訪區,Horta e Costa & Ouvidor Arriaga,Macau Peninsula,1186,4172940.0,155940.0,66.58,1.577
2026,2,14,14:00,筷子基區,Fai Chi Kei,Macau Peninsula,1035,4172940.0,155940.0,66.58,1.577
2026,2,14,14:00,氹仔舊城及馬場區,Cidade & Hipódromo da Taipa,Taipa & Cotai,12812,4172940.0,66570.0,28.42,0.507
2026,2,14,14:00,路環區,Coloane,Coloane,4301,4172940.0,11693.0,4.99,2.988
2026,2,14,14:00,北安及大潭山區,Pac On & Taipa Grande,Taipa & Cotai,9271,4172940.0,66570.0,28.42,0.507
2026,2,14,14:00,青洲區,Ilha Verde,Macau Peninsula,652,4172940.0,155940.0,66.58,1.577
2026,2,14,14:00,南西灣及主教山區,Praia Grande & Penha,Macau Peninsula,1581,4172940.0,155940.0,66.58,1.577
2026,2,14,14:00,海洋及小潭山區,Jardins do Oceano & Taipa Pequena,Taipa & Cotai,1180,4172940.0,66570.0,28.42,0.507
2026,2,14,14:00,東望洋區(松山區),Ferreira do Amaral (Guia),Macau Peninsula,709,4172940.0,155940.0,66.58,1.577
2026,2,14,14:00,大學及北安灣區,Universidade & Baía de Pac On,Taipa & Cotai,419,4172940.0,66570.0,28.42,0.507
2026,2,15,15:00,新橋區,Barca,Macau Peninsula,3311,4172940.0,155940.0,66.58,1.577
2026,2,15,15:00,中區,Baixa de Macau,Macau Peninsula,27645,4172940.0,155940.0,66.58,1.577
2026,2,15,15:00,氹仔中心區,Baixa da Taipa,Taipa & Cotai,5195,4172940.0,66570.0,28.42,0.507
2026,2,15,15:00,台山區,Tamagnini Barbosa,Macau Peninsula,3696,4172940.0,155940.0,66.58,1.577
2026,2,15,15:00,黑沙環新填海區,Novos Aterros da Areia Preta,Macau Peninsula,2422,4172940.0,155940.0,66.58,1.577
2026,2,15,15:00,望廈及水塘區,Móng Há & Reservatório,Macau Peninsula,1777,4172940.0,155940.0,66.58,1.577
2026,2,15,15:00,外港及南灣湖新填海區,Novos Aterros do Porto Exterior & Aterros da Baía da Praia Grande,Macau Peninsula,22794,4172940.0,155940.0,66.58,1.577
2026,2,15,15:00,路氹填海區,COTAI Reclamation Area,Taipa & Cotai,83447,4172940.0,66570.0,28.42,0.507
2026,2,15,15:00,黑沙環及祐漢區,Areia Preta & Iao Hon,Macau Peninsula,8267,4172940.0,155940.0,66.58,1.577
2026,2,15,15:00,下環區,Barra/Manduco,Macau Peninsula,5031,4172940.0,155940.0,66.58,1.577
2026,2,15,15:00,荷蘭園區,Conselheiro Ferreira de Almeida,Macau Peninsula,2391,4172940.0,155940.0,66.58,1.577
2026,2,15,15:00,林茂塘區,Doca do Lamau,Macau Peninsula,948,4172940.0,155940.0,66.58,1.577
2026,2,15,15:00,沙梨頭及大三巴區,Patane & São Paulo,Macau Peninsula,11515,4172940.0,155940.0,66.58,1.577
2026,2,15,15:00,新口岸區,Zona de Aterros do Porto Exterior,Macau Peninsula,16509,4172940.0,155940.0,66.58,1.577
2026,2,15,15:00,高士德及雅廉訪區,Horta e Costa & Ouvidor Arriaga,Macau Peninsula,1164,4172940.0,155940.0,66.58,1.577
2026,2,15,15:00,筷子基區,Fai Chi Kei,Macau Peninsula,906,4172940.0,155940.0,66.58,1.577
2026,2,15,15:00,氹仔舊城及馬場區,Cidade & Hipódromo da Taipa,Taipa & Cotai,13922,4172940.0,66570.0,28.42,0.507
2026,2,15,15:00,路環區,Coloane,Coloane,4561,4172940.0,11693.0,4.99,2.988
2026,2,15,15:00,北安及大潭山區,Pac On & Taipa Grande,Taipa & Cotai,8588,4172940.0,66570.0,28.42,0.507
2026,2,15,15:00,青洲區,Ilha Verde,Macau Peninsula,559,4172940.0,155940.0,66.58,1.577
2026,2,15,15:00,南西灣及主教山區,Praia Grande & Penha,Macau Peninsula,1690,4172940.0,155940.0,66.58,1.577
2026,2,15,15:00,海洋及小潭山區,Jardins do Oceano & Taipa Pequena,Taipa & Cotai,1273,4172940.0,66570.0,28.42,0.507
2026,2,15,15:00,東望洋區(松山區),Ferreira do Amaral (Guia),Macau Peninsula,760,4172940.0,155940.0,66.58,1.577
2026,2,15,15:00,大學及北安灣區,Universidade & Baía de Pac On,Taipa & Cotai,419,4172940.0,66570.0,28.42,0.507
2026,2,16,16:00,新橋區,Barca,Macau Peninsula,3194,4172940.0,155940.0,66.58,1.577
2026,2,16,16:00,中區,Baixa de Macau,Macau Peninsula,27197,4172940.0,155940.0,66.58,1.577
2026,2,16,16:00,氹仔中心區,Baixa da Taipa,Taipa & Cotai,5132,4172940.0,66570.0,28.42,0.507
2026,2,16,16:00,台山區,Tamagnini Barbosa,Macau Peninsula,3531,4172940.0,155940.0,66.58,1.577
2026,2,16,16:00,黑沙環新填海區,Novos Aterros da Areia Preta,Macau Peninsula,2231,4172940.0,155940.0,66.58,1.577
2026,2,16,16:00,望廈及水塘區,Móng Há & Reservatório,Macau Peninsula,1669,4172940.0,155940.0,66.58,1.577
2026,2,16,16:00,外港及南灣湖新填海區,Novos Aterros do Porto Exterior & Aterros da Baía da Praia Grande,Macau Peninsula,23103,4172940.0,155940.0,66.58,1.577
2026,2,16,16:00,路氹填海區,COTAI Reclamation Area,Taipa & Cotai,90081,4172940.0,66570.0,28.42,0.507
2026,2,16,16:00,黑沙環及祐漢區,Areia Preta & Iao Hon,Macau Peninsula,7685,4172940.0,155940.0,66.58,1.577
2026,2,16,16:00,下環區,Barra/Manduco,Macau Peninsula,4616,4172940.0,155940.0,66.58,1.577
2026,2,16,16:00,荷蘭園區,Conselheiro Ferreira de Almeida,Macau Peninsula,2330,4172940.0,155940.0,66.58,1.577
2026,2,16,16:00,林茂塘區,Doca do Lamau,Macau Peninsula,960,4172940.0,155940.0,66.58,1.577
2026,2,16,16:00,沙梨頭及大三巴區,Patane & São Paulo,Macau Peninsula,10903,4172940.0,155940.0,66.58,1.577
2026,2,16,16:00,新口岸區,Zona de Aterros do Porto Exterior,Macau Peninsula,15533,4172940.0,155940.0,66.58,1.577
2026,2,16,16:00,高士德及雅廉訪區,Horta e Costa & Ouvidor Arriaga,Macau Peninsula,1086,4172940.0,155940.0,66.58,1.577
2026,2,16,16:00,筷子基區,Fai Chi Kei,Macau Peninsula,809,4172940.0,155940.0,66.58,1.577
2026,2,16,16:00,氹仔舊城及馬場區,Cidade & Hipódromo da Taipa,Taipa & Cotai,13368,4172940.0,66570.0,28.42,0.507
2026,2,16,16:00,路環區,Coloane,Coloane,4714,4172940.0,11693.0,4.99,2.988
2026,2,16,16:00,北安及大潭山區,Pac On & Taipa Grande,Taipa & Cotai,9117,4172940.0,66570.0,28.42,0.507
2026,2,16,16:00,青洲區,Ilha Verde,Macau Peninsula,540,4172940.0,155940.0,66.58,1.577
2026,2,16,16:00,南西灣及主教山區,Praia Grande & Penha,Macau Peninsula,1721,4172940.0,155940.0,66.58,1.577
2026,2,16,16:00,海洋及小潭山區,Jardins do Oceano & Taipa Pequena,Taipa & Cotai,1281,4172940.0,66570.0,28.42,0.507
2026,2,16,16:00,東望洋區(松山區),Ferreira do Amaral (Guia),Macau Peninsula,793,4172940.0,155940.0,66.58,1.577
2026,2,16,16:00,大學及北安灣區,Universidade & Baía de Pac On,Taipa & Cotai,405,4172940.0,66570.0,28.42,0.507
2026,2,17,17:00,新橋區,Barca,Macau Peninsula,2961,4172940.0,155940.0,66.58,1.577
2026,2,17,17:00,中區,Baixa de Macau,Macau Peninsula,24910,4172940.0,155940.0,66.58,1.577
2026,2,17,17:00,氹仔中心區,Baixa da Taipa,Taipa & Cotai,4913,4172940.0,66570.0,28.42,0.507
2026,2,17,17:00,台山區,Tamagnini Barbosa,Macau Peninsula,3652,4172940.0,155940.0,66.58,1.577
2026,2,17,17:00,黑沙環新填海區,Novos Aterros da Areia Preta,Macau Peninsula,2172,4172940.0,155940.0,66.58,1.577
2026,2,17,17:00,望廈及水塘區,Móng Há & Reservatório,Macau Peninsula,1597,4172940.0,155940.0,66.58,1.577
2026,2,17,17:00,外港及南灣湖新填海區,Novos Aterros do Porto Exterior & Aterros da Baía da Praia Grande,Macau Peninsula,22286,4172940.0,155940.0,66.58,1.577
2026,2,17,17:00,路氹填海區,COTAI Reclamation Area,Taipa & Cotai,95164,4172940.0,66570.0,28.42,0.507
2026,2,17,17:00,黑沙環及祐漢區,Areia Preta & Iao Hon,Macau Peninsula,7605,4172940.0,155940.0,66.58,1.577
2026,2,17,17:00,下環區,Barra/Manduco,Macau Peninsula,4287,4172940.0,155940.0,66.58,1.577
2026,2,17,17:00,荷蘭園區,Conselheiro Ferreira de Almeida,Macau Peninsula,2078,4172940.0,155940.0,66.58,1.577
2026,2,17,17:00,林茂塘區,Doca do Lamau,Macau Peninsula,1002,4172940.0,155940.0,66.58,1.577
2026,2,17,17:00,沙梨頭及大三巴區,Patane & São Paulo,Macau Peninsula,9935,4172940.0,155940.0,66.58,1.577
2026,2,17,17:00,新口岸區,Zona de Aterros do Porto Exterior,Macau Peninsula,15180,4172940.0,155940.0,66.58,1.577
2026,2,17,17:00,高士德及雅廉訪區,Horta e Costa & Ouvidor Arriaga,Macau Peninsula,1060,4172940.0,155940.0,66.58,1.577
2026,2,17,17:00,筷子基區,Fai Chi Kei,Macau Peninsula,858,4172940.0,155940.0,66.58,1.577
2026,2,17,17:00,氹仔舊城及馬場區,Cidade & Hipódromo da Taipa,Taipa & Cotai,12109,4172940.0,66570.0,28.42,0.507
2026,2,17,17:00,路環區,Coloane,Coloane,4384,4172940.0,11693.0,4.99,2.988
2026,2,17,17:00,北安及大潭山區,Pac On & Taipa Grande,Taipa & Cotai,9649,4172940.0,66570.0,28.42,0.507
2026,2,17,17:00,青洲區,Ilha Verde,Macau Peninsula,552,4172940.0,155940.0,66.58,1.577
2026,2,17,17:00,南西灣及主教山區,Praia Grande & Penha,Macau Peninsula,1659,4172940.0,155940.0,66.58,1.577
2026,2,17,17:00,海洋及小潭山區,Jardins do Oceano & Taipa Pequena,Taipa & Cotai,1256,4172940.0,66570.0,28.42,0.507
2026,2,17,17:00,東望洋區(松山區),Ferreira do Amaral (Guia),Macau Peninsula,754,4172940.0,155940.0,66.58,1.577
2026,2,17,17:00,大學及北安灣區,Universidade & Baía de Pac On,Taipa & Cotai,398,4172940.0,66570.0,28.42,0.507
2026,2,18,18:00,新橋區,Barca,Macau Peninsula,2599,4172940.0,155940.0,66.58,1.577
2026,2,18,18:00,中區,Baixa de Macau,Macau Peninsula,21524,4172940.0,155940.0,66.58,1.577
2026,2,18,18:00,氹仔中心區,Baixa da Taipa,Taipa & Cotai,4850,4172940.0,66570.0,28.42,0.507
2026,2,18,18:00,台山區,Tamagnini Barbosa,Macau Peninsula,3913,4172940.0,155940.0,66.58,1.577
2026,2,18,18:00,黑沙環新填海區,Novos Aterros da Areia Preta,Macau Peninsula,2313,4172940.0,155940.0,66.58,1.577
2026,2,18,18:00,望廈及水塘區,Móng Há & Reservatório,Macau Peninsula,1602,4172940.0,155940.0,66.58,1.577
2026,2,18,18:00,外港及南灣湖新填海區,Novos Aterros do Porto Exterior & Aterros da Baía da Praia Grande,Macau Peninsula,21049,4172940.0,155940.0,66.58,1.577
2026,2,18,18:00,路氹填海區,COTAI Reclamation Area,Taipa & Cotai,95027,4172940.0,66570.0,28.42,0.507
2026,2,18,18:00,黑沙環及祐漢區,Areia Preta & Iao Hon,Macau Peninsula,7699,4172940.0,155940.0,66.58,1.577
2026,2,18,18:00,下環區,Barra/Manduco,Macau Peninsula,3977,4172940.0,155940.0,66.58,1.577
2026,2,18,18:00,荷蘭園區,Conselheiro Ferreira de Almeida,Macau Peninsula,1738,4172940.0,155940.0,66.58,1.577
2026,2,18,18:00,林茂塘區,Doca do Lamau,Macau Peninsula,1053,4172940.0,155940.0,66.58,1.577
2026,2,18,18:00,沙梨頭及大三巴區,Patane & São Paulo,Macau Peninsula,8238,4172940.0,155940.0,66.58,1.577
2026,2,18,18:00,新口岸區,Zona de Aterros do Porto Exterior,Macau Peninsula,14818,4172940.0,155940.0,66.58,1.577
2026,2,18,18:00,高士德及雅廉訪區,Horta e Costa & Ouvidor Arriaga,Macau Peninsula,1039,4172940.0,155940.0,66.58,1.577
2026,2,18,18:00,筷子基區,Fai Chi Kei,Macau Peninsula,819,4172940.0,155940.0,66.58,1.577
2026,2,18,18:00,氹仔舊城及馬場區,Cidade & Hipódromo da Taipa,Taipa & Cotai,11238,4172940.0,66570.0,28.42,0.507
2026,2,18,18:00,路環區,Coloane,Coloane,3789,4172940.0,11693.0,4.99,2.988
2026,2,18,18:00,北安及大潭山區,Pac On & Taipa Grande,Taipa & Cotai,9780,4172940.0,66570.0,28.42,0.507
2026,2,18,18:00,青洲區,Ilha Verde,Macau Peninsula,571,4172940.0,155940.0,66.58,1.577
2026,2,18,18:00,南西灣及主教山區,Praia Grande & Penha,Macau Peninsula,1569,4172940.0,155940.0,66.58,1.577
2026,2,18,18:00,海洋及小潭山區,Jardins do Oceano & Taipa Pequena,Taipa & Cotai,1181,4172940.0,66570.0,28.42,0.507
2026,2,18,18:00,東望洋區(松山區),Ferreira do Amaral (Guia),Macau Peninsula,642,4172940.0,155940.0,66.58,1.577
2026,2,18,18:00,大學及北安灣區,Universidade & Baía de Pac On,Taipa & Cotai,381,4172940.0,66570.0,28.42,0.507
2026,2,19,19:00,新橋區,Barca,Macau Peninsula,2214,4172940.0,155940.0,66.58,1.577
2026,2,19,19:00,中區,Baixa de Macau,Macau Peninsula,18207,4172940.0,155940.0,66.58,1.577
2026,2,19,19:00,氹仔中心區,Baixa da Taipa,Taipa & Cotai,5182,4172940.0,66570.0,28.42,0.507
2026,2,19,19:00,台山區,Tamagnini Barbosa,Macau Peninsula,4176,4172940.0,155940.0,66.58,1.577
2026,2,19,19:00,黑沙環新填海區,Novos Aterros da Areia Preta,Macau Peninsula,2461,4172940.0,155940.0,66.58,1.577
2026,2,19,19:00,望廈及水塘區,Móng Há & Reservatório,Macau Peninsula,1612,4172940.0,155940.0,66.58,1.577
2026,2,19,19:00,外港及南灣湖新填海區,Novos Aterros do Porto Exterior & Aterros da Baía da Praia Grande,Macau Peninsula,19111,4172940.0,155940.0,66.58,1.577
2026,2,19,19:00,路氹填海區,COTAI Reclamation Area,Taipa & Cotai,92014,4172940.0,66570.0,28.42,0.507
2026,2,19,19:00,黑沙環及祐漢區,Areia Preta & Iao Hon,Macau Peninsula,7956,4172940.0,155940.0,66.58,1.577
2026,2,19,19:00,下環區,Barra/Manduco,Macau Peninsula,4009,4172940.0,155940.0,66.58,1.577
2026,2,19,19:00,荷蘭園區,Conselheiro Ferreira de Almeida,Macau Peninsula,1539,4172940.0,155940.0,66.58,1.577
2026,2,19,19:00,林茂塘區,Doca do Lamau,Macau Peninsula,1059,4172940.0,155940.0,66.58,1.577
2026,2,19,19:00,沙梨頭及大三巴區,Patane & São Paulo,Macau Peninsula,6435,4172940.0,155940.0,66.58,1.577
2026,2,19,19:00,新口岸區,Zona de Aterros do Porto Exterior,Macau Peninsula,14602,4172940.0,155940.0,66.58,1.577
2026,2,19,19:00,高士德及雅廉訪區,Horta e Costa & Ouvidor Arriaga,Macau Peninsula,1014,4172940.0,155940.0,66.58,1.577
2026,2,19,19:00,筷子基區,Fai Chi Kei,Macau Peninsula,867,4172940.0,155940.0,66.58,1.577
2026,2,19,19:00,氹仔舊城及馬場區,Cidade & Hipódromo da Taipa,Taipa & Cotai,11290,4172940.0,66570.0,28.42,0.507
2026,2,19,19:00,路環區,Coloane,Coloane,3241,4172940.0,11693.0,4.99,2.988
2026,2,19,19:00,北安及大潭山區,Pac On & Taipa Grande,Taipa & Cotai,9307,4172940.0,66570.0,28.42,0.507
2026,2,19,19:00,青洲區,Ilha Verde,Macau Peninsula,618,4172940.0,155940.0,66.58,1.577
2026,2,19,19:00,南西灣及主教山區,Praia Grande & Penha,Macau Peninsula,1413,4172940.0,155940.0,66.58,1.577
2026,2,19,19:00,海洋及小潭山區,Jardins do Oceano & Taipa Pequena,Taipa & Cotai,1130,4172940.0,66570.0,28.42,0.507
2026,2,19,19:00,東望洋區(松山區),Ferreira do Amaral (Guia),Macau Peninsula,567,4172940.0,155940.0,66.58,1.577
2026,2,19,19:00,大學及北安灣區,Universidade & Baía de Pac On,Taipa & Cotai,384,4172940.0,66570.0,28.42,0.507
2026,2,20,20:00,新橋區,Barca,Macau Peninsula,1832,4172940.0,155940.0,66.58,1.577
2026,2,20,20:00,中區,Baixa de Macau,Macau Peninsula,15185,4172940.0,155940.0,66.58,1.577
2026,2,20,20:00,氹仔中心區,Baixa da Taipa,Taipa & Cotai,5734,4172940.0,66570.0,28.42,0.507
2026,2,20,20:00,台山區,Tamagnini Barbosa,Macau Peninsula,3837,4172940.0,155940.0,66.58,1.577
2026,2,20,20:00,黑沙環新填海區,Novos Aterros da Areia Preta,Macau Peninsula,2644,4172940.0,155940.0,66.58,1.577
2026,2,20,20:00,望廈及水塘區,Móng Há & Reservatório,Macau Peninsula,1617,4172940.0,155940.0,66.58,1.577
2026,2,20,20:00,外港及南灣湖新填海區,Novos Aterros do Porto Exterior & Aterros da Baía da Praia Grande,Macau Peninsula,17425,4172940.0,155940.0,66.58,1.577
2026,2,20,20:00,路氹填海區,COTAI Reclamation Area,Taipa & Cotai,86271,4172940.0,66570.0,28.42,0.507
2026,2,20,20:00,黑沙環及祐漢區,Areia Preta & Iao Hon,Macau Peninsula,7684,4172940.0,155940.0,66.58,1.577
2026,2,20,20:00,下環區,Barra/Manduco,Macau Peninsula,3989,4172940.0,155940.0,66.58,1.577
2026,2,20,20:00,荷蘭園區,Conselheiro Ferreira de Almeida,Macau Peninsula,1318,4172940.0,155940.0,66.58,1.577
2026,2,20,20:00,林茂塘區,Doca do Lamau,Macau Peninsula,1031,4172940.0,155940.0,66.58,1.577
2026,2,20,20:00,沙梨頭及大三巴區,Patane & São Paulo,Macau Peninsula,4847,4172940.0,155940.0,66.58,1.577
2026,2,20,20:00,新口岸區,Zona de Aterros do Porto Exterior,Macau Peninsula,14748,4172940.0,155940.0,66.58,1.577
2026,2,20,20:00,高士德及雅廉訪區,Horta e Costa & Ouvidor Arriaga,Macau Peninsula,1005,4172940.0,155940.0,66.58,1.577
2026,2,20,20:00,筷子基區,Fai Chi Kei,Macau Peninsula,924,4172940.0,155940.0,66.58,1.577
2026,2,20,20:00,氹仔舊城及馬場區,Cidade & Hipódromo da Taipa,Taipa & Cotai,11362,4172940.0,66570.0,28.42,0.507
2026,2,20,20:00,路環區,Coloane,Coloane,2690,4172940.0,11693.0,4.99,2.988
2026,2,20,20:00,北安及大潭山區,Pac On & Taipa Grande,Taipa & Cotai,9322,4172940.0,66570.0,28.42,0.507
2026,2,20,20:00,青洲區,Ilha Verde,Macau Peninsula,603,4172940.0,155940.0,66.58,1.577
2026,2,20,20:00,南西灣及主教山區,Praia Grande & Penha,Macau Peninsula,1240,4172940.0,155940.0,66.58,1.577
2026,2,20,20:00,海洋及小潭山區,Jardins do Oceano & Taipa Pequena,Taipa & Cotai,1047,4172940.0,66570.0,28.42,0.507
2026,2,20,20:00,東望洋區(松山區),Ferreira do Amaral (Guia),Macau Peninsula,478,4172940.0,155940.0,66.58,1.577
2026,2,20,20:00,大學及北安灣區,Universidade & Baía de Pac On,Taipa & Cotai,372,4172940.0,66570.0,28.42,0.507
2026,2,21,21:00,新橋區,Barca,Macau Peninsula,1673,4172940.0,155940.0,66.58,1.577
2026,2,21,21:00,中區,Baixa de Macau,Macau Peninsula,12304,4172940.0,155940.0,66.58,1.577
2026,2,21,21:00,氹仔中心區,Baixa da Taipa,Taipa & Cotai,5808,4172940.0,66570.0,28.42,0.507
2026,2,21,21:00,台山區,Tamagnini Barbosa,Macau Peninsula,3669,4172940.0,155940.0,66.58,1.577
2026,2,21,21:00,黑沙環新填海區,Novos Aterros da Areia Preta,Macau Peninsula,2595,4172940.0,155940.0,66.58,1.577
2026,2,21,21:00,望廈及水塘區,Móng Há & Reservatório,Macau Peninsula,1457,4172940.0,155940.0,66.58,1.577
2026,2,21,21:00,外港及南灣湖新填海區,Novos Aterros do Porto Exterior & Aterros da Baía da Praia Grande,Macau Peninsula,16554,4172940.0,155940.0,66.58,1.577
2026,2,21,21:00,路氹填海區,COTAI Reclamation Area,Taipa & Cotai,80407,4172940.0,66570.0,28.42,0.507
2026,2,21,21:00,黑沙環及祐漢區,Areia Preta & Iao Hon,Macau Peninsula,7814,4172940.0,155940.0,66.58,1.577
2026,2,21,21:00,下環區,Barra/Manduco,Macau Peninsula,3785,4172940.0,155940.0,66.58,1.577
2026,2,21,21:00,荷蘭園區,Conselheiro Ferreira de Almeida,Macau Peninsula,1117,4172940.0,155940.0,66.58,1.577
2026,2,21,21:00,林茂塘區,Doca do Lamau,Macau Peninsula,964,4172940.0,155940.0,66.58,1.577
2026,2,21,21:00,沙梨頭及大三巴區,Patane & São Paulo,Macau Peninsula,3801,4172940.0,155940.0,66.58,1.577
2026,2,21,21:00,新口岸區,Zona de Aterros do Porto Exterior,Macau Peninsula,14183,4172940.0,155940.0,66.58,1.577
2026,2,21,21:00,高士德及雅廉訪區,Horta e Costa & Ouvidor Arriaga,Macau Peninsula,930,4172940.0,155940.0,66.58,1.577
2026,2,21,21:00,筷子基區,Fai Chi Kei,Macau Peninsula,916,4172940.0,155940.0,66.58,1.577
2026,2,21,21:00,氹仔舊城及馬場區,Cidade & Hipódromo da Taipa,Taipa & Cotai,9892,4172940.0,66570.0,28.42,0.507
2026,2,21,21:00,路環區,Coloane,Coloane,2392,4172940.0,11693.0,4.99,2.988
2026,2,21,21:00,北安及大潭山區,Pac On & Taipa Grande,Taipa & Cotai,8430,4172940.0,66570.0,28.42,0.507
2026,2,21,21:00,青洲區,Ilha Verde,Macau Peninsula,605,4172940.0,155940.0,66.58,1.577
2026,2,21,21:00,南西灣及主教山區,Praia Grande & Penha,Macau Peninsula,1065,4172940.0,155940.0,66.58,1.577
2026,2,21,21:00,海洋及小潭山區,Jardins do Oceano & Taipa Pequena,Taipa & Cotai,960,4172940.0,66570.0,28.42,0.507
2026,2,21,21:00,東望洋區(松山區),Ferreira do Amaral (Guia),Macau Peninsula,421,4172940.0,155940.0,66.58,1.577
2026,2,21,21:00,大學及北安灣區,Universidade & Baía de Pac On,Taipa & Cotai,363,4172940.0,66570.0,28.42,0.507
2026,2,22,22:00,新橋區,Barca,Macau Peninsula,1575,4172940.0,155940.0,66.58,1.577
2026,2,22,22:00,中區,Baixa de Macau,Macau Peninsula,10251,4172940.0,155940.0,66.58,1.577
2026,2,22,22:00,氹仔中心區,Baixa da Taipa,Taipa & Cotai,5365,4172940.0,66570.0,28.42,0.507
2026,2,22,22:00,台山區,Tamagnini Barbosa,Macau Peninsula,2996,4172940.0,155940.0,66.58,1.577
2026,2,22,22:00,黑沙環新填海區,Novos Aterros da Areia Preta,Macau Peninsula,2317,4172940.0,155940.0,66.58,1.577
2026,2,22,22:00,望廈及水塘區,Móng Há & Reservatório,Macau Peninsula,1352,4172940.0,155940.0,66.58,1.577
2026,2,22,22:00,外港及南灣湖新填海區,Novos Aterros do Porto Exterior & Aterros da Baía da Praia Grande,Macau Peninsula,16403,4172940.0,155940.0,66.58,1.577
2026,2,22,22:00,路氹填海區,COTAI Reclamation Area,Taipa & Cotai,75748,4172940.0,66570.0,28.42,0.507
2026,2,22,22:00,黑沙環及祐漢區,Areia Preta & Iao Hon,Macau Peninsula,6285,4172940.0,155940.0,66.58,1.577
2026,2,22,22:00,下環區,Barra/Manduco,Macau Peninsula,3338,4172940.0,155940.0,66.58,1.577
2026,2,22,22:00,荷蘭園區,Conselheiro Ferreira de Almeida,Macau Peninsula,1024,4172940.0,155940.0,66.58,1.577
2026,2,22,22:00,林茂塘區,Doca do Lamau,Macau Peninsula,871,4172940.0,155940.0,66.58,1.577
2026,2,22,22:00,沙梨頭及大三巴區,Patane & São Paulo,Macau Peninsula,3289,4172940.0,155940.0,66.58,1.577
2026,2,22,22:00,新口岸區,Zona de Aterros do Porto Exterior,Macau Peninsula,13641,4172940.0,155940.0,66.58,1.577
2026,2,22,22:00,高士德及雅廉訪區,Horta e Costa & Ouvidor Arriaga,Macau Peninsula,865,4172940.0,155940.0,66.58,1.577
2026,2,22,22:00,筷子基區,Fai Chi Kei,Macau Peninsula,845,4172940.0,155940.0,66.58,1.577
2026,2,22,22:00,氹仔舊城及馬場區,Cidade & Hipódromo da Taipa,Taipa & Cotai,7575,4172940.0,66570.0,28.42,0.507
2026,2,22,22:00,路環區,Coloane,Coloane,2187,4172940.0,11693.0,4.99,2.988
2026,2,22,22:00,北安及大潭山區,Pac On & Taipa Grande,Taipa & Cotai,6633,4172940.0,66570.0,28.42,0.507
2026,2,22,22:00,青洲區,Ilha Verde,Macau Peninsula,557,4172940.0,155940.0,66.58,1.577
2026,2,22,22:00,南西灣及主教山區,Praia Grande & Penha,Macau Peninsula,1138,4172940.0,155940.0,66.58,1.577
2026,2,22,22:00,海洋及小潭山區,Jardins do Oceano & Taipa Pequena,Taipa & Cotai,956,4172940.0,66570.0,28.42,0.507
2026,2,22,22:00,東望洋區(松山區),Ferreira do Amaral (Guia),Macau Peninsula,438,4172940.0,155940.0,66.58,1.577
2026,2,22,22:00,大學及北安灣區,Universidade & Baía de Pac On,Taipa & Cotai,339,4172940.0,66570.0,28.42,0.507
2026,2,23,23:00,新橋區,Barca,Macau Peninsula,1538,4172940.0,155940.0,66.58,1.577
2026,2,23,23:00,中區,Baixa de Macau,Macau Peninsula,8689,4172940.0,155940.0,66.58,1.577
2026,2,23,23:00,氹仔中心區,Baixa da Taipa,Taipa & Cotai,5189,4172940.0,66570.0,28.42,0.507
2026,2,23,23:00,台山區,Tamagnini Barbosa,Macau Peninsula,2355,4172940.0,155940.0,66.58,1.577
2026,2,23,23:00,黑沙環新填海區,Novos Aterros da Areia Preta,Macau Peninsula,2120,4172940.0,155940.0,66.58,1.577
2026,2,23,23:00,望廈及水塘區,Móng Há & Reservatório,Macau Peninsula,1205,4172940.0,155940.0,66.58,1.577
2026,2,23,23:00,外港及南灣湖新填海區,Novos Aterros do Porto Exterior & Aterros da Baía da Praia Grande,Macau Peninsula,15494,4172940.0,155940.0,66.58,1.577
2026,2,23,23:00,路氹填海區,COTAI Reclamation Area,Taipa & Cotai,70814,4172940.0,66570.0,28.42,0.507
2026,2,23,23:00,黑沙環及祐漢區,Areia Preta & Iao Hon,Macau Peninsula,4487,4172940.0,155940.0,66.58,1.577
2026,2,23,23:00,下環區,Barra/Manduco,Macau Peninsula,3089,4172940.0,155940.0,66.58,1.577
2026,2,23,23:00,荷蘭園區,Conselheiro Ferreira de Almeida,Macau Peninsula,981,4172940.0,155940.0,66.58,1.577
2026,2,23,23:00,林茂塘區,Doca do Lamau,Macau Peninsula,804,4172940.0,155940.0,66.58,1.577
2026,2,23,23:00,沙梨頭及大三巴區,Patane & São Paulo,Macau Peninsula,3074,4172940.0,155940.0,66.58,1.577
2026,2,23,23:00,新口岸區,Zona de Aterros do Porto Exterior,Macau Peninsula,13583,4172940.0,155940.0,66.58,1.577
2026,2,23,23:00,高士德及雅廉訪區,Horta e Costa & Ouvidor Arriaga,Macau Peninsula,840,4172940.0,155940.0,66.58,1.577
2026,2,23,23:00,筷子基區,Fai Chi Kei,Macau Peninsula,758,4172940.0,155940.0,66.58,1.577
2026,2,23,23:00,氹仔舊城及馬場區,Cidade & Hipódromo da Taipa,Taipa & Cotai,5710,4172940.0,66570.0,28.42,0.507
2026,2,23,23:00,路環區,Coloane,Coloane,2129,4172940.0,11693.0,4.99,2.988
2026,2,23,23:00,北安及大潭山區,Pac On & Taipa Grande,Taipa & Cotai,5170,4172940.0,66570.0,28.42,0.507
2026,2,23,23:00,青洲區,Ilha Verde,Macau Peninsula,501,4172940.0,155940.0,66.58,1.577
2026,2,23,23:00,南西灣及主教山區,Praia Grande & Penha,Macau Peninsula,1234,4172940.0,155940.0,66.58,1.577
2026,2,23,23:00,海洋及小潭山區,Jardins do Oceano & Taipa Pequena,Taipa & Cotai,942,4172940.0,66570.0,28.42,0.507
2026,2,23,23:00,東望洋區(松山區),Ferreira do Amaral (Guia),Macau Peninsula,477,4172940.0,155940.0,66.58,1.577
2026,2,23,23:00,大學及北安灣區,Universidade & Baía de Pac On,Taipa & Cotai,309,4172940.0,66570.0,28.42,0.507
2026,1,0,00:00,新橋區,Barca,Macau Peninsula,1508,3647328.0,155940.0,66.58,1.577
2026,1,0,00:00,中區,Baixa de Macau,Macau Peninsula,7047,3647328.0,155940.0,66.58,1.577
2026,1,0,00:00,氹仔中心區,Baixa da Taipa,Taipa & Cotai,4539,3647328.0,66570.0,28.42,0.507
2026,1,0,00:00,台山區,Tamagnini Barbosa,Macau Peninsula,1792,3647328.0,155940.0,66.58,1.577
2026,1,0,00:00,黑沙環新填海區,Novos Aterros da Areia Preta,Macau Peninsula,1811,3647328.0,155940.0,66.58,1.577
2026,1,0,00:00,望廈及水塘區,Móng Há & Reservatório,Macau Peninsula,1091,3647328.0,155940.0,66.58,1.577
2026,1,0,00:00,外港及南灣湖新填海區,Novos Aterros do Porto Exterior & Aterros da Baía da Praia Grande,Macau Peninsula,13179,3647328.0,155940.0,66.58,1.577
2026,1,0,00:00,路氹填海區,COTAI Reclamation Area,Taipa & Cotai,63530,3647328.0,66570.0,28.42,0.507
2026,1,0,00:00,黑沙環及祐漢區,Areia Preta & Iao Hon,Macau Peninsula,2589,3647328.0,155940.0,66.58,1.577
2026,1,0,00:00,下環區,Barra/Manduco,Macau Peninsula,2878,3647328.0,155940.0,66.58,1.577
2026,1,0,00:00,荷蘭園區,Conselheiro Ferreira de Almeida,Macau Peninsula,891,3647328.0,155940.0,66.58,1.577
2026,1,0,00:00,林茂塘區,Doca do Lamau,Macau Peninsula,691,3647328.0,155940.0,66.58,1.577
2026,1,0,00:00,沙梨頭及大三巴區,Patane & São Paulo,Macau Peninsula,2722,3647328.0,155940.0,66.58,1.577
2026,1,0,00:00,新口岸區,Zona de Aterros do Porto Exterior,Macau Peninsula,11689,3647328.0,155940.0,66.58,1.577
2026,1,0,00:00,高士德及雅廉訪區,Horta e Costa & Ouvidor Arriaga,Macau Peninsula,748,3647328.0,155940.0,66.58,1.577
2026,1,0,00:00,筷子基區,Fai Chi Kei,Macau Peninsula,662,3647328.0,155940.0,66.58,1.577
2026,1,0,00:00,氹仔舊城及馬場區,Cidade & Hipódromo da Taipa,Taipa & Cotai,3803,3647328.0,66570.0,28.42,0.507
2026,1,0,00:00,路環區,Coloane,Coloane,2315,3647328.0,11693.0,4.99,2.988
2026,1,0,00:00,北安及大潭山區,Pac On & Taipa Grande,Taipa & Cotai,3719,3647328.0,66570.0,28.42,0.507
2026,1,0,00:00,青洲區,Ilha Verde,Macau Peninsula,463,3647328.0,155940.0,66.58,1.577
2026,1,0,00:00,南西灣及主教山區,Praia Grande & Penha,Macau Peninsula,972,3647328.0,155940.0,66.58,1.577
2026,1,0,00:00,海洋及小潭山區,Jardins do Oceano & Taipa Pequena,Taipa & Cotai,628,3647328.0,66570.0,28.42,0.507
2026,1,0,00:00,東望洋區(松山區),Ferreira do Amaral (Guia),Macau Peninsula,369,3647328.0,155940.0,66.58,1.577
2026,1,0,00:00,大學及北安灣區,Universidade & Baía de Pac On,Taipa & Cotai,548,3647328.0,66570.0,28.42,0.507
2026,1,1,01:00,新橋區,Barca,Macau Peninsula,1330,3647328.0,155940.0,66.58,1.577
2026,1,1,01:00,中區,Baixa de Macau,Macau Peninsula,6345,3647328.0,155940.0,66.58,1.577
2026,1,1,01:00,氹仔中心區,Baixa da Taipa,Taipa & Cotai,4257,3647328.0,66570.0,28.42,0.507
2026,1,1,01:00,台山區,Tamagnini Barbosa,Macau Peninsula,1507,3647328.0,155940.0,66.58,1.577
2026,1,1,01:00,黑沙環新填海區,Novos Aterros da Areia Preta,Macau Peninsula,1493,3647328.0,155940.0,66.58,1.577
2026,1,1,01:00,望廈及水塘區,Móng Há & Reservatório,Macau Peninsula,888,3647328.0,155940.0,66.58,1.577
2026,1,1,01:00,外港及南灣湖新填海區,Novos Aterros do Porto Exterior & Aterros da Baía da Praia Grande,Macau Peninsula,12003,3647328.0,155940.0,66.58,1.577
2026,1,1,01:00,路氹填海區,COTAI Reclamation Area,Taipa & Cotai,60205,3647328.0,66570.0,28.42,0.507
2026,1,1,01:00,黑沙環及祐漢區,Areia Preta & Iao Hon,Macau Peninsula,1670,3647328.0,155940.0,66.58,1.577
2026,1,1,01:00,下環區,Barra/Manduco,Macau Peninsula,2736,3647328.0,155940.0,66.58,1.577
2026,1,1,01:00,荷蘭園區,Conselheiro Ferreira de Almeida,Macau Peninsula,791,3647328.0,155940.0,66.58,1.577
2026,1,1,01:00,林茂塘區,Doca do Lamau,Macau Peninsula,553,3647328.0,155940.0,66.58,1.577
2026,1,1,01:00,沙梨頭及大三巴區,Patane & São Paulo,Macau Peninsula,2630,3647328.0,155940.0,66.58,1.577
2026,1,1,01:00,新口岸區,Zona de Aterros do Porto Exterior,Macau Peninsula,11699,3647328.0,155940.0,66.58,1.577
2026,1,1,01:00,高士德及雅廉訪區,Horta e Costa & Ouvidor Arriaga,Macau Peninsula,660,3647328.0,155940.0,66.58,1.577
2026,1,1,01:00,筷子基區,Fai Chi Kei,Macau Peninsula,554,3647328.0,155940.0,66.58,1.577
2026,1,1,01:00,氹仔舊城及馬場區,Cidade & Hipódromo da Taipa,Taipa & Cotai,3401,3647328.0,66570.0,28.42,0.507
2026,1,1,01:00,路環區,Coloane,Coloane,2334,3647328.0,11693.0,4.99,2.988
2026,1,1,01:00,北安及大潭山區,Pac On & Taipa Grande,Taipa & Cotai,3117,3647328.0,66570.0,28.42,0.507
2026,1,1,01:00,青洲區,Ilha Verde,Macau Peninsula,366,3647328.0,155940.0,66.58,1.577
2026,1,1,01:00,南西灣及主教山區,Praia Grande & Penha,Macau Peninsula,952,3647328.0,155940.0,66.58,1.577
2026,1,1,01:00,海洋及小潭山區,Jardins do Oceano & Taipa Pequena,Taipa & Cotai,495,3647328.0,66570.0,28.42,0.507
2026,1,1,01:00,東望洋區(松山區),Ferreira do Amaral (Guia),Macau Peninsula,354,3647328.0,155940.0,66.58,1.577
2026,1,1,01:00,大學及北安灣區,Universidade & Baía de Pac On,Taipa & Cotai,496,3647328.0,66570.0,28.42,0.507
2026,1,2,02:00,新橋區,Barca,Macau Peninsula,1370,3647328.0,155940.0,66.58,1.577
2026,1,2,02:00,中區,Baixa de Macau,Macau Peninsula,6164,3647328.0,155940.0,66.58,1.577
2026,1,2,02:00,氹仔中心區,Baixa da Taipa,Taipa & Cotai,4367,3647328.0,66570.0,28.42,0.507
2026,1,2,02:00,台山區,Tamagnini Barbosa,Macau Peninsula,1453,3647328.0,155940.0,66.58,1.577
2026,1,2,02:00,黑沙環新填海區,Novos Aterros da Areia Preta,Macau Peninsula,1475,3647328.0,155940.0,66.58,1.577
2026,1,2,02:00,望廈及水塘區,Móng Há & Reservatório,Macau Peninsula,857,3647328.0,155940.0,66.58,1.577
2026,1,2,02:00,外港及南灣湖新填海區,Novos Aterros do Porto Exterior & Aterros da Baía da Praia Grande,Macau Peninsula,11464,3647328.0,155940.0,66.58,1.577
2026,1,2,02:00,路氹填海區,COTAI Reclamation Area,Taipa & Cotai,59642,3647328.0,66570.0,28.42,0.507
2026,1,2,02:00,黑沙環及祐漢區,Areia Preta & Iao Hon,Macau Peninsula,1539,3647328.0,155940.0,66.58,1.577
2026,1,2,02:00,下環區,Barra/Manduco,Macau Peninsula,2803,3647328.0,155940.0,66.58,1.577
2026,1,2,02:00,荷蘭園區,Conselheiro Ferreira de Almeida,Macau Peninsula,750,3647328.0,155940.0,66.58,1.577
2026,1,2,02:00,林茂塘區,Doca do Lamau,Macau Peninsula,561,3647328.0,155940.0,66.58,1.577
2026,1,2,02:00,沙梨頭及大三巴區,Patane & São Paulo,Macau Peninsula,2705,3647328.0,155940.0,66.58,1.577
2026,1,2,02:00,新口岸區,Zona de Aterros do Porto Exterior,Macau Peninsula,12182,3647328.0,155940.0,66.58,1.577
2026,1,2,02:00,高士德及雅廉訪區,Horta e Costa & Ouvidor Arriaga,Macau Peninsula,690,3647328.0,155940.0,66.58,1.577
2026,1,2,02:00,筷子基區,Fai Chi Kei,Macau Peninsula,545,3647328.0,155940.0,66.58,1.577
2026,1,2,02:00,氹仔舊城及馬場區,Cidade & Hipódromo da Taipa,Taipa & Cotai,3524,3647328.0,66570.0,28.42,0.507
2026,1,2,02:00,路環區,Coloane,Coloane,2124,3647328.0,11693.0,4.99,2.988
2026,1,2,02:00,北安及大潭山區,Pac On & Taipa Grande,Taipa & Cotai,3140,3647328.0,66570.0,28.42,0.507
2026,1,2,02:00,青洲區,Ilha Verde,Macau Peninsula,374,3647328.0,155940.0,66.58,1.577
2026,1,2,02:00,南西灣及主教山區,Praia Grande & Penha,Macau Peninsula,999,3647328.0,155940.0,66.58,1.577
2026,1,2,02:00,海洋及小潭山區,Jardins do Oceano & Taipa Pequena,Taipa & Cotai,455,3647328.0,66570.0,28.42,0.507
2026,1,2,02:00,東望洋區(松山區),Ferreira do Amaral (Guia),Macau Peninsula,392,3647328.0,155940.0,66.58,1.577
2026,1,2,02:00,大學及北安灣區,Universidade & Baía de Pac On,Taipa & Cotai,486,3647328.0,66570.0,28.42,0.507
2026,1,3,03:00,新橋區,Barca,Macau Peninsula,1389,3647328.0,155940.0,66.58,1.577
2026,1,3,03:00,中區,Baixa de Macau,Macau Peninsula,5987,3647328.0,155940.0,66.58,1.577
2026,1,3,03:00,氹仔中心區,Baixa da Taipa,Taipa & Cotai,4457,3647328.0,66570.0,28.42,0.507
2026,1,3,03:00,台山區,Tamagnini Barbosa,Macau Peninsula,1467,3647328.0,155940.0,66.58,1.577
2026,1,3,03:00,黑沙環新填海區,Novos Aterros da Areia Preta,Macau Peninsula,1494,3647328.0,155940.0,66.58,1.577
2026,1,3,03:00,望廈及水塘區,Móng Há & Reservatório,Macau Peninsula,834,3647328.0,155940.0,66.58,1.577
2026,1,3,03:00,外港及南灣湖新填海區,Novos Aterros do Porto Exterior & Aterros da Baía da Praia Grande,Macau Peninsula,11056,3647328.0,155940.0,66.58,1.577
2026,1,3,03:00,路氹填海區,COTAI Reclamation Area,Taipa & Cotai,58571,3647328.0,66570.0,28.42,0.507
2026,1,3,03:00,黑沙環及祐漢區,Areia Preta & Iao Hon,Macau Peninsula,1604,3647328.0,155940.0,66.58,1.577
2026,1,3,03:00,下環區,Barra/Manduco,Macau Peninsula,2868,3647328.0,155940.0,66.58,1.577
2026,1,3,03:00,荷蘭園區,Conselheiro Ferreira de Almeida,Macau Peninsula,757,3647328.0,155940.0,66.58,1.577
2026,1,3,03:00,林茂塘區,Doca do Lamau,Macau Peninsula,563,3647328.0,155940.0,66.58,1.577
2026,1,3,03:00,沙梨頭及大三巴區,Patane & São Paulo,Macau Peninsula,2696,3647328.0,155940.0,66.58,1.577
2026,1,3,03:00,新口岸區,Zona de Aterros do Porto Exterior,Macau Peninsula,12728,3647328.0,155940.0,66.58,1.577
2026,1,3,03:00,高士德及雅廉訪區,Horta e Costa & Ouvidor Arriaga,Macau Peninsula,704,3647328.0,155940.0,66.58,1.577
2026,1,3,03:00,筷子基區,Fai Chi Kei,Macau Peninsula,534,3647328.0,155940.0,66.58,1.577
2026,1,3,03:00,氹仔舊城及馬場區,Cidade & Hipódromo da Taipa,Taipa & Cotai,3527,3647328.0,66570.0,28.42,0.507
2026,1,3,03:00,路環區,Coloane,Coloane,2178,3647328.0,11693.0,4.99,2.988
2026,1,3,03:00,北安及大潭山區,Pac On & Taipa Grande,Taipa & Cotai,3107,3647328.0,66570.0,28.42,0.507
2026,1,3,03:00,青洲區,Ilha Verde,Macau Peninsula,389,3647328.0,155940.0,66.58,1.577
2026,1,3,03:00,南西灣及主教山區,Praia Grande & Penha,Macau Peninsula,1051,3647328.0,155940.0,66.58,1.577
2026,1,3,03:00,海洋及小潭山區,Jardins do Oceano & Taipa Pequena,Taipa & Cotai,443,3647328.0,66570.0,28.42,0.507
2026,1,3,03:00,東望洋區(松山區),Ferreira do Amaral (Guia),Macau Peninsula,400,3647328.0,155940.0,66.58,1.577
2026,1,3,03:00,大學及北安灣區,Universidade & Baía de Pac On,Taipa & Cotai,493,3647328.0,66570.0,28.42,0.507
2026,1,4,04:00,新橋區,Barca,Macau Peninsula,1404,3647328.0,155940.0,66.58,1.577
2026,1,4,04:00,中區,Baixa de Macau,Macau Peninsula,5795,3647328.0,155940.0,66.58,1.577
2026,1,4,04:00,氹仔中心區,Baixa da Taipa,Taipa & Cotai,4398,3647328.0,66570.0,28.42,0.507
2026,1,4,04:00,台山區,Tamagnini Barbosa,Macau Peninsula,1474,3647328.0,155940.0,66.58,1.577
2026,1,4,04:00,黑沙環新填海區,Novos Aterros da Areia Preta,Macau Peninsula,1471,3647328.0,155940.0,66.58,1.577
2026,1,4,04:00,望廈及水塘區,Móng Há & Reservatório,Macau Peninsula,811,3647328.0,155940.0,66.58,1.577
2026,1,4,04:00,外港及南灣湖新填海區,Novos Aterros do Porto Exterior & Aterros da Baía da Praia Grande,Macau Peninsula,10582,3647328.0,155940.0,66.58,1.577
2026,1,4,04:00,路氹填海區,COTAI Reclamation Area,Taipa & Cotai,57563,3647328.0,66570.0,28.42,0.507
2026,1,4,04:00,黑沙環及祐漢區,Areia Preta & Iao Hon,Macau Peninsula,1641,3647328.0,155940.0,66.58,1.577
2026,1,4,04:00,下環區,Barra/Manduco,Macau Peninsula,2915,3647328.0,155940.0,66.58,1.577
2026,1,4,04:00,荷蘭園區,Conselheiro Ferreira de Almeida,Macau Peninsula,766,3647328.0,155940.0,66.58,1.577
2026,1,4,04:00,林茂塘區,Doca do Lamau,Macau Peninsula,560,3647328.0,155940.0,66.58,1.577
2026,1,4,04:00,沙梨頭及大三巴區,Patane & São Paulo,Macau Peninsula,2698,3647328.0,155940.0,66.58,1.577
2026,1,4,04:00,新口岸區,Zona de Aterros do Porto Exterior,Macau Peninsula,13061,3647328.0,155940.0,66.58,1.577
2026,1,4,04:00,高士德及雅廉訪區,Horta e Costa & Ouvidor Arriaga,Macau Peninsula,726,3647328.0,155940.0,66.58,1.577
2026,1,4,04:00,筷子基區,Fai Chi Kei,Macau Peninsula,531,3647328.0,155940.0,66.58,1.577
2026,1,4,04:00,氹仔舊城及馬場區,Cidade & Hipódromo da Taipa,Taipa & Cotai,3378,3647328.0,66570.0,28.42,0.507
2026,1,4,04:00,路環區,Coloane,Coloane,2122,3647328.0,11693.0,4.99,2.988
2026,1,4,04:00,北安及大潭山區,Pac On & Taipa Grande,Taipa & Cotai,3054,3647328.0,66570.0,28.42,0.507
2026,1,4,04:00,青洲區,Ilha Verde,Macau Peninsula,440,3647328.0,155940.0,66.58,1.577
2026,1,4,04:00,南西灣及主教山區,Praia Grande & Penha,Macau Peninsula,1080,3647328.0,155940.0,66.58,1.577
2026,1,4,04:00,海洋及小潭山區,Jardins do Oceano & Taipa Pequena,Taipa & Cotai,415,3647328.0,66570.0,28.42,0.507
2026,1,4,04:00,東望洋區(松山區),Ferreira do Amaral (Guia),Macau Peninsula,415,3647328.0,155940.0,66.58,1.577
2026,1,4,04:00,大學及北安灣區,Universidade & Baía de Pac On,Taipa & Cotai,497,3647328.0,66570.0,28.42,0.507
2026,1,5,05:00,新橋區,Barca,Macau Peninsula,1414,3647328.0,155940.0,66.58,1.577
2026,1,5,05:00,中區,Baixa de Macau,Macau Peninsula,5649,3647328.0,155940.0,66.58,1.577
2026,1,5,05:00,氹仔中心區,Baixa da Taipa,Taipa & Cotai,4406,3647328.0,66570.0,28.42,0.507
2026,1,5,05:00,台山區,Tamagnini Barbosa,Macau Peninsula,1407,3647328.0,155940.0,66.58,1.577
2026,1,5,05:00,黑沙環新填海區,Novos Aterros da Areia Preta,Macau Peninsula,1460,3647328.0,155940.0,66.58,1.577
2026,1,5,05:00,望廈及水塘區,Móng Há & Reservatório,Macau Peninsula,809,3647328.0,155940.0,66.58,1.577
2026,1,5,05:00,外港及南灣湖新填海區,Novos Aterros do Porto Exterior & Aterros da Baía da Praia Grande,Macau Peninsula,10165,3647328.0,155940.0,66.58,1.577
2026,1,5,05:00,路氹填海區,COTAI Reclamation Area,Taipa & Cotai,56920,3647328.0,66570.0,28.42,0.507
2026,1,5,05:00,黑沙環及祐漢區,Areia Preta & Iao Hon,Macau Peninsula,1677,3647328.0,155940.0,66.58,1.577
2026,1,5,05:00,下環區,Barra/Manduco,Macau Peninsula,2928,3647328.0,155940.0,66.58,1.577
2026,1,5,05:00,荷蘭園區,Conselheiro Ferreira de Almeida,Macau Peninsula,775,3647328.0,155940.0,66.58,1.577
2026,1,5,05:00,林茂塘區,Doca do Lamau,Macau Peninsula,565,3647328.0,155940.0,66.58,1.577
2026,1,5,05:00,沙梨頭及大三巴區,Patane & São Paulo,Macau Peninsula,2726,3647328.0,155940.0,66.58,1.577
2026,1,5,05:00,新口岸區,Zona de Aterros do Porto Exterior,Macau Peninsula,13252,3647328.0,155940.0,66.58,1.577
2026,1,5,05:00,高士德及雅廉訪區,Horta e Costa & Ouvidor Arriaga,Macau Peninsula,743,3647328.0,155940.0,66.58,1.577
2026,1,5,05:00,筷子基區,Fai Chi Kei,Macau Peninsula,531,3647328.0,155940.0,66.58,1.577
2026,1,5,05:00,氹仔舊城及馬場區,Cidade & Hipódromo da Taipa,Taipa & Cotai,3277,3647328.0,66570.0,28.42,0.507
2026,1,5,05:00,路環區,Coloane,Coloane,2108,3647328.0,11693.0,4.99,2.988
2026,1,5,05:00,北安及大潭山區,Pac On & Taipa Grande,Taipa & Cotai,2861,3647328.0,66570.0,28.42,0.507
2026,1,5,05:00,青洲區,Ilha Verde,Macau Peninsula,384,3647328.0,155940.0,66.58,1.577
2026,1,5,05:00,南西灣及主教山區,Praia Grande & Penha,Macau Peninsula,1089,3647328.0,155940.0,66.58,1.577
2026,1,5,05:00,海洋及小潭山區,Jardins do Oceano & Taipa Pequena,Taipa & Cotai,397,3647328.0,66570.0,28.42,0.507
2026,1,5,05:00,東望洋區(松山區),Ferreira do Amaral (Guia),Macau Peninsula,414,3647328.0,155940.0,66.58,1.577
2026,1,5,05:00,大學及北安灣區,Universidade & Baía de Pac On,Taipa & Cotai,501,3647328.0,66570.0,28.42,0.507
2026,1,6,06:00,新橋區,Barca,Macau Peninsula,1428,3647328.0,155940.0,66.58,1.577
2026,1,6,06:00,中區,Baixa de Macau,Macau Peninsula,5544,3647328.0,155940.0,66.58,1.577
2026,1,6,06:00,氹仔中心區,Baixa da Taipa,Taipa & Cotai,4429,3647328.0,66570.0,28.42,0.507
2026,1,6,06:00,台山區,Tamagnini Barbosa,Macau Peninsula,1421,3647328.0,155940.0,66.58,1.577
2026,1,6,06:00,黑沙環新填海區,Novos Aterros da Areia Preta,Macau Peninsula,1462,3647328.0,155940.0,66.58,1.577
2026,1,6,06:00,望廈及水塘區,Móng Há & Reservatório,Macau Peninsula,818,3647328.0,155940.0,66.58,1.577
2026,1,6,06:00,外港及南灣湖新填海區,Novos Aterros do Porto Exterior & Aterros da Baía da Praia Grande,Macau Peninsula,9851,3647328.0,155940.0,66.58,1.577
2026,1,6,06:00,路氹填海區,COTAI Reclamation Area,Taipa & Cotai,56511,3647328.0,66570.0,28.42,0.507
2026,1,6,06:00,黑沙環及祐漢區,Areia Preta & Iao Hon,Macau Peninsula,1703,3647328.0,155940.0,66.58,1.577
2026,1,6,06:00,下環區,Barra/Manduco,Macau Peninsula,2946,3647328.0,155940.0,66.58,1.577
2026,1,6,06:00,荷蘭園區,Conselheiro Ferreira de Almeida,Macau Peninsula,785,3647328.0,155940.0,66.58,1.577
2026,1,6,06:00,林茂塘區,Doca do Lamau,Macau Peninsula,569,3647328.0,155940.0,66.58,1.577
2026,1,6,06:00,沙梨頭及大三巴區,Patane & São Paulo,Macau Peninsula,2750,3647328.0,155940.0,66.58,1.577
2026,1,6,06:00,新口岸區,Zona de Aterros do Porto Exterior,Macau Peninsula,13348,3647328.0,155940.0,66.58,1.577
2026,1,6,06:00,高士德及雅廉訪區,Horta e Costa & Ouvidor Arriaga,Macau Peninsula,752,3647328.0,155940.0,66.58,1.577
2026,1,6,06:00,筷子基區,Fai Chi Kei,Macau Peninsula,535,3647328.0,155940.0,66.58,1.577
2026,1,6,06:00,氹仔舊城及馬場區,Cidade & Hipódromo da Taipa,Taipa & Cotai,3215,3647328.0,66570.0,28.42,0.507
2026,1,6,06:00,路環區,Coloane,Coloane,2127,3647328.0,11693.0,4.99,2.988
2026,1,6,06:00,北安及大潭山區,Pac On & Taipa Grande,Taipa & Cotai,2831,3647328.0,66570.0,28.42,0.507
2026,1,6,06:00,青洲區,Ilha Verde,Macau Peninsula,386,3647328.0,155940.0,66.58,1.577
2026,1,6,06:00,南西灣及主教山區,Praia Grande & Penha,Macau Peninsula,1100,3647328.0,155940.0,66.58,1.577
2026,1,6,06:00,海洋及小潭山區,Jardins do Oceano & Taipa Pequena,Taipa & Cotai,384,3647328.0,66570.0,28.42,0.507
2026,1,6,06:00,東望洋區(松山區),Ferreira do Amaral (Guia),Macau Peninsula,418,3647328.0,155940.0,66.58,1.577
2026,1,6,06:00,大學及北安灣區,Universidade & Baía de Pac On,Taipa & Cotai,504,3647328.0,66570.0,28.42,0.507
2026,1,7,07:00,新橋區,Barca,Macau Peninsula,1423,3647328.0,155940.0,66.58,1.577
2026,1,7,07:00,中區,Baixa de Macau,Macau Peninsula,5475,3647328.0,155940.0,66.58,1.577
2026,1,7,07:00,氹仔中心區,Baixa da Taipa,Taipa & Cotai,4467,3647328.0,66570.0,28.42,0.507
2026,1,7,07:00,台山區,Tamagnini Barbosa,Macau Peninsula,1647,3647328.0,155940.0,66.58,1.577
2026,1,7,07:00,黑沙環新填海區,Novos Aterros da Areia Preta,Macau Peninsula,1477,3647328.0,155940.0,66.58,1.577
2026,1,7,07:00,望廈及水塘區,Móng Há & Reservatório,Macau Peninsula,881,3647328.0,155940.0,66.58,1.577
2026,1,7,07:00,外港及南灣湖新填海區,Novos Aterros do Porto Exterior & Aterros da Baía da Praia Grande,Macau Peninsula,9659,3647328.0,155940.0,66.58,1.577
2026,1,7,07:00,路氹填海區,COTAI Reclamation Area,Taipa & Cotai,56131,3647328.0,66570.0,28.42,0.507
2026,1,7,07:00,黑沙環及祐漢區,Areia Preta & Iao Hon,Macau Peninsula,1894,3647328.0,155940.0,66.58,1.577
2026,1,7,07:00,下環區,Barra/Manduco,Macau Peninsula,2947,3647328.0,155940.0,66.58,1.577
2026,1,7,07:00,荷蘭園區,Conselheiro Ferreira de Almeida,Macau Peninsula,830,3647328.0,155940.0,66.58,1.577
2026,1,7,07:00,林茂塘區,Doca do Lamau,Macau Peninsula,587,3647328.0,155940.0,66.58,1.577
2026,1,7,07:00,沙梨頭及大三巴區,Patane & São Paulo,Macau Peninsula,2801,3647328.0,155940.0,66.58,1.577
2026,1,7,07:00,新口岸區,Zona de Aterros do Porto Exterior,Macau Peninsula,13479,3647328.0,155940.0,66.58,1.577
2026,1,7,07:00,高士德及雅廉訪區,Horta e Costa & Ouvidor Arriaga,Macau Peninsula,747,3647328.0,155940.0,66.58,1.577
2026,1,7,07:00,筷子基區,Fai Chi Kei,Macau Peninsula,548,3647328.0,155940.0,66.58,1.577
2026,1,7,07:00,氹仔舊城及馬場區,Cidade & Hipódromo da Taipa,Taipa & Cotai,3223,3647328.0,66570.0,28.42,0.507
2026,1,7,07:00,路環區,Coloane,Coloane,2184,3647328.0,11693.0,4.99,2.988
2026,1,7,07:00,北安及大潭山區,Pac On & Taipa Grande,Taipa & Cotai,2973,3647328.0,66570.0,28.42,0.507
2026,1,7,07:00,青洲區,Ilha Verde,Macau Peninsula,381,3647328.0,155940.0,66.58,1.577
2026,1,7,07:00,南西灣及主教山區,Praia Grande & Penha,Macau Peninsula,1078,3647328.0,155940.0,66.58,1.577
2026,1,7,07:00,海洋及小潭山區,Jardins do Oceano & Taipa Pequena,Taipa & Cotai,410,3647328.0,66570.0,28.42,0.507
2026,1,7,07:00,東望洋區(松山區),Ferreira do Amaral (Guia),Macau Peninsula,407,3647328.0,155940.0,66.58,1.577
2026,1,7,07:00,大學及北安灣區,Universidade & Baía de Pac On,Taipa & Cotai,520,3647328.0,66570.0,28.42,0.507
2026,1,8,08:00,新橋區,Barca,Macau Peninsula,1438,3647328.0,155940.0,66.58,1.577
2026,1,8,08:00,中區,Baixa de Macau,Macau Peninsula,5543,3647328.0,155940.0,66.58,1.577
2026,1,8,08:00,氹仔中心區,Baixa da Taipa,Taipa & Cotai,4558,3647328.0,66570.0,28.42,0.507
2026,1,8,08:00,台山區,Tamagnini Barbosa,Macau Peninsula,1922,3647328.0,155940.0,66.58,1.577
2026,1,8,08:00,黑沙環新填海區,Novos Aterros da Areia Preta,Macau Peninsula,1577,3647328.0,155940.0,66.58,1.577
2026,1,8,08:00,望廈及水塘區,Móng Há & Reservatório,Macau Peninsula,963,3647328.0,155940.0,66.58,1.577
2026,1,8,08:00,外港及南灣湖新填海區,Novos Aterros do Porto Exterior & Aterros da Baía da Praia Grande,Macau Peninsula,9673,3647328.0,155940.0,66.58,1.577
2026,1,8,08:00,路氹填海區,COTAI Reclamation Area,Taipa & Cotai,56128,3647328.0,66570.0,28.42,0.507
2026,1,8,08:00,黑沙環及祐漢區,Areia Preta & Iao Hon,Macau Peninsula,2314,3647328.0,155940.0,66.58,1.577
2026,1,8,08:00,下環區,Barra/Manduco,Macau Peninsula,2939,3647328.0,155940.0,66.58,1.577
2026,1,8,08:00,荷蘭園區,Conselheiro Ferreira de Almeida,Macau Peninsula,872,3647328.0,155940.0,66.58,1.577
2026,1,8,08:00,林茂塘區,Doca do Lamau,Macau Peninsula,619,3647328.0,155940.0,66.58,1.577
2026,1,8,08:00,沙梨頭及大三巴區,Patane & São Paulo,Macau Peninsula,2871,3647328.0,155940.0,66.58,1.577
2026,1,8,08:00,新口岸區,Zona de Aterros do Porto Exterior,Macau Peninsula,13649,3647328.0,155940.0,66.58,1.577
2026,1,8,08:00,高士德及雅廉訪區,Horta e Costa & Ouvidor Arriaga,Macau Peninsula,768,3647328.0,155940.0,66.58,1.577
2026,1,8,08:00,筷子基區,Fai Chi Kei,Macau Peninsula,594,3647328.0,155940.0,66.58,1.577
2026,1,8,08:00,氹仔舊城及馬場區,Cidade & Hipódromo da Taipa,Taipa & Cotai,3288,3647328.0,66570.0,28.42,0.507
2026,1,8,08:00,路環區,Coloane,Coloane,2225,3647328.0,11693.0,4.99,2.988
2026,1,8,08:00,北安及大潭山區,Pac On & Taipa Grande,Taipa & Cotai,3072,3647328.0,66570.0,28.42,0.507
2026,1,8,08:00,青洲區,Ilha Verde,Macau Peninsula,439,3647328.0,155940.0,66.58,1.577
2026,1,8,08:00,南西灣及主教山區,Praia Grande & Penha,Macau Peninsula,1112,3647328.0,155940.0,66.58,1.577
2026,1,8,08:00,海洋及小潭山區,Jardins do Oceano & Taipa Pequena,Taipa & Cotai,457,3647328.0,66570.0,28.42,0.507
2026,1,8,08:00,東望洋區(松山區),Ferreira do Amaral (Guia),Macau Peninsula,442,3647328.0,155940.0,66.58,1.577
2026,1,8,08:00,大學及北安灣區,Universidade & Baía de Pac On,Taipa & Cotai,540,3647328.0,66570.0,28.42,0.507
2026,1,9,09:00,新橋區,Barca,Macau Peninsula,1443,3647328.0,155940.0,66.58,1.577
2026,1,9,09:00,中區,Baixa de Macau,Macau Peninsula,5763,3647328.0,155940.0,66.58,1.577
2026,1,9,09:00,氹仔中心區,Baixa da Taipa,Taipa & Cotai,4641,3647328.0,66570.0,28.42,0.507
2026,1,9,09:00,台山區,Tamagnini Barbosa,Macau Peninsula,2516,3647328.0,155940.0,66.58,1.577
2026,1,9,09:00,黑沙環新填海區,Novos Aterros da Areia Preta,Macau Peninsula,1687,3647328.0,155940.0,66.58,1.577
2026,1,9,09:00,望廈及水塘區,Móng Há & Reservatório,Macau Peninsula,1171,3647328.0,155940.0,66.58,1.577
2026,1,9,09:00,外港及南灣湖新填海區,Novos Aterros do Porto Exterior & Aterros da Baía da Praia Grande,Macau Peninsula,10000,3647328.0,155940.0,66.58,1.577
2026,1,9,09:00,路氹填海區,COTAI Reclamation Area,Taipa & Cotai,56574,3647328.0,66570.0,28.42,0.507
2026,1,9,09:00,黑沙環及祐漢區,Areia Preta & Iao Hon,Macau Peninsula,3446,3647328.0,155940.0,66.58,1.577
2026,1,9,09:00,下環區,Barra/Manduco,Macau Peninsula,2971,3647328.0,155940.0,66.58,1.577
2026,1,9,09:00,荷蘭園區,Conselheiro Ferreira de Almeida,Macau Peninsula,997,3647328.0,155940.0,66.58,1.577
2026,1,9,09:00,林茂塘區,Doca do Lamau,Macau Peninsula,634,3647328.0,155940.0,66.58,1.577
2026,1,9,09:00,沙梨頭及大三巴區,Patane & São Paulo,Macau Peninsula,2960,3647328.0,155940.0,66.58,1.577
2026,1,9,09:00,新口岸區,Zona de Aterros do Porto Exterior,Macau Peninsula,13976,3647328.0,155940.0,66.58,1.577
2026,1,9,09:00,高士德及雅廉訪區,Horta e Costa & Ouvidor Arriaga,Macau Peninsula,816,3647328.0,155940.0,66.58,1.577
2026,1,9,09:00,筷子基區,Fai Chi Kei,Macau Peninsula,687,3647328.0,155940.0,66.58,1.577
2026,1,9,09:00,氹仔舊城及馬場區,Cidade & Hipódromo da Taipa,Taipa & Cotai,3461,3647328.0,66570.0,28.42,0.507
2026,1,9,09:00,路環區,Coloane,Coloane,2444,3647328.0,11693.0,4.99,2.988
2026,1,9,09:00,北安及大潭山區,Pac On & Taipa Grande,Taipa & Cotai,3387,3647328.0,66570.0,28.42,0.507
2026,1,9,09:00,青洲區,Ilha Verde,Macau Peninsula,540,3647328.0,155940.0,66.58,1.577
2026,1,9,09:00,南西灣及主教山區,Praia Grande & Penha,Macau Peninsula,1139,3647328.0,155940.0,66.58,1.577
2026,1,9,09:00,海洋及小潭山區,Jardins do Oceano & Taipa Pequena,Taipa & Cotai,494,3647328.0,66570.0,28.42,0.507
2026,1,9,09:00,東望洋區(松山區),Ferreira do Amaral (Guia),Macau Peninsula,512,3647328.0,155940.0,66.58,1.577
2026,1,9,09:00,大學及北安灣區,Universidade & Baía de Pac On,Taipa & Cotai,598,3647328.0,66570.0,28.42,0.507
2026,1,10,10:00,新橋區,Barca,Macau Peninsula,1550,3647328.0,155940.0,66.58,1.577
2026,1,10,10:00,中區,Baixa de Macau,Macau Peninsula,6490,3647328.0,155940.0,66.58,1.577
2026,1,10,10:00,氹仔中心區,Baixa da Taipa,Taipa & Cotai,4606,3647328.0,66570.0,28.42,0.507
2026,1,10,10:00,台山區,Tamagnini Barbosa,Macau Peninsula,3132,3647328.0,155940.0,66.58,1.577
2026,1,10,10:00,黑沙環新填海區,Novos Aterros da Areia Preta,Macau Peninsula,2159,3647328.0,155940.0,66.58,1.577
2026,1,10,10:00,望廈及水塘區,Móng Há & Reservatório,Macau Peninsula,1540,3647328.0,155940.0,66.58,1.577
2026,1,10,10:00,外港及南灣湖新填海區,Novos Aterros do Porto Exterior & Aterros da Baía da Praia Grande,Macau Peninsula,10672,3647328.0,155940.0,66.58,1.577
2026,1,10,10:00,路氹填海區,COTAI Reclamation Area,Taipa & Cotai,56989,3647328.0,66570.0,28.42,0.507
2026,1,10,10:00,黑沙環及祐漢區,Areia Preta & Iao Hon,Macau Peninsula,6720,3647328.0,155940.0,66.58,1.577
2026,1,10,10:00,下環區,Barra/Manduco,Macau Peninsula,3002,3647328.0,155940.0,66.58,1.577
2026,1,10,10:00,荷蘭園區,Conselheiro Ferreira de Almeida,Macau Peninsula,1273,3647328.0,155940.0,66.58,1.577
2026,1,10,10:00,林茂塘區,Doca do Lamau,Macau Peninsula,649,3647328.0,155940.0,66.58,1.577
2026,1,10,10:00,沙梨頭及大三巴區,Patane & São Paulo,Macau Peninsula,3472,3647328.0,155940.0,66.58,1.577
2026,1,10,10:00,新口岸區,Zona de Aterros do Porto Exterior,Macau Peninsula,14237,3647328.0,155940.0,66.58,1.577
2026,1,10,10:00,高士德及雅廉訪區,Horta e Costa & Ouvidor Arriaga,Macau Peninsula,864,3647328.0,155940.0,66.58,1.577
2026,1,10,10:00,筷子基區,Fai Chi Kei,Macau Peninsula,655,3647328.0,155940.0,66.58,1.577
2026,1,10,10:00,氹仔舊城及馬場區,Cidade & Hipódromo da Taipa,Taipa & Cotai,3708,3647328.0,66570.0,28.42,0.507
2026,1,10,10:00,路環區,Coloane,Coloane,2558,3647328.0,11693.0,4.99,2.988
2026,1,10,10:00,北安及大潭山區,Pac On & Taipa Grande,Taipa & Cotai,4984,3647328.0,66570.0,28.42,0.507
2026,1,10,10:00,青洲區,Ilha Verde,Macau Peninsula,548,3647328.0,155940.0,66.58,1.577
2026,1,10,10:00,南西灣及主教山區,Praia Grande & Penha,Macau Peninsula,1145,3647328.0,155940.0,66.58,1.577
2026,1,10,10:00,海洋及小潭山區,Jardins do Oceano & Taipa Pequena,Taipa & Cotai,558,3647328.0,66570.0,28.42,0.507
2026,1,10,10:00,東望洋區(松山區),Ferreira do Amaral (Guia),Macau Peninsula,584,3647328.0,155940.0,66.58,1.577
2026,1,10,10:00,大學及北安灣區,Universidade & Baía de Pac On,Taipa & Cotai,977,3647328.0,66570.0,28.42,0.507
2026,1,11,11:00,新橋區,Barca,Macau Peninsula,1758,3647328.0,155940.0,66.58,1.577
2026,1,11,11:00,中區,Baixa de Macau,Macau Peninsula,8523,3647328.0,155940.0,66.58,1.577
2026,1,11,11:00,氹仔中心區,Baixa da Taipa,Taipa & Cotai,4447,3647328.0,66570.0,28.42,0.507
2026,1,11,11:00,台山區,Tamagnini Barbosa,Macau Peninsula,4081,3647328.0,155940.0,66.58,1.577
2026,1,11,11:00,黑沙環新填海區,Novos Aterros da Areia Preta,Macau Peninsula,2657,3647328.0,155940.0,66.58,1.577
2026,1,11,11:00,望廈及水塘區,Móng Há & Reservatório,Macau Peninsula,1878,3647328.0,155940.0,66.58,1.577
2026,1,11,11:00,外港及南灣湖新填海區,Novos Aterros do Porto Exterior & Aterros da Baía da Praia Grande,Macau Peninsula,12123,3647328.0,155940.0,66.58,1.577
2026,1,11,11:00,路氹填海區,COTAI Reclamation Area,Taipa & Cotai,58498,3647328.0,66570.0,28.42,0.507
2026,1,11,11:00,黑沙環及祐漢區,Areia Preta & Iao Hon,Macau Peninsula,10217,3647328.0,155940.0,66.58,1.577
2026,1,11,11:00,下環區,Barra/Manduco,Macau Peninsula,3173,3647328.0,155940.0,66.58,1.577
2026,1,11,11:00,荷蘭園區,Conselheiro Ferreira de Almeida,Macau Peninsula,1594,3647328.0,155940.0,66.58,1.577
2026,1,11,11:00,林茂塘區,Doca do Lamau,Macau Peninsula,717,3647328.0,155940.0,66.58,1.577
2026,1,11,11:00,沙梨頭及大三巴區,Patane & São Paulo,Macau Peninsula,4446,3647328.0,155940.0,66.58,1.577
2026,1,11,11:00,新口岸區,Zona de Aterros do Porto Exterior,Macau Peninsula,14484,3647328.0,155940.0,66.58,1.577
2026,1,11,11:00,高士德及雅廉訪區,Horta e Costa & Ouvidor Arriaga,Macau Peninsula,864,3647328.0,155940.0,66.58,1.577
2026,1,11,11:00,筷子基區,Fai Chi Kei,Macau Peninsula,684,3647328.0,155940.0,66.58,1.577
2026,1,11,11:00,氹仔舊城及馬場區,Cidade & Hipódromo da Taipa,Taipa & Cotai,4196,3647328.0,66570.0,28.42,0.507
2026,1,11,11:00,路環區,Coloane,Coloane,2876,3647328.0,11693.0,4.99,2.988
2026,1,11,11:00,北安及大潭山區,Pac On & Taipa Grande,Taipa & Cotai,6982,3647328.0,66570.0,28.42,0.507
2026,1,11,11:00,青洲區,Ilha Verde,Macau Peninsula,563,3647328.0,155940.0,66.58,1.577
2026,1,11,11:00,南西灣及主教山區,Praia Grande & Penha,Macau Peninsula,1155,3647328.0,155940.0,66.58,1.577
2026,1,11,11:00,海洋及小潭山區,Jardins do Oceano & Taipa Pequena,Taipa & Cotai,672,3647328.0,66570.0,28.42,0.507
2026,1,11,11:00,東望洋區(松山區),Ferreira do Amaral (Guia),Macau Peninsula,607,3647328.0,155940.0,66.58,1.577
2026,1,11,11:00,大學及北安灣區,Universidade & Baía de Pac On,Taipa & Cotai,1064,3647328.0,66570.0,28.42,0.507
2026,1,12,12:00,新橋區,Barca,Macau Peninsula,2160,3647328.0,155940.0,66.58,1.577
2026,1,12,12:00,中區,Baixa de Macau,Macau Peninsula,12145,3647328.0,155940.0,66.58,1.577
2026,1,12,12:00,氹仔中心區,Baixa da Taipa,Taipa & Cotai,4393,3647328.0,66570.0,28.42,0.507
2026,1,12,12:00,台山區,Tamagnini Barbosa,Macau Peninsula,4620,3647328.0,155940.0,66.58,1.577
2026,1,12,12:00,黑沙環新填海區,Novos Aterros da Areia Preta,Macau Peninsula,2691,3647328.0,155940.0,66.58,1.577
2026,1,12,12:00,望廈及水塘區,Móng Há & Reservatório,Macau Peninsula,2110,3647328.0,155940.0,66.58,1.577
2026,1,12,12:00,外港及南灣湖新填海區,Novos Aterros do Porto Exterior & Aterros da Baía da Praia Grande,Macau Peninsula,14398,3647328.0,155940.0,66.58,1.577
2026,1,12,12:00,路氹填海區,COTAI Reclamation Area,Taipa & Cotai,60986,3647328.0,66570.0,28.42,0.507
2026,1,12,12:00,黑沙環及祐漢區,Areia Preta & Iao Hon,Macau Peninsula,10177,3647328.0,155940.0,66.58,1.577
2026,1,12,12:00,下環區,Barra/Manduco,Macau Peninsula,3542,3647328.0,155940.0,66.58,1.577
2026,1,12,12:00,荷蘭園區,Conselheiro Ferreira de Almeida,Macau Peninsula,1793,3647328.0,155940.0,66.58,1.577
2026,1,12,12:00,林茂塘區,Doca do Lamau,Macau Peninsula,829,3647328.0,155940.0,66.58,1.577
2026,1,12,12:00,沙梨頭及大三巴區,Patane & São Paulo,Macau Peninsula,6045,3647328.0,155940.0,66.58,1.577
2026,1,12,12:00,新口岸區,Zona de Aterros do Porto Exterior,Macau Peninsula,14267,3647328.0,155940.0,66.58,1.577
2026,1,12,12:00,高士德及雅廉訪區,Horta e Costa & Ouvidor Arriaga,Macau Peninsula,993,3647328.0,155940.0,66.58,1.577
2026,1,12,12:00,筷子基區,Fai Chi Kei,Macau Peninsula,777,3647328.0,155940.0,66.58,1.577
2026,1,12,12:00,氹仔舊城及馬場區,Cidade & Hipódromo da Taipa,Taipa & Cotai,5275,3647328.0,66570.0,28.42,0.507
2026,1,12,12:00,路環區,Coloane,Coloane,3457,3647328.0,11693.0,4.99,2.988
2026,1,12,12:00,北安及大潭山區,Pac On & Taipa Grande,Taipa & Cotai,8882,3647328.0,66570.0,28.42,0.507
2026,1,12,12:00,青洲區,Ilha Verde,Macau Peninsula,599,3647328.0,155940.0,66.58,1.577
2026,1,12,12:00,南西灣及主教山區,Praia Grande & Penha,Macau Peninsula,1233,3647328.0,155940.0,66.58,1.577
2026,1,12,12:00,海洋及小潭山區,Jardins do Oceano & Taipa Pequena,Taipa & Cotai,826,3647328.0,66570.0,28.42,0.507
2026,1,12,12:00,東望洋區(松山區),Ferreira do Amaral (Guia),Macau Peninsula,635,3647328.0,155940.0,66.58,1.577
2026,1,12,12:00,大學及北安灣區,Universidade & Baía de Pac On,Taipa & Cotai,1146,3647328.0,66570.0,28.42,0.507
2026,1,13,13:00,新橋區,Barca,Macau Peninsula,2297,3647328.0,155940.0,66.58,1.577
2026,1,13,13:00,中區,Baixa de Macau,Macau Peninsula,16003,3647328.0,155940.0,66.58,1.577
2026,1,13,13:00,氹仔中心區,Baixa da Taipa,Taipa & Cotai,4685,3647328.0,66570.0,28.42,0.507
2026,1,13,13:00,台山區,Tamagnini Barbosa,Macau Peninsula,4221,3647328.0,155940.0,66.58,1.577
2026,1,13,13:00,黑沙環新填海區,Novos Aterros da Areia Preta,Macau Peninsula,2594,3647328.0,155940.0,66.58,1.577
2026,1,13,13:00,望廈及水塘區,Móng Há & Reservatório,Macau Peninsula,2232,3647328.0,155940.0,66.58,1.577
2026,1,13,13:00,外港及南灣湖新填海區,Novos Aterros do Porto Exterior & Aterros da Baía da Praia Grande,Macau Peninsula,17349,3647328.0,155940.0,66.58,1.577
2026,1,13,13:00,路氹填海區,COTAI Reclamation Area,Taipa & Cotai,62844,3647328.0,66570.0,28.42,0.507
2026,1,13,13:00,黑沙環及祐漢區,Areia Preta & Iao Hon,Macau Peninsula,8784,3647328.0,155940.0,66.58,1.577
2026,1,13,13:00,下環區,Barra/Manduco,Macau Peninsula,3921,3647328.0,155940.0,66.58,1.577
2026,1,13,13:00,荷蘭園區,Conselheiro Ferreira de Almeida,Macau Peninsula,1617,3647328.0,155940.0,66.58,1.577
2026,1,13,13:00,林茂塘區,Doca do Lamau,Macau Peninsula,894,3647328.0,155940.0,66.58,1.577
2026,1,13,13:00,沙梨頭及大三巴區,Patane & São Paulo,Macau Peninsula,6900,3647328.0,155940.0,66.58,1.577
2026,1,13,13:00,新口岸區,Zona de Aterros do Porto Exterior,Macau Peninsula,14723,3647328.0,155940.0,66.58,1.577
2026,1,13,13:00,高士德及雅廉訪區,Horta e Costa & Ouvidor Arriaga,Macau Peninsula,1058,3647328.0,155940.0,66.58,1.577
2026,1,13,13:00,筷子基區,Fai Chi Kei,Macau Peninsula,956,3647328.0,155940.0,66.58,1.577
2026,1,13,13:00,氹仔舊城及馬場區,Cidade & Hipódromo da Taipa,Taipa & Cotai,7270,3647328.0,66570.0,28.42,0.507
2026,1,13,13:00,路環區,Coloane,Coloane,3792,3647328.0,11693.0,4.99,2.988
2026,1,13,13:00,北安及大潭山區,Pac On & Taipa Grande,Taipa & Cotai,9449,3647328.0,66570.0,28.42,0.507
2026,1,13,13:00,青洲區,Ilha Verde,Macau Peninsula,688,3647328.0,155940.0,66.58,1.577
2026,1,13,13:00,南西灣及主教山區,Praia Grande & Penha,Macau Peninsula,1339,3647328.0,155940.0,66.58,1.577
2026,1,13,13:00,海洋及小潭山區,Jardins do Oceano & Taipa Pequena,Taipa & Cotai,953,3647328.0,66570.0,28.42,0.507
2026,1,13,13:00,東望洋區(松山區),Ferreira do Amaral (Guia),Macau Peninsula,558,3647328.0,155940.0,66.58,1.577
2026,1,13,13:00,大學及北安灣區,Universidade & Baía de Pac On,Taipa & Cotai,1222,3647328.0,66570.0,28.42,0.507
2026,1,14,14:00,新橋區,Barca,Macau Peninsula,2471,3647328.0,155940.0,66.58,1.577
2026,1,14,14:00,中區,Baixa de Macau,Macau Peninsula,19299,3647328.0,155940.0,66.58,1.577
2026,1,14,14:00,氹仔中心區,Baixa da Taipa,Taipa & Cotai,4842,3647328.0,66570.0,28.42,0.507
2026,1,14,14:00,台山區,Tamagnini Barbosa,Macau Peninsula,3668,3647328.0,155940.0,66.58,1.577
2026,1,14,14:00,黑沙環新填海區,Novos Aterros da Areia Preta,Macau Peninsula,2283,3647328.0,155940.0,66.58,1.577
2026,1,14,14:00,望廈及水塘區,Móng Há & Reservatório,Macau Peninsula,2020,3647328.0,155940.0,66.58,1.577
2026,1,14,14:00,外港及南灣湖新填海區,Novos Aterros do Porto Exterior & Aterros da Baía da Praia Grande,Macau Peninsula,19097,3647328.0,155940.0,66.58,1.577
2026,1,14,14:00,路氹填海區,COTAI Reclamation Area,Taipa & Cotai,64492,3647328.0,66570.0,28.42,0.507
2026,1,14,14:00,黑沙環及祐漢區,Areia Preta & Iao Hon,Macau Peninsula,7861,3647328.0,155940.0,66.58,1.577
2026,1,14,14:00,下環區,Barra/Manduco,Macau Peninsula,4098,3647328.0,155940.0,66.58,1.577
2026,1,14,14:00,荷蘭園區,Conselheiro Ferreira de Almeida,Macau Peninsula,1818,3647328.0,155940.0,66.58,1.577
2026,1,14,14:00,林茂塘區,Doca do Lamau,Macau Peninsula,936,3647328.0,155940.0,66.58,1.577
2026,1,14,14:00,沙梨頭及大三巴區,Patane & São Paulo,Macau Peninsula,7573,3647328.0,155940.0,66.58,1.577
2026,1,14,14:00,新口岸區,Zona de Aterros do Porto Exterior,Macau Peninsula,15159,3647328.0,155940.0,66.58,1.577
2026,1,14,14:00,高士德及雅廉訪區,Horta e Costa & Ouvidor Arriaga,Macau Peninsula,1083,3647328.0,155940.0,66.58,1.577
2026,1,14,14:00,筷子基區,Fai Chi Kei,Macau Peninsula,999,3647328.0,155940.0,66.58,1.577
2026,1,14,14:00,氹仔舊城及馬場區,Cidade & Hipódromo da Taipa,Taipa & Cotai,9295,3647328.0,66570.0,28.42,0.507
2026,1,14,14:00,路環區,Coloane,Coloane,3853,3647328.0,11693.0,4.99,2.988
2026,1,14,14:00,北安及大潭山區,Pac On & Taipa Grande,Taipa & Cotai,9112,3647328.0,66570.0,28.42,0.507
2026,1,14,14:00,青洲區,Ilha Verde,Macau Peninsula,658,3647328.0,155940.0,66.58,1.577
2026,1,14,14:00,南西灣及主教山區,Praia Grande & Penha,Macau Peninsula,1301,3647328.0,155940.0,66.58,1.577
2026,1,14,14:00,海洋及小潭山區,Jardins do Oceano & Taipa Pequena,Taipa & Cotai,963,3647328.0,66570.0,28.42,0.507
2026,1,14,14:00,東望洋區(松山區),Ferreira do Amaral (Guia),Macau Peninsula,581,3647328.0,155940.0,66.58,1.577
2026,1,14,14:00,大學及北安灣區,Universidade & Baía de Pac On,Taipa & Cotai,1209,3647328.0,66570.0,28.42,0.507
2026,1,15,15:00,新橋區,Barca,Macau Peninsula,2505,3647328.0,155940.0,66.58,1.577
2026,1,15,15:00,中區,Baixa de Macau,Macau Peninsula,20811,3647328.0,155940.0,66.58,1.577
2026,1,15,15:00,氹仔中心區,Baixa da Taipa,Taipa & Cotai,4800,3647328.0,66570.0,28.42,0.507
2026,1,15,15:00,台山區,Tamagnini Barbosa,Macau Peninsula,3416,3647328.0,155940.0,66.58,1.577
2026,1,15,15:00,黑沙環新填海區,Novos Aterros da Areia Preta,Macau Peninsula,2178,3647328.0,155940.0,66.58,1.577
2026,1,15,15:00,望廈及水塘區,Móng Há & Reservatório,Macau Peninsula,1954,3647328.0,155940.0,66.58,1.577
2026,1,15,15:00,外港及南灣湖新填海區,Novos Aterros do Porto Exterior & Aterros da Baía da Praia Grande,Macau Peninsula,21032,3647328.0,155940.0,66.58,1.577
2026,1,15,15:00,路氹填海區,COTAI Reclamation Area,Taipa & Cotai,68555,3647328.0,66570.0,28.42,0.507
2026,1,15,15:00,黑沙環及祐漢區,Areia Preta & Iao Hon,Macau Peninsula,7020,3647328.0,155940.0,66.58,1.577
2026,1,15,15:00,下環區,Barra/Manduco,Macau Peninsula,4142,3647328.0,155940.0,66.58,1.577
2026,1,15,15:00,荷蘭園區,Conselheiro Ferreira de Almeida,Macau Peninsula,1944,3647328.0,155940.0,66.58,1.577
2026,1,15,15:00,林茂塘區,Doca do Lamau,Macau Peninsula,862,3647328.0,155940.0,66.58,1.577
2026,1,15,15:00,沙梨頭及大三巴區,Patane & São Paulo,Macau Peninsula,7909,3647328.0,155940.0,66.58,1.577
2026,1,15,15:00,新口岸區,Zona de Aterros do Porto Exterior,Macau Peninsula,13394,3647328.0,155940.0,66.58,1.577
2026,1,15,15:00,高士德及雅廉訪區,Horta e Costa & Ouvidor Arriaga,Macau Peninsula,1039,3647328.0,155940.0,66.58,1.577
2026,1,15,15:00,筷子基區,Fai Chi Kei,Macau Peninsula,802,3647328.0,155940.0,66.58,1.577
2026,1,15,15:00,氹仔舊城及馬場區,Cidade & Hipódromo da Taipa,Taipa & Cotai,10102,3647328.0,66570.0,28.42,0.507
2026,1,15,15:00,路環區,Coloane,Coloane,4037,3647328.0,11693.0,4.99,2.988
2026,1,15,15:00,北安及大潭山區,Pac On & Taipa Grande,Taipa & Cotai,8415,3647328.0,66570.0,28.42,0.507
2026,1,15,15:00,青洲區,Ilha Verde,Macau Peninsula,582,3647328.0,155940.0,66.58,1.577
2026,1,15,15:00,南西灣及主教山區,Praia Grande & Penha,Macau Peninsula,1354,3647328.0,155940.0,66.58,1.577
2026,1,15,15:00,海洋及小潭山區,Jardins do Oceano & Taipa Pequena,Taipa & Cotai,1024,3647328.0,66570.0,28.42,0.507
2026,1,15,15:00,東望洋區(松山區),Ferreira do Amaral (Guia),Macau Peninsula,621,3647328.0,155940.0,66.58,1.577
2026,1,15,15:00,大學及北安灣區,Universidade & Baía de Pac On,Taipa & Cotai,1240,3647328.0,66570.0,28.42,0.507
2026,1,16,16:00,新橋區,Barca,Macau Peninsula,2427,3647328.0,155940.0,66.58,1.577
2026,1,16,16:00,中區,Baixa de Macau,Macau Peninsula,20340,3647328.0,155940.0,66.58,1.577
2026,1,16,16:00,氹仔中心區,Baixa da Taipa,Taipa & Cotai,4664,3647328.0,66570.0,28.42,0.507
2026,1,16,16:00,台山區,Tamagnini Barbosa,Macau Peninsula,3326,3647328.0,155940.0,66.58,1.577
2026,1,16,16:00,黑沙環新填海區,Novos Aterros da Areia Preta,Macau Peninsula,2031,3647328.0,155940.0,66.58,1.577
2026,1,16,16:00,望廈及水塘區,Móng Há & Reservatório,Macau Peninsula,1783,3647328.0,155940.0,66.58,1.577
2026,1,16,16:00,外港及南灣湖新填海區,Novos Aterros do Porto Exterior & Aterros da Baía da Praia Grande,Macau Peninsula,21280,3647328.0,155940.0,66.58,1.577
2026,1,16,16:00,路氹填海區,COTAI Reclamation Area,Taipa & Cotai,74350,3647328.0,66570.0,28.42,0.507
2026,1,16,16:00,黑沙環及祐漢區,Areia Preta & Iao Hon,Macau Peninsula,6503,3647328.0,155940.0,66.58,1.577
2026,1,16,16:00,下環區,Barra/Manduco,Macau Peninsula,3827,3647328.0,155940.0,66.58,1.577
2026,1,16,16:00,荷蘭園區,Conselheiro Ferreira de Almeida,Macau Peninsula,1845,3647328.0,155940.0,66.58,1.577
2026,1,16,16:00,林茂塘區,Doca do Lamau,Macau Peninsula,843,3647328.0,155940.0,66.58,1.577
2026,1,16,16:00,沙梨頭及大三巴區,Patane & São Paulo,Macau Peninsula,7580,3647328.0,155940.0,66.58,1.577
2026,1,16,16:00,新口岸區,Zona de Aterros do Porto Exterior,Macau Peninsula,12834,3647328.0,155940.0,66.58,1.577
2026,1,16,16:00,高士德及雅廉訪區,Horta e Costa & Ouvidor Arriaga,Macau Peninsula,982,3647328.0,155940.0,66.58,1.577
2026,1,16,16:00,筷子基區,Fai Chi Kei,Macau Peninsula,699,3647328.0,155940.0,66.58,1.577
2026,1,16,16:00,氹仔舊城及馬場區,Cidade & Hipódromo da Taipa,Taipa & Cotai,9439,3647328.0,66570.0,28.42,0.507
2026,1,16,16:00,路環區,Coloane,Coloane,4163,3647328.0,11693.0,4.99,2.988
2026,1,16,16:00,北安及大潭山區,Pac On & Taipa Grande,Taipa & Cotai,9108,3647328.0,66570.0,28.42,0.507
2026,1,16,16:00,青洲區,Ilha Verde,Macau Peninsula,546,3647328.0,155940.0,66.58,1.577
2026,1,16,16:00,南西灣及主教山區,Praia Grande & Penha,Macau Peninsula,1327,3647328.0,155940.0,66.58,1.577
2026,1,16,16:00,海洋及小潭山區,Jardins do Oceano & Taipa Pequena,Taipa & Cotai,1009,3647328.0,66570.0,28.42,0.507
2026,1,16,16:00,東望洋區(松山區),Ferreira do Amaral (Guia),Macau Peninsula,611,3647328.0,155940.0,66.58,1.577
2026,1,16,16:00,大學及北安灣區,Universidade & Baía de Pac On,Taipa & Cotai,1135,3647328.0,66570.0,28.42,0.507
2026,1,17,17:00,新橋區,Barca,Macau Peninsula,2265,3647328.0,155940.0,66.58,1.577
2026,1,17,17:00,中區,Baixa de Macau,Macau Peninsula,18586,3647328.0,155940.0,66.58,1.577
2026,1,17,17:00,氹仔中心區,Baixa da Taipa,Taipa & Cotai,4411,3647328.0,66570.0,28.42,0.507
2026,1,17,17:00,台山區,Tamagnini Barbosa,Macau Peninsula,3346,3647328.0,155940.0,66.58,1.577
2026,1,17,17:00,黑沙環新填海區,Novos Aterros da Areia Preta,Macau Peninsula,1949,3647328.0,155940.0,66.58,1.577
2026,1,17,17:00,望廈及水塘區,Móng Há & Reservatório,Macau Peninsula,1692,3647328.0,155940.0,66.58,1.577
2026,1,17,17:00,外港及南灣湖新填海區,Novos Aterros do Porto Exterior & Aterros da Baía da Praia Grande,Macau Peninsula,20753,3647328.0,155940.0,66.58,1.577
2026,1,17,17:00,路氹填海區,COTAI Reclamation Area,Taipa & Cotai,78608,3647328.0,66570.0,28.42,0.507
2026,1,17,17:00,黑沙環及祐漢區,Areia Preta & Iao Hon,Macau Peninsula,6286,3647328.0,155940.0,66.58,1.577
2026,1,17,17:00,下環區,Barra/Manduco,Macau Peninsula,3627,3647328.0,155940.0,66.58,1.577
2026,1,17,17:00,荷蘭園區,Conselheiro Ferreira de Almeida,Macau Peninsula,1681,3647328.0,155940.0,66.58,1.577
2026,1,17,17:00,林茂塘區,Doca do Lamau,Macau Peninsula,868,3647328.0,155940.0,66.58,1.577
2026,1,17,17:00,沙梨頭及大三巴區,Patane & São Paulo,Macau Peninsula,6802,3647328.0,155940.0,66.58,1.577
2026,1,17,17:00,新口岸區,Zona de Aterros do Porto Exterior,Macau Peninsula,12522,3647328.0,155940.0,66.58,1.577
2026,1,17,17:00,高士德及雅廉訪區,Horta e Costa & Ouvidor Arriaga,Macau Peninsula,941,3647328.0,155940.0,66.58,1.577
2026,1,17,17:00,筷子基區,Fai Chi Kei,Macau Peninsula,697,3647328.0,155940.0,66.58,1.577
2026,1,17,17:00,氹仔舊城及馬場區,Cidade & Hipódromo da Taipa,Taipa & Cotai,8602,3647328.0,66570.0,28.42,0.507
2026,1,17,17:00,路環區,Coloane,Coloane,3930,3647328.0,11693.0,4.99,2.988
2026,1,17,17:00,北安及大潭山區,Pac On & Taipa Grande,Taipa & Cotai,9601,3647328.0,66570.0,28.42,0.507
2026,1,17,17:00,青洲區,Ilha Verde,Macau Peninsula,552,3647328.0,155940.0,66.58,1.577
2026,1,17,17:00,南西灣及主教山區,Praia Grande & Penha,Macau Peninsula,1344,3647328.0,155940.0,66.58,1.577
2026,1,17,17:00,海洋及小潭山區,Jardins do Oceano & Taipa Pequena,Taipa & Cotai,956,3647328.0,66570.0,28.42,0.507
2026,1,17,17:00,東望洋區(松山區),Ferreira do Amaral (Guia),Macau Peninsula,577,3647328.0,155940.0,66.58,1.577
2026,1,17,17:00,大學及北安灣區,Universidade & Baía de Pac On,Taipa & Cotai,1143,3647328.0,66570.0,28.42,0.507
2026,1,18,18:00,新橋區,Barca,Macau Peninsula,2047,3647328.0,155940.0,66.58,1.577
2026,1,18,18:00,中區,Baixa de Macau,Macau Peninsula,16172,3647328.0,155940.0,66.58,1.577
2026,1,18,18:00,氹仔中心區,Baixa da Taipa,Taipa & Cotai,4377,3647328.0,66570.0,28.42,0.507
2026,1,18,18:00,台山區,Tamagnini Barbosa,Macau Peninsula,3450,3647328.0,155940.0,66.58,1.577
2026,1,18,18:00,黑沙環新填海區,Novos Aterros da Areia Preta,Macau Peninsula,2071,3647328.0,155940.0,66.58,1.577
2026,1,18,18:00,望廈及水塘區,Móng Há & Reservatório,Macau Peninsula,1640,3647328.0,155940.0,66.58,1.577
2026,1,18,18:00,外港及南灣湖新填海區,Novos Aterros do Porto Exterior & Aterros da Baía da Praia Grande,Macau Peninsula,19770,3647328.0,155940.0,66.58,1.577
2026,1,18,18:00,路氹填海區,COTAI Reclamation Area,Taipa & Cotai,79477,3647328.0,66570.0,28.42,0.507
2026,1,18,18:00,黑沙環及祐漢區,Areia Preta & Iao Hon,Macau Peninsula,6100,3647328.0,155940.0,66.58,1.577
2026,1,18,18:00,下環區,Barra/Manduco,Macau Peninsula,3363,3647328.0,155940.0,66.58,1.577
2026,1,18,18:00,荷蘭園區,Conselheiro Ferreira de Almeida,Macau Peninsula,1463,3647328.0,155940.0,66.58,1.577
2026,1,18,18:00,林茂塘區,Doca do Lamau,Macau Peninsula,875,3647328.0,155940.0,66.58,1.577
2026,1,18,18:00,沙梨頭及大三巴區,Patane & São Paulo,Macau Peninsula,5587,3647328.0,155940.0,66.58,1.577
2026,1,18,18:00,新口岸區,Zona de Aterros do Porto Exterior,Macau Peninsula,12357,3647328.0,155940.0,66.58,1.577
2026,1,18,18:00,高士德及雅廉訪區,Horta e Costa & Ouvidor Arriaga,Macau Peninsula,908,3647328.0,155940.0,66.58,1.577
2026,1,18,18:00,筷子基區,Fai Chi Kei,Macau Peninsula,753,3647328.0,155940.0,66.58,1.577
2026,1,18,18:00,氹仔舊城及馬場區,Cidade & Hipódromo da Taipa,Taipa & Cotai,8190,3647328.0,66570.0,28.42,0.507
2026,1,18,18:00,路環區,Coloane,Coloane,3468,3647328.0,11693.0,4.99,2.988
2026,1,18,18:00,北安及大潭山區,Pac On & Taipa Grande,Taipa & Cotai,9308,3647328.0,66570.0,28.42,0.507
2026,1,18,18:00,青洲區,Ilha Verde,Macau Peninsula,603,3647328.0,155940.0,66.58,1.577
2026,1,18,18:00,南西灣及主教山區,Praia Grande & Penha,Macau Peninsula,1220,3647328.0,155940.0,66.58,1.577
2026,1,18,18:00,海洋及小潭山區,Jardins do Oceano & Taipa Pequena,Taipa & Cotai,967,3647328.0,66570.0,28.42,0.507
2026,1,18,18:00,東望洋區(松山區),Ferreira do Amaral (Guia),Macau Peninsula,516,3647328.0,155940.0,66.58,1.577
2026,1,18,18:00,大學及北安灣區,Universidade & Baía de Pac On,Taipa & Cotai,1086,3647328.0,66570.0,28.42,0.507
2026,1,19,19:00,新橋區,Barca,Macau Peninsula,1797,3647328.0,155940.0,66.58,1.577
2026,1,19,19:00,中區,Baixa de Macau,Macau Peninsula,13861,3647328.0,155940.0,66.58,1.577
2026,1,19,19:00,氹仔中心區,Baixa da Taipa,Taipa & Cotai,4660,3647328.0,66570.0,28.42,0.507
2026,1,19,19:00,台山區,Tamagnini Barbosa,Macau Peninsula,3455,3647328.0,155940.0,66.58,1.577
2026,1,19,19:00,黑沙環新填海區,Novos Aterros da Areia Preta,Macau Peninsula,2205,3647328.0,155940.0,66.58,1.577
2026,1,19,19:00,望廈及水塘區,Móng Há & Reservatório,Macau Peninsula,1608,3647328.0,155940.0,66.58,1.577
2026,1,19,19:00,外港及南灣湖新填海區,Novos Aterros do Porto Exterior & Aterros da Baía da Praia Grande,Macau Peninsula,18082,3647328.0,155940.0,66.58,1.577
2026,1,19,19:00,路氹填海區,COTAI Reclamation Area,Taipa & Cotai,78601,3647328.0,66570.0,28.42,0.507
2026,1,19,19:00,黑沙環及祐漢區,Areia Preta & Iao Hon,Macau Peninsula,6202,3647328.0,155940.0,66.58,1.577
2026,1,19,19:00,下環區,Barra/Manduco,Macau Peninsula,3374,3647328.0,155940.0,66.58,1.577
2026,1,19,19:00,荷蘭園區,Conselheiro Ferreira de Almeida,Macau Peninsula,1314,3647328.0,155940.0,66.58,1.577
2026,1,19,19:00,林茂塘區,Doca do Lamau,Macau Peninsula,898,3647328.0,155940.0,66.58,1.577
2026,1,19,19:00,沙梨頭及大三巴區,Patane & São Paulo,Macau Peninsula,4436,3647328.0,155940.0,66.58,1.577
2026,1,19,19:00,新口岸區,Zona de Aterros do Porto Exterior,Macau Peninsula,12519,3647328.0,155940.0,66.58,1.577
2026,1,19,19:00,高士德及雅廉訪區,Horta e Costa & Ouvidor Arriaga,Macau Peninsula,897,3647328.0,155940.0,66.58,1.577
2026,1,19,19:00,筷子基區,Fai Chi Kei,Macau Peninsula,815,3647328.0,155940.0,66.58,1.577
2026,1,19,19:00,氹仔舊城及馬場區,Cidade & Hipódromo da Taipa,Taipa & Cotai,8461,3647328.0,66570.0,28.42,0.507
2026,1,19,19:00,路環區,Coloane,Coloane,3070,3647328.0,11693.0,4.99,2.988
2026,1,19,19:00,北安及大潭山區,Pac On & Taipa Grande,Taipa & Cotai,8833,3647328.0,66570.0,28.42,0.507
2026,1,19,19:00,青洲區,Ilha Verde,Macau Peninsula,628,3647328.0,155940.0,66.58,1.577
2026,1,19,19:00,南西灣及主教山區,Praia Grande & Penha,Macau Peninsula,1107,3647328.0,155940.0,66.58,1.577
2026,1,19,19:00,海洋及小潭山區,Jardins do Oceano & Taipa Pequena,Taipa & Cotai,943,3647328.0,66570.0,28.42,0.507
2026,1,19,19:00,東望洋區(松山區),Ferreira do Amaral (Guia),Macau Peninsula,448,3647328.0,155940.0,66.58,1.577
2026,1,19,19:00,大學及北安灣區,Universidade & Baía de Pac On,Taipa & Cotai,958,3647328.0,66570.0,28.42,0.507
2026,1,20,20:00,新橋區,Barca,Macau Peninsula,1605,3647328.0,155940.0,66.58,1.577
2026,1,20,20:00,中區,Baixa de Macau,Macau Peninsula,11706,3647328.0,155940.0,66.58,1.577
2026,1,20,20:00,氹仔中心區,Baixa da Taipa,Taipa & Cotai,5183,3647328.0,66570.0,28.42,0.507
2026,1,20,20:00,台山區,Tamagnini Barbosa,Macau Peninsula,3166,3647328.0,155940.0,66.58,1.577
2026,1,20,20:00,黑沙環新填海區,Novos Aterros da Areia Preta,Macau Peninsula,2363,3647328.0,155940.0,66.58,1.577
2026,1,20,20:00,望廈及水塘區,Móng Há & Reservatório,Macau Peninsula,1542,3647328.0,155940.0,66.58,1.577
2026,1,20,20:00,外港及南灣湖新填海區,Novos Aterros do Porto Exterior & Aterros da Baía da Praia Grande,Macau Peninsula,16433,3647328.0,155940.0,66.58,1.577
2026,1,20,20:00,路氹填海區,COTAI Reclamation Area,Taipa & Cotai,74977,3647328.0,66570.0,28.42,0.507
2026,1,20,20:00,黑沙環及祐漢區,Areia Preta & Iao Hon,Macau Peninsula,6014,3647328.0,155940.0,66.58,1.577
2026,1,20,20:00,下環區,Barra/Manduco,Macau Peninsula,3474,3647328.0,155940.0,66.58,1.577
2026,1,20,20:00,荷蘭園區,Conselheiro Ferreira de Almeida,Macau Peninsula,1158,3647328.0,155940.0,66.58,1.577
2026,1,20,20:00,林茂塘區,Doca do Lamau,Macau Peninsula,883,3647328.0,155940.0,66.58,1.577
2026,1,20,20:00,沙梨頭及大三巴區,Patane & São Paulo,Macau Peninsula,3467,3647328.0,155940.0,66.58,1.577
2026,1,20,20:00,新口岸區,Zona de Aterros do Porto Exterior,Macau Peninsula,12666,3647328.0,155940.0,66.58,1.577
2026,1,20,20:00,高士德及雅廉訪區,Horta e Costa & Ouvidor Arriaga,Macau Peninsula,868,3647328.0,155940.0,66.58,1.577
2026,1,20,20:00,筷子基區,Fai Chi Kei,Macau Peninsula,822,3647328.0,155940.0,66.58,1.577
2026,1,20,20:00,氹仔舊城及馬場區,Cidade & Hipódromo da Taipa,Taipa & Cotai,8683,3647328.0,66570.0,28.42,0.507
2026,1,20,20:00,路環區,Coloane,Coloane,2641,3647328.0,11693.0,4.99,2.988
2026,1,20,20:00,北安及大潭山區,Pac On & Taipa Grande,Taipa & Cotai,8781,3647328.0,66570.0,28.42,0.507
2026,1,20,20:00,青洲區,Ilha Verde,Macau Peninsula,567,3647328.0,155940.0,66.58,1.577
2026,1,20,20:00,南西灣及主教山區,Praia Grande & Penha,Macau Peninsula,1013,3647328.0,155940.0,66.58,1.577
2026,1,20,20:00,海洋及小潭山區,Jardins do Oceano & Taipa Pequena,Taipa & Cotai,910,3647328.0,66570.0,28.42,0.507
2026,1,20,20:00,東望洋區(松山區),Ferreira do Amaral (Guia),Macau Peninsula,378,3647328.0,155940.0,66.58,1.577
2026,1,20,20:00,大學及北安灣區,Universidade & Baía de Pac On,Taipa & Cotai,707,3647328.0,66570.0,28.42,0.507
2026,1,21,21:00,新橋區,Barca,Macau Peninsula,1553,3647328.0,155940.0,66.58,1.577
2026,1,21,21:00,中區,Baixa de Macau,Macau Peninsula,9978,3647328.0,155940.0,66.58,1.577
2026,1,21,21:00,氹仔中心區,Baixa da Taipa,Taipa & Cotai,5131,3647328.0,66570.0,28.42,0.507
2026,1,21,21:00,台山區,Tamagnini Barbosa,Macau Peninsula,2975,3647328.0,155940.0,66.58,1.577
2026,1,21,21:00,黑沙環新填海區,Novos Aterros da Areia Preta,Macau Peninsula,2274,3647328.0,155940.0,66.58,1.577
2026,1,21,21:00,望廈及水塘區,Móng Há & Reservatório,Macau Peninsula,1407,3647328.0,155940.0,66.58,1.577
2026,1,21,21:00,外港及南灣湖新填海區,Novos Aterros do Porto Exterior & Aterros da Baía da Praia Grande,Macau Peninsula,15443,3647328.0,155940.0,66.58,1.577
2026,1,21,21:00,路氹填海區,COTAI Reclamation Area,Taipa & Cotai,71538,3647328.0,66570.0,28.42,0.507
2026,1,21,21:00,黑沙環及祐漢區,Areia Preta & Iao Hon,Macau Peninsula,5883,3647328.0,155940.0,66.58,1.577
2026,1,21,21:00,下環區,Barra/Manduco,Macau Peninsula,3349,3647328.0,155940.0,66.58,1.577
2026,1,21,21:00,荷蘭園區,Conselheiro Ferreira de Almeida,Macau Peninsula,1022,3647328.0,155940.0,66.58,1.577
2026,1,21,21:00,林茂塘區,Doca do Lamau,Macau Peninsula,812,3647328.0,155940.0,66.58,1.577
2026,1,21,21:00,沙梨頭及大三巴區,Patane & São Paulo,Macau Peninsula,2965,3647328.0,155940.0,66.58,1.577
2026,1,21,21:00,新口岸區,Zona de Aterros do Porto Exterior,Macau Peninsula,12260,3647328.0,155940.0,66.58,1.577
2026,1,21,21:00,高士德及雅廉訪區,Horta e Costa & Ouvidor Arriaga,Macau Peninsula,827,3647328.0,155940.0,66.58,1.577
2026,1,21,21:00,筷子基區,Fai Chi Kei,Macau Peninsula,817,3647328.0,155940.0,66.58,1.577
2026,1,21,21:00,氹仔舊城及馬場區,Cidade & Hipódromo da Taipa,Taipa & Cotai,7554,3647328.0,66570.0,28.42,0.507
2026,1,21,21:00,路環區,Coloane,Coloane,2468,3647328.0,11693.0,4.99,2.988
2026,1,21,21:00,北安及大潭山區,Pac On & Taipa Grande,Taipa & Cotai,7704,3647328.0,66570.0,28.42,0.507
2026,1,21,21:00,青洲區,Ilha Verde,Macau Peninsula,551,3647328.0,155940.0,66.58,1.577
2026,1,21,21:00,南西灣及主教山區,Praia Grande & Penha,Macau Peninsula,862,3647328.0,155940.0,66.58,1.577
2026,1,21,21:00,海洋及小潭山區,Jardins do Oceano & Taipa Pequena,Taipa & Cotai,806,3647328.0,66570.0,28.42,0.507
2026,1,21,21:00,東望洋區(松山區),Ferreira do Amaral (Guia),Macau Peninsula,339,3647328.0,155940.0,66.58,1.577
2026,1,21,21:00,大學及北安灣區,Universidade & Baía de Pac On,Taipa & Cotai,697,3647328.0,66570.0,28.42,0.507
2026,1,22,22:00,新橋區,Barca,Macau Peninsula,1491,3647328.0,155940.0,66.58,1.577
2026,1,22,22:00,中區,Baixa de Macau,Macau Peninsula,8782,3647328.0,155940.0,66.58,1.577
2026,1,22,22:00,氹仔中心區,Baixa da Taipa,Taipa & Cotai,4731,3647328.0,66570.0,28.42,0.507
2026,1,22,22:00,台山區,Tamagnini Barbosa,Macau Peninsula,2587,3647328.0,155940.0,66.58,1.577
2026,1,22,22:00,黑沙環新填海區,Novos Aterros da Areia Preta,Macau Peninsula,2095,3647328.0,155940.0,66.58,1.577
2026,1,22,22:00,望廈及水塘區,Móng Há & Reservatório,Macau Peninsula,1298,3647328.0,155940.0,66.58,1.577
2026,1,22,22:00,外港及南灣湖新填海區,Novos Aterros do Porto Exterior & Aterros da Baía da Praia Grande,Macau Peninsula,14882,3647328.0,155940.0,66.58,1.577
2026,1,22,22:00,路氹填海區,COTAI Reclamation Area,Taipa & Cotai,69275,3647328.0,66570.0,28.42,0.507
2026,1,22,22:00,黑沙環及祐漢區,Areia Preta & Iao Hon,Macau Peninsula,4734,3647328.0,155940.0,66.58,1.577
2026,1,22,22:00,下環區,Barra/Manduco,Macau Peninsula,3040,3647328.0,155940.0,66.58,1.577
2026,1,22,22:00,荷蘭園區,Conselheiro Ferreira de Almeida,Macau Peninsula,930,3647328.0,155940.0,66.58,1.577
2026,1,22,22:00,林茂塘區,Doca do Lamau,Macau Peninsula,766,3647328.0,155940.0,66.58,1.577
2026,1,22,22:00,沙梨頭及大三巴區,Patane & São Paulo,Macau Peninsula,2767,3647328.0,155940.0,66.58,1.577
2026,1,22,22:00,新口岸區,Zona de Aterros do Porto Exterior,Macau Peninsula,11832,3647328.0,155940.0,66.58,1.577
2026,1,22,22:00,高士德及雅廉訪區,Horta e Costa & Ouvidor Arriaga,Macau Peninsula,770,3647328.0,155940.0,66.58,1.577
2026,1,22,22:00,筷子基區,Fai Chi Kei,Macau Peninsula,748,3647328.0,155940.0,66.58,1.577
2026,1,22,22:00,氹仔舊城及馬場區,Cidade & Hipódromo da Taipa,Taipa & Cotai,5763,3647328.0,66570.0,28.42,0.507
2026,1,22,22:00,路環區,Coloane,Coloane,2379,3647328.0,11693.0,4.99,2.988
2026,1,22,22:00,北安及大潭山區,Pac On & Taipa Grande,Taipa & Cotai,6325,3647328.0,66570.0,28.42,0.507
2026,1,22,22:00,青洲區,Ilha Verde,Macau Peninsula,516,3647328.0,155940.0,66.58,1.577
2026,1,22,22:00,南西灣及主教山區,Praia Grande & Penha,Macau Peninsula,864,3647328.0,155940.0,66.58,1.577
2026,1,22,22:00,海洋及小潭山區,Jardins do Oceano & Taipa Pequena,Taipa & Cotai,738,3647328.0,66570.0,28.42,0.507
2026,1,22,22:00,東望洋區(松山區),Ferreira do Amaral (Guia),Macau Peninsula,344,3647328.0,155940.0,66.58,1.577
2026,1,22,22:00,大學及北安灣區,Universidade & Baía de Pac On,Taipa & Cotai,676,3647328.0,66570.0,28.42,0.507
2026,1,23,23:00,新橋區,Barca,Macau Peninsula,1474,3647328.0,155940.0,66.58,1.577
2026,1,23,23:00,中區,Baixa de Macau,Macau Peninsula,7813,3647328.0,155940.0,66.58,1.577
2026,1,23,23:00,氹仔中心區,Baixa da Taipa,Taipa & Cotai,4541,3647328.0,66570.0,28.42,0.507
2026,1,23,23:00,台山區,Tamagnini Barbosa,Macau Peninsula,2117,3647328.0,155940.0,66.58,1.577
2026,1,23,23:00,黑沙環新填海區,Novos Aterros da Areia Preta,Macau Peninsula,1948,3647328.0,155940.0,66.58,1.577
2026,1,23,23:00,望廈及水塘區,Móng Há & Reservatório,Macau Peninsula,1187,3647328.0,155940.0,66.58,1.577
2026,1,23,23:00,外港及南灣湖新填海區,Novos Aterros do Porto Exterior & Aterros da Baía da Praia Grande,Macau Peninsula,14083,3647328.0,155940.0,66.58,1.577
2026,1,23,23:00,路氹填海區,COTAI Reclamation Area,Taipa & Cotai,65955,3647328.0,66570.0,28.42,0.507
2026,1,23,23:00,黑沙環及祐漢區,Areia Preta & Iao Hon,Macau Peninsula,3569,3647328.0,155940.0,66.58,1.577
2026,1,23,23:00,下環區,Barra/Manduco,Macau Peninsula,2860,3647328.0,155940.0,66.58,1.577
2026,1,23,23:00,荷蘭園區,Conselheiro Ferreira de Almeida,Macau Peninsula,886,3647328.0,155940.0,66.58,1.577
2026,1,23,23:00,林茂塘區,Doca do Lamau,Macau Peninsula,723,3647328.0,155940.0,66.58,1.577
2026,1,23,23:00,沙梨頭及大三巴區,Patane & São Paulo,Macau Peninsula,2701,3647328.0,155940.0,66.58,1.577
2026,1,23,23:00,新口岸區,Zona de Aterros do Porto Exterior,Macau Peninsula,11647,3647328.0,155940.0,66.58,1.577
2026,1,23,23:00,高士德及雅廉訪區,Horta e Costa & Ouvidor Arriaga,Macau Peninsula,744,3647328.0,155940.0,66.58,1.577
2026,1,23,23:00,筷子基區,Fai Chi Kei,Macau Peninsula,700,3647328.0,155940.0,66.58,1.577
2026,1,23,23:00,氹仔舊城及馬場區,Cidade & Hipódromo da Taipa,Taipa & Cotai,4470,3647328.0,66570.0,28.42,0.507
2026,1,23,23:00,路環區,Coloane,Coloane,2387,3647328.0,11693.0,4.99,2.988
2026,1,23,23:00,北安及大潭山區,Pac On & Taipa Grande,Taipa & Cotai,4833,3647328.0,66570.0,28.42,0.507
2026,1,23,23:00,青洲區,Ilha Verde,Macau Peninsula,498,3647328.0,155940.0,66.58,1.577
2026,1,23,23:00,南西灣及主教山區,Praia Grande & Penha,Macau Peninsula,927,3647328.0,155940.0,66.58,1.577
2026,1,23,23:00,海洋及小潭山區,Jardins do Oceano & Taipa Pequena,Taipa & Cotai,725,3647328.0,66570.0,28.42,0.507
2026,1,23,23:00,東望洋區(松山區),Ferreira do Amaral (Guia),Macau Peninsula,361,3647328.0,155940.0,66.58,1.577
2026,1,23,23:00,大學及北安灣區,Universidade & Baía de Pac On,Taipa & Cotai,558,3647328.0,66570.0,28.42,0.507
