year,month,period,district_cn,district_en,headcount,hour,zone
2026,7,00:00,新橋區,Barca,1266,0,Macau Peninsula
2026,7,00:00,中區,Baixa de Macau,6665,0,Macau Peninsula
2026,7,00:00,氹仔中心區,Baixa da Taipa,4717,0,Taipa & Cotai
2026,7,00:00,台山區,Tamagnini Barbosa,1773,0,Macau Peninsula
2026,7,00:00,黑沙環新填海區,Novos Aterros da Areia Preta,1709,0,Macau Peninsula
2026,7,00:00,望廈及水塘區,Móng Há & Reservatório,1005,0,Macau Peninsula
2026,7,00:00,外港及南灣湖新填海區,Novos Aterros do Porto Exterior & Aterros da Baía da Praia Grande,12605,0,Macau Peninsula
2026,7,00:00,路氹填海區,COTAI Reclamation Area,65981,0,Taipa & Cotai
2026,7,00:00,黑沙環及祐漢區,Areia Preta & Iao Hon,2704,0,Macau Peninsula
2026,7,00:00,下環區,Barra/Manduco,2579,0,Macau Peninsula
2026,7,00:00,荷蘭園區,Conselheiro Ferreira de Almeida,864,0,Macau Peninsula
2026,7,00:00,林茂塘區,Doca do Lamau,617,0,Macau Peninsula
2026,7,00:00,沙梨頭及大三巴區,Patane & São Paulo,2653,0,Macau Peninsula
2026,7,00:00,新口岸區,Zona de Aterros do Porto Exterior,12257,0,Macau Peninsula
2026,7,00:00,高士德及雅廉訪區,Horta e Costa & Ouvidor Arriaga,690,0,Macau Peninsula
2026,7,00:00,筷子基區,Fai Chi Kei,548,0,Macau Peninsula
2026,7,00:00,氹仔舊城及馬場區,Cidade & Hipódromo da Taipa,4835,0,Taipa & Cotai
2026,7,00:00,路環區,Coloane,1787,0,Coloane
2026,7,00:00,北安及大潭山區,Pac On & Taipa Grande,3339,0,Taipa & Cotai
2026,7,00:00,青洲區,Ilha Verde,413,0,Macau Peninsula
2026,7,00:00,南西灣及主教山區,Praia Grande & Penha,1135,0,Macau Peninsula
2026,7,00:00,海洋及小潭山區,Jardins do Oceano & Taipa Pequena,660,0,Taipa & Cotai
2026,7,00:00,東望洋區(松山區),Ferreira do Amaral (Guia),388,0,Macau Peninsula
2026,7,00:00,大學及北安灣區,Universidade & Baía de Pac On,275,0,Taipa & Cotai
2026,7,01:00,新橋區,Barca,1167,1,Macau Peninsula
2026,7,01:00,中區,Baixa de Macau,6129,1,Macau Peninsula
2026,7,01:00,氹仔中心區,Baixa da Taipa,4556,1,Taipa & Cotai
2026,7,01:00,台山區,Tamagnini Barbosa,1540,1,Macau Peninsula
2026,7,01:00,黑沙環新填海區,Novos Aterros da Areia Preta,1496,1,Macau Peninsula
2026,7,01:00,望廈及水塘區,Móng Há & Reservatório,897,1,Macau Peninsula
2026,7,01:00,外港及南灣湖新填海區,Novos Aterros do Porto Exterior & Aterros da Baía da Praia Grande,11541,1,Macau Peninsula
2026,7,01:00,路氹填海區,COTAI Reclamation Area,62172,1,Taipa & Cotai
2026,7,01:00,黑沙環及祐漢區,Areia Preta & Iao Hon,1795,1,Macau Peninsula
2026,7,01:00,下環區,Barra/Manduco,2505,1,Macau Peninsula
2026,7,01:00,荷蘭園區,Conselheiro Ferreira de Almeida,814,1,Macau Peninsula
2026,7,01:00,林茂塘區,Doca do Lamau,523,1,Macau Peninsula
2026,7,01:00,沙梨頭及大三巴區,Patane & São Paulo,2651,1,Macau Peninsula
2026,7,01:00,新口岸區,Zona de Aterros do Porto Exterior,12429,1,Macau Peninsula
2026,7,01:00,高士德及雅廉訪區,Horta e Costa & Ouvidor Arriaga,639,1,Macau Peninsula
2026,7,01:00,筷子基區,Fai Chi Kei,486,1,Macau Peninsula
2026,7,01:00,氹仔舊城及馬場區,Cidade & Hipódromo da Taipa,4262,1,Taipa & Cotai
2026,7,01:00,路環區,Coloane,1632,1,Coloane
2026,7,01:00,北安及大潭山區,Pac On & Taipa Grande,2881,1,Taipa & Cotai
2026,7,01:00,青洲區,Ilha Verde,316,1,Macau Peninsula
2026,7,01:00,南西灣及主教山區,Praia Grande & Penha,1138,1,Macau Peninsula
2026,7,01:00,海洋及小潭山區,Jardins do Oceano & Taipa Pequena,511,1,Taipa & Cotai
2026,7,01:00,東望洋區(松山區),Ferreira do Amaral (Guia),385,1,Macau Peninsula
2026,7,01:00,大學及北安灣區,Universidade & Baía de Pac On,253,1,Taipa & Cotai
2026,7,02:00,新橋區,Barca,1169,2,Macau Peninsula
2026,7,02:00,中區,Baixa de Macau,5884,2,Macau Peninsula
2026,7,02:00,氹仔中心區,Baixa da Taipa,4499,2,Taipa & Cotai
2026,7,02:00,台山區,Tamagnini Barbosa,1521,2,Macau Peninsula
2026,7,02:00,黑沙環新填海區,Novos Aterros da Areia Preta,1466,2,Macau Peninsula
2026,7,02:00,望廈及水塘區,Móng Há & Reservatório,872,2,Macau Peninsula
2026,7,02:00,外港及南灣湖新填海區,Novos Aterros do Porto Exterior & Aterros da Baía da Praia Grande,11106,2,Macau Peninsula
2026,7,02:00,路氹填海區,COTAI Reclamation Area,61831,2,Taipa & Cotai
2026,7,02:00,黑沙環及祐漢區,Areia Preta & Iao Hon,1625,2,Macau Peninsula
2026,7,02:00,下環區,Barra/Manduco,2538,2,Macau Peninsula
2026,7,02:00,荷蘭園區,Conselheiro Ferreira de Almeida,822,2,Macau Peninsula
2026,7,02:00,林茂塘區,Doca do Lamau,516,2,Macau Peninsula
2026,7,02:00,沙梨頭及大三巴區,Patane & São Paulo,2727,2,Macau Peninsula
2026,7,02:00,新口岸區,Zona de Aterros do Porto Exterior,12935,2,Macau Peninsula
2026,7,02:00,高士德及雅廉訪區,Horta e Costa & Ouvidor Arriaga,651,2,Macau Peninsula
2026,7,02:00,筷子基區,Fai Chi Kei,488,2,Macau Peninsula
2026,7,02:00,氹仔舊城及馬場區,Cidade & Hipódromo da Taipa,4174,2,Taipa & Cotai
2026,7,02:00,路環區,Coloane,1612,2,Coloane
2026,7,02:00,北安及大潭山區,Pac On & Taipa Grande,2846,2,Taipa & Cotai
2026,7,02:00,青洲區,Ilha Verde,310,2,Macau Peninsula
2026,7,02:00,南西灣及主教山區,Praia Grande & Penha,1199,2,Macau Peninsula
2026,7,02:00,海洋及小潭山區,Jardins do Oceano & Taipa Pequena,459,2,Taipa & Cotai
2026,7,02:00,東望洋區(松山區),Ferreira do Amaral (Guia),404,2,Macau Peninsula
2026,7,02:00,大學及北安灣區,Universidade & Baía de Pac On,262,2,Taipa & Cotai
2026,7,03:00,新橋區,Barca,1153,3,Macau Peninsula
2026,7,03:00,中區,Baixa de Macau,5659,3,Macau Peninsula
2026,7,03:00,氹仔中心區,Baixa da Taipa,4431,3,Taipa & Cotai
2026,7,03:00,台山區,Tamagnini Barbosa,1522,3,Macau Peninsula
2026,7,03:00,黑沙環新填海區,Novos Aterros da Areia Preta,1426,3,Macau Peninsula
2026,7,03:00,望廈及水塘區,Móng Há & Reservatório,837,3,Macau Peninsula
2026,7,03:00,外港及南灣湖新填海區,Novos Aterros do Porto Exterior & Aterros da Baía da Praia Grande,10658,3,Macau Peninsula
2026,7,03:00,路氹填海區,COTAI Reclamation Area,61582,3,Taipa & Cotai
2026,7,03:00,黑沙環及祐漢區,Areia Preta & Iao Hon,1632,3,Macau Peninsula
2026,7,03:00,下環區,Barra/Manduco,2522,3,Macau Peninsula
2026,7,03:00,荷蘭園區,Conselheiro Ferreira de Almeida,830,3,Macau Peninsula
2026,7,03:00,林茂塘區,Doca do Lamau,512,3,Macau Peninsula
2026,7,03:00,沙梨頭及大三巴區,Patane & São Paulo,2713,3,Macau Peninsula
2026,7,03:00,新口岸區,Zona de Aterros do Porto Exterior,13333,3,Macau Peninsula
2026,7,03:00,高士德及雅廉訪區,Horta e Costa & Ouvidor Arriaga,658,3,Macau Peninsula
2026,7,03:00,筷子基區,Fai Chi Kei,475,3,Macau Peninsula
2026,7,03:00,氹仔舊城及馬場區,Cidade & Hipódromo da Taipa,4063,3,Taipa & Cotai
2026,7,03:00,路環區,Coloane,1636,3,Coloane
2026,7,03:00,北安及大潭山區,Pac On & Taipa Grande,2848,3,Taipa & Cotai
2026,7,03:00,青洲區,Ilha Verde,304,3,Macau Peninsula
2026,7,03:00,南西灣及主教山區,Praia Grande & Penha,1233,3,Macau Peninsula
2026,7,03:00,海洋及小潭山區,Jardins do Oceano & Taipa Pequena,423,3,Taipa & Cotai
2026,7,03:00,東望洋區(松山區),Ferreira do Amaral (Guia),403,3,Macau Peninsula
2026,7,03:00,大學及北安灣區,Universidade & Baía de Pac On,271,3,Taipa & Cotai
2026,7,04:00,新橋區,Barca,1149,4,Macau Peninsula
2026,7,04:00,中區,Baixa de Macau,5421,4,Macau Peninsula
2026,7,04:00,氹仔中心區,Baixa da Taipa,4334,4,Taipa & Cotai
2026,7,04:00,台山區,Tamagnini Barbosa,1501,4,Macau Peninsula
2026,7,04:00,黑沙環新填海區,Novos Aterros da Areia Preta,1381,4,Macau Peninsula
2026,7,04:00,望廈及水塘區,Móng Há & Reservatório,826,4,Macau Peninsula
2026,7,04:00,外港及南灣湖新填海區,Novos Aterros do Porto Exterior & Aterros da Baía da Praia Grande,10185,4,Macau Peninsula
2026,7,04:00,路氹填海區,COTAI Reclamation Area,61063,4,Taipa & Cotai
2026,7,04:00,黑沙環及祐漢區,Areia Preta & Iao Hon,1641,4,Macau Peninsula
2026,7,04:00,下環區,Barra/Manduco,2513,4,Macau Peninsula
2026,7,04:00,荷蘭園區,Conselheiro Ferreira de Almeida,832,4,Macau Peninsula
2026,7,04:00,林茂塘區,Doca do Lamau,511,4,Macau Peninsula
2026,7,04:00,沙梨頭及大三巴區,Patane & São Paulo,2704,4,Macau Peninsula
2026,7,04:00,新口岸區,Zona de Aterros do Porto Exterior,13563,4,Macau Peninsula
2026,7,04:00,高士德及雅廉訪區,Horta e Costa & Ouvidor Arriaga,662,4,Macau Peninsula
2026,7,04:00,筷子基區,Fai Chi Kei,459,4,Macau Peninsula
2026,7,04:00,氹仔舊城及馬場區,Cidade & Hipódromo da Taipa,3964,4,Taipa & Cotai
2026,7,04:00,路環區,Coloane,1606,4,Coloane
2026,7,04:00,北安及大潭山區,Pac On & Taipa Grande,2785,4,Taipa & Cotai
2026,7,04:00,青洲區,Ilha Verde,301,4,Macau Peninsula
2026,7,04:00,南西灣及主教山區,Praia Grande & Penha,1244,4,Macau Peninsula
2026,7,04:00,海洋及小潭山區,Jardins do Oceano & Taipa Pequena,401,4,Taipa & Cotai
2026,7,04:00,東望洋區(松山區),Ferreira do Amaral (Guia),399,4,Macau Peninsula
2026,7,04:00,大學及北安灣區,Universidade & Baía de Pac On,276,4,Taipa & Cotai
2026,7,05:00,新橋區,Barca,1144,5,Macau Peninsula
2026,7,05:00,中區,Baixa de Macau,5231,5,Macau Peninsula
2026,7,05:00,氹仔中心區,Baixa da Taipa,4296,5,Taipa & Cotai
2026,7,05:00,台山區,Tamagnini Barbosa,1483,5,Macau Peninsula
2026,7,05:00,黑沙環新填海區,Novos Aterros da Areia Preta,1362,5,Macau Peninsula
2026,7,05:00,望廈及水塘區,Móng Há & Reservatório,829,5,Macau Peninsula
2026,7,05:00,外港及南灣湖新填海區,Novos Aterros do Porto Exterior & Aterros da Baía da Praia Grande,9750,5,Macau Peninsula
2026,7,05:00,路氹填海區,COTAI Reclamation Area,60450,5,Taipa & Cotai
2026,7,05:00,黑沙環及祐漢區,Areia Preta & Iao Hon,1655,5,Macau Peninsula
2026,7,05:00,下環區,Barra/Manduco,2530,5,Macau Peninsula
2026,7,05:00,荷蘭園區,Conselheiro Ferreira de Almeida,836,5,Macau Peninsula
2026,7,05:00,林茂塘區,Doca do Lamau,518,5,Macau Peninsula
2026,7,05:00,沙梨頭及大三巴區,Patane & São Paulo,2729,5,Macau Peninsula
2026,7,05:00,新口岸區,Zona de Aterros do Porto Exterior,13688,5,Macau Peninsula
2026,7,05:00,高士德及雅廉訪區,Horta e Costa & Ouvidor Arriaga,672,5,Macau Peninsula
2026,7,05:00,筷子基區,Fai Chi Kei,455,5,Macau Peninsula
2026,7,05:00,氹仔舊城及馬場區,Cidade & Hipódromo da Taipa,3901,5,Taipa & Cotai
2026,7,05:00,路環區,Coloane,1598,5,Coloane
2026,7,05:00,北安及大潭山區,Pac On & Taipa Grande,2743,5,Taipa & Cotai
2026,7,05:00,青洲區,Ilha Verde,303,5,Macau Peninsula
2026,7,05:00,南西灣及主教山區,Praia Grande & Penha,1241,5,Macau Peninsula
2026,7,05:00,海洋及小潭山區,Jardins do Oceano & Taipa Pequena,386,5,Taipa & Cotai
2026,7,05:00,東望洋區(松山區),Ferreira do Amaral (Guia),404,5,Macau Peninsula
2026,7,05:00,大學及北安灣區,Universidade & Baía de Pac On,281,5,Taipa & Cotai
2026,7,06:00,新橋區,Barca,1150,6,Macau Peninsula
2026,7,06:00,中區,Baixa de Macau,5099,6,Macau Peninsula
2026,7,06:00,氹仔中心區,Baixa da Taipa,4284,6,Taipa & Cotai
2026,7,06:00,台山區,Tamagnini Barbosa,1519,6,Macau Peninsula
2026,7,06:00,黑沙環新填海區,Novos Aterros da Areia Preta,1350,6,Macau Peninsula
2026,7,06:00,望廈及水塘區,Móng Há & Reservatório,833,6,Macau Peninsula
2026,7,06:00,外港及南灣湖新填海區,Novos Aterros do Porto Exterior & Aterros da Baía da Praia Grande,9489,6,Macau Peninsula
2026,7,06:00,路氹填海區,COTAI Reclamation Area,60108,6,Taipa & Cotai
2026,7,06:00,黑沙環及祐漢區,Areia Preta & Iao Hon,1666,6,Macau Peninsula
2026,7,06:00,下環區,Barra/Manduco,2532,6,Macau Peninsula
2026,7,06:00,荷蘭園區,Conselheiro Ferreira de Almeida,839,6,Macau Peninsula
2026,7,06:00,林茂塘區,Doca do Lamau,514,6,Macau Peninsula
2026,7,06:00,沙梨頭及大三巴區,Patane & São Paulo,2770,6,Macau Peninsula
2026,7,06:00,新口岸區,Zona de Aterros do Porto Exterior,13800,6,Macau Peninsula
2026,7,06:00,高士德及雅廉訪區,Horta e Costa & Ouvidor Arriaga,679,6,Macau Peninsula
2026,7,06:00,筷子基區,Fai Chi Kei,464,6,Macau Peninsula
2026,7,06:00,氹仔舊城及馬場區,Cidade & Hipódromo da Taipa,3857,6,Taipa & Cotai
2026,7,06:00,路環區,Coloane,1617,6,Coloane
2026,7,06:00,北安及大潭山區,Pac On & Taipa Grande,2782,6,Taipa & Cotai
2026,7,06:00,青洲區,Ilha Verde,301,6,Macau Peninsula
2026,7,06:00,南西灣及主教山區,Praia Grande & Penha,1234,6,Macau Peninsula
2026,7,06:00,海洋及小潭山區,Jardins do Oceano & Taipa Pequena,379,6,Taipa & Cotai
2026,7,06:00,東望洋區(松山區),Ferreira do Amaral (Guia),413,6,Macau Peninsula
2026,7,06:00,大學及北安灣區,Universidade & Baía de Pac On,285,6,Taipa & Cotai
2026,7,07:00,新橋區,Barca,1169,7,Macau Peninsula
2026,7,07:00,中區,Baixa de Macau,5102,7,Macau Peninsula
2026,7,07:00,氹仔中心區,Baixa da Taipa,4310,7,Taipa & Cotai
2026,7,07:00,台山區,Tamagnini Barbosa,1678,7,Macau Peninsula
2026,7,07:00,黑沙環新填海區,Novos Aterros da Areia Preta,1379,7,Macau Peninsula
2026,7,07:00,望廈及水塘區,Móng Há & Reservatório,846,7,Macau Peninsula
2026,7,07:00,外港及南灣湖新填海區,Novos Aterros do Porto Exterior & Aterros da Baía da Praia Grande,9366,7,Macau Peninsula
2026,7,07:00,路氹填海區,COTAI Reclamation Area,59949,7,Taipa & Cotai
2026,7,07:00,黑沙環及祐漢區,Areia Preta & Iao Hon,2072,7,Macau Peninsula
2026,7,07:00,下環區,Barra/Manduco,2565,7,Macau Peninsula
2026,7,07:00,荷蘭園區,Conselheiro Ferreira de Almeida,848,7,Macau Peninsula
2026,7,07:00,林茂塘區,Doca do Lamau,527,7,Macau Peninsula
2026,7,07:00,沙梨頭及大三巴區,Patane & São Paulo,2720,7,Macau Peninsula
2026,7,07:00,新口岸區,Zona de Aterros do Porto Exterior,13989,7,Macau Peninsula
2026,7,07:00,高士德及雅廉訪區,Horta e Costa & Ouvidor Arriaga,685,7,Macau Peninsula
2026,7,07:00,筷子基區,Fai Chi Kei,474,7,Macau Peninsula
2026,7,07:00,氹仔舊城及馬場區,Cidade & Hipódromo da Taipa,3895,7,Taipa & Cotai
2026,7,07:00,路環區,Coloane,1664,7,Coloane
2026,7,07:00,北安及大潭山區,Pac On & Taipa Grande,2819,7,Taipa & Cotai
2026,7,07:00,青洲區,Ilha Verde,312,7,Macau Peninsula
2026,7,07:00,南西灣及主教山區,Praia Grande & Penha,1228,7,Macau Peninsula
2026,7,07:00,海洋及小潭山區,Jardins do Oceano & Taipa Pequena,403,7,Taipa & Cotai
2026,7,07:00,東望洋區(松山區),Ferreira do Amaral (Guia),407,7,Macau Peninsula
2026,7,07:00,大學及北安灣區,Universidade & Baía de Pac On,285,7,Taipa & Cotai
2026,7,08:00,新橋區,Barca,1190,8,Macau Peninsula
2026,7,08:00,中區,Baixa de Macau,5162,8,Macau Peninsula
2026,7,08:00,氹仔中心區,Baixa da Taipa,4354,8,Taipa & Cotai
2026,7,08:00,台山區,Tamagnini Barbosa,1909,8,Macau Peninsula
2026,7,08:00,黑沙環新填海區,Novos Aterros da Areia Preta,1475,8,Macau Peninsula
2026,7,08:00,望廈及水塘區,Móng Há & Reservatório,899,8,Macau Peninsula
2026,7,08:00,外港及南灣湖新填海區,Novos Aterros do Porto Exterior & Aterros da Baía da Praia Grande,9437,8,Macau Peninsula
2026,7,08:00,路氹填海區,COTAI Reclamation Area,60010,8,Taipa & Cotai
2026,7,08:00,黑沙環及祐漢區,Areia Preta & Iao Hon,2578,8,Macau Peninsula
2026,7,08:00,下環區,Barra/Manduco,2609,8,Macau Peninsula
2026,7,08:00,荷蘭園區,Conselheiro Ferreira de Almeida,882,8,Macau Peninsula
2026,7,08:00,林茂塘區,Doca do Lamau,546,8,Macau Peninsula
2026,7,08:00,沙梨頭及大三巴區,Patane & São Paulo,2762,8,Macau Peninsula
2026,7,08:00,新口岸區,Zona de Aterros do Porto Exterior,14161,8,Macau Peninsula
2026,7,08:00,高士德及雅廉訪區,Horta e Costa & Ouvidor Arriaga,691,8,Macau Peninsula
2026,7,08:00,筷子基區,Fai Chi Kei,500,8,Macau Peninsula
2026,7,08:00,氹仔舊城及馬場區,Cidade & Hipódromo da Taipa,3998,8,Taipa & Cotai
2026,7,08:00,路環區,Coloane,1740,8,Coloane
2026,7,08:00,北安及大潭山區,Pac On & Taipa Grande,2878,8,Taipa & Cotai
2026,7,08:00,青洲區,Ilha Verde,358,8,Macau Peninsula
2026,7,08:00,南西灣及主教山區,Praia Grande & Penha,1242,8,Macau Peninsula
2026,7,08:00,海洋及小潭山區,Jardins do Oceano & Taipa Pequena,437,8,Taipa & Cotai
2026,7,08:00,東望洋區(松山區),Ferreira do Amaral (Guia),438,8,Macau Peninsula
2026,7,08:00,大學及北安灣區,Universidade & Baía de Pac On,292,8,Taipa & Cotai
2026,7,09:00,新橋區,Barca,1205,9,Macau Peninsula
2026,7,09:00,中區,Baixa de Macau,5440,9,Macau Peninsula
2026,7,09:00,氹仔中心區,Baixa da Taipa,4427,9,Taipa & Cotai
2026,7,09:00,台山區,Tamagnini Barbosa,2334,9,Macau Peninsula
2026,7,09:00,黑沙環新填海區,Novos Aterros da Areia Preta,1605,9,Macau Peninsula
2026,7,09:00,望廈及水塘區,Móng Há & Reservatório,1023,9,Macau Peninsula
2026,7,09:00,外港及南灣湖新填海區,Novos Aterros do Porto Exterior & Aterros da Baía da Praia Grande,9764,9,Macau Peninsula
2026,7,09:00,路氹填海區,COTAI Reclamation Area,60698,9,Taipa & Cotai
2026,7,09:00,黑沙環及祐漢區,Areia Preta & Iao Hon,3539,9,Macau Peninsula
2026,7,09:00,下環區,Barra/Manduco,2623,9,Macau Peninsula
2026,7,09:00,荷蘭園區,Conselheiro Ferreira de Almeida,922,9,Macau Peninsula
2026,7,09:00,林茂塘區,Doca do Lamau,568,9,Macau Peninsula
2026,7,09:00,沙梨頭及大三巴區,Patane & São Paulo,2858,9,Macau Peninsula
2026,7,09:00,新口岸區,Zona de Aterros do Porto Exterior,14351,9,Macau Peninsula
2026,7,09:00,高士德及雅廉訪區,Horta e Costa & Ouvidor Arriaga,721,9,Macau Peninsula
2026,7,09:00,筷子基區,Fai Chi Kei,597,9,Macau Peninsula
2026,7,09:00,氹仔舊城及馬場區,Cidade & Hipódromo da Taipa,4214,9,Taipa & Cotai
2026,7,09:00,路環區,Coloane,1912,9,Coloane
2026,7,09:00,北安及大潭山區,Pac On & Taipa Grande,3291,9,Taipa & Cotai
2026,7,09:00,青洲區,Ilha Verde,446,9,Macau Peninsula
2026,7,09:00,南西灣及主教山區,Praia Grande & Penha,1256,9,Macau Peninsula
2026,7,09:00,海洋及小潭山區,Jardins do Oceano & Taipa Pequena,470,9,Taipa & Cotai
2026,7,09:00,東望洋區(松山區),Ferreira do Amaral (Guia),489,9,Macau Peninsula
2026,7,09:00,大學及北安灣區,Universidade & Baía de Pac On,304,9,Taipa & Cotai
2026,7,10:00,新橋區,Barca,1315,10,Macau Peninsula
2026,7,10:00,中區,Baixa de Macau,6156,10,Macau Peninsula
2026,7,10:00,氹仔中心區,Baixa da Taipa,4433,10,Taipa & Cotai
2026,7,10:00,台山區,Tamagnini Barbosa,3136,10,Macau Peninsula
2026,7,10:00,黑沙環新填海區,Novos Aterros da Areia Preta,1960,10,Macau Peninsula
2026,7,10:00,望廈及水塘區,Móng Há & Reservatório,1395,10,Macau Peninsula
2026,7,10:00,外港及南灣湖新填海區,Novos Aterros do Porto Exterior & Aterros da Baía da Praia Grande,10362,10,Macau Peninsula
2026,7,10:00,路氹填海區,COTAI Reclamation Area,61947,10,Taipa & Cotai
2026,7,10:00,黑沙環及祐漢區,Areia Preta & Iao Hon,6586,10,Macau Peninsula
2026,7,10:00,下環區,Barra/Manduco,2619,10,Macau Peninsula
2026,7,10:00,荷蘭園區,Conselheiro Ferreira de Almeida,1159,10,Macau Peninsula
2026,7,10:00,林茂塘區,Doca do Lamau,606,10,Macau Peninsula
2026,7,10:00,沙梨頭及大三巴區,Patane & São Paulo,3329,10,Macau Peninsula
2026,7,10:00,新口岸區,Zona de Aterros do Porto Exterior,14371,10,Macau Peninsula
2026,7,10:00,高士德及雅廉訪區,Horta e Costa & Ouvidor Arriaga,749,10,Macau Peninsula
2026,7,10:00,筷子基區,Fai Chi Kei,600,10,Macau Peninsula
2026,7,10:00,氹仔舊城及馬場區,Cidade & Hipódromo da Taipa,4458,10,Taipa & Cotai
2026,7,10:00,路環區,Coloane,2098,10,Coloane
2026,7,10:00,北安及大潭山區,Pac On & Taipa Grande,4402,10,Taipa & Cotai
2026,7,10:00,青洲區,Ilha Verde,483,10,Macau Peninsula
2026,7,10:00,南西灣及主教山區,Praia Grande & Penha,1249,10,Macau Peninsula
2026,7,10:00,海洋及小潭山區,Jardins do Oceano & Taipa Pequena,521,10,Taipa & Cotai
2026,7,10:00,東望洋區(松山區),Ferreira do Amaral (Guia),534,10,Macau Peninsula
2026,7,10:00,大學及北安灣區,Universidade & Baía de Pac On,399,10,Taipa & Cotai
2026,7,11:00,新橋區,Barca,1547,11,Macau Peninsula
2026,7,11:00,中區,Baixa de Macau,7765,11,Macau Peninsula
2026,7,11:00,氹仔中心區,Baixa da Taipa,4278,11,Taipa & Cotai
2026,7,11:00,台山區,Tamagnini Barbosa,4104,11,Macau Peninsula
2026,7,11:00,黑沙環新填海區,Novos Aterros da Areia Preta,2526,11,Macau Peninsula
2026,7,11:00,望廈及水塘區,Móng Há & Reservatório,1807,11,Macau Peninsula
2026,7,11:00,外港及南灣湖新填海區,Novos Aterros do Porto Exterior & Aterros da Baía da Praia Grande,11548,11,Macau Peninsula
2026,7,11:00,路氹填海區,COTAI Reclamation Area,64972,11,Taipa & Cotai
2026,7,11:00,黑沙環及祐漢區,Areia Preta & Iao Hon,9603,11,Macau Peninsula
2026,7,11:00,下環區,Barra/Manduco,2686,11,Macau Peninsula
2026,7,11:00,荷蘭園區,Conselheiro Ferreira de Almeida,1470,11,Macau Peninsula
2026,7,11:00,林茂塘區,Doca do Lamau,670,11,Macau Peninsula
2026,7,11:00,沙梨頭及大三巴區,Patane & São Paulo,4210,11,Macau Peninsula
2026,7,11:00,新口岸區,Zona de Aterros do Porto Exterior,14318,11,Macau Peninsula
2026,7,11:00,高士德及雅廉訪區,Horta e Costa & Ouvidor Arriaga,784,11,Macau Peninsula
2026,7,11:00,筷子基區,Fai Chi Kei,646,11,Macau Peninsula
2026,7,11:00,氹仔舊城及馬場區,Cidade & Hipódromo da Taipa,4876,11,Taipa & Cotai
2026,7,11:00,路環區,Coloane,2334,11,Coloane
2026,7,11:00,北安及大潭山區,Pac On & Taipa Grande,6081,11,Taipa & Cotai
2026,7,11:00,青洲區,Ilha Verde,509,11,Macau Peninsula
2026,7,11:00,南西灣及主教山區,Praia Grande & Penha,1187,11,Macau Peninsula
2026,7,11:00,海洋及小潭山區,Jardins do Oceano & Taipa Pequena,650,11,Taipa & Cotai
2026,7,11:00,東望洋區(松山區),Ferreira do Amaral (Guia),603,11,Macau Peninsula
2026,7,11:00,大學及北安灣區,Universidade & Baía de Pac On,494,11,Taipa & Cotai
2026,7,12:00,新橋區,Barca,1999,12,Macau Peninsula
2026,7,12:00,中區,Baixa de Macau,10753,12,Macau Peninsula
2026,7,12:00,氹仔中心區,Baixa da Taipa,4241,12,Taipa & Cotai
2026,7,12:00,台山區,Tamagnini Barbosa,4511,12,Macau Peninsula
2026,7,12:00,黑沙環新填海區,Novos Aterros da Areia Preta,2551,12,Macau Peninsula
2026,7,12:00,望廈及水塘區,Móng Há & Reservatório,1925,12,Macau Peninsula
2026,7,12:00,外港及南灣湖新填海區,Novos Aterros do Porto Exterior & Aterros da Baía da Praia Grande,13695,12,Macau Peninsula
2026,7,12:00,路氹填海區,COTAI Reclamation Area,69515,12,Taipa & Cotai
2026,7,12:00,黑沙環及祐漢區,Areia Preta & Iao Hon,9296,12,Macau Peninsula
2026,7,12:00,下環區,Barra/Manduco,2874,12,Macau Peninsula
2026,7,12:00,荷蘭園區,Conselheiro Ferreira de Almeida,1767,12,Macau Peninsula
2026,7,12:00,林茂塘區,Doca do Lamau,757,12,Macau Peninsula
2026,7,12:00,沙梨頭及大三巴區,Patane & São Paulo,5816,12,Macau Peninsula
2026,7,12:00,新口岸區,Zona de Aterros do Porto Exterior,13959,12,Macau Peninsula
2026,7,12:00,高士德及雅廉訪區,Horta e Costa & Ouvidor Arriaga,880,12,Macau Peninsula
2026,7,12:00,筷子基區,Fai Chi Kei,733,12,Macau Peninsula
2026,7,12:00,氹仔舊城及馬場區,Cidade & Hipódromo da Taipa,5755,12,Taipa & Cotai
2026,7,12:00,路環區,Coloane,2669,12,Coloane
2026,7,12:00,北安及大潭山區,Pac On & Taipa Grande,7504,12,Taipa & Cotai
2026,7,12:00,青洲區,Ilha Verde,546,12,Macau Peninsula
2026,7,12:00,南西灣及主教山區,Praia Grande & Penha,1165,12,Macau Peninsula
2026,7,12:00,海洋及小潭山區,Jardins do Oceano & Taipa Pequena,830,12,Taipa & Cotai
2026,7,12:00,東望洋區(松山區),Ferreira do Amaral (Guia),631,12,Macau Peninsula
2026,7,12:00,大學及北安灣區,Universidade & Baía de Pac On,515,12,Taipa & Cotai
2026,7,13:00,新橋區,Barca,2001,13,Macau Peninsula
2026,7,13:00,中區,Baixa de Macau,13994,13,Macau Peninsula
2026,7,13:00,氹仔中心區,Baixa da Taipa,4512,13,Taipa & Cotai
2026,7,13:00,台山區,Tamagnini Barbosa,4285,13,Macau Peninsula
2026,7,13:00,黑沙環新填海區,Novos Aterros da Areia Preta,2482,13,Macau Peninsula
2026,7,13:00,望廈及水塘區,Móng Há & Reservatório,2047,13,Macau Peninsula
2026,7,13:00,外港及南灣湖新填海區,Novos Aterros do Porto Exterior & Aterros da Baía da Praia Grande,16546,13,Macau Peninsula
2026,7,13:00,路氹填海區,COTAI Reclamation Area,73358,13,Taipa & Cotai
2026,7,13:00,黑沙環及祐漢區,Areia Preta & Iao Hon,8283,13,Macau Peninsula
2026,7,13:00,下環區,Barra/Manduco,3302,13,Macau Peninsula
2026,7,13:00,荷蘭園區,Conselheiro Ferreira de Almeida,1495,13,Macau Peninsula
2026,7,13:00,林茂塘區,Doca do Lamau,835,13,Macau Peninsula
2026,7,13:00,沙梨頭及大三巴區,Patane & São Paulo,5975,13,Macau Peninsula
2026,7,13:00,新口岸區,Zona de Aterros do Porto Exterior,14092,13,Macau Peninsula
2026,7,13:00,高士德及雅廉訪區,Horta e Costa & Ouvidor Arriaga,943,13,Macau Peninsula
2026,7,13:00,筷子基區,Fai Chi Kei,829,13,Macau Peninsula
2026,7,13:00,氹仔舊城及馬場區,Cidade & Hipódromo da Taipa,7403,13,Taipa & Cotai
2026,7,13:00,路環區,Coloane,2880,13,Coloane
2026,7,13:00,北安及大潭山區,Pac On & Taipa Grande,7696,13,Taipa & Cotai
2026,7,13:00,青洲區,Ilha Verde,580,13,Macau Peninsula
2026,7,13:00,南西灣及主教山區,Praia Grande & Penha,1416,13,Macau Peninsula
2026,7,13:00,海洋及小潭山區,Jardins do Oceano & Taipa Pequena,999,13,Taipa & Cotai
2026,7,13:00,東望洋區(松山區),Ferreira do Amaral (Guia),524,13,Macau Peninsula
2026,7,13:00,大學及北安灣區,Universidade & Baía de Pac On,464,13,Taipa & Cotai
2026,7,14:00,新橋區,Barca,2121,14,Macau Peninsula
2026,7,14:00,中區,Baixa de Macau,16615,14,Macau Peninsula
2026,7,14:00,氹仔中心區,Baixa da Taipa,4737,14,Taipa & Cotai
2026,7,14:00,台山區,Tamagnini Barbosa,3758,14,Macau Peninsula
2026,7,14:00,黑沙環新填海區,Novos Aterros da Areia Preta,2216,14,Macau Peninsula
2026,7,14:00,望廈及水塘區,Móng Há & Reservatório,1899,14,Macau Peninsula
2026,7,14:00,外港及南灣湖新填海區,Novos Aterros do Porto Exterior & Aterros da Baía da Praia Grande,17899,14,Macau Peninsula
2026,7,14:00,路氹填海區,COTAI Reclamation Area,76441,14,Taipa & Cotai
2026,7,14:00,黑沙環及祐漢區,Areia Preta & Iao Hon,7608,14,Macau Peninsula
2026,7,14:00,下環區,Barra/Manduco,3211,14,Macau Peninsula
2026,7,14:00,荷蘭園區,Conselheiro Ferreira de Almeida,1518,14,Macau Peninsula
2026,7,14:00,林茂塘區,Doca do Lamau,889,14,Macau Peninsula
2026,7,14:00,沙梨頭及大三巴區,Patane & São Paulo,6351,14,Macau Peninsula
2026,7,14:00,新口岸區,Zona de Aterros do Porto Exterior,14746,14,Macau Peninsula
2026,7,14:00,高士德及雅廉訪區,Horta e Costa & Ouvidor Arriaga,980,14,Macau Peninsula
2026,7,14:00,筷子基區,Fai Chi Kei,917,14,Macau Peninsula
2026,7,14:00,氹仔舊城及馬場區,Cidade & Hipódromo da Taipa,9309,14,Taipa & Cotai
2026,7,14:00,路環區,Coloane,2855,14,Coloane
2026,7,14:00,北安及大潭山區,Pac On & Taipa Grande,7641,14,Taipa & Cotai
2026,7,14:00,青洲區,Ilha Verde,634,14,Macau Peninsula
2026,7,14:00,南西灣及主教山區,Praia Grande & Penha,1185,14,Macau Peninsula
2026,7,14:00,海洋及小潭山區,Jardins do Oceano & Taipa Pequena,1007,14,Taipa & Cotai
2026,7,14:00,東望洋區(松山區),Ferreira do Amaral (Guia),481,14,Macau Peninsula
2026,7,14:00,大學及北安灣區,Universidade & Baía de Pac On,388,14,Taipa & Cotai
2026,7,15:00,新橋區,Barca,2163,15,Macau Peninsula
2026,7,15:00,中區,Baixa de Macau,17575,15,Macau Peninsula
2026,7,15:00,氹仔中心區,Baixa da Taipa,4675,15,Taipa & Cotai
2026,7,15:00,台山區,Tamagnini Barbosa,3467,15,Macau Peninsula
2026,7,15:00,黑沙環新填海區,Novos Aterros da Areia Preta,2127,15,Macau Peninsula
2026,7,15:00,望廈及水塘區,Móng Há & Reservatório,1813,15,Macau Peninsula
2026,7,15:00,外港及南灣湖新填海區,Novos Aterros do Porto Exterior & Aterros da Baía da Praia Grande,19746,15,Macau Peninsula
2026,7,15:00,路氹填海區,COTAI Reclamation Area,81645,15,Taipa & Cotai
2026,7,15:00,黑沙環及祐漢區,Areia Preta & Iao Hon,6820,15,Macau Peninsula
2026,7,15:00,下環區,Barra/Manduco,3156,15,Macau Peninsula
2026,7,15:00,荷蘭園區,Conselheiro Ferreira de Almeida,1596,15,Macau Peninsula
2026,7,15:00,林茂塘區,Doca do Lamau,819,15,Macau Peninsula
2026,7,15:00,沙梨頭及大三巴區,Patane & São Paulo,6645,15,Macau Peninsula
2026,7,15:00,新口岸區,Zona de Aterros do Porto Exterior,12460,15,Macau Peninsula
2026,7,15:00,高士德及雅廉訪區,Horta e Costa & Ouvidor Arriaga,932,15,Macau Peninsula
2026,7,15:00,筷子基區,Fai Chi Kei,791,15,Macau Peninsula
2026,7,15:00,氹仔舊城及馬場區,Cidade & Hipódromo da Taipa,10192,15,Taipa & Cotai
2026,7,15:00,路環區,Coloane,3016,15,Coloane
2026,7,15:00,北安及大潭山區,Pac On & Taipa Grande,7259,15,Taipa & Cotai
2026,7,15:00,青洲區,Ilha Verde,527,15,Macau Peninsula
2026,7,15:00,南西灣及主教山區,Praia Grande & Penha,1197,15,Macau Peninsula
2026,7,15:00,海洋及小潭山區,Jardins do Oceano & Taipa Pequena,1062,15,Taipa & Cotai
2026,7,15:00,東望洋區(松山區),Ferreira do Amaral (Guia),495,15,Macau Peninsula
2026,7,15:00,大學及北安灣區,Universidade & Baía de Pac On,430,15,Taipa & Cotai
2026,7,16:00,新橋區,Barca,2079,16,Macau Peninsula
2026,7,16:00,中區,Baixa de Macau,17272,16,Macau Peninsula
2026,7,16:00,氹仔中心區,Baixa da Taipa,4410,16,Taipa & Cotai
2026,7,16:00,台山區,Tamagnini Barbosa,3277,16,Macau Peninsula
2026,7,16:00,黑沙環新填海區,Novos Aterros da Areia Preta,2004,16,Macau Peninsula
2026,7,16:00,望廈及水塘區,Móng Há & Reservatório,1693,16,Macau Peninsula
2026,7,16:00,外港及南灣湖新填海區,Novos Aterros do Porto Exterior & Aterros da Baía da Praia Grande,20159,16,Macau Peninsula
2026,7,16:00,路氹填海區,COTAI Reclamation Area,87551,16,Taipa & Cotai
2026,7,16:00,黑沙環及祐漢區,Areia Preta & Iao Hon,6386,16,Macau Peninsula
2026,7,16:00,下環區,Barra/Manduco,2911,16,Macau Peninsula
2026,7,16:00,荷蘭園區,Conselheiro Ferreira de Almeida,1600,16,Macau Peninsula
2026,7,16:00,林茂塘區,Doca do Lamau,815,16,Macau Peninsula
2026,7,16:00,沙梨頭及大三巴區,Patane & São Paulo,6350,16,Macau Peninsula
2026,7,16:00,新口岸區,Zona de Aterros do Porto Exterior,11898,16,Macau Peninsula
2026,7,16:00,高士德及雅廉訪區,Horta e Costa & Ouvidor Arriaga,857,16,Macau Peninsula
2026,7,16:00,筷子基區,Fai Chi Kei,690,16,Macau Peninsula
2026,7,16:00,氹仔舊城及馬場區,Cidade & Hipódromo da Taipa,9402,16,Taipa & Cotai
2026,7,16:00,路環區,Coloane,3093,16,Coloane
2026,7,16:00,北安及大潭山區,Pac On & Taipa Grande,7069,16,Taipa & Cotai
2026,7,16:00,青洲區,Ilha Verde,512,16,Macau Peninsula
2026,7,16:00,南西灣及主教山區,Praia Grande & Penha,1254,16,Macau Peninsula
2026,7,16:00,海洋及小潭山區,Jardins do Oceano & Taipa Pequena,1016,16,Taipa & Cotai
2026,7,16:00,東望洋區(松山區),Ferreira do Amaral (Guia),528,16,Macau Peninsula
2026,7,16:00,大學及北安灣區,Universidade & Baía de Pac On,441,16,Taipa & Cotai
2026,7,17:00,新橋區,Barca,1945,17,Macau Peninsula
2026,7,17:00,中區,Baixa de Macau,15943,17,Macau Peninsula
2026,7,17:00,氹仔中心區,Baixa da Taipa,4212,17,Taipa & Cotai
2026,7,17:00,台山區,Tamagnini Barbosa,3198,17,Macau Peninsula
2026,7,17:00,黑沙環新填海區,Novos Aterros da Areia Preta,1980,17,Macau Peninsula
2026,7,17:00,望廈及水塘區,Móng Há & Reservatório,1574,17,Macau Peninsula
2026,7,17:00,外港及南灣湖新填海區,Novos Aterros do Porto Exterior & Aterros da Baía da Praia Grande,19292,17,Macau Peninsula
2026,7,17:00,路氹填海區,COTAI Reclamation Area,91533,17,Taipa & Cotai
2026,7,17:00,黑沙環及祐漢區,Areia Preta & Iao Hon,6141,17,Macau Peninsula
2026,7,17:00,下環區,Barra/Manduco,2747,17,Macau Peninsula
2026,7,17:00,荷蘭園區,Conselheiro Ferreira de Almeida,1565,17,Macau Peninsula
2026,7,17:00,林茂塘區,Doca do Lamau,819,17,Macau Peninsula
2026,7,17:00,沙梨頭及大三巴區,Patane & São Paulo,5790,17,Macau Peninsula
2026,7,17:00,新口岸區,Zona de Aterros do Porto Exterior,11969,17,Macau Peninsula
2026,7,17:00,高士德及雅廉訪區,Horta e Costa & Ouvidor Arriaga,844,17,Macau Peninsula
2026,7,17:00,筷子基區,Fai Chi Kei,687,17,Macau Peninsula
2026,7,17:00,氹仔舊城及馬場區,Cidade & Hipódromo da Taipa,8590,17,Taipa & Cotai
2026,7,17:00,路環區,Coloane,2995,17,Coloane
2026,7,17:00,北安及大潭山區,Pac On & Taipa Grande,7714,17,Taipa & Cotai
2026,7,17:00,青洲區,Ilha Verde,527,17,Macau Peninsula
2026,7,17:00,南西灣及主教山區,Praia Grande & Penha,1235,17,Macau Peninsula
2026,7,17:00,海洋及小潭山區,Jardins do Oceano & Taipa Pequena,974,17,Taipa & Cotai
2026,7,17:00,東望洋區(松山區),Ferreira do Amaral (Guia),530,17,Macau Peninsula
2026,7,17:00,大學及北安灣區,Universidade & Baía de Pac On,437,17,Taipa & Cotai
2026,7,18:00,新橋區,Barca,1752,18,Macau Peninsula
2026,7,18:00,中區,Baixa de Macau,14233,18,Macau Peninsula
2026,7,18:00,氹仔中心區,Baixa da Taipa,4155,18,Taipa & Cotai
2026,7,18:00,台山區,Tamagnini Barbosa,3175,18,Macau Peninsula
2026,7,18:00,黑沙環新填海區,Novos Aterros da Areia Preta,2016,18,Macau Peninsula
2026,7,18:00,望廈及水塘區,Móng Há & Reservatório,1508,18,Macau Peninsula
2026,7,18:00,外港及南灣湖新填海區,Novos Aterros do Porto Exterior & Aterros da Baía da Praia Grande,18120,18,Macau Peninsula
2026,7,18:00,路氹填海區,COTAI Reclamation Area,91559,18,Taipa & Cotai
2026,7,18:00,黑沙環及祐漢區,Areia Preta & Iao Hon,5967,18,Macau Peninsula
2026,7,18:00,下環區,Barra/Manduco,2667,18,Macau Peninsula
2026,7,18:00,荷蘭園區,Conselheiro Ferreira de Almeida,1291,18,Macau Peninsula
2026,7,18:00,林茂塘區,Doca do Lamau,830,18,Macau Peninsula
2026,7,18:00,沙梨頭及大三巴區,Patane & São Paulo,4892,18,Macau Peninsula
2026,7,18:00,新口岸區,Zona de Aterros do Porto Exterior,11956,18,Macau Peninsula
2026,7,18:00,高士德及雅廉訪區,Horta e Costa & Ouvidor Arriaga,829,18,Macau Peninsula
2026,7,18:00,筷子基區,Fai Chi Kei,643,18,Macau Peninsula
2026,7,18:00,氹仔舊城及馬場區,Cidade & Hipódromo da Taipa,8255,18,Taipa & Cotai
2026,7,18:00,路環區,Coloane,2754,18,Coloane
2026,7,18:00,北安及大潭山區,Pac On & Taipa Grande,7746,18,Taipa & Cotai
2026,7,18:00,青洲區,Ilha Verde,533,18,Macau Peninsula
2026,7,18:00,南西灣及主教山區,Praia Grande & Penha,1170,18,Macau Peninsula
2026,7,18:00,海洋及小潭山區,Jardins do Oceano & Taipa Pequena,978,18,Taipa & Cotai
2026,7,18:00,東望洋區(松山區),Ferreira do Amaral (Guia),469,18,Macau Peninsula
2026,7,18:00,大學及北安灣區,Universidade & Baía de Pac On,374,18,Taipa & Cotai
2026,7,19:00,新橋區,Barca,1554,19,Macau Peninsula
2026,7,19:00,中區,Baixa de Macau,12703,19,Macau Peninsula
2026,7,19:00,氹仔中心區,Baixa da Taipa,4326,19,Taipa & Cotai
2026,7,19:00,台山區,Tamagnini Barbosa,3059,19,Macau Peninsula
2026,7,19:00,黑沙環新填海區,Novos Aterros da Areia Preta,2108,19,Macau Peninsula
2026,7,19:00,望廈及水塘區,Móng Há & Reservatório,1429,19,Macau Peninsula
2026,7,19:00,外港及南灣湖新填海區,Novos Aterros do Porto Exterior & Aterros da Baía da Praia Grande,16764,19,Macau Peninsula
2026,7,19:00,路氹填海區,COTAI Reclamation Area,90228,19,Taipa & Cotai
2026,7,19:00,黑沙環及祐漢區,Areia Preta & Iao Hon,5828,19,Macau Peninsula
2026,7,19:00,下環區,Barra/Manduco,2740,19,Macau Peninsula
2026,7,19:00,荷蘭園區,Conselheiro Ferreira de Almeida,1183,19,Macau Peninsula
2026,7,19:00,林茂塘區,Doca do Lamau,830,19,Macau Peninsula
2026,7,19:00,沙梨頭及大三巴區,Patane & São Paulo,4265,19,Macau Peninsula
2026,7,19:00,新口岸區,Zona de Aterros do Porto Exterior,11882,19,Macau Peninsula
2026,7,19:00,高士德及雅廉訪區,Horta e Costa & Ouvidor Arriaga,800,19,Macau Peninsula
2026,7,19:00,筷子基區,Fai Chi Kei,659,19,Macau Peninsula
2026,7,19:00,氹仔舊城及馬場區,Cidade & Hipódromo da Taipa,8335,19,Taipa & Cotai
2026,7,19:00,路環區,Coloane,2546,19,Coloane
2026,7,19:00,北安及大潭山區,Pac On & Taipa Grande,7341,19,Taipa & Cotai
2026,7,19:00,青洲區,Ilha Verde,537,19,Macau Peninsula
2026,7,19:00,南西灣及主教山區,Praia Grande & Penha,1091,19,Macau Peninsula
2026,7,19:00,海洋及小潭山區,Jardins do Oceano & Taipa Pequena,969,19,Taipa & Cotai
2026,7,19:00,東望洋區(松山區),Ferreira do Amaral (Guia),412,19,Macau Peninsula
2026,7,19:00,大學及北安灣區,Universidade & Baía de Pac On,318,19,Taipa & Cotai
2026,7,20:00,新橋區,Barca,1419,20,Macau Peninsula
2026,7,20:00,中區,Baixa de Macau,10984,20,Macau Peninsula
2026,7,20:00,氹仔中心區,Baixa da Taipa,4810,20,Taipa & Cotai
2026,7,20:00,台山區,Tamagnini Barbosa,2854,20,Macau Peninsula
2026,7,20:00,黑沙環新填海區,Novos Aterros da Areia Preta,2175,20,Macau Peninsula
2026,7,20:00,望廈及水塘區,Móng Há & Reservatório,1347,20,Macau Peninsula
2026,7,20:00,外港及南灣湖新填海區,Novos Aterros do Porto Exterior & Aterros da Baía da Praia Grande,16016,20,Macau Peninsula
2026,7,20:00,路氹填海區,COTAI Reclamation Area,85537,20,Taipa & Cotai
2026,7,20:00,黑沙環及祐漢區,Areia Preta & Iao Hon,5438,20,Macau Peninsula
2026,7,20:00,下環區,Barra/Manduco,2941,20,Macau Peninsula
2026,7,20:00,荷蘭園區,Conselheiro Ferreira de Almeida,1085,20,Macau Peninsula
2026,7,20:00,林茂塘區,Doca do Lamau,830,20,Macau Peninsula
2026,7,20:00,沙梨頭及大三巴區,Patane & São Paulo,3623,20,Macau Peninsula
2026,7,20:00,新口岸區,Zona de Aterros do Porto Exterior,11780,20,Macau Peninsula
2026,7,20:00,高士德及雅廉訪區,Horta e Costa & Ouvidor Arriaga,793,20,Macau Peninsula
2026,7,20:00,筷子基區,Fai Chi Kei,679,20,Macau Peninsula
2026,7,20:00,氹仔舊城及馬場區,Cidade & Hipódromo da Taipa,8992,20,Taipa & Cotai
2026,7,20:00,路環區,Coloane,2365,20,Coloane
2026,7,20:00,北安及大潭山區,Pac On & Taipa Grande,7001,20,Taipa & Cotai
2026,7,20:00,青洲區,Ilha Verde,483,20,Macau Peninsula
2026,7,20:00,南西灣及主教山區,Praia Grande & Penha,1002,20,Macau Peninsula
2026,7,20:00,海洋及小潭山區,Jardins do Oceano & Taipa Pequena,947,20,Taipa & Cotai
2026,7,20:00,東望洋區(松山區),Ferreira do Amaral (Guia),356,20,Macau Peninsula
2026,7,20:00,大學及北安灣區,Universidade & Baía de Pac On,306,20,Taipa & Cotai
2026,7,21:00,新橋區,Barca,1341,21,Macau Peninsula
2026,7,21:00,中區,Baixa de Macau,9703,21,Macau Peninsula
2026,7,21:00,氹仔中心區,Baixa da Taipa,4982,21,Taipa & Cotai
2026,7,21:00,台山區,Tamagnini Barbosa,2729,21,Macau Peninsula
2026,7,21:00,黑沙環新填海區,Novos Aterros da Areia Preta,2207,21,Macau Peninsula
2026,7,21:00,望廈及水塘區,Móng Há & Reservatório,1260,21,Macau Peninsula
2026,7,21:00,外港及南灣湖新填海區,Novos Aterros do Porto Exterior & Aterros da Baía da Praia Grande,15027,21,Macau Peninsula
2026,7,21:00,路氹填海區,COTAI Reclamation Area,80889,21,Taipa & Cotai
2026,7,21:00,黑沙環及祐漢區,Areia Preta & Iao Hon,5513,21,Macau Peninsula
2026,7,21:00,下環區,Barra/Manduco,2960,21,Macau Peninsula
2026,7,21:00,荷蘭園區,Conselheiro Ferreira de Almeida,994,21,Macau Peninsula
2026,7,21:00,林茂塘區,Doca do Lamau,776,21,Macau Peninsula
2026,7,21:00,沙梨頭及大三巴區,Patane & São Paulo,3031,21,Macau Peninsula
2026,7,21:00,新口岸區,Zona de Aterros do Porto Exterior,11711,21,Macau Peninsula
2026,7,21:00,高士德及雅廉訪區,Horta e Costa & Ouvidor Arriaga,760,21,Macau Peninsula
2026,7,21:00,筷子基區,Fai Chi Kei,668,21,Macau Peninsula
2026,7,21:00,氹仔舊城及馬場區,Cidade & Hipódromo da Taipa,8353,21,Taipa & Cotai
2026,7,21:00,路環區,Coloane,2133,21,Coloane
2026,7,21:00,北安及大潭山區,Pac On & Taipa Grande,5798,21,Taipa & Cotai
2026,7,21:00,青洲區,Ilha Verde,477,21,Macau Peninsula
2026,7,21:00,南西灣及主教山區,Praia Grande & Penha,849,21,Macau Peninsula
2026,7,21:00,海洋及小潭山區,Jardins do Oceano & Taipa Pequena,845,21,Taipa & Cotai
2026,7,21:00,東望洋區(松山區),Ferreira do Amaral (Guia),325,21,Macau Peninsula
2026,7,21:00,大學及北安灣區,Universidade & Baía de Pac On,321,21,Taipa & Cotai
2026,7,22:00,新橋區,Barca,1288,22,Macau Peninsula
2026,7,22:00,中區,Baixa de Macau,8499,22,Macau Peninsula
2026,7,22:00,氹仔中心區,Baixa da Taipa,4794,22,Taipa & Cotai
2026,7,22:00,台山區,Tamagnini Barbosa,2483,22,Macau Peninsula
2026,7,22:00,黑沙環新填海區,Novos Aterros da Areia Preta,2030,22,Macau Peninsula
2026,7,22:00,望廈及水塘區,Móng Há & Reservatório,1160,22,Macau Peninsula
2026,7,22:00,外港及南灣湖新填海區,Novos Aterros do Porto Exterior & Aterros da Baía da Praia Grande,14516,22,Macau Peninsula
2026,7,22:00,路氹填海區,COTAI Reclamation Area,77175,22,Taipa & Cotai
2026,7,22:00,黑沙環及祐漢區,Areia Preta & Iao Hon,4852,22,Macau Peninsula
2026,7,22:00,下環區,Barra/Manduco,2703,22,Macau Peninsula
2026,7,22:00,荷蘭園區,Conselheiro Ferreira de Almeida,911,22,Macau Peninsula
2026,7,22:00,林茂塘區,Doca do Lamau,748,22,Macau Peninsula
2026,7,22:00,沙梨頭及大三巴區,Patane & São Paulo,2685,22,Macau Peninsula
2026,7,22:00,新口岸區,Zona de Aterros do Porto Exterior,11520,22,Macau Peninsula
2026,7,22:00,高士德及雅廉訪區,Horta e Costa & Ouvidor Arriaga,712,22,Macau Peninsula
2026,7,22:00,筷子基區,Fai Chi Kei,628,22,Macau Peninsula
2026,7,22:00,氹仔舊城及馬場區,Cidade & Hipódromo da Taipa,6908,22,Taipa & Cotai
2026,7,22:00,路環區,Coloane,1970,22,Coloane
2026,7,22:00,北安及大潭山區,Pac On & Taipa Grande,4885,22,Taipa & Cotai
2026,7,22:00,青洲區,Ilha Verde,447,22,Macau Peninsula
2026,7,22:00,南西灣及主教山區,Praia Grande & Penha,906,22,Macau Peninsula
2026,7,22:00,海洋及小潭山區,Jardins do Oceano & Taipa Pequena,778,22,Taipa & Cotai
2026,7,22:00,東望洋區(松山區),Ferreira do Amaral (Guia),330,22,Macau Peninsula
2026,7,22:00,大學及北安灣區,Universidade & Baía de Pac On,290,22,Taipa & Cotai
2026,7,23:00,新橋區,Barca,1258,23,Macau Peninsula
2026,7,23:00,中區,Baixa de Macau,7325,23,Macau Peninsula
2026,7,23:00,氹仔中心區,Baixa da Taipa,4604,23,Taipa & Cotai
2026,7,23:00,台山區,Tamagnini Barbosa,2078,23,Macau Peninsula
2026,7,23:00,黑沙環新填海區,Novos Aterros da Areia Preta,1819,23,Macau Peninsula
2026,7,23:00,望廈及水塘區,Móng Há & Reservatório,1063,23,Macau Peninsula
2026,7,23:00,外港及南灣湖新填海區,Novos Aterros do Porto Exterior & Aterros da Baía da Praia Grande,13621,23,Macau Peninsula
2026,7,23:00,路氹填海區,COTAI Reclamation Area,72927,23,Taipa & Cotai
2026,7,23:00,黑沙環及祐漢區,Areia Preta & Iao Hon,3759,23,Macau Peninsula
2026,7,23:00,下環區,Barra/Manduco,2535,23,Macau Peninsula
2026,7,23:00,荷蘭園區,Conselheiro Ferreira de Almeida,842,23,Macau Peninsula
2026,7,23:00,林茂塘區,Doca do Lamau,672,23,Macau Peninsula
2026,7,23:00,沙梨頭及大三巴區,Patane & São Paulo,2592,23,Macau Peninsula
2026,7,23:00,新口岸區,Zona de Aterros do Porto Exterior,11807,23,Macau Peninsula
2026,7,23:00,高士德及雅廉訪區,Horta e Costa & Ouvidor Arriaga,686,23,Macau Peninsula
2026,7,23:00,筷子基區,Fai Chi Kei,570,23,Macau Peninsula
2026,7,23:00,氹仔舊城及馬場區,Cidade & Hipódromo da Taipa,5342,23,Taipa & Cotai
2026,7,23:00,路環區,Coloane,1913,23,Coloane
2026,7,23:00,北安及大潭山區,Pac On & Taipa Grande,3865,23,Taipa & Cotai
2026,7,23:00,青洲區,Ilha Verde,433,23,Macau Peninsula
2026,7,23:00,南西灣及主教山區,Praia Grande & Penha,1058,23,Macau Peninsula
2026,7,23:00,海洋及小潭山區,Jardins do Oceano & Taipa Pequena,733,23,Taipa & Cotai
2026,7,23:00,東望洋區(松山區),Ferreira do Amaral (Guia),366,23,Macau Peninsula
2026,7,23:00,大學及北安灣區,Universidade & Baía de Pac On,277,23,Taipa & Cotai
2026,6,00:00,新橋區,Barca,1285,0,Macau Peninsula
2026,6,00:00,中區,Baixa de Macau,6082,0,Macau Peninsula
2026,6,00:00,氹仔中心區,Baixa da Taipa,4029,0,Taipa & Cotai
2026,6,00:00,台山區,Tamagnini Barbosa,1563,0,Macau Peninsula
2026,6,00:00,黑沙環新填海區,Novos Aterros da Areia Preta,1708,0,Macau Peninsula
2026,6,00:00,望廈及水塘區,Móng Há & Reservatório,973,0,Macau Peninsula
2026,6,00:00,外港及南灣湖新填海區,Novos Aterros do Porto Exterior & Aterros da Baía da Praia Grande,11239,0,Macau Peninsula
2026,6,00:00,路氹填海區,COTAI Reclamation Area,54434,0,Taipa & Cotai
2026,6,00:00,黑沙環及祐漢區,Areia Preta & Iao Hon,2220,0,Macau Peninsula
2026,6,00:00,下環區,Barra/Manduco,2212,0,Macau Peninsula
2026,6,00:00,荷蘭園區,Conselheiro Ferreira de Almeida,808,0,Macau Peninsula
2026,6,00:00,林茂塘區,Doca do Lamau,631,0,Macau Peninsula
2026,6,00:00,沙梨頭及大三巴區,Patane & São Paulo,2330,0,Macau Peninsula
2026,6,00:00,新口岸區,Zona de Aterros do Porto Exterior,9683,0,Macau Peninsula
2026,6,00:00,高士德及雅廉訪區,Horta e Costa & Ouvidor Arriaga,612,0,Macau Peninsula
2026,6,00:00,筷子基區,Fai Chi Kei,602,0,Macau Peninsula
2026,6,00:00,氹仔舊城及馬場區,Cidade & Hipódromo da Taipa,3390,0,Taipa & Cotai
2026,6,00:00,路環區,Coloane,1640,0,Coloane
2026,6,00:00,北安及大潭山區,Pac On & Taipa Grande,2207,0,Taipa & Cotai
2026,6,00:00,青洲區,Ilha Verde,392,0,Macau Peninsula
2026,6,00:00,南西灣及主教山區,Praia Grande & Penha,954,0,Macau Peninsula
2026,6,00:00,海洋及小潭山區,Jardins do Oceano & Taipa Pequena,587,0,Taipa & Cotai
2026,6,00:00,東望洋區(松山區),Ferreira do Amaral (Guia),311,0,Macau Peninsula
2026,6,00:00,大學及北安灣區,Universidade & Baía de Pac On,251,0,Taipa & Cotai
2026,6,01:00,新橋區,Barca,1115,1,Macau Peninsula
2026,6,01:00,中區,Baixa de Macau,5455,1,Macau Peninsula
2026,6,01:00,氹仔中心區,Baixa da Taipa,3728,1,Taipa & Cotai
2026,6,01:00,台山區,Tamagnini Barbosa,1322,1,Macau Peninsula
2026,6,01:00,黑沙環新填海區,Novos Aterros da Areia Preta,1426,1,Macau Peninsula
2026,6,01:00,望廈及水塘區,Móng Há & Reservatório,816,1,Macau Peninsula
2026,6,01:00,外港及南灣湖新填海區,Novos Aterros do Porto Exterior & Aterros da Baía da Praia Grande,10252,1,Macau Peninsula
2026,6,01:00,路氹填海區,COTAI Reclamation Area,52580,1,Taipa & Cotai
2026,6,01:00,黑沙環及祐漢區,Areia Preta & Iao Hon,1577,1,Macau Peninsula
2026,6,01:00,下環區,Barra/Manduco,2082,1,Macau Peninsula
2026,6,01:00,荷蘭園區,Conselheiro Ferreira de Almeida,711,1,Macau Peninsula
2026,6,01:00,林茂塘區,Doca do Lamau,500,1,Macau Peninsula
2026,6,01:00,沙梨頭及大三巴區,Patane & São Paulo,2218,1,Macau Peninsula
2026,6,01:00,新口岸區,Zona de Aterros do Porto Exterior,9754,1,Macau Peninsula
2026,6,01:00,高士德及雅廉訪區,Horta e Costa & Ouvidor Arriaga,523,1,Macau Peninsula
2026,6,01:00,筷子基區,Fai Chi Kei,496,1,Macau Peninsula
2026,6,01:00,氹仔舊城及馬場區,Cidade & Hipódromo da Taipa,3059,1,Taipa & Cotai
2026,6,01:00,路環區,Coloane,1472,1,Coloane
2026,6,01:00,北安及大潭山區,Pac On & Taipa Grande,1826,1,Taipa & Cotai
2026,6,01:00,青洲區,Ilha Verde,318,1,Macau Peninsula
2026,6,01:00,南西灣及主教山區,Praia Grande & Penha,962,1,Macau Peninsula
2026,6,01:00,海洋及小潭山區,Jardins do Oceano & Taipa Pequena,465,1,Taipa & Cotai
2026,6,01:00,東望洋區(松山區),Ferreira do Amaral (Guia),297,1,Macau Peninsula
2026,6,01:00,大學及北安灣區,Universidade & Baía de Pac On,227,1,Taipa & Cotai
2026,6,02:00,新橋區,Barca,1121,2,Macau Peninsula
2026,6,02:00,中區,Baixa de Macau,5223,2,Macau Peninsula
2026,6,02:00,氹仔中心區,Baixa da Taipa,3727,2,Taipa & Cotai
2026,6,02:00,台山區,Tamagnini Barbosa,1314,2,Macau Peninsula
2026,6,02:00,黑沙環新填海區,Novos Aterros da Areia Preta,1405,2,Macau Peninsula
2026,6,02:00,望廈及水塘區,Móng Há & Reservatório,788,2,Macau Peninsula
2026,6,02:00,外港及南灣湖新填海區,Novos Aterros do Porto Exterior & Aterros da Baía da Praia Grande,9797,2,Macau Peninsula
2026,6,02:00,路氹填海區,COTAI Reclamation Area,52326,2,Taipa & Cotai
2026,6,02:00,黑沙環及祐漢區,Areia Preta & Iao Hon,1411,2,Macau Peninsula
2026,6,02:00,下環區,Barra/Manduco,2116,2,Macau Peninsula
2026,6,02:00,荷蘭園區,Conselheiro Ferreira de Almeida,722,2,Macau Peninsula
2026,6,02:00,林茂塘區,Doca do Lamau,493,2,Macau Peninsula
2026,6,02:00,沙梨頭及大三巴區,Patane & São Paulo,2269,2,Macau Peninsula
2026,6,02:00,新口岸區,Zona de Aterros do Porto Exterior,10183,2,Macau Peninsula
2026,6,02:00,高士德及雅廉訪區,Horta e Costa & Ouvidor Arriaga,537,2,Macau Peninsula
2026,6,02:00,筷子基區,Fai Chi Kei,501,2,Macau Peninsula
2026,6,02:00,氹仔舊城及馬場區,Cidade & Hipódromo da Taipa,3005,2,Taipa & Cotai
2026,6,02:00,路環區,Coloane,1476,2,Coloane
2026,6,02:00,北安及大潭山區,Pac On & Taipa Grande,1767,2,Taipa & Cotai
2026,6,02:00,青洲區,Ilha Verde,320,2,Macau Peninsula
2026,6,02:00,南西灣及主教山區,Praia Grande & Penha,1041,2,Macau Peninsula
2026,6,02:00,海洋及小潭山區,Jardins do Oceano & Taipa Pequena,428,2,Taipa & Cotai
2026,6,02:00,東望洋區(松山區),Ferreira do Amaral (Guia),300,2,Macau Peninsula
2026,6,02:00,大學及北安灣區,Universidade & Baía de Pac On,234,2,Taipa & Cotai
2026,6,03:00,新橋區,Barca,1119,3,Macau Peninsula
2026,6,03:00,中區,Baixa de Macau,4979,3,Macau Peninsula
2026,6,03:00,氹仔中心區,Baixa da Taipa,3699,3,Taipa & Cotai
2026,6,03:00,台山區,Tamagnini Barbosa,1304,3,Macau Peninsula
2026,6,03:00,黑沙環新填海區,Novos Aterros da Areia Preta,1386,3,Macau Peninsula
2026,6,03:00,望廈及水塘區,Móng Há & Reservatório,781,3,Macau Peninsula
2026,6,03:00,外港及南灣湖新填海區,Novos Aterros do Porto Exterior & Aterros da Baía da Praia Grande,9400,3,Macau Peninsula
2026,6,03:00,路氹填海區,COTAI Reclamation Area,52230,3,Taipa & Cotai
2026,6,03:00,黑沙環及祐漢區,Areia Preta & Iao Hon,1422,3,Macau Peninsula
2026,6,03:00,下環區,Barra/Manduco,2117,3,Macau Peninsula
2026,6,03:00,荷蘭園區,Conselheiro Ferreira de Almeida,731,3,Macau Peninsula
2026,6,03:00,林茂塘區,Doca do Lamau,493,3,Macau Peninsula
2026,6,03:00,沙梨頭及大三巴區,Patane & São Paulo,2299,3,Macau Peninsula
2026,6,03:00,新口岸區,Zona de Aterros do Porto Exterior,10532,3,Macau Peninsula
2026,6,03:00,高士德及雅廉訪區,Horta e Costa & Ouvidor Arriaga,545,3,Macau Peninsula
2026,6,03:00,筷子基區,Fai Chi Kei,489,3,Macau Peninsula
2026,6,03:00,氹仔舊城及馬場區,Cidade & Hipódromo da Taipa,2959,3,Taipa & Cotai
2026,6,03:00,路環區,Coloane,1485,3,Coloane
2026,6,03:00,北安及大潭山區,Pac On & Taipa Grande,1760,3,Taipa & Cotai
2026,6,03:00,青洲區,Ilha Verde,317,3,Macau Peninsula
2026,6,03:00,南西灣及主教山區,Praia Grande & Penha,1073,3,Macau Peninsula
2026,6,03:00,海洋及小潭山區,Jardins do Oceano & Taipa Pequena,405,3,Taipa & Cotai
2026,6,03:00,東望洋區(松山區),Ferreira do Amaral (Guia),301,3,Macau Peninsula
2026,6,03:00,大學及北安灣區,Universidade & Baía de Pac On,234,3,Taipa & Cotai
2026,6,04:00,新橋區,Barca,1123,4,Macau Peninsula
2026,6,04:00,中區,Baixa de Macau,4763,4,Macau Peninsula
2026,6,04:00,氹仔中心區,Baixa da Taipa,3662,4,Taipa & Cotai
2026,6,04:00,台山區,Tamagnini Barbosa,1305,4,Macau Peninsula
2026,6,04:00,黑沙環新填海區,Novos Aterros da Areia Preta,1361,4,Macau Peninsula
2026,6,04:00,望廈及水塘區,Móng Há & Reservatório,770,4,Macau Peninsula
2026,6,04:00,外港及南灣湖新填海區,Novos Aterros do Porto Exterior & Aterros da Baía da Praia Grande,8963,4,Macau Peninsula
2026,6,04:00,路氹填海區,COTAI Reclamation Area,51928,4,Taipa & Cotai
2026,6,04:00,黑沙環及祐漢區,Areia Preta & Iao Hon,1438,4,Macau Peninsula
2026,6,04:00,下環區,Barra/Manduco,2123,4,Macau Peninsula
2026,6,04:00,荷蘭園區,Conselheiro Ferreira de Almeida,742,4,Macau Peninsula
2026,6,04:00,林茂塘區,Doca do Lamau,493,4,Macau Peninsula
2026,6,04:00,沙梨頭及大三巴區,Patane & São Paulo,2299,4,Macau Peninsula
2026,6,04:00,新口岸區,Zona de Aterros do Porto Exterior,10730,4,Macau Peninsula
2026,6,04:00,高士德及雅廉訪區,Horta e Costa & Ouvidor Arriaga,545,4,Macau Peninsula
2026,6,04:00,筷子基區,Fai Chi Kei,477,4,Macau Peninsula
2026,6,04:00,氹仔舊城及馬場區,Cidade & Hipódromo da Taipa,2916,4,Taipa & Cotai
2026,6,04:00,路環區,Coloane,1471,4,Coloane
2026,6,04:00,北安及大潭山區,Pac On & Taipa Grande,1674,4,Taipa & Cotai
2026,6,04:00,青洲區,Ilha Verde,315,4,Macau Peninsula
2026,6,04:00,南西灣及主教山區,Praia Grande & Penha,1092,4,Macau Peninsula
2026,6,04:00,海洋及小潭山區,Jardins do Oceano & Taipa Pequena,383,4,Taipa & Cotai
2026,6,04:00,東望洋區(松山區),Ferreira do Amaral (Guia),302,4,Macau Peninsula
2026,6,04:00,大學及北安灣區,Universidade & Baía de Pac On,235,4,Taipa & Cotai
2026,6,05:00,新橋區,Barca,1129,5,Macau Peninsula
2026,6,05:00,中區,Baixa de Macau,4578,5,Macau Peninsula
2026,6,05:00,氹仔中心區,Baixa da Taipa,3670,5,Taipa & Cotai
2026,6,05:00,台山區,Tamagnini Barbosa,1303,5,Macau Peninsula
2026,6,05:00,黑沙環新填海區,Novos Aterros da Areia Preta,1349,5,Macau Peninsula
2026,6,05:00,望廈及水塘區,Móng Há & Reservatório,776,5,Macau Peninsula
2026,6,05:00,外港及南灣湖新填海區,Novos Aterros do Porto Exterior & Aterros da Baía da Praia Grande,8611,5,Macau Peninsula
2026,6,05:00,路氹填海區,COTAI Reclamation Area,51540,5,Taipa & Cotai
2026,6,05:00,黑沙環及祐漢區,Areia Preta & Iao Hon,1451,5,Macau Peninsula
2026,6,05:00,下環區,Barra/Manduco,2133,5,Macau Peninsula
2026,6,05:00,荷蘭園區,Conselheiro Ferreira de Almeida,742,5,Macau Peninsula
2026,6,05:00,林茂塘區,Doca do Lamau,496,5,Macau Peninsula
2026,6,05:00,沙梨頭及大三巴區,Patane & São Paulo,2305,5,Macau Peninsula
2026,6,05:00,新口岸區,Zona de Aterros do Porto Exterior,10876,5,Macau Peninsula
2026,6,05:00,高士德及雅廉訪區,Horta e Costa & Ouvidor Arriaga,559,5,Macau Peninsula
2026,6,05:00,筷子基區,Fai Chi Kei,478,5,Macau Peninsula
2026,6,05:00,氹仔舊城及馬場區,Cidade & Hipódromo da Taipa,2859,5,Taipa & Cotai
2026,6,05:00,路環區,Coloane,1457,5,Coloane
2026,6,05:00,北安及大潭山區,Pac On & Taipa Grande,1652,5,Taipa & Cotai
2026,6,05:00,青洲區,Ilha Verde,314,5,Macau Peninsula
2026,6,05:00,南西灣及主教山區,Praia Grande & Penha,1099,5,Macau Peninsula
2026,6,05:00,海洋及小潭山區,Jardins do Oceano & Taipa Pequena,369,5,Taipa & Cotai
2026,6,05:00,東望洋區(松山區),Ferreira do Amaral (Guia),304,5,Macau Peninsula
2026,6,05:00,大學及北安灣區,Universidade & Baía de Pac On,239,5,Taipa & Cotai
2026,6,06:00,新橋區,Barca,1131,6,Macau Peninsula
2026,6,06:00,中區,Baixa de Macau,4464,6,Macau Peninsula
2026,6,06:00,氹仔中心區,Baixa da Taipa,3695,6,Taipa & Cotai
2026,6,06:00,台山區,Tamagnini Barbosa,1342,6,Macau Peninsula
2026,6,06:00,黑沙環新填海區,Novos Aterros da Areia Preta,1350,6,Macau Peninsula
2026,6,06:00,望廈及水塘區,Móng Há & Reservatório,784,6,Macau Peninsula
2026,6,06:00,外港及南灣湖新填海區,Novos Aterros do Porto Exterior & Aterros da Baía da Praia Grande,8366,6,Macau Peninsula
2026,6,06:00,路氹填海區,COTAI Reclamation Area,51265,6,Taipa & Cotai
2026,6,06:00,黑沙環及祐漢區,Areia Preta & Iao Hon,1482,6,Macau Peninsula
2026,6,06:00,下環區,Barra/Manduco,2140,6,Macau Peninsula
2026,6,06:00,荷蘭園區,Conselheiro Ferreira de Almeida,750,6,Macau Peninsula
2026,6,06:00,林茂塘區,Doca do Lamau,504,6,Macau Peninsula
2026,6,06:00,沙梨頭及大三巴區,Patane & São Paulo,2326,6,Macau Peninsula
2026,6,06:00,新口岸區,Zona de Aterros do Porto Exterior,10963,6,Macau Peninsula
2026,6,06:00,高士德及雅廉訪區,Horta e Costa & Ouvidor Arriaga,563,6,Macau Peninsula
2026,6,06:00,筷子基區,Fai Chi Kei,487,6,Macau Peninsula
2026,6,06:00,氹仔舊城及馬場區,Cidade & Hipódromo da Taipa,2847,6,Taipa & Cotai
2026,6,06:00,路環區,Coloane,1470,6,Coloane
2026,6,06:00,北安及大潭山區,Pac On & Taipa Grande,1656,6,Taipa & Cotai
2026,6,06:00,青洲區,Ilha Verde,315,6,Macau Peninsula
2026,6,06:00,南西灣及主教山區,Praia Grande & Penha,1116,6,Macau Peninsula
2026,6,06:00,海洋及小潭山區,Jardins do Oceano & Taipa Pequena,368,6,Taipa & Cotai
2026,6,06:00,東望洋區(松山區),Ferreira do Amaral (Guia),308,6,Macau Peninsula
2026,6,06:00,大學及北安灣區,Universidade & Baía de Pac On,245,6,Taipa & Cotai
2026,6,07:00,新橋區,Barca,1154,7,Macau Peninsula
2026,6,07:00,中區,Baixa de Macau,4433,7,Macau Peninsula
2026,6,07:00,氹仔中心區,Baixa da Taipa,3732,7,Taipa & Cotai
2026,6,07:00,台山區,Tamagnini Barbosa,1513,7,Macau Peninsula
2026,6,07:00,黑沙環新填海區,Novos Aterros da Areia Preta,1383,7,Macau Peninsula
2026,6,07:00,望廈及水塘區,Móng Há & Reservatório,807,7,Macau Peninsula
2026,6,07:00,外港及南灣湖新填海區,Novos Aterros do Porto Exterior & Aterros da Baía da Praia Grande,8308,7,Macau Peninsula
2026,6,07:00,路氹填海區,COTAI Reclamation Area,51087,7,Taipa & Cotai
2026,6,07:00,黑沙環及祐漢區,Areia Preta & Iao Hon,1889,7,Macau Peninsula
2026,6,07:00,下環區,Barra/Manduco,2177,7,Macau Peninsula
2026,6,07:00,荷蘭園區,Conselheiro Ferreira de Almeida,758,7,Macau Peninsula
2026,6,07:00,林茂塘區,Doca do Lamau,522,7,Macau Peninsula
2026,6,07:00,沙梨頭及大三巴區,Patane & São Paulo,2346,7,Macau Peninsula
2026,6,07:00,新口岸區,Zona de Aterros do Porto Exterior,11095,7,Macau Peninsula
2026,6,07:00,高士德及雅廉訪區,Horta e Costa & Ouvidor Arriaga,579,7,Macau Peninsula
2026,6,07:00,筷子基區,Fai Chi Kei,504,7,Macau Peninsula
2026,6,07:00,氹仔舊城及馬場區,Cidade & Hipódromo da Taipa,2880,7,Taipa & Cotai
2026,6,07:00,路環區,Coloane,1520,7,Coloane
2026,6,07:00,北安及大潭山區,Pac On & Taipa Grande,1723,7,Taipa & Cotai
2026,6,07:00,青洲區,Ilha Verde,335,7,Macau Peninsula
2026,6,07:00,南西灣及主教山區,Praia Grande & Penha,1083,7,Macau Peninsula
2026,6,07:00,海洋及小潭山區,Jardins do Oceano & Taipa Pequena,392,7,Taipa & Cotai
2026,6,07:00,東望洋區(松山區),Ferreira do Amaral (Guia),317,7,Macau Peninsula
2026,6,07:00,大學及北安灣區,Universidade & Baía de Pac On,247,7,Taipa & Cotai
2026,6,08:00,新橋區,Barca,1164,8,Macau Peninsula
2026,6,08:00,中區,Baixa de Macau,4493,8,Macau Peninsula
2026,6,08:00,氹仔中心區,Baixa da Taipa,3800,8,Taipa & Cotai
2026,6,08:00,台山區,Tamagnini Barbosa,1725,8,Macau Peninsula
2026,6,08:00,黑沙環新填海區,Novos Aterros da Areia Preta,1481,8,Macau Peninsula
2026,6,08:00,望廈及水塘區,Móng Há & Reservatório,873,8,Macau Peninsula
2026,6,08:00,外港及南灣湖新填海區,Novos Aterros do Porto Exterior & Aterros da Baía da Praia Grande,8370,8,Macau Peninsula
2026,6,08:00,路氹填海區,COTAI Reclamation Area,51182,8,Taipa & Cotai
2026,6,08:00,黑沙環及祐漢區,Areia Preta & Iao Hon,2305,8,Macau Peninsula
2026,6,08:00,下環區,Barra/Manduco,2203,8,Macau Peninsula
2026,6,08:00,荷蘭園區,Conselheiro Ferreira de Almeida,781,8,Macau Peninsula
2026,6,08:00,林茂塘區,Doca do Lamau,544,8,Macau Peninsula
2026,6,08:00,沙梨頭及大三巴區,Patane & São Paulo,2406,8,Macau Peninsula
2026,6,08:00,新口岸區,Zona de Aterros do Porto Exterior,11222,8,Macau Peninsula
2026,6,08:00,高士德及雅廉訪區,Horta e Costa & Ouvidor Arriaga,582,8,Macau Peninsula
2026,6,08:00,筷子基區,Fai Chi Kei,536,8,Macau Peninsula
2026,6,08:00,氹仔舊城及馬場區,Cidade & Hipódromo da Taipa,2984,8,Taipa & Cotai
2026,6,08:00,路環區,Coloane,1588,8,Coloane
2026,6,08:00,北安及大潭山區,Pac On & Taipa Grande,1818,8,Taipa & Cotai
2026,6,08:00,青洲區,Ilha Verde,378,8,Macau Peninsula
2026,6,08:00,南西灣及主教山區,Praia Grande & Penha,1093,8,Macau Peninsula
2026,6,08:00,海洋及小潭山區,Jardins do Oceano & Taipa Pequena,435,8,Taipa & Cotai
2026,6,08:00,東望洋區(松山區),Ferreira do Amaral (Guia),342,8,Macau Peninsula
2026,6,08:00,大學及北安灣區,Universidade & Baía de Pac On,256,8,Taipa & Cotai
2026,6,09:00,新橋區,Barca,1192,9,Macau Peninsula
2026,6,09:00,中區,Baixa de Macau,4762,9,Macau Peninsula
2026,6,09:00,氹仔中心區,Baixa da Taipa,3858,9,Taipa & Cotai
2026,6,09:00,台山區,Tamagnini Barbosa,2077,9,Macau Peninsula
2026,6,09:00,黑沙環新填海區,Novos Aterros da Areia Preta,1588,9,Macau Peninsula
2026,6,09:00,望廈及水塘區,Móng Há & Reservatório,1024,9,Macau Peninsula
2026,6,09:00,外港及南灣湖新填海區,Novos Aterros do Porto Exterior & Aterros da Baía da Praia Grande,8679,9,Macau Peninsula
2026,6,09:00,路氹填海區,COTAI Reclamation Area,51573,9,Taipa & Cotai
2026,6,09:00,黑沙環及祐漢區,Areia Preta & Iao Hon,2970,9,Macau Peninsula
2026,6,09:00,下環區,Barra/Manduco,2220,9,Macau Peninsula
2026,6,09:00,荷蘭園區,Conselheiro Ferreira de Almeida,853,9,Macau Peninsula
2026,6,09:00,林茂塘區,Doca do Lamau,562,9,Macau Peninsula
2026,6,09:00,沙梨頭及大三巴區,Patane & São Paulo,2491,9,Macau Peninsula
2026,6,09:00,新口岸區,Zona de Aterros do Porto Exterior,11316,9,Macau Peninsula
2026,6,09:00,高士德及雅廉訪區,Horta e Costa & Ouvidor Arriaga,612,9,Macau Peninsula
2026,6,09:00,筷子基區,Fai Chi Kei,619,9,Macau Peninsula
2026,6,09:00,氹仔舊城及馬場區,Cidade & Hipódromo da Taipa,3165,9,Taipa & Cotai
2026,6,09:00,路環區,Coloane,1741,9,Coloane
2026,6,09:00,北安及大潭山區,Pac On & Taipa Grande,2220,9,Taipa & Cotai
2026,6,09:00,青洲區,Ilha Verde,459,9,Macau Peninsula
2026,6,09:00,南西灣及主教山區,Praia Grande & Penha,1101,9,Macau Peninsula
2026,6,09:00,海洋及小潭山區,Jardins do Oceano & Taipa Pequena,457,9,Taipa & Cotai
2026,6,09:00,東望洋區(松山區),Ferreira do Amaral (Guia),389,9,Macau Peninsula
2026,6,09:00,大學及北安灣區,Universidade & Baía de Pac On,272,9,Taipa & Cotai
2026,6,10:00,新橋區,Barca,1277,10,Macau Peninsula
2026,6,10:00,中區,Baixa de Macau,5380,10,Macau Peninsula
2026,6,10:00,氹仔中心區,Baixa da Taipa,3819,10,Taipa & Cotai
2026,6,10:00,台山區,Tamagnini Barbosa,2671,10,Macau Peninsula
2026,6,10:00,黑沙環新填海區,Novos Aterros da Areia Preta,1868,10,Macau Peninsula
2026,6,10:00,望廈及水塘區,Móng Há & Reservatório,1268,10,Macau Peninsula
2026,6,10:00,外港及南灣湖新填海區,Novos Aterros do Porto Exterior & Aterros da Baía da Praia Grande,9311,10,Macau Peninsula
2026,6,10:00,路氹填海區,COTAI Reclamation Area,52174,10,Taipa & Cotai
2026,6,10:00,黑沙環及祐漢區,Areia Preta & Iao Hon,5237,10,Macau Peninsula
2026,6,10:00,下環區,Barra/Manduco,2230,10,Macau Peninsula
2026,6,10:00,荷蘭園區,Conselheiro Ferreira de Almeida,1014,10,Macau Peninsula
2026,6,10:00,林茂塘區,Doca do Lamau,597,10,Macau Peninsula
2026,6,10:00,沙梨頭及大三巴區,Patane & São Paulo,2893,10,Macau Peninsula
2026,6,10:00,新口岸區,Zona de Aterros do Porto Exterior,11468,10,Macau Peninsula
2026,6,10:00,高士德及雅廉訪區,Horta e Costa & Ouvidor Arriaga,633,10,Macau Peninsula
2026,6,10:00,筷子基區,Fai Chi Kei,606,10,Macau Peninsula
2026,6,10:00,氹仔舊城及馬場區,Cidade & Hipódromo da Taipa,3291,10,Taipa & Cotai
2026,6,10:00,路環區,Coloane,1899,10,Coloane
2026,6,10:00,北安及大潭山區,Pac On & Taipa Grande,3308,10,Taipa & Cotai
2026,6,10:00,青洲區,Ilha Verde,480,10,Macau Peninsula
2026,6,10:00,南西灣及主教山區,Praia Grande & Penha,1067,10,Macau Peninsula
2026,6,10:00,海洋及小潭山區,Jardins do Oceano & Taipa Pequena,496,10,Taipa & Cotai
2026,6,10:00,東望洋區(松山區),Ferreira do Amaral (Guia),434,10,Macau Peninsula
2026,6,10:00,大學及北安灣區,Universidade & Baía de Pac On,294,10,Taipa & Cotai
2026,6,11:00,新橋區,Barca,1471,11,Macau Peninsula
2026,6,11:00,中區,Baixa de Macau,6854,11,Macau Peninsula
2026,6,11:00,氹仔中心區,Baixa da Taipa,3759,11,Taipa & Cotai
2026,6,11:00,台山區,Tamagnini Barbosa,3318,11,Macau Peninsula
2026,6,11:00,黑沙環新填海區,Novos Aterros da Areia Preta,2285,11,Macau Peninsula
2026,6,11:00,望廈及水塘區,Móng Há & Reservatório,1617,11,Macau Peninsula
2026,6,11:00,外港及南灣湖新填海區,Novos Aterros do Porto Exterior & Aterros da Baía da Praia Grande,10372,11,Macau Peninsula
2026,6,11:00,路氹填海區,COTAI Reclamation Area,53841,11,Taipa & Cotai
2026,6,11:00,黑沙環及祐漢區,Areia Preta & Iao Hon,7223,11,Macau Peninsula
2026,6,11:00,下環區,Barra/Manduco,2327,11,Macau Peninsula
2026,6,11:00,荷蘭園區,Conselheiro Ferreira de Almeida,1231,11,Macau Peninsula
2026,6,11:00,林茂塘區,Doca do Lamau,654,11,Macau Peninsula
2026,6,11:00,沙梨頭及大三巴區,Patane & São Paulo,3430,11,Macau Peninsula
2026,6,11:00,新口岸區,Zona de Aterros do Porto Exterior,11496,11,Macau Peninsula
2026,6,11:00,高士德及雅廉訪區,Horta e Costa & Ouvidor Arriaga,674,11,Macau Peninsula
2026,6,11:00,筷子基區,Fai Chi Kei,631,11,Macau Peninsula
2026,6,11:00,氹仔舊城及馬場區,Cidade & Hipódromo da Taipa,3560,11,Taipa & Cotai
2026,6,11:00,路環區,Coloane,2146,11,Coloane
2026,6,11:00,北安及大潭山區,Pac On & Taipa Grande,4945,11,Taipa & Cotai
2026,6,11:00,青洲區,Ilha Verde,504,11,Macau Peninsula
2026,6,11:00,南西灣及主教山區,Praia Grande & Penha,1043,11,Macau Peninsula
2026,6,11:00,海洋及小潭山區,Jardins do Oceano & Taipa Pequena,589,11,Taipa & Cotai
2026,6,11:00,東望洋區(松山區),Ferreira do Amaral (Guia),481,11,Macau Peninsula
2026,6,11:00,大學及北安灣區,Universidade & Baía de Pac On,322,11,Taipa & Cotai
2026,6,12:00,新橋區,Barca,1751,12,Macau Peninsula
2026,6,12:00,中區,Baixa de Macau,9354,12,Macau Peninsula
2026,6,12:00,氹仔中心區,Baixa da Taipa,3736,12,Taipa & Cotai
2026,6,12:00,台山區,Tamagnini Barbosa,3450,12,Macau Peninsula
2026,6,12:00,黑沙環新填海區,Novos Aterros da Areia Preta,2279,12,Macau Peninsula
2026,6,12:00,望廈及水塘區,Móng Há & Reservatório,1727,12,Macau Peninsula
2026,6,12:00,外港及南灣湖新填海區,Novos Aterros do Porto Exterior & Aterros da Baía da Praia Grande,12067,12,Macau Peninsula
2026,6,12:00,路氹填海區,COTAI Reclamation Area,56634,12,Taipa & Cotai
2026,6,12:00,黑沙環及祐漢區,Areia Preta & Iao Hon,6909,12,Macau Peninsula
2026,6,12:00,下環區,Barra/Manduco,2447,12,Macau Peninsula
2026,6,12:00,荷蘭園區,Conselheiro Ferreira de Almeida,1418,12,Macau Peninsula
2026,6,12:00,林茂塘區,Doca do Lamau,730,12,Macau Peninsula
2026,6,12:00,沙梨頭及大三巴區,Patane & São Paulo,4246,12,Macau Peninsula
2026,6,12:00,新口岸區,Zona de Aterros do Porto Exterior,11431,12,Macau Peninsula
2026,6,12:00,高士德及雅廉訪區,Horta e Costa & Ouvidor Arriaga,742,12,Macau Peninsula
2026,6,12:00,筷子基區,Fai Chi Kei,685,12,Macau Peninsula
2026,6,12:00,氹仔舊城及馬場區,Cidade & Hipódromo da Taipa,4143,12,Taipa & Cotai
2026,6,12:00,路環區,Coloane,2444,12,Coloane
2026,6,12:00,北安及大潭山區,Pac On & Taipa Grande,6287,12,Taipa & Cotai
2026,6,12:00,青洲區,Ilha Verde,537,12,Macau Peninsula
2026,6,12:00,南西灣及主教山區,Praia Grande & Penha,1039,12,Macau Peninsula
2026,6,12:00,海洋及小潭山區,Jardins do Oceano & Taipa Pequena,748,12,Taipa & Cotai
2026,6,12:00,東望洋區(松山區),Ferreira do Amaral (Guia),478,12,Macau Peninsula
2026,6,12:00,大學及北安灣區,Universidade & Baía de Pac On,350,12,Taipa & Cotai
2026,6,13:00,新橋區,Barca,1819,13,Macau Peninsula
2026,6,13:00,中區,Baixa de Macau,12118,13,Macau Peninsula
2026,6,13:00,氹仔中心區,Baixa da Taipa,3891,13,Taipa & Cotai
2026,6,13:00,台山區,Tamagnini Barbosa,3318,13,Macau Peninsula
2026,6,13:00,黑沙環新填海區,Novos Aterros da Areia Preta,2164,13,Macau Peninsula
2026,6,13:00,望廈及水塘區,Móng Há & Reservatório,1823,13,Macau Peninsula
2026,6,13:00,外港及南灣湖新填海區,Novos Aterros do Porto Exterior & Aterros da Baía da Praia Grande,13788,13,Macau Peninsula
2026,6,13:00,路氹填海區,COTAI Reclamation Area,58826,13,Taipa & Cotai
2026,6,13:00,黑沙環及祐漢區,Areia Preta & Iao Hon,6488,13,Macau Peninsula
2026,6,13:00,下環區,Barra/Manduco,2721,13,Macau Peninsula
2026,6,13:00,荷蘭園區,Conselheiro Ferreira de Almeida,1231,13,Macau Peninsula
2026,6,13:00,林茂塘區,Doca do Lamau,799,13,Macau Peninsula
2026,6,13:00,沙梨頭及大三巴區,Patane & São Paulo,4603,13,Macau Peninsula
2026,6,13:00,新口岸區,Zona de Aterros do Porto Exterior,11537,13,Macau Peninsula
2026,6,13:00,高士德及雅廉訪區,Horta e Costa & Ouvidor Arriaga,816,13,Macau Peninsula
2026,6,13:00,筷子基區,Fai Chi Kei,779,13,Macau Peninsula
2026,6,13:00,氹仔舊城及馬場區,Cidade & Hipódromo da Taipa,5455,13,Taipa & Cotai
2026,6,13:00,路環區,Coloane,2627,13,Coloane
2026,6,13:00,北安及大潭山區,Pac On & Taipa Grande,6702,13,Taipa & Cotai
2026,6,13:00,青洲區,Ilha Verde,540,13,Macau Peninsula
2026,6,13:00,南西灣及主教山區,Praia Grande & Penha,1120,13,Macau Peninsula
2026,6,13:00,海洋及小潭山區,Jardins do Oceano & Taipa Pequena,790,13,Taipa & Cotai
2026,6,13:00,東望洋區(松山區),Ferreira do Amaral (Guia),402,13,Macau Peninsula
2026,6,13:00,大學及北安灣區,Universidade & Baía de Pac On,336,13,Taipa & Cotai
2026,6,14:00,新橋區,Barca,1926,14,Macau Peninsula
2026,6,14:00,中區,Baixa de Macau,14058,14,Macau Peninsula
2026,6,14:00,氹仔中心區,Baixa da Taipa,4086,14,Taipa & Cotai
2026,6,14:00,台山區,Tamagnini Barbosa,3071,14,Macau Peninsula
2026,6,14:00,黑沙環新填海區,Novos Aterros da Areia Preta,2048,14,Macau Peninsula
2026,6,14:00,望廈及水塘區,Móng Há & Reservatório,1714,14,Macau Peninsula
2026,6,14:00,外港及南灣湖新填海區,Novos Aterros do Porto Exterior & Aterros da Baía da Praia Grande,15094,14,Macau Peninsula
2026,6,14:00,路氹填海區,COTAI Reclamation Area,60796,14,Taipa & Cotai
2026,6,14:00,黑沙環及祐漢區,Areia Preta & Iao Hon,5953,14,Macau Peninsula
2026,6,14:00,下環區,Barra/Manduco,2763,14,Macau Peninsula
2026,6,14:00,荷蘭園區,Conselheiro Ferreira de Almeida,1325,14,Macau Peninsula
2026,6,14:00,林茂塘區,Doca do Lamau,781,14,Macau Peninsula
2026,6,14:00,沙梨頭及大三巴區,Patane & São Paulo,4995,14,Macau Peninsula
2026,6,14:00,新口岸區,Zona de Aterros do Porto Exterior,11566,14,Macau Peninsula
2026,6,14:00,高士德及雅廉訪區,Horta e Costa & Ouvidor Arriaga,859,14,Macau Peninsula
2026,6,14:00,筷子基區,Fai Chi Kei,816,14,Macau Peninsula
2026,6,14:00,氹仔舊城及馬場區,Cidade & Hipódromo da Taipa,6746,14,Taipa & Cotai
2026,6,14:00,路環區,Coloane,2633,14,Coloane
2026,6,14:00,北安及大潭山區,Pac On & Taipa Grande,6504,14,Taipa & Cotai
2026,6,14:00,青洲區,Ilha Verde,567,14,Macau Peninsula
2026,6,14:00,南西灣及主教山區,Praia Grande & Penha,1011,14,Macau Peninsula
2026,6,14:00,海洋及小潭山區,Jardins do Oceano & Taipa Pequena,831,14,Taipa & Cotai
2026,6,14:00,東望洋區(松山區),Ferreira do Amaral (Guia),387,14,Macau Peninsula
2026,6,14:00,大學及北安灣區,Universidade & Baía de Pac On,335,14,Taipa & Cotai
2026,6,15:00,新橋區,Barca,1924,15,Macau Peninsula
2026,6,15:00,中區,Baixa de Macau,14960,15,Macau Peninsula
2026,6,15:00,氹仔中心區,Baixa da Taipa,4010,15,Taipa & Cotai
2026,6,15:00,台山區,Tamagnini Barbosa,2920,15,Macau Peninsula
2026,6,15:00,黑沙環新填海區,Novos Aterros da Areia Preta,2001,15,Macau Peninsula
2026,6,15:00,望廈及水塘區,Móng Há & Reservatório,1633,15,Macau Peninsula
2026,6,15:00,外港及南灣湖新填海區,Novos Aterros do Porto Exterior & Aterros da Baía da Praia Grande,16344,15,Macau Peninsula
2026,6,15:00,路氹填海區,COTAI Reclamation Area,64210,15,Taipa & Cotai
2026,6,15:00,黑沙環及祐漢區,Areia Preta & Iao Hon,5469,15,Macau Peninsula
2026,6,15:00,下環區,Barra/Manduco,2683,15,Macau Peninsula
2026,6,15:00,荷蘭園區,Conselheiro Ferreira de Almeida,1360,15,Macau Peninsula
2026,6,15:00,林茂塘區,Doca do Lamau,745,15,Macau Peninsula
2026,6,15:00,沙梨頭及大三巴區,Patane & São Paulo,5035,15,Macau Peninsula
2026,6,15:00,新口岸區,Zona de Aterros do Porto Exterior,10207,15,Macau Peninsula
2026,6,15:00,高士德及雅廉訪區,Horta e Costa & Ouvidor Arriaga,841,15,Macau Peninsula
2026,6,15:00,筷子基區,Fai Chi Kei,707,15,Macau Peninsula
2026,6,15:00,氹仔舊城及馬場區,Cidade & Hipódromo da Taipa,7075,15,Taipa & Cotai
2026,6,15:00,路環區,Coloane,2820,15,Coloane
2026,6,15:00,北安及大潭山區,Pac On & Taipa Grande,5945,15,Taipa & Cotai
2026,6,15:00,青洲區,Ilha Verde,511,15,Macau Peninsula
2026,6,15:00,南西灣及主教山區,Praia Grande & Penha,1022,15,Macau Peninsula
2026,6,15:00,海洋及小潭山區,Jardins do Oceano & Taipa Pequena,825,15,Taipa & Cotai
2026,6,15:00,東望洋區(松山區),Ferreira do Amaral (Guia),425,15,Macau Peninsula
2026,6,15:00,大學及北安灣區,Universidade & Baía de Pac On,339,15,Taipa & Cotai
2026,6,16:00,新橋區,Barca,1854,16,Macau Peninsula
2026,6,16:00,中區,Baixa de Macau,14609,16,Macau Peninsula
2026,6,16:00,氹仔中心區,Baixa da Taipa,3777,16,Taipa & Cotai
2026,6,16:00,台山區,Tamagnini Barbosa,2759,16,Macau Peninsula
2026,6,16:00,黑沙環新填海區,Novos Aterros da Areia Preta,1876,16,Macau Peninsula
2026,6,16:00,望廈及水塘區,Móng Há & Reservatório,1546,16,Macau Peninsula
2026,6,16:00,外港及南灣湖新填海區,Novos Aterros do Porto Exterior & Aterros da Baía da Praia Grande,16505,16,Macau Peninsula
2026,6,16:00,路氹填海區,COTAI Reclamation Area,68009,16,Taipa & Cotai
2026,6,16:00,黑沙環及祐漢區,Areia Preta & Iao Hon,5271,16,Macau Peninsula
2026,6,16:00,下環區,Barra/Manduco,2481,16,Macau Peninsula
2026,6,16:00,荷蘭園區,Conselheiro Ferreira de Almeida,1316,16,Macau Peninsula
2026,6,16:00,林茂塘區,Doca do Lamau,750,16,Macau Peninsula
2026,6,16:00,沙梨頭及大三巴區,Patane & São Paulo,4904,16,Macau Peninsula
2026,6,16:00,新口岸區,Zona de Aterros do Porto Exterior,9912,16,Macau Peninsula
2026,6,16:00,高士德及雅廉訪區,Horta e Costa & Ouvidor Arriaga,780,16,Macau Peninsula
2026,6,16:00,筷子基區,Fai Chi Kei,646,16,Macau Peninsula
2026,6,16:00,氹仔舊城及馬場區,Cidade & Hipódromo da Taipa,6568,16,Taipa & Cotai
2026,6,16:00,路環區,Coloane,2782,16,Coloane
2026,6,16:00,北安及大潭山區,Pac On & Taipa Grande,5977,16,Taipa & Cotai
2026,6,16:00,青洲區,Ilha Verde,506,16,Macau Peninsula
2026,6,16:00,南西灣及主教山區,Praia Grande & Penha,1042,16,Macau Peninsula
2026,6,16:00,海洋及小潭山區,Jardins do Oceano & Taipa Pequena,829,16,Taipa & Cotai
2026,6,16:00,東望洋區(松山區),Ferreira do Amaral (Guia),470,16,Macau Peninsula
2026,6,16:00,大學及北安灣區,Universidade & Baía de Pac On,340,16,Taipa & Cotai
2026,6,17:00,新橋區,Barca,1795,17,Macau Peninsula
2026,6,17:00,中區,Baixa de Macau,13486,17,Macau Peninsula
2026,6,17:00,氹仔中心區,Baixa da Taipa,3653,17,Taipa & Cotai
2026,6,17:00,台山區,Tamagnini Barbosa,2786,17,Macau Peninsula
2026,6,17:00,黑沙環新填海區,Novos Aterros da Areia Preta,1890,17,Macau Peninsula
2026,6,17:00,望廈及水塘區,Móng Há & Reservatório,1499,17,Macau Peninsula
2026,6,17:00,外港及南灣湖新填海區,Novos Aterros do Porto Exterior & Aterros da Baía da Praia Grande,16026,17,Macau Peninsula
2026,6,17:00,路氹填海區,COTAI Reclamation Area,70563,17,Taipa & Cotai
2026,6,17:00,黑沙環及祐漢區,Areia Preta & Iao Hon,5104,17,Macau Peninsula
2026,6,17:00,下環區,Barra/Manduco,2370,17,Macau Peninsula
2026,6,17:00,荷蘭園區,Conselheiro Ferreira de Almeida,1274,17,Macau Peninsula
2026,6,17:00,林茂塘區,Doca do Lamau,754,17,Macau Peninsula
2026,6,17:00,沙梨頭及大三巴區,Patane & São Paulo,4521,17,Macau Peninsula
2026,6,17:00,新口岸區,Zona de Aterros do Porto Exterior,9875,17,Macau Peninsula
2026,6,17:00,高士德及雅廉訪區,Horta e Costa & Ouvidor Arriaga,767,17,Macau Peninsula
2026,6,17:00,筷子基區,Fai Chi Kei,643,17,Macau Peninsula
2026,6,17:00,氹仔舊城及馬場區,Cidade & Hipódromo da Taipa,5972,17,Taipa & Cotai
2026,6,17:00,路環區,Coloane,2655,17,Coloane
2026,6,17:00,北安及大潭山區,Pac On & Taipa Grande,6437,17,Taipa & Cotai
2026,6,17:00,青洲區,Ilha Verde,496,17,Macau Peninsula
2026,6,17:00,南西灣及主教山區,Praia Grande & Penha,1072,17,Macau Peninsula
2026,6,17:00,海洋及小潭山區,Jardins do Oceano & Taipa Pequena,806,17,Taipa & Cotai
2026,6,17:00,東望洋區(松山區),Ferreira do Amaral (Guia),450,17,Macau Peninsula
2026,6,17:00,大學及北安灣區,Universidade & Baía de Pac On,324,17,Taipa & Cotai
2026,6,18:00,新橋區,Barca,1653,18,Macau Peninsula
2026,6,18:00,中區,Baixa de Macau,12207,18,Macau Peninsula
2026,6,18:00,氹仔中心區,Baixa da Taipa,3589,18,Taipa & Cotai
2026,6,18:00,台山區,Tamagnini Barbosa,2785,18,Macau Peninsula
2026,6,18:00,黑沙環新填海區,Novos Aterros da Areia Preta,1870,18,Macau Peninsula
2026,6,18:00,望廈及水塘區,Móng Há & Reservatório,1457,18,Macau Peninsula
2026,6,18:00,外港及南灣湖新填海區,Novos Aterros do Porto Exterior & Aterros da Baía da Praia Grande,15269,18,Macau Peninsula
2026,6,18:00,路氹填海區,COTAI Reclamation Area,70193,18,Taipa & Cotai
2026,6,18:00,黑沙環及祐漢區,Areia Preta & Iao Hon,4902,18,Macau Peninsula
2026,6,18:00,下環區,Barra/Manduco,2252,18,Macau Peninsula
2026,6,18:00,荷蘭園區,Conselheiro Ferreira de Almeida,1152,18,Macau Peninsula
2026,6,18:00,林茂塘區,Doca do Lamau,772,18,Macau Peninsula
2026,6,18:00,沙梨頭及大三巴區,Patane & São Paulo,3944,18,Macau Peninsula
2026,6,18:00,新口岸區,Zona de Aterros do Porto Exterior,9780,18,Macau Peninsula
2026,6,18:00,高士德及雅廉訪區,Horta e Costa & Ouvidor Arriaga,744,18,Macau Peninsula
2026,6,18:00,筷子基區,Fai Chi Kei,659,18,Macau Peninsula
2026,6,18:00,氹仔舊城及馬場區,Cidade & Hipódromo da Taipa,5861,18,Taipa & Cotai
2026,6,18:00,路環區,Coloane,2457,18,Coloane
2026,6,18:00,北安及大潭山區,Pac On & Taipa Grande,6198,18,Taipa & Cotai
2026,6,18:00,青洲區,Ilha Verde,517,18,Macau Peninsula
2026,6,18:00,南西灣及主教山區,Praia Grande & Penha,1009,18,Macau Peninsula
2026,6,18:00,海洋及小潭山區,Jardins do Oceano & Taipa Pequena,804,18,Taipa & Cotai
2026,6,18:00,東望洋區(松山區),Ferreira do Amaral (Guia),413,18,Macau Peninsula
2026,6,18:00,大學及北安灣區,Universidade & Baía de Pac On,305,18,Taipa & Cotai
2026,6,19:00,新橋區,Barca,1530,19,Macau Peninsula
2026,6,19:00,中區,Baixa de Macau,10748,19,Macau Peninsula
2026,6,19:00,氹仔中心區,Baixa da Taipa,3810,19,Taipa & Cotai
2026,6,19:00,台山區,Tamagnini Barbosa,2744,19,Macau Peninsula
2026,6,19:00,黑沙環新填海區,Novos Aterros da Areia Preta,1972,19,Macau Peninsula
2026,6,19:00,望廈及水塘區,Móng Há & Reservatório,1383,19,Macau Peninsula
2026,6,19:00,外港及南灣湖新填海區,Novos Aterros do Porto Exterior & Aterros da Baía da Praia Grande,14257,19,Macau Peninsula
2026,6,19:00,路氹填海區,COTAI Reclamation Area,68750,19,Taipa & Cotai
2026,6,19:00,黑沙環及祐漢區,Areia Preta & Iao Hon,4919,19,Macau Peninsula
2026,6,19:00,下環區,Barra/Manduco,2363,19,Macau Peninsula
2026,6,19:00,荷蘭園區,Conselheiro Ferreira de Almeida,1079,19,Macau Peninsula
2026,6,19:00,林茂塘區,Doca do Lamau,765,19,Macau Peninsula
2026,6,19:00,沙梨頭及大三巴區,Patane & São Paulo,3415,19,Macau Peninsula
2026,6,19:00,新口岸區,Zona de Aterros do Porto Exterior,9780,19,Macau Peninsula
2026,6,19:00,高士德及雅廉訪區,Horta e Costa & Ouvidor Arriaga,736,19,Macau Peninsula
2026,6,19:00,筷子基區,Fai Chi Kei,715,19,Macau Peninsula
2026,6,19:00,氹仔舊城及馬場區,Cidade & Hipódromo da Taipa,6199,19,Taipa & Cotai
2026,6,19:00,路環區,Coloane,2263,19,Coloane
2026,6,19:00,北安及大潭山區,Pac On & Taipa Grande,5618,19,Taipa & Cotai
2026,6,19:00,青洲區,Ilha Verde,537,19,Macau Peninsula
2026,6,19:00,南西灣及主教山區,Praia Grande & Penha,961,19,Macau Peninsula
2026,6,19:00,海洋及小潭山區,Jardins do Oceano & Taipa Pequena,827,19,Taipa & Cotai
2026,6,19:00,東望洋區(松山區),Ferreira do Amaral (Guia),352,19,Macau Peninsula
2026,6,19:00,大學及北安灣區,Universidade & Baía de Pac On,287,19,Taipa & Cotai
2026,6,20:00,新橋區,Barca,1437,20,Macau Peninsula
2026,6,20:00,中區,Baixa de Macau,9460,20,Macau Peninsula
2026,6,20:00,氹仔中心區,Baixa da Taipa,4243,20,Taipa & Cotai
2026,6,20:00,台山區,Tamagnini Barbosa,2585,20,Macau Peninsula
2026,6,20:00,黑沙環新填海區,Novos Aterros da Areia Preta,2056,20,Macau Peninsula
2026,6,20:00,望廈及水塘區,Móng Há & Reservatório,1297,20,Macau Peninsula
2026,6,20:00,外港及南灣湖新填海區,Novos Aterros do Porto Exterior & Aterros da Baía da Praia Grande,13475,20,Macau Peninsula
2026,6,20:00,路氹填海區,COTAI Reclamation Area,64911,20,Taipa & Cotai
2026,6,20:00,黑沙環及祐漢區,Areia Preta & Iao Hon,4602,20,Macau Peninsula
2026,6,20:00,下環區,Barra/Manduco,2606,20,Macau Peninsula
2026,6,20:00,荷蘭園區,Conselheiro Ferreira de Almeida,1006,20,Macau Peninsula
2026,6,20:00,林茂塘區,Doca do Lamau,759,20,Macau Peninsula
2026,6,20:00,沙梨頭及大三巴區,Patane & São Paulo,3000,20,Macau Peninsula
2026,6,20:00,新口岸區,Zona de Aterros do Porto Exterior,10004,20,Macau Peninsula
2026,6,20:00,高士德及雅廉訪區,Horta e Costa & Ouvidor Arriaga,720,20,Macau Peninsula
2026,6,20:00,筷子基區,Fai Chi Kei,711,20,Macau Peninsula
2026,6,20:00,氹仔舊城及馬場區,Cidade & Hipódromo da Taipa,6781,20,Taipa & Cotai
2026,6,20:00,路環區,Coloane,2094,20,Coloane
2026,6,20:00,北安及大潭山區,Pac On & Taipa Grande,5321,20,Taipa & Cotai
2026,6,20:00,青洲區,Ilha Verde,473,20,Macau Peninsula
2026,6,20:00,南西灣及主教山區,Praia Grande & Penha,889,20,Macau Peninsula
2026,6,20:00,海洋及小潭山區,Jardins do Oceano & Taipa Pequena,814,20,Taipa & Cotai
2026,6,20:00,東望洋區(松山區),Ferreira do Amaral (Guia),310,20,Macau Peninsula
2026,6,20:00,大學及北安灣區,Universidade & Baía de Pac On,286,20,Taipa & Cotai
2026,6,21:00,新橋區,Barca,1383,21,Macau Peninsula
2026,6,21:00,中區,Baixa de Macau,8468,21,Macau Peninsula
2026,6,21:00,氹仔中心區,Baixa da Taipa,4387,21,Taipa & Cotai
2026,6,21:00,台山區,Tamagnini Barbosa,2375,21,Macau Peninsula
2026,6,21:00,黑沙環新填海區,Novos Aterros da Areia Preta,2085,21,Macau Peninsula
2026,6,21:00,望廈及水塘區,Móng Há & Reservatório,1230,21,Macau Peninsula
2026,6,21:00,外港及南灣湖新填海區,Novos Aterros do Porto Exterior & Aterros da Baía da Praia Grande,12984,21,Macau Peninsula
2026,6,21:00,路氹填海區,COTAI Reclamation Area,61898,21,Taipa & Cotai
2026,6,21:00,黑沙環及祐漢區,Areia Preta & Iao Hon,4421,21,Macau Peninsula
2026,6,21:00,下環區,Barra/Manduco,2645,21,Macau Peninsula
2026,6,21:00,荷蘭園區,Conselheiro Ferreira de Almeida,896,21,Macau Peninsula
2026,6,21:00,林茂塘區,Doca do Lamau,745,21,Macau Peninsula
2026,6,21:00,沙梨頭及大三巴區,Patane & São Paulo,2590,21,Macau Peninsula
2026,6,21:00,新口岸區,Zona de Aterros do Porto Exterior,9780,21,Macau Peninsula
2026,6,21:00,高士德及雅廉訪區,Horta e Costa & Ouvidor Arriaga,704,21,Macau Peninsula
2026,6,21:00,筷子基區,Fai Chi Kei,709,21,Macau Peninsula
2026,6,21:00,氹仔舊城及馬場區,Cidade & Hipódromo da Taipa,6289,21,Taipa & Cotai
2026,6,21:00,路環區,Coloane,1962,21,Coloane
2026,6,21:00,北安及大潭山區,Pac On & Taipa Grande,4446,21,Taipa & Cotai
2026,6,21:00,青洲區,Ilha Verde,464,21,Macau Peninsula
2026,6,21:00,南西灣及主教山區,Praia Grande & Penha,777,21,Macau Peninsula
2026,6,21:00,海洋及小潭山區,Jardins do Oceano & Taipa Pequena,748,21,Taipa & Cotai
2026,6,21:00,東望洋區(松山區),Ferreira do Amaral (Guia),281,21,Macau Peninsula
2026,6,21:00,大學及北安灣區,Universidade & Baía de Pac On,282,21,Taipa & Cotai
2026,6,22:00,新橋區,Barca,1315,22,Macau Peninsula
2026,6,22:00,中區,Baixa de Macau,7634,22,Macau Peninsula
2026,6,22:00,氹仔中心區,Baixa da Taipa,4113,22,Taipa & Cotai
2026,6,22:00,台山區,Tamagnini Barbosa,2190,22,Macau Peninsula
2026,6,22:00,黑沙環新填海區,Novos Aterros da Areia Preta,1965,22,Macau Peninsula
2026,6,22:00,望廈及水塘區,Móng Há & Reservatório,1142,22,Macau Peninsula
2026,6,22:00,外港及南灣湖新填海區,Novos Aterros do Porto Exterior & Aterros da Baía da Praia Grande,12585,22,Macau Peninsula
2026,6,22:00,路氹填海區,COTAI Reclamation Area,60276,22,Taipa & Cotai
2026,6,22:00,黑沙環及祐漢區,Areia Preta & Iao Hon,3848,22,Macau Peninsula
2026,6,22:00,下環區,Barra/Manduco,2398,22,Macau Peninsula
2026,6,22:00,荷蘭園區,Conselheiro Ferreira de Almeida,845,22,Macau Peninsula
2026,6,22:00,林茂塘區,Doca do Lamau,698,22,Macau Peninsula
2026,6,22:00,沙梨頭及大三巴區,Patane & São Paulo,2343,22,Macau Peninsula
2026,6,22:00,新口岸區,Zona de Aterros do Porto Exterior,9510,22,Macau Peninsula
2026,6,22:00,高士德及雅廉訪區,Horta e Costa & Ouvidor Arriaga,666,22,Macau Peninsula
2026,6,22:00,筷子基區,Fai Chi Kei,668,22,Macau Peninsula
2026,6,22:00,氹仔舊城及馬場區,Cidade & Hipódromo da Taipa,5014,22,Taipa & Cotai
2026,6,22:00,路環區,Coloane,1783,22,Coloane
2026,6,22:00,北安及大潭山區,Pac On & Taipa Grande,3643,22,Taipa & Cotai
2026,6,22:00,青洲區,Ilha Verde,445,22,Macau Peninsula
2026,6,22:00,南西灣及主教山區,Praia Grande & Penha,805,22,Macau Peninsula
2026,6,22:00,海洋及小潭山區,Jardins do Oceano & Taipa Pequena,692,22,Taipa & Cotai
2026,6,22:00,東望洋區(松山區),Ferreira do Amaral (Guia),279,22,Macau Peninsula
2026,6,22:00,大學及北安灣區,Universidade & Baía de Pac On,259,22,Taipa & Cotai
2026,6,23:00,新橋區,Barca,1287,23,Macau Peninsula
2026,6,23:00,中區,Baixa de Macau,6762,23,Macau Peninsula
2026,6,23:00,氹仔中心區,Baixa da Taipa,3995,23,Taipa & Cotai
2026,6,23:00,台山區,Tamagnini Barbosa,1828,23,Macau Peninsula
2026,6,23:00,黑沙環新填海區,Novos Aterros da Areia Preta,1825,23,Macau Peninsula
2026,6,23:00,望廈及水塘區,Móng Há & Reservatório,1047,23,Macau Peninsula
2026,6,23:00,外港及南灣湖新填海區,Novos Aterros do Porto Exterior & Aterros da Baía da Praia Grande,12000,23,Macau Peninsula
2026,6,23:00,路氹填海區,COTAI Reclamation Area,57862,23,Taipa & Cotai
2026,6,23:00,黑沙環及祐漢區,Areia Preta & Iao Hon,3029,23,Macau Peninsula
2026,6,23:00,下環區,Barra/Manduco,2214,23,Macau Peninsula
2026,6,23:00,荷蘭園區,Conselheiro Ferreira de Almeida,807,23,Macau Peninsula
2026,6,23:00,林茂塘區,Doca do Lamau,655,23,Macau Peninsula
2026,6,23:00,沙梨頭及大三巴區,Patane & São Paulo,2286,23,Macau Peninsula
2026,6,23:00,新口岸區,Zona de Aterros do Porto Exterior,9573,23,Macau Peninsula
2026,6,23:00,高士德及雅廉訪區,Horta e Costa & Ouvidor Arriaga,622,23,Macau Peninsula
2026,6,23:00,筷子基區,Fai Chi Kei,629,23,Macau Peninsula
2026,6,23:00,氹仔舊城及馬場區,Cidade & Hipódromo da Taipa,3980,23,Taipa & Cotai
2026,6,23:00,路環區,Coloane,1719,23,Coloane
2026,6,23:00,北安及大潭山區,Pac On & Taipa Grande,2686,23,Taipa & Cotai
2026,6,23:00,青洲區,Ilha Verde,423,23,Macau Peninsula
2026,6,23:00,南西灣及主教山區,Praia Grande & Penha,910,23,Macau Peninsula
2026,6,23:00,海洋及小潭山區,Jardins do Oceano & Taipa Pequena,656,23,Taipa & Cotai
2026,6,23:00,東望洋區(松山區),Ferreira do Amaral (Guia),307,23,Macau Peninsula
2026,6,23:00,大學及北安灣區,Universidade & Baía de Pac On,250,23,Taipa & Cotai
2026,5,00:00,新橋區,Barca,1502,0,Macau Peninsula
2026,5,00:00,中區,Baixa de Macau,7007,0,Macau Peninsula
2026,5,00:00,氹仔中心區,Baixa da Taipa,4397,0,Taipa & Cotai
2026,5,00:00,台山區,Tamagnini Barbosa,1796,0,Macau Peninsula
2026,5,00:00,黑沙環新填海區,Novos Aterros da Areia Preta,1755,0,Macau Peninsula
2026,5,00:00,望廈及水塘區,Móng Há & Reservatório,1020,0,Macau Peninsula
2026,5,00:00,外港及南灣湖新填海區,Novos Aterros do Porto Exterior & Aterros da Baía da Praia Grande,12806,0,Macau Peninsula
2026,5,00:00,路氹填海區,COTAI Reclamation Area,59778,0,Taipa & Cotai
2026,5,00:00,黑沙環及祐漢區,Areia Preta & Iao Hon,2743,0,Macau Peninsula
2026,5,00:00,下環區,Barra/Manduco,2566,0,Macau Peninsula
2026,5,00:00,荷蘭園區,Conselheiro Ferreira de Almeida,853,0,Macau Peninsula
2026,5,00:00,林茂塘區,Doca do Lamau,677,0,Macau Peninsula
2026,5,00:00,沙梨頭及大三巴區,Patane & São Paulo,2565,0,Macau Peninsula
2026,5,00:00,新口岸區,Zona de Aterros do Porto Exterior,11162,0,Macau Peninsula
2026,5,00:00,高士德及雅廉訪區,Horta e Costa & Ouvidor Arriaga,689,0,Macau Peninsula
2026,5,00:00,筷子基區,Fai Chi Kei,672,0,Macau Peninsula
2026,5,00:00,氹仔舊城及馬場區,Cidade & Hipódromo da Taipa,4101,0,Taipa & Cotai
2026,5,00:00,路環區,Coloane,1881,0,Coloane
2026,5,00:00,北安及大潭山區,Pac On & Taipa Grande,3044,0,Taipa & Cotai
2026,5,00:00,青洲區,Ilha Verde,460,0,Macau Peninsula
2026,5,00:00,南西灣及主教山區,Praia Grande & Penha,1050,0,Macau Peninsula
2026,5,00:00,海洋及小潭山區,Jardins do Oceano & Taipa Pequena,604,0,Taipa & Cotai
2026,5,00:00,東望洋區(松山區),Ferreira do Amaral (Guia),319,0,Macau Peninsula
2026,5,00:00,大學及北安灣區,Universidade & Baía de Pac On,274,0,Taipa & Cotai
2026,5,01:00,新橋區,Barca,1321,1,Macau Peninsula
2026,5,01:00,中區,Baixa de Macau,6349,1,Macau Peninsula
2026,5,01:00,氹仔中心區,Baixa da Taipa,4121,1,Taipa & Cotai
2026,5,01:00,台山區,Tamagnini Barbosa,1482,1,Macau Peninsula
2026,5,01:00,黑沙環新填海區,Novos Aterros da Areia Preta,1420,1,Macau Peninsula
2026,5,01:00,望廈及水塘區,Móng Há & Reservatório,834,1,Macau Peninsula
2026,5,01:00,外港及南灣湖新填海區,Novos Aterros do Porto Exterior & Aterros da Baía da Praia Grande,11716,1,Macau Peninsula
2026,5,01:00,路氹填海區,COTAI Reclamation Area,55992,1,Taipa & Cotai
2026,5,01:00,黑沙環及祐漢區,Areia Preta & Iao Hon,1756,1,Macau Peninsula
2026,5,01:00,下環區,Barra/Manduco,2414,1,Macau Peninsula
2026,5,01:00,荷蘭園區,Conselheiro Ferreira de Almeida,753,1,Macau Peninsula
2026,5,01:00,林茂塘區,Doca do Lamau,523,1,Macau Peninsula
2026,5,01:00,沙梨頭及大三巴區,Patane & São Paulo,2472,1,Macau Peninsula
2026,5,01:00,新口岸區,Zona de Aterros do Porto Exterior,11267,1,Macau Peninsula
2026,5,01:00,高士德及雅廉訪區,Horta e Costa & Ouvidor Arriaga,596,1,Macau Peninsula
2026,5,01:00,筷子基區,Fai Chi Kei,558,1,Macau Peninsula
2026,5,01:00,氹仔舊城及馬場區,Cidade & Hipódromo da Taipa,3688,1,Taipa & Cotai
2026,5,01:00,路環區,Coloane,1561,1,Coloane
2026,5,01:00,北安及大潭山區,Pac On & Taipa Grande,2572,1,Taipa & Cotai
2026,5,01:00,青洲區,Ilha Verde,358,1,Macau Peninsula
2026,5,01:00,南西灣及主教山區,Praia Grande & Penha,1025,1,Macau Peninsula
2026,5,01:00,海洋及小潭山區,Jardins do Oceano & Taipa Pequena,480,1,Taipa & Cotai
2026,5,01:00,東望洋區(松山區),Ferreira do Amaral (Guia),299,1,Macau Peninsula
2026,5,01:00,大學及北安灣區,Universidade & Baía de Pac On,240,1,Taipa & Cotai
2026,5,02:00,新橋區,Barca,1334,2,Macau Peninsula
2026,5,02:00,中區,Baixa de Macau,6084,2,Macau Peninsula
2026,5,02:00,氹仔中心區,Baixa da Taipa,4174,2,Taipa & Cotai
2026,5,02:00,台山區,Tamagnini Barbosa,1464,2,Macau Peninsula
2026,5,02:00,黑沙環新填海區,Novos Aterros da Areia Preta,1392,2,Macau Peninsula
2026,5,02:00,望廈及水塘區,Móng Há & Reservatório,817,2,Macau Peninsula
2026,5,02:00,外港及南灣湖新填海區,Novos Aterros do Porto Exterior & Aterros da Baía da Praia Grande,11214,2,Macau Peninsula
2026,5,02:00,路氹填海區,COTAI Reclamation Area,55473,2,Taipa & Cotai
2026,5,02:00,黑沙環及祐漢區,Areia Preta & Iao Hon,1559,2,Macau Peninsula
2026,5,02:00,下環區,Barra/Manduco,2454,2,Macau Peninsula
2026,5,02:00,荷蘭園區,Conselheiro Ferreira de Almeida,772,2,Macau Peninsula
2026,5,02:00,林茂塘區,Doca do Lamau,527,2,Macau Peninsula
2026,5,02:00,沙梨頭及大三巴區,Patane & São Paulo,2561,2,Macau Peninsula
2026,5,02:00,新口岸區,Zona de Aterros do Porto Exterior,11814,2,Macau Peninsula
2026,5,02:00,高士德及雅廉訪區,Horta e Costa & Ouvidor Arriaga,617,2,Macau Peninsula
2026,5,02:00,筷子基區,Fai Chi Kei,566,2,Macau Peninsula
2026,5,02:00,氹仔舊城及馬場區,Cidade & Hipódromo da Taipa,3645,2,Taipa & Cotai
2026,5,02:00,路環區,Coloane,1523,2,Coloane
2026,5,02:00,北安及大潭山區,Pac On & Taipa Grande,2559,2,Taipa & Cotai
2026,5,02:00,青洲區,Ilha Verde,350,2,Macau Peninsula
2026,5,02:00,南西灣及主教山區,Praia Grande & Penha,1095,2,Macau Peninsula
2026,5,02:00,海洋及小潭山區,Jardins do Oceano & Taipa Pequena,434,2,Taipa & Cotai
2026,5,02:00,東望洋區(松山區),Ferreira do Amaral (Guia),312,2,Macau Peninsula
2026,5,02:00,大學及北安灣區,Universidade & Baía de Pac On,249,2,Taipa & Cotai
2026,5,03:00,新橋區,Barca,1332,3,Macau Peninsula
2026,5,03:00,中區,Baixa de Macau,5841,3,Macau Peninsula
2026,5,03:00,氹仔中心區,Baixa da Taipa,4168,3,Taipa & Cotai
2026,5,03:00,台山區,Tamagnini Barbosa,1477,3,Macau Peninsula
2026,5,03:00,黑沙環新填海區,Novos Aterros da Areia Preta,1390,3,Macau Peninsula
2026,5,03:00,望廈及水塘區,Móng Há & Reservatório,801,3,Macau Peninsula
2026,5,03:00,外港及南灣湖新填海區,Novos Aterros do Porto Exterior & Aterros da Baía da Praia Grande,10714,3,Macau Peninsula
2026,5,03:00,路氹填海區,COTAI Reclamation Area,55237,3,Taipa & Cotai
2026,5,03:00,黑沙環及祐漢區,Areia Preta & Iao Hon,1551,3,Macau Peninsula
2026,5,03:00,下環區,Barra/Manduco,2472,3,Macau Peninsula
2026,5,03:00,荷蘭園區,Conselheiro Ferreira de Almeida,791,3,Macau Peninsula
2026,5,03:00,林茂塘區,Doca do Lamau,530,3,Macau Peninsula
2026,5,03:00,沙梨頭及大三巴區,Patane & São Paulo,2612,3,Macau Peninsula
2026,5,03:00,新口岸區,Zona de Aterros do Porto Exterior,12253,3,Macau Peninsula
2026,5,03:00,高士德及雅廉訪區,Horta e Costa & Ouvidor Arriaga,625,3,Macau Peninsula
2026,5,03:00,筷子基區,Fai Chi Kei,560,3,Macau Peninsula
2026,5,03:00,氹仔舊城及馬場區,Cidade & Hipódromo da Taipa,3591,3,Taipa & Cotai
2026,5,03:00,路環區,Coloane,1537,3,Coloane
2026,5,03:00,北安及大潭山區,Pac On & Taipa Grande,2517,3,Taipa & Cotai
2026,5,03:00,青洲區,Ilha Verde,348,3,Macau Peninsula
2026,5,03:00,南西灣及主教山區,Praia Grande & Penha,1138,3,Macau Peninsula
2026,5,03:00,海洋及小潭山區,Jardins do Oceano & Taipa Pequena,406,3,Taipa & Cotai
2026,5,03:00,東望洋區(松山區),Ferreira do Amaral (Guia),313,3,Macau Peninsula
2026,5,03:00,大學及北安灣區,Universidade & Baía de Pac On,255,3,Taipa & Cotai
2026,5,04:00,新橋區,Barca,1336,4,Macau Peninsula
2026,5,04:00,中區,Baixa de Macau,5591,4,Macau Peninsula
2026,5,04:00,氹仔中心區,Baixa da Taipa,4130,4,Taipa & Cotai
2026,5,04:00,台山區,Tamagnini Barbosa,1451,4,Macau Peninsula
2026,5,04:00,黑沙環新填海區,Novos Aterros da Areia Preta,1356,4,Macau Peninsula
2026,5,04:00,望廈及水塘區,Móng Há & Reservatório,781,4,Macau Peninsula
2026,5,04:00,外港及南灣湖新填海區,Novos Aterros do Porto Exterior & Aterros da Baía da Praia Grande,10197,4,Macau Peninsula
2026,5,04:00,路氹填海區,COTAI Reclamation Area,54738,4,Taipa & Cotai
2026,5,04:00,黑沙環及祐漢區,Areia Preta & Iao Hon,1568,4,Macau Peninsula
2026,5,04:00,下環區,Barra/Manduco,2465,4,Macau Peninsula
2026,5,04:00,荷蘭園區,Conselheiro Ferreira de Almeida,784,4,Macau Peninsula
2026,5,04:00,林茂塘區,Doca do Lamau,534,4,Macau Peninsula
2026,5,04:00,沙梨頭及大三巴區,Patane & São Paulo,2621,4,Macau Peninsula
2026,5,04:00,新口岸區,Zona de Aterros do Porto Exterior,12499,4,Macau Peninsula
2026,5,04:00,高士德及雅廉訪區,Horta e Costa & Ouvidor Arriaga,635,4,Macau Peninsula
2026,5,04:00,筷子基區,Fai Chi Kei,551,4,Macau Peninsula
2026,5,04:00,氹仔舊城及馬場區,Cidade & Hipódromo da Taipa,3517,4,Taipa & Cotai
2026,5,04:00,路環區,Coloane,1529,4,Coloane
2026,5,04:00,北安及大潭山區,Pac On & Taipa Grande,2423,4,Taipa & Cotai
2026,5,04:00,青洲區,Ilha Verde,341,4,Macau Peninsula
2026,5,04:00,南西灣及主教山區,Praia Grande & Penha,1160,4,Macau Peninsula
2026,5,04:00,海洋及小潭山區,Jardins do Oceano & Taipa Pequena,386,4,Taipa & Cotai
2026,5,04:00,東望洋區(松山區),Ferreira do Amaral (Guia),318,4,Macau Peninsula
2026,5,04:00,大學及北安灣區,Universidade & Baía de Pac On,260,4,Taipa & Cotai
2026,5,05:00,新橋區,Barca,1349,5,Macau Peninsula
2026,5,05:00,中區,Baixa de Macau,5399,5,Macau Peninsula
2026,5,05:00,氹仔中心區,Baixa da Taipa,4149,5,Taipa & Cotai
2026,5,05:00,台山區,Tamagnini Barbosa,1435,5,Macau Peninsula
2026,5,05:00,黑沙環新填海區,Novos Aterros da Areia Preta,1338,5,Macau Peninsula
2026,5,05:00,望廈及水塘區,Móng Há & Reservatório,790,5,Macau Peninsula
2026,5,05:00,外港及南灣湖新填海區,Novos Aterros do Porto Exterior & Aterros da Baía da Praia Grande,9797,5,Macau Peninsula
2026,5,05:00,路氹填海區,COTAI Reclamation Area,54292,5,Taipa & Cotai
2026,5,05:00,黑沙環及祐漢區,Areia Preta & Iao Hon,1593,5,Macau Peninsula
2026,5,05:00,下環區,Barra/Manduco,2470,5,Macau Peninsula
2026,5,05:00,荷蘭園區,Conselheiro Ferreira de Almeida,787,5,Macau Peninsula
2026,5,05:00,林茂塘區,Doca do Lamau,534,5,Macau Peninsula
2026,5,05:00,沙梨頭及大三巴區,Patane & São Paulo,2645,5,Macau Peninsula
2026,5,05:00,新口岸區,Zona de Aterros do Porto Exterior,12625,5,Macau Peninsula
2026,5,05:00,高士德及雅廉訪區,Horta e Costa & Ouvidor Arriaga,652,5,Macau Peninsula
2026,5,05:00,筷子基區,Fai Chi Kei,549,5,Macau Peninsula
2026,5,05:00,氹仔舊城及馬場區,Cidade & Hipódromo da Taipa,3462,5,Taipa & Cotai
2026,5,05:00,路環區,Coloane,1530,5,Coloane
2026,5,05:00,北安及大潭山區,Pac On & Taipa Grande,2358,5,Taipa & Cotai
2026,5,05:00,青洲區,Ilha Verde,339,5,Macau Peninsula
2026,5,05:00,南西灣及主教山區,Praia Grande & Penha,1171,5,Macau Peninsula
2026,5,05:00,海洋及小潭山區,Jardins do Oceano & Taipa Pequena,375,5,Taipa & Cotai
2026,5,05:00,東望洋區(松山區),Ferreira do Amaral (Guia),322,5,Macau Peninsula
2026,5,05:00,大學及北安灣區,Universidade & Baía de Pac On,266,5,Taipa & Cotai
2026,5,06:00,新橋區,Barca,1359,6,Macau Peninsula
2026,5,06:00,中區,Baixa de Macau,5250,6,Macau Peninsula
2026,5,06:00,氹仔中心區,Baixa da Taipa,4176,6,Taipa & Cotai
2026,5,06:00,台山區,Tamagnini Barbosa,1472,6,Macau Peninsula
2026,5,06:00,黑沙環新填海區,Novos Aterros da Areia Preta,1327,6,Macau Peninsula
2026,5,06:00,望廈及水塘區,Móng Há & Reservatório,798,6,Macau Peninsula
2026,5,06:00,外港及南灣湖新填海區,Novos Aterros do Porto Exterior & Aterros da Baía da Praia Grande,9487,6,Macau Peninsula
2026,5,06:00,路氹填海區,COTAI Reclamation Area,53940,6,Taipa & Cotai
2026,5,06:00,黑沙環及祐漢區,Areia Preta & Iao Hon,1637,6,Macau Peninsula
2026,5,06:00,下環區,Barra/Manduco,2483,6,Macau Peninsula
2026,5,06:00,荷蘭園區,Conselheiro Ferreira de Almeida,796,6,Macau Peninsula
2026,5,06:00,林茂塘區,Doca do Lamau,545,6,Macau Peninsula
2026,5,06:00,沙梨頭及大三巴區,Patane & São Paulo,2681,6,Macau Peninsula
2026,5,06:00,新口岸區,Zona de Aterros do Porto Exterior,12713,6,Macau Peninsula
2026,5,06:00,高士德及雅廉訪區,Horta e Costa & Ouvidor Arriaga,661,6,Macau Peninsula
2026,5,06:00,筷子基區,Fai Chi Kei,547,6,Macau Peninsula
2026,5,06:00,氹仔舊城及馬場區,Cidade & Hipódromo da Taipa,3436,6,Taipa & Cotai
2026,5,06:00,路環區,Coloane,1547,6,Coloane
2026,5,06:00,北安及大潭山區,Pac On & Taipa Grande,2346,6,Taipa & Cotai
2026,5,06:00,青洲區,Ilha Verde,343,6,Macau Peninsula
2026,5,06:00,南西灣及主教山區,Praia Grande & Penha,1180,6,Macau Peninsula
2026,5,06:00,海洋及小潭山區,Jardins do Oceano & Taipa Pequena,368,6,Taipa & Cotai
2026,5,06:00,東望洋區(松山區),Ferreira do Amaral (Guia),327,6,Macau Peninsula
2026,5,06:00,大學及北安灣區,Universidade & Baía de Pac On,275,6,Taipa & Cotai
2026,5,07:00,新橋區,Barca,1370,7,Macau Peninsula
2026,5,07:00,中區,Baixa de Macau,5239,7,Macau Peninsula
2026,5,07:00,氹仔中心區,Baixa da Taipa,4242,7,Taipa & Cotai
2026,5,07:00,台山區,Tamagnini Barbosa,1667,7,Macau Peninsula
2026,5,07:00,黑沙環新填海區,Novos Aterros da Areia Preta,1375,7,Macau Peninsula
2026,5,07:00,望廈及水塘區,Móng Há & Reservatório,822,7,Macau Peninsula
2026,5,07:00,外港及南灣湖新填海區,Novos Aterros do Porto Exterior & Aterros da Baía da Praia Grande,9370,7,Macau Peninsula
2026,5,07:00,路氹填海區,COTAI Reclamation Area,53707,7,Taipa & Cotai
2026,5,07:00,黑沙環及祐漢區,Areia Preta & Iao Hon,2106,7,Macau Peninsula
2026,5,07:00,下環區,Barra/Manduco,2529,7,Macau Peninsula
2026,5,07:00,荷蘭園區,Conselheiro Ferreira de Almeida,812,7,Macau Peninsula
2026,5,07:00,林茂塘區,Doca do Lamau,565,7,Macau Peninsula
2026,5,07:00,沙梨頭及大三巴區,Patane & São Paulo,2667,7,Macau Peninsula
2026,5,07:00,新口岸區,Zona de Aterros do Porto Exterior,12825,7,Macau Peninsula
2026,5,07:00,高士德及雅廉訪區,Horta e Costa & Ouvidor Arriaga,675,7,Macau Peninsula
2026,5,07:00,筷子基區,Fai Chi Kei,569,7,Macau Peninsula
2026,5,07:00,氹仔舊城及馬場區,Cidade & Hipódromo da Taipa,3479,7,Taipa & Cotai
2026,5,07:00,路環區,Coloane,1598,7,Coloane
2026,5,07:00,北安及大潭山區,Pac On & Taipa Grande,2412,7,Taipa & Cotai
2026,5,07:00,青洲區,Ilha Verde,365,7,Macau Peninsula
2026,5,07:00,南西灣及主教山區,Praia Grande & Penha,1152,7,Macau Peninsula
2026,5,07:00,海洋及小潭山區,Jardins do Oceano & Taipa Pequena,392,7,Taipa & Cotai
2026,5,07:00,東望洋區(松山區),Ferreira do Amaral (Guia),338,7,Macau Peninsula
2026,5,07:00,大學及北安灣區,Universidade & Baía de Pac On,275,7,Taipa & Cotai
2026,5,08:00,新橋區,Barca,1393,8,Macau Peninsula
2026,5,08:00,中區,Baixa de Macau,5275,8,Macau Peninsula
2026,5,08:00,氹仔中心區,Baixa da Taipa,4302,8,Taipa & Cotai
2026,5,08:00,台山區,Tamagnini Barbosa,1943,8,Macau Peninsula
2026,5,08:00,黑沙環新填海區,Novos Aterros da Areia Preta,1470,8,Macau Peninsula
2026,5,08:00,望廈及水塘區,Móng Há & Reservatório,901,8,Macau Peninsula
2026,5,08:00,外港及南灣湖新填海區,Novos Aterros do Porto Exterior & Aterros da Baía da Praia Grande,9413,8,Macau Peninsula
2026,5,08:00,路氹填海區,COTAI Reclamation Area,53829,8,Taipa & Cotai
2026,5,08:00,黑沙環及祐漢區,Areia Preta & Iao Hon,2777,8,Macau Peninsula
2026,5,08:00,下環區,Barra/Manduco,2568,8,Macau Peninsula
2026,5,08:00,荷蘭園區,Conselheiro Ferreira de Almeida,856,8,Macau Peninsula
2026,5,08:00,林茂塘區,Doca do Lamau,573,8,Macau Peninsula
2026,5,08:00,沙梨頭及大三巴區,Patane & São Paulo,2733,8,Macau Peninsula
2026,5,08:00,新口岸區,Zona de Aterros do Porto Exterior,12980,8,Macau Peninsula
2026,5,08:00,高士德及雅廉訪區,Horta e Costa & Ouvidor Arriaga,693,8,Macau Peninsula
2026,5,08:00,筷子基區,Fai Chi Kei,609,8,Macau Peninsula
2026,5,08:00,氹仔舊城及馬場區,Cidade & Hipódromo da Taipa,3567,8,Taipa & Cotai
2026,5,08:00,路環區,Coloane,1611,8,Coloane
2026,5,08:00,北安及大潭山區,Pac On & Taipa Grande,2512,8,Taipa & Cotai
2026,5,08:00,青洲區,Ilha Verde,423,8,Macau Peninsula
2026,5,08:00,南西灣及主教山區,Praia Grande & Penha,1165,8,Macau Peninsula
2026,5,08:00,海洋及小潭山區,Jardins do Oceano & Taipa Pequena,439,8,Taipa & Cotai
2026,5,08:00,東望洋區(松山區),Ferreira do Amaral (Guia),375,8,Macau Peninsula
2026,5,08:00,大學及北安灣區,Universidade & Baía de Pac On,290,8,Taipa & Cotai
2026,5,09:00,新橋區,Barca,1410,9,Macau Peninsula
2026,5,09:00,中區,Baixa de Macau,5616,9,Macau Peninsula
2026,5,09:00,氹仔中心區,Baixa da Taipa,4296,9,Taipa & Cotai
2026,5,09:00,台山區,Tamagnini Barbosa,2478,9,Macau Peninsula
2026,5,09:00,黑沙環新填海區,Novos Aterros da Areia Preta,1610,9,Macau Peninsula
2026,5,09:00,望廈及水塘區,Móng Há & Reservatório,1094,9,Macau Peninsula
2026,5,09:00,外港及南灣湖新填海區,Novos Aterros do Porto Exterior & Aterros da Baía da Praia Grande,9668,9,Macau Peninsula
2026,5,09:00,路氹填海區,COTAI Reclamation Area,54438,9,Taipa & Cotai
2026,5,09:00,黑沙環及祐漢區,Areia Preta & Iao Hon,4075,9,Macau Peninsula
2026,5,09:00,下環區,Barra/Manduco,2591,9,Macau Peninsula
2026,5,09:00,荷蘭園區,Conselheiro Ferreira de Almeida,952,9,Macau Peninsula
2026,5,09:00,林茂塘區,Doca do Lamau,591,9,Macau Peninsula
2026,5,09:00,沙梨頭及大三巴區,Patane & São Paulo,2875,9,Macau Peninsula
2026,5,09:00,新口岸區,Zona de Aterros do Porto Exterior,13189,9,Macau Peninsula
2026,5,09:00,高士德及雅廉訪區,Horta e Costa & Ouvidor Arriaga,741,9,Macau Peninsula
2026,5,09:00,筷子基區,Fai Chi Kei,696,9,Macau Peninsula
2026,5,09:00,氹仔舊城及馬場區,Cidade & Hipódromo da Taipa,3715,9,Taipa & Cotai
2026,5,09:00,路環區,Coloane,1808,9,Coloane
2026,5,09:00,北安及大潭山區,Pac On & Taipa Grande,2885,9,Taipa & Cotai
2026,5,09:00,青洲區,Ilha Verde,520,9,Macau Peninsula
2026,5,09:00,南西灣及主教山區,Praia Grande & Penha,1185,9,Macau Peninsula
2026,5,09:00,海洋及小潭山區,Jardins do Oceano & Taipa Pequena,463,9,Taipa & Cotai
2026,5,09:00,東望洋區(松山區),Ferreira do Amaral (Guia),446,9,Macau Peninsula
2026,5,09:00,大學及北安灣區,Universidade & Baía de Pac On,297,9,Taipa & Cotai
2026,5,10:00,新橋區,Barca,1542,10,Macau Peninsula
2026,5,10:00,中區,Baixa de Macau,6550,10,Macau Peninsula
2026,5,10:00,氹仔中心區,Baixa da Taipa,4239,10,Taipa & Cotai
2026,5,10:00,台山區,Tamagnini Barbosa,3223,10,Macau Peninsula
2026,5,10:00,黑沙環新填海區,Novos Aterros da Areia Preta,1994,10,Macau Peninsula
2026,5,10:00,望廈及水塘區,Móng Há & Reservatório,1440,10,Macau Peninsula
2026,5,10:00,外港及南灣湖新填海區,Novos Aterros do Porto Exterior & Aterros da Baía da Praia Grande,10304,10,Macau Peninsula
2026,5,10:00,路氹填海區,COTAI Reclamation Area,55601,10,Taipa & Cotai
2026,5,10:00,黑沙環及祐漢區,Areia Preta & Iao Hon,7110,10,Macau Peninsula
2026,5,10:00,下環區,Barra/Manduco,2638,10,Macau Peninsula
2026,5,10:00,荷蘭園區,Conselheiro Ferreira de Almeida,1244,10,Macau Peninsula
2026,5,10:00,林茂塘區,Doca do Lamau,620,10,Macau Peninsula
2026,5,10:00,沙梨頭及大三巴區,Patane & São Paulo,3470,10,Macau Peninsula
2026,5,10:00,新口岸區,Zona de Aterros do Porto Exterior,13435,10,Macau Peninsula
2026,5,10:00,高士德及雅廉訪區,Horta e Costa & Ouvidor Arriaga,796,10,Macau Peninsula
2026,5,10:00,筷子基區,Fai Chi Kei,685,10,Macau Peninsula
2026,5,10:00,氹仔舊城及馬場區,Cidade & Hipódromo da Taipa,3896,10,Taipa & Cotai
2026,5,10:00,路環區,Coloane,2046,10,Coloane
2026,5,10:00,北安及大潭山區,Pac On & Taipa Grande,4235,10,Taipa & Cotai
2026,5,10:00,青洲區,Ilha Verde,543,10,Macau Peninsula
2026,5,10:00,南西灣及主教山區,Praia Grande & Penha,1163,10,Macau Peninsula
2026,5,10:00,海洋及小潭山區,Jardins do Oceano & Taipa Pequena,538,10,Taipa & Cotai
2026,5,10:00,東望洋區(松山區),Ferreira do Amaral (Guia),555,10,Macau Peninsula
2026,5,10:00,大學及北安灣區,Universidade & Baía de Pac On,342,10,Taipa & Cotai
2026,5,11:00,新橋區,Barca,1810,11,Macau Peninsula
2026,5,11:00,中區,Baixa de Macau,8521,11,Macau Peninsula
2026,5,11:00,氹仔中心區,Baixa da Taipa,4104,11,Taipa & Cotai
2026,5,11:00,台山區,Tamagnini Barbosa,3960,11,Macau Peninsula
2026,5,11:00,黑沙環新填海區,Novos Aterros da Areia Preta,2470,11,Macau Peninsula
2026,5,11:00,望廈及水塘區,Móng Há & Reservatório,1801,11,Macau Peninsula
2026,5,11:00,外港及南灣湖新填海區,Novos Aterros do Porto Exterior & Aterros da Baía da Praia Grande,11491,11,Macau Peninsula
2026,5,11:00,路氹填海區,COTAI Reclamation Area,58403,11,Taipa & Cotai
2026,5,11:00,黑沙環及祐漢區,Areia Preta & Iao Hon,9794,11,Macau Peninsula
2026,5,11:00,下環區,Barra/Manduco,2771,11,Macau Peninsula
2026,5,11:00,荷蘭園區,Conselheiro Ferreira de Almeida,1578,11,Macau Peninsula
2026,5,11:00,林茂塘區,Doca do Lamau,697,11,Macau Peninsula
2026,5,11:00,沙梨頭及大三巴區,Patane & São Paulo,4419,11,Macau Peninsula
2026,5,11:00,新口岸區,Zona de Aterros do Porto Exterior,13562,11,Macau Peninsula
2026,5,11:00,高士德及雅廉訪區,Horta e Costa & Ouvidor Arriaga,840,11,Macau Peninsula
2026,5,11:00,筷子基區,Fai Chi Kei,698,11,Macau Peninsula
2026,5,11:00,氹仔舊城及馬場區,Cidade & Hipódromo da Taipa,4254,11,Taipa & Cotai
2026,5,11:00,路環區,Coloane,2380,11,Coloane
2026,5,11:00,北安及大潭山區,Pac On & Taipa Grande,6105,11,Taipa & Cotai
2026,5,11:00,青洲區,Ilha Verde,558,11,Macau Peninsula
2026,5,11:00,南西灣及主教山區,Praia Grande & Penha,1130,11,Macau Peninsula
2026,5,11:00,海洋及小潭山區,Jardins do Oceano & Taipa Pequena,656,11,Taipa & Cotai
2026,5,11:00,東望洋區(松山區),Ferreira do Amaral (Guia),643,11,Macau Peninsula
2026,5,11:00,大學及北安灣區,Universidade & Baía de Pac On,439,11,Taipa & Cotai
2026,5,12:00,新橋區,Barca,2135,12,Macau Peninsula
2026,5,12:00,中區,Baixa de Macau,11912,12,Macau Peninsula
2026,5,12:00,氹仔中心區,Baixa da Taipa,4087,12,Taipa & Cotai
2026,5,12:00,台山區,Tamagnini Barbosa,4206,12,Macau Peninsula
2026,5,12:00,黑沙環新填海區,Novos Aterros da Areia Preta,2531,12,Macau Peninsula
2026,5,12:00,望廈及水塘區,Móng Há & Reservatório,2031,12,Macau Peninsula
2026,5,12:00,外港及南灣湖新填海區,Novos Aterros do Porto Exterior & Aterros da Baía da Praia Grande,13636,12,Macau Peninsula
2026,5,12:00,路氹填海區,COTAI Reclamation Area,62444,12,Taipa & Cotai
2026,5,12:00,黑沙環及祐漢區,Areia Preta & Iao Hon,9554,12,Macau Peninsula
2026,5,12:00,下環區,Barra/Manduco,3036,12,Macau Peninsula
2026,5,12:00,荷蘭園區,Conselheiro Ferreira de Almeida,1718,12,Macau Peninsula
2026,5,12:00,林茂塘區,Doca do Lamau,771,12,Macau Peninsula
2026,5,12:00,沙梨頭及大三巴區,Patane & São Paulo,5584,12,Macau Peninsula
2026,5,12:00,新口岸區,Zona de Aterros do Porto Exterior,13512,12,Macau Peninsula
2026,5,12:00,高士德及雅廉訪區,Horta e Costa & Ouvidor Arriaga,921,12,Macau Peninsula
2026,5,12:00,筷子基區,Fai Chi Kei,771,12,Macau Peninsula
2026,5,12:00,氹仔舊城及馬場區,Cidade & Hipódromo da Taipa,5082,12,Taipa & Cotai
2026,5,12:00,路環區,Coloane,2777,12,Coloane
2026,5,12:00,北安及大潭山區,Pac On & Taipa Grande,7226,12,Taipa & Cotai
2026,5,12:00,青洲區,Ilha Verde,576,12,Macau Peninsula
2026,5,12:00,南西灣及主教山區,Praia Grande & Penha,1167,12,Macau Peninsula
2026,5,12:00,海洋及小潭山區,Jardins do Oceano & Taipa Pequena,804,12,Taipa & Cotai
2026,5,12:00,東望洋區(松山區),Ferreira do Amaral (Guia),661,12,Macau Peninsula
2026,5,12:00,大學及北安灣區,Universidade & Baía de Pac On,471,12,Taipa & Cotai
2026,5,13:00,新橋區,Barca,2243,13,Macau Peninsula
2026,5,13:00,中區,Baixa de Macau,15426,13,Macau Peninsula
2026,5,13:00,氹仔中心區,Baixa da Taipa,4282,13,Taipa & Cotai
2026,5,13:00,台山區,Tamagnini Barbosa,4015,13,Macau Peninsula
2026,5,13:00,黑沙環新填海區,Novos Aterros da Areia Preta,2417,13,Macau Peninsula
2026,5,13:00,望廈及水塘區,Móng Há & Reservatório,2207,13,Macau Peninsula
2026,5,13:00,外港及南灣湖新填海區,Novos Aterros do Porto Exterior & Aterros da Baía da Praia Grande,15919,13,Macau Peninsula
2026,5,13:00,路氹填海區,COTAI Reclamation Area,65818,13,Taipa & Cotai
2026,5,13:00,黑沙環及祐漢區,Areia Preta & Iao Hon,8441,13,Macau Peninsula
2026,5,13:00,下環區,Barra/Manduco,3343,13,Macau Peninsula
2026,5,13:00,荷蘭園區,Conselheiro Ferreira de Almeida,1512,13,Macau Peninsula
2026,5,13:00,林茂塘區,Doca do Lamau,849,13,Macau Peninsula
2026,5,13:00,沙梨頭及大三巴區,Patane & São Paulo,6066,13,Macau Peninsula
2026,5,13:00,新口岸區,Zona de Aterros do Porto Exterior,13979,13,Macau Peninsula
2026,5,13:00,高士德及雅廉訪區,Horta e Costa & Ouvidor Arriaga,1016,13,Macau Peninsula
2026,5,13:00,筷子基區,Fai Chi Kei,895,13,Macau Peninsula
2026,5,13:00,氹仔舊城及馬場區,Cidade & Hipódromo da Taipa,6791,13,Taipa & Cotai
2026,5,13:00,路環區,Coloane,3144,13,Coloane
2026,5,13:00,北安及大潭山區,Pac On & Taipa Grande,7457,13,Taipa & Cotai
2026,5,13:00,青洲區,Ilha Verde,621,13,Macau Peninsula
2026,5,13:00,南西灣及主教山區,Praia Grande & Penha,1303,13,Macau Peninsula
2026,5,13:00,海洋及小潭山區,Jardins do Oceano & Taipa Pequena,886,13,Taipa & Cotai
2026,5,13:00,東望洋區(松山區),Ferreira do Amaral (Guia),559,13,Macau Peninsula
2026,5,13:00,大學及北安灣區,Universidade & Baía de Pac On,449,13,Taipa & Cotai
2026,5,14:00,新橋區,Barca,2347,14,Macau Peninsula
2026,5,14:00,中區,Baixa de Macau,18122,14,Macau Peninsula
2026,5,14:00,氹仔中心區,Baixa da Taipa,4514,14,Taipa & Cotai
2026,5,14:00,台山區,Tamagnini Barbosa,3618,14,Macau Peninsula
2026,5,14:00,黑沙環新填海區,Novos Aterros da Areia Preta,2197,14,Macau Peninsula
2026,5,14:00,望廈及水塘區,Móng Há & Reservatório,2036,14,Macau Peninsula
2026,5,14:00,外港及南灣湖新填海區,Novos Aterros do Porto Exterior & Aterros da Baía da Praia Grande,17477,14,Macau Peninsula
2026,5,14:00,路氹填海區,COTAI Reclamation Area,68522,14,Taipa & Cotai
2026,5,14:00,黑沙環及祐漢區,Areia Preta & Iao Hon,7614,14,Macau Peninsula
2026,5,14:00,下環區,Barra/Manduco,3436,14,Macau Peninsula
2026,5,14:00,荷蘭園區,Conselheiro Ferreira de Almeida,1643,14,Macau Peninsula
2026,5,14:00,林茂塘區,Doca do Lamau,903,14,Macau Peninsula
2026,5,14:00,沙梨頭及大三巴區,Patane & São Paulo,6458,14,Macau Peninsula
2026,5,14:00,新口岸區,Zona de Aterros do Porto Exterior,14269,14,Macau Peninsula
2026,5,14:00,高士德及雅廉訪區,Horta e Costa & Ouvidor Arriaga,1047,14,Macau Peninsula
2026,5,14:00,筷子基區,Fai Chi Kei,951,14,Macau Peninsula
2026,5,14:00,氹仔舊城及馬場區,Cidade & Hipódromo da Taipa,8485,14,Taipa & Cotai
2026,5,14:00,路環區,Coloane,3143,14,Coloane
2026,5,14:00,北安及大潭山區,Pac On & Taipa Grande,7405,14,Taipa & Cotai
2026,5,14:00,青洲區,Ilha Verde,635,14,Macau Peninsula
2026,5,14:00,南西灣及主教山區,Praia Grande & Penha,1201,14,Macau Peninsula
2026,5,14:00,海洋及小潭山區,Jardins do Oceano & Taipa Pequena,931,14,Taipa & Cotai
2026,5,14:00,東望洋區(松山區),Ferreira do Amaral (Guia),535,14,Macau Peninsula
2026,5,14:00,大學及北安灣區,Universidade & Baía de Pac On,430,14,Taipa & Cotai
2026,5,15:00,新橋區,Barca,2390,15,Macau Peninsula
2026,5,15:00,中區,Baixa de Macau,19184,15,Macau Peninsula
2026,5,15:00,氹仔中心區,Baixa da Taipa,4463,15,Taipa & Cotai
2026,5,15:00,台山區,Tamagnini Barbosa,3451,15,Macau Peninsula
2026,5,15:00,黑沙環新填海區,Novos Aterros da Areia Preta,2146,15,Macau Peninsula
2026,5,15:00,望廈及水塘區,Móng Há & Reservatório,1898,15,Macau Peninsula
2026,5,15:00,外港及南灣湖新填海區,Novos Aterros do Porto Exterior & Aterros da Baía da Praia Grande,19080,15,Macau Peninsula
2026,5,15:00,路氹填海區,COTAI Reclamation Area,73123,15,Taipa & Cotai
2026,5,15:00,黑沙環及祐漢區,Areia Preta & Iao Hon,6846,15,Macau Peninsula
2026,5,15:00,下環區,Barra/Manduco,3386,15,Macau Peninsula
2026,5,15:00,荷蘭園區,Conselheiro Ferreira de Almeida,1675,15,Macau Peninsula
2026,5,15:00,林茂塘區,Doca do Lamau,815,15,Macau Peninsula
2026,5,15:00,沙梨頭及大三巴區,Patane & São Paulo,6707,15,Macau Peninsula
2026,5,15:00,新口岸區,Zona de Aterros do Porto Exterior,12557,15,Macau Peninsula
2026,5,15:00,高士德及雅廉訪區,Horta e Costa & Ouvidor Arriaga,969,15,Macau Peninsula
2026,5,15:00,筷子基區,Fai Chi Kei,804,15,Macau Peninsula
2026,5,15:00,氹仔舊城及馬場區,Cidade & Hipódromo da Taipa,9091,15,Taipa & Cotai
2026,5,15:00,路環區,Coloane,3309,15,Coloane
2026,5,15:00,北安及大潭山區,Pac On & Taipa Grande,6711,15,Taipa & Cotai
2026,5,15:00,青洲區,Ilha Verde,560,15,Macau Peninsula
2026,5,15:00,南西灣及主教山區,Praia Grande & Penha,1236,15,Macau Peninsula
2026,5,15:00,海洋及小潭山區,Jardins do Oceano & Taipa Pequena,967,15,Taipa & Cotai
2026,5,15:00,東望洋區(松山區),Ferreira do Amaral (Guia),590,15,Macau Peninsula
2026,5,15:00,大學及北安灣區,Universidade & Baía de Pac On,470,15,Taipa & Cotai
2026,5,16:00,新橋區,Barca,2282,16,Macau Peninsula
2026,5,16:00,中區,Baixa de Macau,18698,16,Macau Peninsula
2026,5,16:00,氹仔中心區,Baixa da Taipa,4271,16,Taipa & Cotai
2026,5,16:00,台山區,Tamagnini Barbosa,3327,16,Macau Peninsula
2026,5,16:00,黑沙環新填海區,Novos Aterros da Areia Preta,2051,16,Macau Peninsula
2026,5,16:00,望廈及水塘區,Móng Há & Reservatório,1697,16,Macau Peninsula
2026,5,16:00,外港及南灣湖新填海區,Novos Aterros do Porto Exterior & Aterros da Baía da Praia Grande,19280,16,Macau Peninsula
2026,5,16:00,路氹填海區,COTAI Reclamation Area,78642,16,Taipa & Cotai
2026,5,16:00,黑沙環及祐漢區,Areia Preta & Iao Hon,6427,16,Macau Peninsula
2026,5,16:00,下環區,Barra/Manduco,3116,16,Macau Peninsula
2026,5,16:00,荷蘭園區,Conselheiro Ferreira de Almeida,1649,16,Macau Peninsula
2026,5,16:00,林茂塘區,Doca do Lamau,799,16,Macau Peninsula
2026,5,16:00,沙梨頭及大三巴區,Patane & São Paulo,6425,16,Macau Peninsula
2026,5,16:00,新口岸區,Zona de Aterros do Porto Exterior,12073,16,Macau Peninsula
2026,5,16:00,高士德及雅廉訪區,Horta e Costa & Ouvidor Arriaga,912,16,Macau Peninsula
2026,5,16:00,筷子基區,Fai Chi Kei,695,16,Macau Peninsula
2026,5,16:00,氹仔舊城及馬場區,Cidade & Hipódromo da Taipa,8477,16,Taipa & Cotai
2026,5,16:00,路環區,Coloane,3311,16,Coloane
2026,5,16:00,北安及大潭山區,Pac On & Taipa Grande,6711,16,Taipa & Cotai
2026,5,16:00,青洲區,Ilha Verde,545,16,Macau Peninsula
2026,5,16:00,南西灣及主教山區,Praia Grande & Penha,1225,16,Macau Peninsula
2026,5,16:00,海洋及小潭山區,Jardins do Oceano & Taipa Pequena,940,16,Taipa & Cotai
2026,5,16:00,東望洋區(松山區),Ferreira do Amaral (Guia),567,16,Macau Peninsula
2026,5,16:00,大學及北安灣區,Universidade & Baía de Pac On,502,16,Taipa & Cotai
2026,5,17:00,新橋區,Barca,2148,17,Macau Peninsula
2026,5,17:00,中區,Baixa de Macau,17343,17,Macau Peninsula
2026,5,17:00,氹仔中心區,Baixa da Taipa,4115,17,Taipa & Cotai
2026,5,17:00,台山區,Tamagnini Barbosa,3269,17,Macau Peninsula
2026,5,17:00,黑沙環新填海區,Novos Aterros da Areia Preta,1950,17,Macau Peninsula
2026,5,17:00,望廈及水塘區,Móng Há & Reservatório,1584,17,Macau Peninsula
2026,5,17:00,外港及南灣湖新填海區,Novos Aterros do Porto Exterior & Aterros da Baía da Praia Grande,18669,17,Macau Peninsula
2026,5,17:00,路氹填海區,COTAI Reclamation Area,81978,17,Taipa & Cotai
2026,5,17:00,黑沙環及祐漢區,Areia Preta & Iao Hon,6115,17,Macau Peninsula
2026,5,17:00,下環區,Barra/Manduco,2928,17,Macau Peninsula
2026,5,17:00,荷蘭園區,Conselheiro Ferreira de Almeida,1550,17,Macau Peninsula
2026,5,17:00,林茂塘區,Doca do Lamau,822,17,Macau Peninsula
2026,5,17:00,沙梨頭及大三巴區,Patane & São Paulo,5833,17,Macau Peninsula
2026,5,17:00,新口岸區,Zona de Aterros do Porto Exterior,12163,17,Macau Peninsula
2026,5,17:00,高士德及雅廉訪區,Horta e Costa & Ouvidor Arriaga,886,17,Macau Peninsula
2026,5,17:00,筷子基區,Fai Chi Kei,688,17,Macau Peninsula
2026,5,17:00,氹仔舊城及馬場區,Cidade & Hipódromo da Taipa,7720,17,Taipa & Cotai
2026,5,17:00,路環區,Coloane,3156,17,Coloane
2026,5,17:00,北安及大潭山區,Pac On & Taipa Grande,7340,17,Taipa & Cotai
2026,5,17:00,青洲區,Ilha Verde,546,17,Macau Peninsula
2026,5,17:00,南西灣及主教山區,Praia Grande & Penha,1255,17,Macau Peninsula
2026,5,17:00,海洋及小潭山區,Jardins do Oceano & Taipa Pequena,929,17,Taipa & Cotai
2026,5,17:00,東望洋區(松山區),Ferreira do Amaral (Guia),501,17,Macau Peninsula
2026,5,17:00,大學及北安灣區,Universidade & Baía de Pac On,469,17,Taipa & Cotai
2026,5,18:00,新橋區,Barca,1963,18,Macau Peninsula
2026,5,18:00,中區,Baixa de Macau,15359,18,Macau Peninsula
2026,5,18:00,氹仔中心區,Baixa da Taipa,4054,18,Taipa & Cotai
2026,5,18:00,台山區,Tamagnini Barbosa,3353,18,Macau Peninsula
2026,5,18:00,黑沙環新填海區,Novos Aterros da Areia Preta,2037,18,Macau Peninsula
2026,5,18:00,望廈及水塘區,Móng Há & Reservatório,1535,18,Macau Peninsula
2026,5,18:00,外港及南灣湖新填海區,Novos Aterros do Porto Exterior & Aterros da Baía da Praia Grande,17717,18,Macau Peninsula
2026,5,18:00,路氹填海區,COTAI Reclamation Area,81337,18,Taipa & Cotai
2026,5,18:00,黑沙環及祐漢區,Areia Preta & Iao Hon,6061,18,Macau Peninsula
2026,5,18:00,下環區,Barra/Manduco,2798,18,Macau Peninsula
2026,5,18:00,荷蘭園區,Conselheiro Ferreira de Almeida,1373,18,Macau Peninsula
2026,5,18:00,林茂塘區,Doca do Lamau,834,18,Macau Peninsula
2026,5,18:00,沙梨頭及大三巴區,Patane & São Paulo,4979,18,Macau Peninsula
2026,5,18:00,新口岸區,Zona de Aterros do Porto Exterior,11864,18,Macau Peninsula
2026,5,18:00,高士德及雅廉訪區,Horta e Costa & Ouvidor Arriaga,872,18,Macau Peninsula
2026,5,18:00,筷子基區,Fai Chi Kei,717,18,Macau Peninsula
2026,5,18:00,氹仔舊城及馬場區,Cidade & Hipódromo da Taipa,7256,18,Taipa & Cotai
2026,5,18:00,路環區,Coloane,2839,18,Coloane
2026,5,18:00,北安及大潭山區,Pac On & Taipa Grande,7322,18,Taipa & Cotai
2026,5,18:00,青洲區,Ilha Verde,569,18,Macau Peninsula
2026,5,18:00,南西灣及主教山區,Praia Grande & Penha,1181,18,Macau Peninsula
2026,5,18:00,海洋及小潭山區,Jardins do Oceano & Taipa Pequena,909,18,Taipa & Cotai
2026,5,18:00,東望洋區(松山區),Ferreira do Amaral (Guia),430,18,Macau Peninsula
2026,5,18:00,大學及北安灣區,Universidade & Baía de Pac On,425,18,Taipa & Cotai
2026,5,19:00,新橋區,Barca,1782,19,Macau Peninsula
2026,5,19:00,中區,Baixa de Macau,13345,19,Macau Peninsula
2026,5,19:00,氹仔中心區,Baixa da Taipa,4260,19,Taipa & Cotai
2026,5,19:00,台山區,Tamagnini Barbosa,3344,19,Macau Peninsula
2026,5,19:00,黑沙環新填海區,Novos Aterros da Areia Preta,2094,19,Macau Peninsula
2026,5,19:00,望廈及水塘區,Móng Há & Reservatório,1475,19,Macau Peninsula
2026,5,19:00,外港及南灣湖新填海區,Novos Aterros do Porto Exterior & Aterros da Baía da Praia Grande,16405,19,Macau Peninsula
2026,5,19:00,路氹填海區,COTAI Reclamation Area,79356,19,Taipa & Cotai
2026,5,19:00,黑沙環及祐漢區,Areia Preta & Iao Hon,6052,19,Macau Peninsula
2026,5,19:00,下環區,Barra/Manduco,2917,19,Macau Peninsula
2026,5,19:00,荷蘭園區,Conselheiro Ferreira de Almeida,1238,19,Macau Peninsula
2026,5,19:00,林茂塘區,Doca do Lamau,844,19,Macau Peninsula
2026,5,19:00,沙梨頭及大三巴區,Patane & São Paulo,4161,19,Macau Peninsula
2026,5,19:00,新口岸區,Zona de Aterros do Porto Exterior,11665,19,Macau Peninsula
2026,5,19:00,高士德及雅廉訪區,Horta e Costa & Ouvidor Arriaga,866,19,Macau Peninsula
2026,5,19:00,筷子基區,Fai Chi Kei,763,19,Macau Peninsula
2026,5,19:00,氹仔舊城及馬場區,Cidade & Hipódromo da Taipa,7484,19,Taipa & Cotai
2026,5,19:00,路環區,Coloane,2572,19,Coloane
2026,5,19:00,北安及大潭山區,Pac On & Taipa Grande,6891,19,Taipa & Cotai
2026,5,19:00,青洲區,Ilha Verde,579,19,Macau Peninsula
2026,5,19:00,南西灣及主教山區,Praia Grande & Penha,1101,19,Macau Peninsula
2026,5,19:00,海洋及小潭山區,Jardins do Oceano & Taipa Pequena,903,19,Taipa & Cotai
2026,5,19:00,東望洋區(松山區),Ferreira do Amaral (Guia),392,19,Macau Peninsula
2026,5,19:00,大學及北安灣區,Universidade & Baía de Pac On,366,19,Taipa & Cotai
2026,5,20:00,新橋區,Barca,1653,20,Macau Peninsula
2026,5,20:00,中區,Baixa de Macau,11523,20,Macau Peninsula
2026,5,20:00,氹仔中心區,Baixa da Taipa,4682,20,Taipa & Cotai
2026,5,20:00,台山區,Tamagnini Barbosa,3197,20,Macau Peninsula
2026,5,20:00,黑沙環新填海區,Novos Aterros da Areia Preta,2166,20,Macau Peninsula
2026,5,20:00,望廈及水塘區,Móng Há & Reservatório,1384,20,Macau Peninsula
2026,5,20:00,外港及南灣湖新填海區,Novos Aterros do Porto Exterior & Aterros da Baía da Praia Grande,15333,20,Macau Peninsula
2026,5,20:00,路氹填海區,COTAI Reclamation Area,74290,20,Taipa & Cotai
2026,5,20:00,黑沙環及祐漢區,Areia Preta & Iao Hon,5637,20,Macau Peninsula
2026,5,20:00,下環區,Barra/Manduco,3110,20,Macau Peninsula
2026,5,20:00,荷蘭園區,Conselheiro Ferreira de Almeida,1154,20,Macau Peninsula
2026,5,20:00,林茂塘區,Doca do Lamau,832,20,Macau Peninsula
2026,5,20:00,沙梨頭及大三巴區,Patane & São Paulo,3526,20,Macau Peninsula
2026,5,20:00,新口岸區,Zona de Aterros do Porto Exterior,11743,20,Macau Peninsula
2026,5,20:00,高士德及雅廉訪區,Horta e Costa & Ouvidor Arriaga,852,20,Macau Peninsula
2026,5,20:00,筷子基區,Fai Chi Kei,766,20,Macau Peninsula
2026,5,20:00,氹仔舊城及馬場區,Cidade & Hipódromo da Taipa,7904,20,Taipa & Cotai
2026,5,20:00,路環區,Coloane,2380,20,Coloane
2026,5,20:00,北安及大潭山區,Pac On & Taipa Grande,6776,20,Taipa & Cotai
2026,5,20:00,青洲區,Ilha Verde,532,20,Macau Peninsula
2026,5,20:00,南西灣及主教山區,Praia Grande & Penha,1013,20,Macau Peninsula
2026,5,20:00,海洋及小潭山區,Jardins do Oceano & Taipa Pequena,865,20,Taipa & Cotai
2026,5,20:00,東望洋區(松山區),Ferreira do Amaral (Guia),350,20,Macau Peninsula
2026,5,20:00,大學及北安灣區,Universidade & Baía de Pac On,336,20,Taipa & Cotai
2026,5,21:00,新橋區,Barca,1561,21,Macau Peninsula
2026,5,21:00,中區,Baixa de Macau,10065,21,Macau Peninsula
2026,5,21:00,氹仔中心區,Baixa da Taipa,4861,21,Taipa & Cotai
2026,5,21:00,台山區,Tamagnini Barbosa,2880,21,Macau Peninsula
2026,5,21:00,黑沙環新填海區,Novos Aterros da Areia Preta,2166,21,Macau Peninsula
2026,5,21:00,望廈及水塘區,Móng Há & Reservatório,1310,21,Macau Peninsula
2026,5,21:00,外港及南灣湖新填海區,Novos Aterros do Porto Exterior & Aterros da Baía da Praia Grande,14706,21,Macau Peninsula
2026,5,21:00,路氹填海區,COTAI Reclamation Area,69752,21,Taipa & Cotai
2026,5,21:00,黑沙環及祐漢區,Areia Preta & Iao Hon,5519,21,Macau Peninsula
2026,5,21:00,下環區,Barra/Manduco,3103,21,Macau Peninsula
2026,5,21:00,荷蘭園區,Conselheiro Ferreira de Almeida,1056,21,Macau Peninsula
2026,5,21:00,林茂塘區,Doca do Lamau,802,21,Macau Peninsula
2026,5,21:00,沙梨頭及大三巴區,Patane & São Paulo,2967,21,Macau Peninsula
2026,5,21:00,新口岸區,Zona de Aterros do Porto Exterior,11332,21,Macau Peninsula
2026,5,21:00,高士德及雅廉訪區,Horta e Costa & Ouvidor Arriaga,818,21,Macau Peninsula
2026,5,21:00,筷子基區,Fai Chi Kei,761,21,Macau Peninsula
2026,5,21:00,氹仔舊城及馬場區,Cidade & Hipódromo da Taipa,7213,21,Taipa & Cotai
2026,5,21:00,路環區,Coloane,2201,21,Coloane
2026,5,21:00,北安及大潭山區,Pac On & Taipa Grande,5830,21,Taipa & Cotai
2026,5,21:00,青洲區,Ilha Verde,537,21,Macau Peninsula
2026,5,21:00,南西灣及主教山區,Praia Grande & Penha,886,21,Macau Peninsula
2026,5,21:00,海洋及小潭山區,Jardins do Oceano & Taipa Pequena,812,21,Taipa & Cotai
2026,5,21:00,東望洋區(松山區),Ferreira do Amaral (Guia),322,21,Macau Peninsula
2026,5,21:00,大學及北安灣區,Universidade & Baía de Pac On,321,21,Taipa & Cotai
2026,5,22:00,新橋區,Barca,1487,22,Macau Peninsula
2026,5,22:00,中區,Baixa de Macau,8898,22,Macau Peninsula
2026,5,22:00,氹仔中心區,Baixa da Taipa,4535,22,Taipa & Cotai
2026,5,22:00,台山區,Tamagnini Barbosa,2507,22,Macau Peninsula
2026,5,22:00,黑沙環新填海區,Novos Aterros da Areia Preta,2062,22,Macau Peninsula
2026,5,22:00,望廈及水塘區,Móng Há & Reservatório,1203,22,Macau Peninsula
2026,5,22:00,外港及南灣湖新填海區,Novos Aterros do Porto Exterior & Aterros da Baía da Praia Grande,14310,22,Macau Peninsula
2026,5,22:00,路氹填海區,COTAI Reclamation Area,66550,22,Taipa & Cotai
2026,5,22:00,黑沙環及祐漢區,Areia Preta & Iao Hon,4831,22,Macau Peninsula
2026,5,22:00,下環區,Barra/Manduco,2778,22,Macau Peninsula
2026,5,22:00,荷蘭園區,Conselheiro Ferreira de Almeida,929,22,Macau Peninsula
2026,5,22:00,林茂塘區,Doca do Lamau,759,22,Macau Peninsula
2026,5,22:00,沙梨頭及大三巴區,Patane & São Paulo,2655,22,Macau Peninsula
2026,5,22:00,新口岸區,Zona de Aterros do Porto Exterior,10922,22,Macau Peninsula
2026,5,22:00,高士德及雅廉訪區,Horta e Costa & Ouvidor Arriaga,757,22,Macau Peninsula
2026,5,22:00,筷子基區,Fai Chi Kei,736,22,Macau Peninsula
2026,5,22:00,氹仔舊城及馬場區,Cidade & Hipódromo da Taipa,5749,22,Taipa & Cotai
2026,5,22:00,路環區,Coloane,1992,22,Coloane
2026,5,22:00,北安及大潭山區,Pac On & Taipa Grande,4753,22,Taipa & Cotai
2026,5,22:00,青洲區,Ilha Verde,519,22,Macau Peninsula
2026,5,22:00,南西灣及主教山區,Praia Grande & Penha,896,22,Macau Peninsula
2026,5,22:00,海洋及小潭山區,Jardins do Oceano & Taipa Pequena,718,22,Taipa & Cotai
2026,5,22:00,東望洋區(松山區),Ferreira do Amaral (Guia),300,22,Macau Peninsula
2026,5,22:00,大學及北安灣區,Universidade & Baía de Pac On,295,22,Taipa & Cotai
2026,5,23:00,新橋區,Barca,1470,23,Macau Peninsula
2026,5,23:00,中區,Baixa de Macau,7701,23,Macau Peninsula
2026,5,23:00,氹仔中心區,Baixa da Taipa,4311,23,Taipa & Cotai
2026,5,23:00,台山區,Tamagnini Barbosa,2128,23,Macau Peninsula
2026,5,23:00,黑沙環新填海區,Novos Aterros da Areia Preta,1895,23,Macau Peninsula
2026,5,23:00,望廈及水塘區,Móng Há & Reservatório,1101,23,Macau Peninsula
2026,5,23:00,外港及南灣湖新填海區,Novos Aterros do Porto Exterior & Aterros da Baía da Praia Grande,13681,23,Macau Peninsula
2026,5,23:00,路氹填海區,COTAI Reclamation Area,63529,23,Taipa & Cotai
2026,5,23:00,黑沙環及祐漢區,Areia Preta & Iao Hon,3693,23,Macau Peninsula
2026,5,23:00,下環區,Barra/Manduco,2512,23,Macau Peninsula
2026,5,23:00,荷蘭園區,Conselheiro Ferreira de Almeida,871,23,Macau Peninsula
2026,5,23:00,林茂塘區,Doca do Lamau,712,23,Macau Peninsula
2026,5,23:00,沙梨頭及大三巴區,Patane & São Paulo,2508,23,Macau Peninsula
2026,5,23:00,新口岸區,Zona de Aterros do Porto Exterior,10828,23,Macau Peninsula
2026,5,23:00,高士德及雅廉訪區,Horta e Costa & Ouvidor Arriaga,697,23,Macau Peninsula
2026,5,23:00,筷子基區,Fai Chi Kei,690,23,Macau Peninsula
2026,5,23:00,氹仔舊城及馬場區,Cidade & Hipódromo da Taipa,4586,23,Taipa & Cotai
2026,5,23:00,路環區,Coloane,2234,23,Coloane
2026,5,23:00,北安及大潭山區,Pac On & Taipa Grande,3705,23,Taipa & Cotai
2026,5,23:00,青洲區,Ilha Verde,484,23,Macau Peninsula
2026,5,23:00,南西灣及主教山區,Praia Grande & Penha,967,23,Macau Peninsula
2026,5,23:00,海洋及小潭山區,Jardins do Oceano & Taipa Pequena,678,23,Taipa & Cotai
2026,5,23:00,東望洋區(松山區),Ferreira do Amaral (Guia),311,23,Macau Peninsula
2026,5,23:00,大學及北安灣區,Universidade & Baía de Pac On,273,23,Taipa & Cotai
2026,4,00:00,新橋區,Barca,1561,0,Macau Peninsula
2026,4,00:00,中區,Baixa de Macau,6819,0,Macau Peninsula
2026,4,00:00,氹仔中心區,Baixa da Taipa,4420,0,Taipa & Cotai
2026,4,00:00,台山區,Tamagnini Barbosa,1753,0,Macau Peninsula
2026,4,00:00,黑沙環新填海區,Novos Aterros da Areia Preta,1699,0,Macau Peninsula
2026,4,00:00,望廈及水塘區,Móng Há & Reservatório,992,0,Macau Peninsula
2026,4,00:00,外港及南灣湖新填海區,Novos Aterros do Porto Exterior & Aterros da Baía da Praia Grande,12040,0,Macau Peninsula
2026,4,00:00,路氹填海區,COTAI Reclamation Area,56186,0,Taipa & Cotai
2026,4,00:00,黑沙環及祐漢區,Areia Preta & Iao Hon,2530,0,Macau Peninsula
2026,4,00:00,下環區,Barra/Manduco,2810,0,Macau Peninsula
2026,4,00:00,荷蘭園區,Conselheiro Ferreira de Almeida,908,0,Macau Peninsula
2026,4,00:00,林茂塘區,Doca do Lamau,689,0,Macau Peninsula
2026,4,00:00,沙梨頭及大三巴區,Patane & São Paulo,2594,0,Macau Peninsula
2026,4,00:00,新口岸區,Zona de Aterros do Porto Exterior,10953,0,Macau Peninsula
2026,4,00:00,高士德及雅廉訪區,Horta e Costa & Ouvidor Arriaga,678,0,Macau Peninsula
2026,4,00:00,筷子基區,Fai Chi Kei,593,0,Macau Peninsula
2026,4,00:00,氹仔舊城及馬場區,Cidade & Hipódromo da Taipa,4185,0,Taipa & Cotai
2026,4,00:00,路環區,Coloane,1934,0,Coloane
2026,4,00:00,北安及大潭山區,Pac On & Taipa Grande,3163,0,Taipa & Cotai
2026,4,00:00,青洲區,Ilha Verde,458,0,Macau Peninsula
2026,4,00:00,南西灣及主教山區,Praia Grande & Penha,1016,0,Macau Peninsula
2026,4,00:00,海洋及小潭山區,Jardins do Oceano & Taipa Pequena,581,0,Taipa & Cotai
2026,4,00:00,東望洋區(松山區),Ferreira do Amaral (Guia),360,0,Macau Peninsula
2026,4,00:00,大學及北安灣區,Universidade & Baía de Pac On,293,0,Taipa & Cotai
2026,4,01:00,新橋區,Barca,1372,1,Macau Peninsula
2026,4,01:00,中區,Baixa de Macau,6102,1,Macau Peninsula
2026,4,01:00,氹仔中心區,Baixa da Taipa,4098,1,Taipa & Cotai
2026,4,01:00,台山區,Tamagnini Barbosa,1476,1,Macau Peninsula
2026,4,01:00,黑沙環新填海區,Novos Aterros da Areia Preta,1417,1,Macau Peninsula
2026,4,01:00,望廈及水塘區,Móng Há & Reservatório,815,1,Macau Peninsula
2026,4,01:00,外港及南灣湖新填海區,Novos Aterros do Porto Exterior & Aterros da Baía da Praia Grande,11046,1,Macau Peninsula
2026,4,01:00,路氹填海區,COTAI Reclamation Area,53693,1,Taipa & Cotai
2026,4,01:00,黑沙環及祐漢區,Areia Preta & Iao Hon,1726,1,Macau Peninsula
2026,4,01:00,下環區,Barra/Manduco,2698,1,Macau Peninsula
2026,4,01:00,荷蘭園區,Conselheiro Ferreira de Almeida,782,1,Macau Peninsula
2026,4,01:00,林茂塘區,Doca do Lamau,553,1,Macau Peninsula
2026,4,01:00,沙梨頭及大三巴區,Patane & São Paulo,2487,1,Macau Peninsula
2026,4,01:00,新口岸區,Zona de Aterros do Porto Exterior,10987,1,Macau Peninsula
2026,4,01:00,高士德及雅廉訪區,Horta e Costa & Ouvidor Arriaga,602,1,Macau Peninsula
2026,4,01:00,筷子基區,Fai Chi Kei,484,1,Macau Peninsula
2026,4,01:00,氹仔舊城及馬場區,Cidade & Hipódromo da Taipa,3805,1,Taipa & Cotai
2026,4,01:00,路環區,Coloane,1725,1,Coloane
2026,4,01:00,北安及大潭山區,Pac On & Taipa Grande,2721,1,Taipa & Cotai
2026,4,01:00,青洲區,Ilha Verde,371,1,Macau Peninsula
2026,4,01:00,南西灣及主教山區,Praia Grande & Penha,1017,1,Macau Peninsula
2026,4,01:00,海洋及小潭山區,Jardins do Oceano & Taipa Pequena,457,1,Taipa & Cotai
2026,4,01:00,東望洋區(松山區),Ferreira do Amaral (Guia),346,1,Macau Peninsula
2026,4,01:00,大學及北安灣區,Universidade & Baía de Pac On,264,1,Taipa & Cotai
2026,4,02:00,新橋區,Barca,1413,2,Macau Peninsula
2026,4,02:00,中區,Baixa de Macau,5919,2,Macau Peninsula
2026,4,02:00,氹仔中心區,Baixa da Taipa,4140,2,Taipa & Cotai
2026,4,02:00,台山區,Tamagnini Barbosa,1414,2,Macau Peninsula
2026,4,02:00,黑沙環新填海區,Novos Aterros da Areia Preta,1419,2,Macau Peninsula
2026,4,02:00,望廈及水塘區,Móng Há & Reservatório,767,2,Macau Peninsula
2026,4,02:00,外港及南灣湖新填海區,Novos Aterros do Porto Exterior & Aterros da Baía da Praia Grande,10570,2,Macau Peninsula
2026,4,02:00,路氹填海區,COTAI Reclamation Area,53469,2,Taipa & Cotai
2026,4,02:00,黑沙環及祐漢區,Areia Preta & Iao Hon,1601,2,Macau Peninsula
2026,4,02:00,下環區,Barra/Manduco,2695,2,Macau Peninsula
2026,4,02:00,荷蘭園區,Conselheiro Ferreira de Almeida,737,2,Macau Peninsula
2026,4,02:00,林茂塘區,Doca do Lamau,562,2,Macau Peninsula
2026,4,02:00,沙梨頭及大三巴區,Patane & São Paulo,2547,2,Macau Peninsula
2026,4,02:00,新口岸區,Zona de Aterros do Porto Exterior,11466,2,Macau Peninsula
2026,4,02:00,高士德及雅廉訪區,Horta e Costa & Ouvidor Arriaga,627,2,Macau Peninsula
2026,4,02:00,筷子基區,Fai Chi Kei,473,2,Macau Peninsula
2026,4,02:00,氹仔舊城及馬場區,Cidade & Hipódromo da Taipa,3777,2,Taipa & Cotai
2026,4,02:00,路環區,Coloane,1698,2,Coloane
2026,4,02:00,北安及大潭山區,Pac On & Taipa Grande,2639,2,Taipa & Cotai
2026,4,02:00,青洲區,Ilha Verde,371,2,Macau Peninsula
2026,4,02:00,南西灣及主教山區,Praia Grande & Penha,1091,2,Macau Peninsula
2026,4,02:00,海洋及小潭山區,Jardins do Oceano & Taipa Pequena,427,2,Taipa & Cotai
2026,4,02:00,東望洋區(松山區),Ferreira do Amaral (Guia),380,2,Macau Peninsula
2026,4,02:00,大學及北安灣區,Universidade & Baía de Pac On,268,2,Taipa & Cotai
2026,4,03:00,新橋區,Barca,1420,3,Macau Peninsula
2026,4,03:00,中區,Baixa de Macau,5676,3,Macau Peninsula
2026,4,03:00,氹仔中心區,Baixa da Taipa,4150,3,Taipa & Cotai
2026,4,03:00,台山區,Tamagnini Barbosa,1395,3,Macau Peninsula
2026,4,03:00,黑沙環新填海區,Novos Aterros da Areia Preta,1395,3,Macau Peninsula
2026,4,03:00,望廈及水塘區,Móng Há & Reservatório,738,3,Macau Peninsula
2026,4,03:00,外港及南灣湖新填海區,Novos Aterros do Porto Exterior & Aterros da Baía da Praia Grande,10076,3,Macau Peninsula
2026,4,03:00,路氹填海區,COTAI Reclamation Area,53286,3,Taipa & Cotai
2026,4,03:00,黑沙環及祐漢區,Areia Preta & Iao Hon,1656,3,Macau Peninsula
2026,4,03:00,下環區,Barra/Manduco,2698,3,Macau Peninsula
2026,4,03:00,荷蘭園區,Conselheiro Ferreira de Almeida,754,3,Macau Peninsula
2026,4,03:00,林茂塘區,Doca do Lamau,555,3,Macau Peninsula
2026,4,03:00,沙梨頭及大三巴區,Patane & São Paulo,2601,3,Macau Peninsula
2026,4,03:00,新口岸區,Zona de Aterros do Porto Exterior,11874,3,Macau Peninsula
2026,4,03:00,高士德及雅廉訪區,Horta e Costa & Ouvidor Arriaga,645,3,Macau Peninsula
2026,4,03:00,筷子基區,Fai Chi Kei,465,3,Macau Peninsula
2026,4,03:00,氹仔舊城及馬場區,Cidade & Hipódromo da Taipa,3711,3,Taipa & Cotai
2026,4,03:00,路環區,Coloane,1690,3,Coloane
2026,4,03:00,北安及大潭山區,Pac On & Taipa Grande,2605,3,Taipa & Cotai
2026,4,03:00,青洲區,Ilha Verde,370,3,Macau Peninsula
2026,4,03:00,南西灣及主教山區,Praia Grande & Penha,1144,3,Macau Peninsula
2026,4,03:00,海洋及小潭山區,Jardins do Oceano & Taipa Pequena,398,3,Taipa & Cotai
2026,4,03:00,東望洋區(松山區),Ferreira do Amaral (Guia),391,3,Macau Peninsula
2026,4,03:00,大學及北安灣區,Universidade & Baía de Pac On,270,3,Taipa & Cotai
2026,4,04:00,新橋區,Barca,1437,4,Macau Peninsula
2026,4,04:00,中區,Baixa de Macau,5439,4,Macau Peninsula
2026,4,04:00,氹仔中心區,Baixa da Taipa,4149,4,Taipa & Cotai
2026,4,04:00,台山區,Tamagnini Barbosa,1301,4,Macau Peninsula
2026,4,04:00,黑沙環新填海區,Novos Aterros da Areia Preta,1374,4,Macau Peninsula
2026,4,04:00,望廈及水塘區,Móng Há & Reservatório,712,4,Macau Peninsula
2026,4,04:00,外港及南灣湖新填海區,Novos Aterros do Porto Exterior & Aterros da Baía da Praia Grande,9620,4,Macau Peninsula
2026,4,04:00,路氹填海區,COTAI Reclamation Area,52863,4,Taipa & Cotai
2026,4,04:00,黑沙環及祐漢區,Areia Preta & Iao Hon,1756,4,Macau Peninsula
2026,4,04:00,下環區,Barra/Manduco,2708,4,Macau Peninsula
2026,4,04:00,荷蘭園區,Conselheiro Ferreira de Almeida,754,4,Macau Peninsula
2026,4,04:00,林茂塘區,Doca do Lamau,560,4,Macau Peninsula
2026,4,04:00,沙梨頭及大三巴區,Patane & São Paulo,2600,4,Macau Peninsula
2026,4,04:00,新口岸區,Zona de Aterros do Porto Exterior,12088,4,Macau Peninsula
2026,4,04:00,高士德及雅廉訪區,Horta e Costa & Ouvidor Arriaga,651,4,Macau Peninsula
2026,4,04:00,筷子基區,Fai Chi Kei,458,4,Macau Peninsula
2026,4,04:00,氹仔舊城及馬場區,Cidade & Hipódromo da Taipa,3645,4,Taipa & Cotai
2026,4,04:00,路環區,Coloane,1687,4,Coloane
2026,4,04:00,北安及大潭山區,Pac On & Taipa Grande,2480,4,Taipa & Cotai
2026,4,04:00,青洲區,Ilha Verde,369,4,Macau Peninsula
2026,4,04:00,南西灣及主教山區,Praia Grande & Penha,1165,4,Macau Peninsula
2026,4,04:00,海洋及小潭山區,Jardins do Oceano & Taipa Pequena,385,4,Taipa & Cotai
2026,4,04:00,東望洋區(松山區),Ferreira do Amaral (Guia),401,4,Macau Peninsula
2026,4,04:00,大學及北安灣區,Universidade & Baía de Pac On,270,4,Taipa & Cotai
2026,4,05:00,新橋區,Barca,1452,5,Macau Peninsula
2026,4,05:00,中區,Baixa de Macau,5270,5,Macau Peninsula
2026,4,05:00,氹仔中心區,Baixa da Taipa,4162,5,Taipa & Cotai
2026,4,05:00,台山區,Tamagnini Barbosa,1246,5,Macau Peninsula
2026,4,05:00,黑沙環新填海區,Novos Aterros da Areia Preta,1368,5,Macau Peninsula
2026,4,05:00,望廈及水塘區,Móng Há & Reservatório,711,5,Macau Peninsula
2026,4,05:00,外港及南灣湖新填海區,Novos Aterros do Porto Exterior & Aterros da Baía da Praia Grande,9238,5,Macau Peninsula
2026,4,05:00,路氹填海區,COTAI Reclamation Area,52392,5,Taipa & Cotai
2026,4,05:00,黑沙環及祐漢區,Areia Preta & Iao Hon,1842,5,Macau Peninsula
2026,4,05:00,下環區,Barra/Manduco,2703,5,Macau Peninsula
2026,4,05:00,荷蘭園區,Conselheiro Ferreira de Almeida,760,5,Macau Peninsula
2026,4,05:00,林茂塘區,Doca do Lamau,561,5,Macau Peninsula
2026,4,05:00,沙梨頭及大三巴區,Patane & São Paulo,2620,5,Macau Peninsula
2026,4,05:00,新口岸區,Zona de Aterros do Porto Exterior,12187,5,Macau Peninsula
2026,4,05:00,高士德及雅廉訪區,Horta e Costa & Ouvidor Arriaga,662,5,Macau Peninsula
2026,4,05:00,筷子基區,Fai Chi Kei,459,5,Macau Peninsula
2026,4,05:00,氹仔舊城及馬場區,Cidade & Hipódromo da Taipa,3584,5,Taipa & Cotai
2026,4,05:00,路環區,Coloane,1692,5,Coloane
2026,4,05:00,北安及大潭山區,Pac On & Taipa Grande,2413,5,Taipa & Cotai
2026,4,05:00,青洲區,Ilha Verde,376,5,Macau Peninsula
2026,4,05:00,南西灣及主教山區,Praia Grande & Penha,1184,5,Macau Peninsula
2026,4,05:00,海洋及小潭山區,Jardins do Oceano & Taipa Pequena,369,5,Taipa & Cotai
2026,4,05:00,東望洋區(松山區),Ferreira do Amaral (Guia),402,5,Macau Peninsula
2026,4,05:00,大學及北安灣區,Universidade & Baía de Pac On,279,5,Taipa & Cotai
2026,4,06:00,新橋區,Barca,1469,6,Macau Peninsula
2026,4,06:00,中區,Baixa de Macau,5154,6,Macau Peninsula
2026,4,06:00,氹仔中心區,Baixa da Taipa,4197,6,Taipa & Cotai
2026,4,06:00,台山區,Tamagnini Barbosa,1279,6,Macau Peninsula
2026,4,06:00,黑沙環新填海區,Novos Aterros da Areia Preta,1367,6,Macau Peninsula
2026,4,06:00,望廈及水塘區,Móng Há & Reservatório,720,6,Macau Peninsula
2026,4,06:00,外港及南灣湖新填海區,Novos Aterros do Porto Exterior & Aterros da Baía da Praia Grande,8951,6,Macau Peninsula
2026,4,06:00,路氹填海區,COTAI Reclamation Area,52069,6,Taipa & Cotai
2026,4,06:00,黑沙環及祐漢區,Areia Preta & Iao Hon,1878,6,Macau Peninsula
2026,4,06:00,下環區,Barra/Manduco,2715,6,Macau Peninsula
2026,4,06:00,荷蘭園區,Conselheiro Ferreira de Almeida,767,6,Macau Peninsula
2026,4,06:00,林茂塘區,Doca do Lamau,572,6,Macau Peninsula
2026,4,06:00,沙梨頭及大三巴區,Patane & São Paulo,2650,6,Macau Peninsula
2026,4,06:00,新口岸區,Zona de Aterros do Porto Exterior,12236,6,Macau Peninsula
2026,4,06:00,高士德及雅廉訪區,Horta e Costa & Ouvidor Arriaga,666,6,Macau Peninsula
2026,4,06:00,筷子基區,Fai Chi Kei,468,6,Macau Peninsula
2026,4,06:00,氹仔舊城及馬場區,Cidade & Hipódromo da Taipa,3553,6,Taipa & Cotai
2026,4,06:00,路環區,Coloane,1727,6,Coloane
2026,4,06:00,北安及大潭山區,Pac On & Taipa Grande,2413,6,Taipa & Cotai
2026,4,06:00,青洲區,Ilha Verde,384,6,Macau Peninsula
2026,4,06:00,南西灣及主教山區,Praia Grande & Penha,1200,6,Macau Peninsula
2026,4,06:00,海洋及小潭山區,Jardins do Oceano & Taipa Pequena,366,6,Taipa & Cotai
2026,4,06:00,東望洋區(松山區),Ferreira do Amaral (Guia),406,6,Macau Peninsula
2026,4,06:00,大學及北安灣區,Universidade & Baía de Pac On,286,6,Taipa & Cotai
2026,4,07:00,新橋區,Barca,1494,7,Macau Peninsula
2026,4,07:00,中區,Baixa de Macau,5143,7,Macau Peninsula
2026,4,07:00,氹仔中心區,Baixa da Taipa,4265,7,Taipa & Cotai
2026,4,07:00,台山區,Tamagnini Barbosa,1555,7,Macau Peninsula
2026,4,07:00,黑沙環新填海區,Novos Aterros da Areia Preta,1387,7,Macau Peninsula
2026,4,07:00,望廈及水塘區,Móng Há & Reservatório,760,7,Macau Peninsula
2026,4,07:00,外港及南灣湖新填海區,Novos Aterros do Porto Exterior & Aterros da Baía da Praia Grande,8840,7,Macau Peninsula
2026,4,07:00,路氹填海區,COTAI Reclamation Area,51844,7,Taipa & Cotai
2026,4,07:00,黑沙環及祐漢區,Areia Preta & Iao Hon,2136,7,Macau Peninsula
2026,4,07:00,下環區,Barra/Manduco,2820,7,Macau Peninsula
2026,4,07:00,荷蘭園區,Conselheiro Ferreira de Almeida,798,7,Macau Peninsula
2026,4,07:00,林茂塘區,Doca do Lamau,590,7,Macau Peninsula
2026,4,07:00,沙梨頭及大三巴區,Patane & São Paulo,2636,7,Macau Peninsula
2026,4,07:00,新口岸區,Zona de Aterros do Porto Exterior,12328,7,Macau Peninsula
2026,4,07:00,高士德及雅廉訪區,Horta e Costa & Ouvidor Arriaga,655,7,Macau Peninsula
2026,4,07:00,筷子基區,Fai Chi Kei,509,7,Macau Peninsula
2026,4,07:00,氹仔舊城及馬場區,Cidade & Hipódromo da Taipa,3592,7,Taipa & Cotai
2026,4,07:00,路環區,Coloane,1783,7,Coloane
2026,4,07:00,北安及大潭山區,Pac On & Taipa Grande,2548,7,Taipa & Cotai
2026,4,07:00,青洲區,Ilha Verde,390,7,Macau Peninsula
2026,4,07:00,南西灣及主教山區,Praia Grande & Penha,1154,7,Macau Peninsula
2026,4,07:00,海洋及小潭山區,Jardins do Oceano & Taipa Pequena,392,7,Taipa & Cotai
2026,4,07:00,東望洋區(松山區),Ferreira do Amaral (Guia),398,7,Macau Peninsula
2026,4,07:00,大學及北安灣區,Universidade & Baía de Pac On,292,7,Taipa & Cotai
2026,4,08:00,新橋區,Barca,1524,8,Macau Peninsula
2026,4,08:00,中區,Baixa de Macau,5222,8,Macau Peninsula
2026,4,08:00,氹仔中心區,Baixa da Taipa,4316,8,Taipa & Cotai
2026,4,08:00,台山區,Tamagnini Barbosa,1858,8,Macau Peninsula
2026,4,08:00,黑沙環新填海區,Novos Aterros da Areia Preta,1468,8,Macau Peninsula
2026,4,08:00,望廈及水塘區,Móng Há & Reservatório,845,8,Macau Peninsula
2026,4,08:00,外港及南灣湖新填海區,Novos Aterros do Porto Exterior & Aterros da Baía da Praia Grande,8890,8,Macau Peninsula
2026,4,08:00,路氹填海區,COTAI Reclamation Area,51955,8,Taipa & Cotai
2026,4,08:00,黑沙環及祐漢區,Areia Preta & Iao Hon,2619,8,Macau Peninsula
2026,4,08:00,下環區,Barra/Manduco,2818,8,Macau Peninsula
2026,4,08:00,荷蘭園區,Conselheiro Ferreira de Almeida,826,8,Macau Peninsula
2026,4,08:00,林茂塘區,Doca do Lamau,614,8,Macau Peninsula
2026,4,08:00,沙梨頭及大三巴區,Patane & São Paulo,2715,8,Macau Peninsula
2026,4,08:00,新口岸區,Zona de Aterros do Porto Exterior,12485,8,Macau Peninsula
2026,4,08:00,高士德及雅廉訪區,Horta e Costa & Ouvidor Arriaga,636,8,Macau Peninsula
2026,4,08:00,筷子基區,Fai Chi Kei,537,8,Macau Peninsula
2026,4,08:00,氹仔舊城及馬場區,Cidade & Hipódromo da Taipa,3706,8,Taipa & Cotai
2026,4,08:00,路環區,Coloane,1760,8,Coloane
2026,4,08:00,北安及大潭山區,Pac On & Taipa Grande,2636,8,Taipa & Cotai
2026,4,08:00,青洲區,Ilha Verde,452,8,Macau Peninsula
2026,4,08:00,南西灣及主教山區,Praia Grande & Penha,1170,8,Macau Peninsula
2026,4,08:00,海洋及小潭山區,Jardins do Oceano & Taipa Pequena,449,8,Taipa & Cotai
2026,4,08:00,東望洋區(松山區),Ferreira do Amaral (Guia),436,8,Macau Peninsula
2026,4,08:00,大學及北安灣區,Universidade & Baía de Pac On,305,8,Taipa & Cotai
2026,4,09:00,新橋區,Barca,1526,9,Macau Peninsula
2026,4,09:00,中區,Baixa de Macau,5496,9,Macau Peninsula
2026,4,09:00,氹仔中心區,Baixa da Taipa,4250,9,Taipa & Cotai
2026,4,09:00,台山區,Tamagnini Barbosa,2349,9,Macau Peninsula
2026,4,09:00,黑沙環新填海區,Novos Aterros da Areia Preta,1567,9,Macau Peninsula
2026,4,09:00,望廈及水塘區,Móng Há & Reservatório,1046,9,Macau Peninsula
2026,4,09:00,外港及南灣湖新填海區,Novos Aterros do Porto Exterior & Aterros da Baía da Praia Grande,9176,9,Macau Peninsula
2026,4,09:00,路氹填海區,COTAI Reclamation Area,52546,9,Taipa & Cotai
2026,4,09:00,黑沙環及祐漢區,Areia Preta & Iao Hon,3534,9,Macau Peninsula
2026,4,09:00,下環區,Barra/Manduco,2836,9,Macau Peninsula
2026,4,09:00,荷蘭園區,Conselheiro Ferreira de Almeida,1002,9,Macau Peninsula
2026,4,09:00,林茂塘區,Doca do Lamau,650,9,Macau Peninsula
2026,4,09:00,沙梨頭及大三巴區,Patane & São Paulo,2819,9,Macau Peninsula
2026,4,09:00,新口岸區,Zona de Aterros do Porto Exterior,12737,9,Macau Peninsula
2026,4,09:00,高士德及雅廉訪區,Horta e Costa & Ouvidor Arriaga,689,9,Macau Peninsula
2026,4,09:00,筷子基區,Fai Chi Kei,687,9,Macau Peninsula
2026,4,09:00,氹仔舊城及馬場區,Cidade & Hipódromo da Taipa,3840,9,Taipa & Cotai
2026,4,09:00,路環區,Coloane,1935,9,Coloane
2026,4,09:00,北安及大潭山區,Pac On & Taipa Grande,2868,9,Taipa & Cotai
2026,4,09:00,青洲區,Ilha Verde,559,9,Macau Peninsula
2026,4,09:00,南西灣及主教山區,Praia Grande & Penha,1190,9,Macau Peninsula
2026,4,09:00,海洋及小潭山區,Jardins do Oceano & Taipa Pequena,483,9,Taipa & Cotai
2026,4,09:00,東望洋區(松山區),Ferreira do Amaral (Guia),505,9,Macau Peninsula
2026,4,09:00,大學及北安灣區,Universidade & Baía de Pac On,333,9,Taipa & Cotai
2026,4,10:00,新橋區,Barca,1671,10,Macau Peninsula
2026,4,10:00,中區,Baixa de Macau,6225,10,Macau Peninsula
2026,4,10:00,氹仔中心區,Baixa da Taipa,4144,10,Taipa & Cotai
2026,4,10:00,台山區,Tamagnini Barbosa,2762,10,Macau Peninsula
2026,4,10:00,黑沙環新填海區,Novos Aterros da Areia Preta,1977,10,Macau Peninsula
2026,4,10:00,望廈及水塘區,Móng Há & Reservatório,1330,10,Macau Peninsula
2026,4,10:00,外港及南灣湖新填海區,Novos Aterros do Porto Exterior & Aterros da Baía da Praia Grande,9758,10,Macau Peninsula
2026,4,10:00,路氹填海區,COTAI Reclamation Area,53507,10,Taipa & Cotai
2026,4,10:00,黑沙環及祐漢區,Areia Preta & Iao Hon,6470,10,Macau Peninsula
2026,4,10:00,下環區,Barra/Manduco,2867,10,Macau Peninsula
2026,4,10:00,荷蘭園區,Conselheiro Ferreira de Almeida,1369,10,Macau Peninsula
2026,4,10:00,林茂塘區,Doca do Lamau,659,10,Macau Peninsula
2026,4,10:00,沙梨頭及大三巴區,Patane & São Paulo,3369,10,Macau Peninsula
2026,4,10:00,新口岸區,Zona de Aterros do Porto Exterior,12974,10,Macau Peninsula
2026,4,10:00,高士德及雅廉訪區,Horta e Costa & Ouvidor Arriaga,713,10,Macau Peninsula
2026,4,10:00,筷子基區,Fai Chi Kei,642,10,Macau Peninsula
2026,4,10:00,氹仔舊城及馬場區,Cidade & Hipódromo da Taipa,4011,10,Taipa & Cotai
2026,4,10:00,路環區,Coloane,2149,10,Coloane
2026,4,10:00,北安及大潭山區,Pac On & Taipa Grande,4212,10,Taipa & Cotai
2026,4,10:00,青洲區,Ilha Verde,553,10,Macau Peninsula
2026,4,10:00,南西灣及主教山區,Praia Grande & Penha,1157,10,Macau Peninsula
2026,4,10:00,海洋及小潭山區,Jardins do Oceano & Taipa Pequena,534,10,Taipa & Cotai
2026,4,10:00,東望洋區(松山區),Ferreira do Amaral (Guia),560,10,Macau Peninsula
2026,4,10:00,大學及北安灣區,Universidade & Baía de Pac On,462,10,Taipa & Cotai
2026,4,11:00,新橋區,Barca,1899,11,Macau Peninsula
2026,4,11:00,中區,Baixa de Macau,7932,11,Macau Peninsula
2026,4,11:00,氹仔中心區,Baixa da Taipa,3987,11,Taipa & Cotai
2026,4,11:00,台山區,Tamagnini Barbosa,3360,11,Macau Peninsula
2026,4,11:00,黑沙環新填海區,Novos Aterros da Areia Preta,2444,11,Macau Peninsula
2026,4,11:00,望廈及水塘區,Móng Há & Reservatório,1680,11,Macau Peninsula
2026,4,11:00,外港及南灣湖新填海區,Novos Aterros do Porto Exterior & Aterros da Baía da Praia Grande,10872,11,Macau Peninsula
2026,4,11:00,路氹填海區,COTAI Reclamation Area,56288,11,Taipa & Cotai
2026,4,11:00,黑沙環及祐漢區,Areia Preta & Iao Hon,9105,11,Macau Peninsula
2026,4,11:00,下環區,Barra/Manduco,2957,11,Macau Peninsula
2026,4,11:00,荷蘭園區,Conselheiro Ferreira de Almeida,1644,11,Macau Peninsula
2026,4,11:00,林茂塘區,Doca do Lamau,719,11,Macau Peninsula
2026,4,11:00,沙梨頭及大三巴區,Patane & São Paulo,4291,11,Macau Peninsula
2026,4,11:00,新口岸區,Zona de Aterros do Porto Exterior,13097,11,Macau Peninsula
2026,4,11:00,高士德及雅廉訪區,Horta e Costa & Ouvidor Arriaga,774,11,Macau Peninsula
2026,4,11:00,筷子基區,Fai Chi Kei,673,11,Macau Peninsula
2026,4,11:00,氹仔舊城及馬場區,Cidade & Hipódromo da Taipa,4357,11,Taipa & Cotai
2026,4,11:00,路環區,Coloane,2529,11,Coloane
2026,4,11:00,北安及大潭山區,Pac On & Taipa Grande,6172,11,Taipa & Cotai
2026,4,11:00,青洲區,Ilha Verde,566,11,Macau Peninsula
2026,4,11:00,南西灣及主教山區,Praia Grande & Penha,1146,11,Macau Peninsula
2026,4,11:00,海洋及小潭山區,Jardins do Oceano & Taipa Pequena,657,11,Taipa & Cotai
2026,4,11:00,東望洋區(松山區),Ferreira do Amaral (Guia),584,11,Macau Peninsula
2026,4,11:00,大學及北安灣區,Universidade & Baía de Pac On,542,11,Taipa & Cotai
2026,4,12:00,新橋區,Barca,2200,12,Macau Peninsula
2026,4,12:00,中區,Baixa de Macau,10849,12,Macau Peninsula
2026,4,12:00,氹仔中心區,Baixa da Taipa,3952,12,Taipa & Cotai
2026,4,12:00,台山區,Tamagnini Barbosa,3626,12,Macau Peninsula
2026,4,12:00,黑沙環新填海區,Novos Aterros da Areia Preta,2494,12,Macau Peninsula
2026,4,12:00,望廈及水塘區,Móng Há & Reservatório,2048,12,Macau Peninsula
2026,4,12:00,外港及南灣湖新填海區,Novos Aterros do Porto Exterior & Aterros da Baía da Praia Grande,12706,12,Macau Peninsula
2026,4,12:00,路氹填海區,COTAI Reclamation Area,60038,12,Taipa & Cotai
2026,4,12:00,黑沙環及祐漢區,Areia Preta & Iao Hon,8636,12,Macau Peninsula
2026,4,12:00,下環區,Barra/Manduco,3231,12,Macau Peninsula
2026,4,12:00,荷蘭園區,Conselheiro Ferreira de Almeida,1827,12,Macau Peninsula
2026,4,12:00,林茂塘區,Doca do Lamau,824,12,Macau Peninsula
2026,4,12:00,沙梨頭及大三巴區,Patane & São Paulo,5431,12,Macau Peninsula
2026,4,12:00,新口岸區,Zona de Aterros do Porto Exterior,12995,12,Macau Peninsula
2026,4,12:00,高士德及雅廉訪區,Horta e Costa & Ouvidor Arriaga,893,12,Macau Peninsula
2026,4,12:00,筷子基區,Fai Chi Kei,803,12,Macau Peninsula
2026,4,12:00,氹仔舊城及馬場區,Cidade & Hipódromo da Taipa,5079,12,Taipa & Cotai
2026,4,12:00,路環區,Coloane,3003,12,Coloane
2026,4,12:00,北安及大潭山區,Pac On & Taipa Grande,7632,12,Taipa & Cotai
2026,4,12:00,青洲區,Ilha Verde,597,12,Macau Peninsula
2026,4,12:00,南西灣及主教山區,Praia Grande & Penha,1171,12,Macau Peninsula
2026,4,12:00,海洋及小潭山區,Jardins do Oceano & Taipa Pequena,800,12,Taipa & Cotai
2026,4,12:00,東望洋區(松山區),Ferreira do Amaral (Guia),594,12,Macau Peninsula
2026,4,12:00,大學及北安灣區,Universidade & Baía de Pac On,605,12,Taipa & Cotai
2026,4,13:00,新橋區,Barca,2316,13,Macau Peninsula
2026,4,13:00,中區,Baixa de Macau,13817,13,Macau Peninsula
2026,4,13:00,氹仔中心區,Baixa da Taipa,4181,13,Taipa & Cotai
2026,4,13:00,台山區,Tamagnini Barbosa,3472,13,Macau Peninsula
2026,4,13:00,黑沙環新填海區,Novos Aterros da Areia Preta,2310,13,Macau Peninsula
2026,4,13:00,望廈及水塘區,Móng Há & Reservatório,2165,13,Macau Peninsula
2026,4,13:00,外港及南灣湖新填海區,Novos Aterros do Porto Exterior & Aterros da Baía da Praia Grande,15300,13,Macau Peninsula
2026,4,13:00,路氹填海區,COTAI Reclamation Area,62878,13,Taipa & Cotai
2026,4,13:00,黑沙環及祐漢區,Areia Preta & Iao Hon,7712,13,Macau Peninsula
2026,4,13:00,下環區,Barra/Manduco,3437,13,Macau Peninsula
2026,4,13:00,荷蘭園區,Conselheiro Ferreira de Almeida,1689,13,Macau Peninsula
2026,4,13:00,林茂塘區,Doca do Lamau,967,13,Macau Peninsula
2026,4,13:00,沙梨頭及大三巴區,Patane & São Paulo,5881,13,Macau Peninsula
2026,4,13:00,新口岸區,Zona de Aterros do Porto Exterior,13550,13,Macau Peninsula
2026,4,13:00,高士德及雅廉訪區,Horta e Costa & Ouvidor Arriaga,998,13,Macau Peninsula
2026,4,13:00,筷子基區,Fai Chi Kei,1033,13,Macau Peninsula
2026,4,13:00,氹仔舊城及馬場區,Cidade & Hipódromo da Taipa,6698,13,Taipa & Cotai
2026,4,13:00,路環區,Coloane,3370,13,Coloane
2026,4,13:00,北安及大潭山區,Pac On & Taipa Grande,8120,13,Taipa & Cotai
2026,4,13:00,青洲區,Ilha Verde,675,13,Macau Peninsula
2026,4,13:00,南西灣及主教山區,Praia Grande & Penha,1213,13,Macau Peninsula
2026,4,13:00,海洋及小潭山區,Jardins do Oceano & Taipa Pequena,887,13,Taipa & Cotai
2026,4,13:00,東望洋區(松山區),Ferreira do Amaral (Guia),502,13,Macau Peninsula
2026,4,13:00,大學及北安灣區,Universidade & Baía de Pac On,658,13,Taipa & Cotai
2026,4,14:00,新橋區,Barca,2422,14,Macau Peninsula
2026,4,14:00,中區,Baixa de Macau,16384,14,Macau Peninsula
2026,4,14:00,氹仔中心區,Baixa da Taipa,4397,14,Taipa & Cotai
2026,4,14:00,台山區,Tamagnini Barbosa,3154,14,Macau Peninsula
2026,4,14:00,黑沙環新填海區,Novos Aterros da Areia Preta,2044,14,Macau Peninsula
2026,4,14:00,望廈及水塘區,Móng Há & Reservatório,1980,14,Macau Peninsula
2026,4,14:00,外港及南灣湖新填海區,Novos Aterros do Porto Exterior & Aterros da Baía da Praia Grande,16874,14,Macau Peninsula
2026,4,14:00,路氹填海區,COTAI Reclamation Area,64841,14,Taipa & Cotai
2026,4,14:00,黑沙環及祐漢區,Areia Preta & Iao Hon,7109,14,Macau Peninsula
2026,4,14:00,下環區,Barra/Manduco,3558,14,Macau Peninsula
2026,4,14:00,荷蘭園區,Conselheiro Ferreira de Almeida,1814,14,Macau Peninsula
2026,4,14:00,林茂塘區,Doca do Lamau,1039,14,Macau Peninsula
2026,4,14:00,沙梨頭及大三巴區,Patane & São Paulo,6432,14,Macau Peninsula
2026,4,14:00,新口岸區,Zona de Aterros do Porto Exterior,13778,14,Macau Peninsula
2026,4,14:00,高士德及雅廉訪區,Horta e Costa & Ouvidor Arriaga,1059,14,Macau Peninsula
2026,4,14:00,筷子基區,Fai Chi Kei,1081,14,Macau Peninsula
2026,4,14:00,氹仔舊城及馬場區,Cidade & Hipódromo da Taipa,8515,14,Taipa & Cotai
2026,4,14:00,路環區,Coloane,3372,14,Coloane
2026,4,14:00,北安及大潭山區,Pac On & Taipa Grande,7964,14,Taipa & Cotai
2026,4,14:00,青洲區,Ilha Verde,677,14,Macau Peninsula
2026,4,14:00,南西灣及主教山區,Praia Grande & Penha,1130,14,Macau Peninsula
2026,4,14:00,海洋及小潭山區,Jardins do Oceano & Taipa Pequena,937,14,Taipa & Cotai
2026,4,14:00,東望洋區(松山區),Ferreira do Amaral (Guia),510,14,Macau Peninsula
2026,4,14:00,大學及北安灣區,Universidade & Baía de Pac On,633,14,Taipa & Cotai
2026,4,15:00,新橋區,Barca,2449,15,Macau Peninsula
2026,4,15:00,中區,Baixa de Macau,17566,15,Macau Peninsula
2026,4,15:00,氹仔中心區,Baixa da Taipa,4394,15,Taipa & Cotai
2026,4,15:00,台山區,Tamagnini Barbosa,3059,15,Macau Peninsula
2026,4,15:00,黑沙環新填海區,Novos Aterros da Areia Preta,1984,15,Macau Peninsula
2026,4,15:00,望廈及水塘區,Móng Há & Reservatório,1869,15,Macau Peninsula
2026,4,15:00,外港及南灣湖新填海區,Novos Aterros do Porto Exterior & Aterros da Baía da Praia Grande,18728,15,Macau Peninsula
2026,4,15:00,路氹填海區,COTAI Reclamation Area,68756,15,Taipa & Cotai
2026,4,15:00,黑沙環及祐漢區,Areia Preta & Iao Hon,6467,15,Macau Peninsula
2026,4,15:00,下環區,Barra/Manduco,3587,15,Macau Peninsula
2026,4,15:00,荷蘭園區,Conselheiro Ferreira de Almeida,1864,15,Macau Peninsula
2026,4,15:00,林茂塘區,Doca do Lamau,878,15,Macau Peninsula
2026,4,15:00,沙梨頭及大三巴區,Patane & São Paulo,6751,15,Macau Peninsula
2026,4,15:00,新口岸區,Zona de Aterros do Porto Exterior,12132,15,Macau Peninsula
2026,4,15:00,高士德及雅廉訪區,Horta e Costa & Ouvidor Arriaga,1011,15,Macau Peninsula
2026,4,15:00,筷子基區,Fai Chi Kei,868,15,Macau Peninsula
2026,4,15:00,氹仔舊城及馬場區,Cidade & Hipódromo da Taipa,9331,15,Taipa & Cotai
2026,4,15:00,路環區,Coloane,3532,15,Coloane
2026,4,15:00,北安及大潭山區,Pac On & Taipa Grande,7257,15,Taipa & Cotai
2026,4,15:00,青洲區,Ilha Verde,593,15,Macau Peninsula
2026,4,15:00,南西灣及主教山區,Praia Grande & Penha,1168,15,Macau Peninsula
2026,4,15:00,海洋及小潭山區,Jardins do Oceano & Taipa Pequena,980,15,Taipa & Cotai
2026,4,15:00,東望洋區(松山區),Ferreira do Amaral (Guia),538,15,Macau Peninsula
2026,4,15:00,大學及北安灣區,Universidade & Baía de Pac On,632,15,Taipa & Cotai
2026,4,16:00,新橋區,Barca,2387,16,Macau Peninsula
2026,4,16:00,中區,Baixa de Macau,17459,16,Macau Peninsula
2026,4,16:00,氹仔中心區,Baixa da Taipa,4189,16,Taipa & Cotai
2026,4,16:00,台山區,Tamagnini Barbosa,2968,16,Macau Peninsula
2026,4,16:00,黑沙環新填海區,Novos Aterros da Areia Preta,1867,16,Macau Peninsula
2026,4,16:00,望廈及水塘區,Móng Há & Reservatório,1665,16,Macau Peninsula
2026,4,16:00,外港及南灣湖新填海區,Novos Aterros do Porto Exterior & Aterros da Baía da Praia Grande,18742,16,Macau Peninsula
2026,4,16:00,路氹填海區,COTAI Reclamation Area,73306,16,Taipa & Cotai
2026,4,16:00,黑沙環及祐漢區,Areia Preta & Iao Hon,6072,16,Macau Peninsula
2026,4,16:00,下環區,Barra/Manduco,3368,16,Macau Peninsula
2026,4,16:00,荷蘭園區,Conselheiro Ferreira de Almeida,1827,16,Macau Peninsula
2026,4,16:00,林茂塘區,Doca do Lamau,802,16,Macau Peninsula
2026,4,16:00,沙梨頭及大三巴區,Patane & São Paulo,6551,16,Macau Peninsula
2026,4,16:00,新口岸區,Zona de Aterros do Porto Exterior,11743,16,Macau Peninsula
2026,4,16:00,高士德及雅廉訪區,Horta e Costa & Ouvidor Arriaga,925,16,Macau Peninsula
2026,4,16:00,筷子基區,Fai Chi Kei,715,16,Macau Peninsula
2026,4,16:00,氹仔舊城及馬場區,Cidade & Hipódromo da Taipa,8970,16,Taipa & Cotai
2026,4,16:00,路環區,Coloane,3593,16,Coloane
2026,4,16:00,北安及大潭山區,Pac On & Taipa Grande,7505,16,Taipa & Cotai
2026,4,16:00,青洲區,Ilha Verde,545,16,Macau Peninsula
2026,4,16:00,南西灣及主教山區,Praia Grande & Penha,1200,16,Macau Peninsula
2026,4,16:00,海洋及小潭山區,Jardins do Oceano & Taipa Pequena,991,16,Taipa & Cotai
2026,4,16:00,東望洋區(松山區),Ferreira do Amaral (Guia),534,16,Macau Peninsula
2026,4,16:00,大學及北安灣區,Universidade & Baía de Pac On,593,16,Taipa & Cotai
2026,4,17:00,新橋區,Barca,2234,17,Macau Peninsula
2026,4,17:00,中區,Baixa de Macau,16219,17,Macau Peninsula
2026,4,17:00,氹仔中心區,Baixa da Taipa,4013,17,Taipa & Cotai
2026,4,17:00,台山區,Tamagnini Barbosa,2983,17,Macau Peninsula
2026,4,17:00,黑沙環新填海區,Novos Aterros da Areia Preta,1840,17,Macau Peninsula
2026,4,17:00,望廈及水塘區,Móng Há & Reservatório,1486,17,Macau Peninsula
2026,4,17:00,外港及南灣湖新填海區,Novos Aterros do Porto Exterior & Aterros da Baía da Praia Grande,18350,17,Macau Peninsula
2026,4,17:00,路氹填海區,COTAI Reclamation Area,76190,17,Taipa & Cotai
2026,4,17:00,黑沙環及祐漢區,Areia Preta & Iao Hon,5723,17,Macau Peninsula
2026,4,17:00,下環區,Barra/Manduco,3116,17,Macau Peninsula
2026,4,17:00,荷蘭園區,Conselheiro Ferreira de Almeida,1644,17,Macau Peninsula
2026,4,17:00,林茂塘區,Doca do Lamau,832,17,Macau Peninsula
2026,4,17:00,沙梨頭及大三巴區,Patane & São Paulo,5863,17,Macau Peninsula
2026,4,17:00,新口岸區,Zona de Aterros do Porto Exterior,11726,17,Macau Peninsula
2026,4,17:00,高士德及雅廉訪區,Horta e Costa & Ouvidor Arriaga,882,17,Macau Peninsula
2026,4,17:00,筷子基區,Fai Chi Kei,689,17,Macau Peninsula
2026,4,17:00,氹仔舊城及馬場區,Cidade & Hipódromo da Taipa,8155,17,Taipa & Cotai
2026,4,17:00,路環區,Coloane,3348,17,Coloane
2026,4,17:00,北安及大潭山區,Pac On & Taipa Grande,8047,17,Taipa & Cotai
2026,4,17:00,青洲區,Ilha Verde,530,17,Macau Peninsula
2026,4,17:00,南西灣及主教山區,Praia Grande & Penha,1190,17,Macau Peninsula
2026,4,17:00,海洋及小潭山區,Jardins do Oceano & Taipa Pequena,920,17,Taipa & Cotai
2026,4,17:00,東望洋區(松山區),Ferreira do Amaral (Guia),516,17,Macau Peninsula
2026,4,17:00,大學及北安灣區,Universidade & Baía de Pac On,587,17,Taipa & Cotai
2026,4,18:00,新橋區,Barca,2014,18,Macau Peninsula
2026,4,18:00,中區,Baixa de Macau,14354,18,Macau Peninsula
2026,4,18:00,氹仔中心區,Baixa da Taipa,3959,18,Taipa & Cotai
2026,4,18:00,台山區,Tamagnini Barbosa,3075,18,Macau Peninsula
2026,4,18:00,黑沙環新填海區,Novos Aterros da Areia Preta,1941,18,Macau Peninsula
2026,4,18:00,望廈及水塘區,Móng Há & Reservatório,1430,18,Macau Peninsula
2026,4,18:00,外港及南灣湖新填海區,Novos Aterros do Porto Exterior & Aterros da Baía da Praia Grande,17306,18,Macau Peninsula
2026,4,18:00,路氹填海區,COTAI Reclamation Area,76172,18,Taipa & Cotai
2026,4,18:00,黑沙環及祐漢區,Areia Preta & Iao Hon,5531,18,Macau Peninsula
2026,4,18:00,下環區,Barra/Manduco,2998,18,Macau Peninsula
2026,4,18:00,荷蘭園區,Conselheiro Ferreira de Almeida,1457,18,Macau Peninsula
2026,4,18:00,林茂塘區,Doca do Lamau,840,18,Macau Peninsula
2026,4,18:00,沙梨頭及大三巴區,Patane & São Paulo,4923,18,Macau Peninsula
2026,4,18:00,新口岸區,Zona de Aterros do Porto Exterior,11462,18,Macau Peninsula
2026,4,18:00,高士德及雅廉訪區,Horta e Costa & Ouvidor Arriaga,861,18,Macau Peninsula
2026,4,18:00,筷子基區,Fai Chi Kei,733,18,Macau Peninsula
2026,4,18:00,氹仔舊城及馬場區,Cidade & Hipódromo da Taipa,7424,18,Taipa & Cotai
2026,4,18:00,路環區,Coloane,2928,18,Coloane
2026,4,18:00,北安及大潭山區,Pac On & Taipa Grande,8084,18,Taipa & Cotai
2026,4,18:00,青洲區,Ilha Verde,570,18,Macau Peninsula
2026,4,18:00,南西灣及主教山區,Praia Grande & Penha,1152,18,Macau Peninsula
2026,4,18:00,海洋及小潭山區,Jardins do Oceano & Taipa Pequena,887,18,Taipa & Cotai
2026,4,18:00,東望洋區(松山區),Ferreira do Amaral (Guia),437,18,Macau Peninsula
2026,4,18:00,大學及北安灣區,Universidade & Baía de Pac On,527,18,Taipa & Cotai
2026,4,19:00,新橋區,Barca,1818,19,Macau Peninsula
2026,4,19:00,中區,Baixa de Macau,12400,19,Macau Peninsula
2026,4,19:00,氹仔中心區,Baixa da Taipa,4196,19,Taipa & Cotai
2026,4,19:00,台山區,Tamagnini Barbosa,3063,19,Macau Peninsula
2026,4,19:00,黑沙環新填海區,Novos Aterros da Areia Preta,2028,19,Macau Peninsula
2026,4,19:00,望廈及水塘區,Móng Há & Reservatório,1395,19,Macau Peninsula
2026,4,19:00,外港及南灣湖新填海區,Novos Aterros do Porto Exterior & Aterros da Baía da Praia Grande,16000,19,Macau Peninsula
2026,4,19:00,路氹填海區,COTAI Reclamation Area,74507,19,Taipa & Cotai
2026,4,19:00,黑沙環及祐漢區,Areia Preta & Iao Hon,5601,19,Macau Peninsula
2026,4,19:00,下環區,Barra/Manduco,3089,19,Macau Peninsula
2026,4,19:00,荷蘭園區,Conselheiro Ferreira de Almeida,1319,19,Macau Peninsula
2026,4,19:00,林茂塘區,Doca do Lamau,871,19,Macau Peninsula
2026,4,19:00,沙梨頭及大三巴區,Patane & São Paulo,4116,19,Macau Peninsula
2026,4,19:00,新口岸區,Zona de Aterros do Porto Exterior,11467,19,Macau Peninsula
2026,4,19:00,高士德及雅廉訪區,Horta e Costa & Ouvidor Arriaga,836,19,Macau Peninsula
2026,4,19:00,筷子基區,Fai Chi Kei,767,19,Macau Peninsula
2026,4,19:00,氹仔舊城及馬場區,Cidade & Hipódromo da Taipa,7564,19,Taipa & Cotai
2026,4,19:00,路環區,Coloane,2673,19,Coloane
2026,4,19:00,北安及大潭山區,Pac On & Taipa Grande,7756,19,Taipa & Cotai
2026,4,19:00,青洲區,Ilha Verde,603,19,Macau Peninsula
2026,4,19:00,南西灣及主教山區,Praia Grande & Penha,1073,19,Macau Peninsula
2026,4,19:00,海洋及小潭山區,Jardins do Oceano & Taipa Pequena,854,19,Taipa & Cotai
2026,4,19:00,東望洋區(松山區),Ferreira do Amaral (Guia),393,19,Macau Peninsula
2026,4,19:00,大學及北安灣區,Universidade & Baía de Pac On,458,19,Taipa & Cotai
2026,4,20:00,新橋區,Barca,1680,20,Macau Peninsula
2026,4,20:00,中區,Baixa de Macau,10713,20,Macau Peninsula
2026,4,20:00,氹仔中心區,Baixa da Taipa,4733,20,Taipa & Cotai
2026,4,20:00,台山區,Tamagnini Barbosa,2887,20,Macau Peninsula
2026,4,20:00,黑沙環新填海區,Novos Aterros da Areia Preta,2094,20,Macau Peninsula
2026,4,20:00,望廈及水塘區,Móng Há & Reservatório,1389,20,Macau Peninsula
2026,4,20:00,外港及南灣湖新填海區,Novos Aterros do Porto Exterior & Aterros da Baía da Praia Grande,14801,20,Macau Peninsula
2026,4,20:00,路氹填海區,COTAI Reclamation Area,69850,20,Taipa & Cotai
2026,4,20:00,黑沙環及祐漢區,Areia Preta & Iao Hon,5206,20,Macau Peninsula
2026,4,20:00,下環區,Barra/Manduco,3303,20,Macau Peninsula
2026,4,20:00,荷蘭園區,Conselheiro Ferreira de Almeida,1190,20,Macau Peninsula
2026,4,20:00,林茂塘區,Doca do Lamau,849,20,Macau Peninsula
2026,4,20:00,沙梨頭及大三巴區,Patane & São Paulo,3415,20,Macau Peninsula
2026,4,20:00,新口岸區,Zona de Aterros do Porto Exterior,11696,20,Macau Peninsula
2026,4,20:00,高士德及雅廉訪區,Horta e Costa & Ouvidor Arriaga,826,20,Macau Peninsula
2026,4,20:00,筷子基區,Fai Chi Kei,778,20,Macau Peninsula
2026,4,20:00,氹仔舊城及馬場區,Cidade & Hipódromo da Taipa,8247,20,Taipa & Cotai
2026,4,20:00,路環區,Coloane,2454,20,Coloane
2026,4,20:00,北安及大潭山區,Pac On & Taipa Grande,7726,20,Taipa & Cotai
2026,4,20:00,青洲區,Ilha Verde,549,20,Macau Peninsula
2026,4,20:00,南西灣及主教山區,Praia Grande & Penha,1013,20,Macau Peninsula
2026,4,20:00,海洋及小潭山區,Jardins do Oceano & Taipa Pequena,846,20,Taipa & Cotai
2026,4,20:00,東望洋區(松山區),Ferreira do Amaral (Guia),369,20,Macau Peninsula
2026,4,20:00,大學及北安灣區,Universidade & Baía de Pac On,395,20,Taipa & Cotai
2026,4,21:00,新橋區,Barca,1627,21,Macau Peninsula
2026,4,21:00,中區,Baixa de Macau,9467,21,Macau Peninsula
2026,4,21:00,氹仔中心區,Baixa da Taipa,4899,21,Taipa & Cotai
2026,4,21:00,台山區,Tamagnini Barbosa,2696,21,Macau Peninsula
2026,4,21:00,黑沙環新填海區,Novos Aterros da Areia Preta,2056,21,Macau Peninsula
2026,4,21:00,望廈及水塘區,Móng Há & Reservatório,1292,21,Macau Peninsula
2026,4,21:00,外港及南灣湖新填海區,Novos Aterros do Porto Exterior & Aterros da Baía da Praia Grande,14215,21,Macau Peninsula
2026,4,21:00,路氹填海區,COTAI Reclamation Area,65768,21,Taipa & Cotai
2026,4,21:00,黑沙環及祐漢區,Areia Preta & Iao Hon,5108,21,Macau Peninsula
2026,4,21:00,下環區,Barra/Manduco,3294,21,Macau Peninsula
2026,4,21:00,荷蘭園區,Conselheiro Ferreira de Almeida,1075,21,Macau Peninsula
2026,4,21:00,林茂塘區,Doca do Lamau,834,21,Macau Peninsula
2026,4,21:00,沙梨頭及大三巴區,Patane & São Paulo,2937,21,Macau Peninsula
2026,4,21:00,新口岸區,Zona de Aterros do Porto Exterior,11171,21,Macau Peninsula
2026,4,21:00,高士德及雅廉訪區,Horta e Costa & Ouvidor Arriaga,803,21,Macau Peninsula
2026,4,21:00,筷子基區,Fai Chi Kei,772,21,Macau Peninsula
2026,4,21:00,氹仔舊城及馬場區,Cidade & Hipódromo da Taipa,7654,21,Taipa & Cotai
2026,4,21:00,路環區,Coloane,2299,21,Coloane
2026,4,21:00,北安及大潭山區,Pac On & Taipa Grande,6726,21,Taipa & Cotai
2026,4,21:00,青洲區,Ilha Verde,542,21,Macau Peninsula
2026,4,21:00,南西灣及主教山區,Praia Grande & Penha,867,21,Macau Peninsula
2026,4,21:00,海洋及小潭山區,Jardins do Oceano & Taipa Pequena,761,21,Taipa & Cotai
2026,4,21:00,東望洋區(松山區),Ferreira do Amaral (Guia),329,21,Macau Peninsula
2026,4,21:00,大學及北安灣區,Universidade & Baía de Pac On,376,21,Taipa & Cotai
2026,4,22:00,新橋區,Barca,1552,22,Macau Peninsula
2026,4,22:00,中區,Baixa de Macau,8467,22,Macau Peninsula
2026,4,22:00,氹仔中心區,Baixa da Taipa,4536,22,Taipa & Cotai
2026,4,22:00,台山區,Tamagnini Barbosa,2402,22,Macau Peninsula
2026,4,22:00,黑沙環新填海區,Novos Aterros da Areia Preta,1941,22,Macau Peninsula
2026,4,22:00,望廈及水塘區,Móng Há & Reservatório,1174,22,Macau Peninsula
2026,4,22:00,外港及南灣湖新填海區,Novos Aterros do Porto Exterior & Aterros da Baía da Praia Grande,13741,22,Macau Peninsula
2026,4,22:00,路氹填海區,COTAI Reclamation Area,63776,22,Taipa & Cotai
2026,4,22:00,黑沙環及祐漢區,Areia Preta & Iao Hon,4325,22,Macau Peninsula
2026,4,22:00,下環區,Barra/Manduco,3022,22,Macau Peninsula
2026,4,22:00,荷蘭園區,Conselheiro Ferreira de Almeida,999,22,Macau Peninsula
2026,4,22:00,林茂塘區,Doca do Lamau,761,22,Macau Peninsula
2026,4,22:00,沙梨頭及大三巴區,Patane & São Paulo,2680,22,Macau Peninsula
2026,4,22:00,新口岸區,Zona de Aterros do Porto Exterior,10906,22,Macau Peninsula
2026,4,22:00,高士德及雅廉訪區,Horta e Costa & Ouvidor Arriaga,755,22,Macau Peninsula
2026,4,22:00,筷子基區,Fai Chi Kei,712,22,Macau Peninsula
2026,4,22:00,氹仔舊城及馬場區,Cidade & Hipódromo da Taipa,6026,22,Taipa & Cotai
2026,4,22:00,路環區,Coloane,2153,22,Coloane
2026,4,22:00,北安及大潭山區,Pac On & Taipa Grande,5536,22,Taipa & Cotai
2026,4,22:00,青洲區,Ilha Verde,518,22,Macau Peninsula
2026,4,22:00,南西灣及主教山區,Praia Grande & Penha,861,22,Macau Peninsula
2026,4,22:00,海洋及小潭山區,Jardins do Oceano & Taipa Pequena,711,22,Taipa & Cotai
2026,4,22:00,東望洋區(松山區),Ferreira do Amaral (Guia),331,22,Macau Peninsula
2026,4,22:00,大學及北安灣區,Universidade & Baía de Pac On,343,22,Taipa & Cotai
2026,4,23:00,新橋區,Barca,1540,23,Macau Peninsula
2026,4,23:00,中區,Baixa de Macau,7503,23,Macau Peninsula
2026,4,23:00,氹仔中心區,Baixa da Taipa,4376,23,Taipa & Cotai
2026,4,23:00,台山區,Tamagnini Barbosa,2056,23,Macau Peninsula
2026,4,23:00,黑沙環新填海區,Novos Aterros da Areia Preta,1808,23,Macau Peninsula
2026,4,23:00,望廈及水塘區,Móng Há & Reservatório,1075,23,Macau Peninsula
2026,4,23:00,外港及南灣湖新填海區,Novos Aterros do Porto Exterior & Aterros da Baía da Praia Grande,13028,23,Macau Peninsula
2026,4,23:00,路氹填海區,COTAI Reclamation Area,60729,23,Taipa & Cotai
2026,4,23:00,黑沙環及祐漢區,Areia Preta & Iao Hon,3381,23,Macau Peninsula
2026,4,23:00,下環區,Barra/Manduco,2827,23,Macau Peninsula
2026,4,23:00,荷蘭園區,Conselheiro Ferreira de Almeida,959,23,Macau Peninsula
2026,4,23:00,林茂塘區,Doca do Lamau,726,23,Macau Peninsula
2026,4,23:00,沙梨頭及大三巴區,Patane & São Paulo,2632,23,Macau Peninsula
2026,4,23:00,新口岸區,Zona de Aterros do Porto Exterior,10862,23,Macau Peninsula
2026,4,23:00,高士德及雅廉訪區,Horta e Costa & Ouvidor Arriaga,707,23,Macau Peninsula
2026,4,23:00,筷子基區,Fai Chi Kei,634,23,Macau Peninsula
2026,4,23:00,氹仔舊城及馬場區,Cidade & Hipódromo da Taipa,4813,23,Taipa & Cotai
2026,4,23:00,路環區,Coloane,2042,23,Coloane
2026,4,23:00,北安及大潭山區,Pac On & Taipa Grande,4217,23,Taipa & Cotai
2026,4,23:00,青洲區,Ilha Verde,493,23,Macau Peninsula
2026,4,23:00,南西灣及主教山區,Praia Grande & Penha,954,23,Macau Peninsula
2026,4,23:00,海洋及小潭山區,Jardins do Oceano & Taipa Pequena,674,23,Taipa & Cotai
2026,4,23:00,東望洋區(松山區),Ferreira do Amaral (Guia),347,23,Macau Peninsula
2026,4,23:00,大學及北安灣區,Universidade & Baía de Pac On,294,23,Taipa & Cotai
2026,3,00:00,新橋區,Barca,1404,0,Macau Peninsula
2026,3,00:00,中區,Baixa de Macau,6988,0,Macau Peninsula
2026,3,00:00,氹仔中心區,Baixa da Taipa,4414,0,Taipa & Cotai
2026,3,00:00,台山區,Tamagnini Barbosa,1902,0,Macau Peninsula
2026,3,00:00,黑沙環新填海區,Novos Aterros da Areia Preta,1752,0,Macau Peninsula
2026,3,00:00,望廈及水塘區,Móng Há & Reservatório,1044,0,Macau Peninsula
2026,3,00:00,外港及南灣湖新填海區,Novos Aterros do Porto Exterior & Aterros da Baía da Praia Grande,12933,0,Macau Peninsula
2026,3,00:00,路氹填海區,COTAI Reclamation Area,58466,0,Taipa & Cotai
2026,3,00:00,黑沙環及祐漢區,Areia Preta & Iao Hon,2693,0,Macau Peninsula
2026,3,00:00,下環區,Barra/Manduco,2545,0,Macau Peninsula
2026,3,00:00,荷蘭園區,Conselheiro Ferreira de Almeida,808,0,Macau Peninsula
2026,3,00:00,林茂塘區,Doca do Lamau,669,0,Macau Peninsula
2026,3,00:00,沙梨頭及大三巴區,Patane & São Paulo,2569,0,Macau Peninsula
2026,3,00:00,新口岸區,Zona de Aterros do Porto Exterior,11605,0,Macau Peninsula
2026,3,00:00,高士德及雅廉訪區,Horta e Costa & Ouvidor Arriaga,690,0,Macau Peninsula
2026,3,00:00,筷子基區,Fai Chi Kei,610,0,Macau Peninsula
2026,3,00:00,氹仔舊城及馬場區,Cidade & Hipódromo da Taipa,3850,0,Taipa & Cotai
2026,3,00:00,路環區,Coloane,1937,0,Coloane
2026,3,00:00,北安及大潭山區,Pac On & Taipa Grande,3398,0,Taipa & Cotai
2026,3,00:00,青洲區,Ilha Verde,466,0,Macau Peninsula
2026,3,00:00,南西灣及主教山區,Praia Grande & Penha,987,0,Macau Peninsula
2026,3,00:00,海洋及小潭山區,Jardins do Oceano & Taipa Pequena,550,0,Taipa & Cotai
2026,3,00:00,東望洋區(松山區),Ferreira do Amaral (Guia),353,0,Macau Peninsula
2026,3,00:00,大學及北安灣區,Universidade & Baía de Pac On,423,0,Taipa & Cotai
2026,3,01:00,新橋區,Barca,1220,1,Macau Peninsula
2026,3,01:00,中區,Baixa de Macau,6319,1,Macau Peninsula
2026,3,01:00,氹仔中心區,Baixa da Taipa,4152,1,Taipa & Cotai
2026,3,01:00,台山區,Tamagnini Barbosa,1630,1,Macau Peninsula
2026,3,01:00,黑沙環新填海區,Novos Aterros da Areia Preta,1453,1,Macau Peninsula
2026,3,01:00,望廈及水塘區,Móng Há & Reservatório,839,1,Macau Peninsula
2026,3,01:00,外港及南灣湖新填海區,Novos Aterros do Porto Exterior & Aterros da Baía da Praia Grande,11831,1,Macau Peninsula
2026,3,01:00,路氹填海區,COTAI Reclamation Area,55150,1,Taipa & Cotai
2026,3,01:00,黑沙環及祐漢區,Areia Preta & Iao Hon,2003,1,Macau Peninsula
2026,3,01:00,下環區,Barra/Manduco,2423,1,Macau Peninsula
2026,3,01:00,荷蘭園區,Conselheiro Ferreira de Almeida,717,1,Macau Peninsula
2026,3,01:00,林茂塘區,Doca do Lamau,534,1,Macau Peninsula
2026,3,01:00,沙梨頭及大三巴區,Patane & São Paulo,2483,1,Macau Peninsula
2026,3,01:00,新口岸區,Zona de Aterros do Porto Exterior,11668,1,Macau Peninsula
2026,3,01:00,高士德及雅廉訪區,Horta e Costa & Ouvidor Arriaga,611,1,Macau Peninsula
2026,3,01:00,筷子基區,Fai Chi Kei,496,1,Macau Peninsula
2026,3,01:00,氹仔舊城及馬場區,Cidade & Hipódromo da Taipa,3515,1,Taipa & Cotai
2026,3,01:00,路環區,Coloane,1769,1,Coloane
2026,3,01:00,北安及大潭山區,Pac On & Taipa Grande,2940,1,Taipa & Cotai
2026,3,01:00,青洲區,Ilha Verde,375,1,Macau Peninsula
2026,3,01:00,南西灣及主教山區,Praia Grande & Penha,980,1,Macau Peninsula
2026,3,01:00,海洋及小潭山區,Jardins do Oceano & Taipa Pequena,430,1,Taipa & Cotai
2026,3,01:00,東望洋區(松山區),Ferreira do Amaral (Guia),330,1,Macau Peninsula
2026,3,01:00,大學及北安灣區,Universidade & Baía de Pac On,375,1,Taipa & Cotai
2026,3,02:00,新橋區,Barca,1247,2,Macau Peninsula
2026,3,02:00,中區,Baixa de Macau,6142,2,Macau Peninsula
2026,3,02:00,氹仔中心區,Baixa da Taipa,4212,2,Taipa & Cotai
2026,3,02:00,台山區,Tamagnini Barbosa,1558,2,Macau Peninsula
2026,3,02:00,黑沙環新填海區,Novos Aterros da Areia Preta,1445,2,Macau Peninsula
2026,3,02:00,望廈及水塘區,Móng Há & Reservatório,798,2,Macau Peninsula
2026,3,02:00,外港及南灣湖新填海區,Novos Aterros do Porto Exterior & Aterros da Baía da Praia Grande,11282,2,Macau Peninsula
2026,3,02:00,路氹填海區,COTAI Reclamation Area,54810,2,Taipa & Cotai
2026,3,02:00,黑沙環及祐漢區,Areia Preta & Iao Hon,1893,2,Macau Peninsula
2026,3,02:00,下環區,Barra/Manduco,2441,2,Macau Peninsula
2026,3,02:00,荷蘭園區,Conselheiro Ferreira de Almeida,666,2,Macau Peninsula
2026,3,02:00,林茂塘區,Doca do Lamau,526,2,Macau Peninsula
2026,3,02:00,沙梨頭及大三巴區,Patane & São Paulo,2541,2,Macau Peninsula
2026,3,02:00,新口岸區,Zona de Aterros do Porto Exterior,12142,2,Macau Peninsula
2026,3,02:00,高士德及雅廉訪區,Horta e Costa & Ouvidor Arriaga,640,2,Macau Peninsula
2026,3,02:00,筷子基區,Fai Chi Kei,486,2,Macau Peninsula
2026,3,02:00,氹仔舊城及馬場區,Cidade & Hipódromo da Taipa,3437,2,Taipa & Cotai
2026,3,02:00,路環區,Coloane,1744,2,Coloane
2026,3,02:00,北安及大潭山區,Pac On & Taipa Grande,2803,2,Taipa & Cotai
2026,3,02:00,青洲區,Ilha Verde,383,2,Macau Peninsula
2026,3,02:00,南西灣及主教山區,Praia Grande & Penha,1040,2,Macau Peninsula
2026,3,02:00,海洋及小潭山區,Jardins do Oceano & Taipa Pequena,390,2,Taipa & Cotai
2026,3,02:00,東望洋區(松山區),Ferreira do Amaral (Guia),361,2,Macau Peninsula
2026,3,02:00,大學及北安灣區,Universidade & Baía de Pac On,371,2,Taipa & Cotai
2026,3,03:00,新橋區,Barca,1244,3,Macau Peninsula
2026,3,03:00,中區,Baixa de Macau,5891,3,Macau Peninsula
2026,3,03:00,氹仔中心區,Baixa da Taipa,4213,3,Taipa & Cotai
2026,3,03:00,台山區,Tamagnini Barbosa,1521,3,Macau Peninsula
2026,3,03:00,黑沙環新填海區,Novos Aterros da Areia Preta,1443,3,Macau Peninsula
2026,3,03:00,望廈及水塘區,Móng Há & Reservatório,765,3,Macau Peninsula
2026,3,03:00,外港及南灣湖新填海區,Novos Aterros do Porto Exterior & Aterros da Baía da Praia Grande,10748,3,Macau Peninsula
2026,3,03:00,路氹填海區,COTAI Reclamation Area,54654,3,Taipa & Cotai
2026,3,03:00,黑沙環及祐漢區,Areia Preta & Iao Hon,1958,3,Macau Peninsula
2026,3,03:00,下環區,Barra/Manduco,2459,3,Macau Peninsula
2026,3,03:00,荷蘭園區,Conselheiro Ferreira de Almeida,674,3,Macau Peninsula
2026,3,03:00,林茂塘區,Doca do Lamau,519,3,Macau Peninsula
2026,3,03:00,沙梨頭及大三巴區,Patane & São Paulo,2563,3,Macau Peninsula
2026,3,03:00,新口岸區,Zona de Aterros do Porto Exterior,12614,3,Macau Peninsula
2026,3,03:00,高士德及雅廉訪區,Horta e Costa & Ouvidor Arriaga,655,3,Macau Peninsula
2026,3,03:00,筷子基區,Fai Chi Kei,477,3,Macau Peninsula
2026,3,03:00,氹仔舊城及馬場區,Cidade & Hipódromo da Taipa,3376,3,Taipa & Cotai
2026,3,03:00,路環區,Coloane,1793,3,Coloane
2026,3,03:00,北安及大潭山區,Pac On & Taipa Grande,2860,3,Taipa & Cotai
2026,3,03:00,青洲區,Ilha Verde,378,3,Macau Peninsula
2026,3,03:00,南西灣及主教山區,Praia Grande & Penha,1093,3,Macau Peninsula
2026,3,03:00,海洋及小潭山區,Jardins do Oceano & Taipa Pequena,366,3,Taipa & Cotai
2026,3,03:00,東望洋區(松山區),Ferreira do Amaral (Guia),369,3,Macau Peninsula
2026,3,03:00,大學及北安灣區,Universidade & Baía de Pac On,376,3,Taipa & Cotai
2026,3,04:00,新橋區,Barca,1247,4,Macau Peninsula
2026,3,04:00,中區,Baixa de Macau,5660,4,Macau Peninsula
2026,3,04:00,氹仔中心區,Baixa da Taipa,4192,4,Taipa & Cotai
2026,3,04:00,台山區,Tamagnini Barbosa,1446,4,Macau Peninsula
2026,3,04:00,黑沙環新填海區,Novos Aterros da Areia Preta,1417,4,Macau Peninsula
2026,3,04:00,望廈及水塘區,Móng Há & Reservatório,718,4,Macau Peninsula
2026,3,04:00,外港及南灣湖新填海區,Novos Aterros do Porto Exterior & Aterros da Baía da Praia Grande,10207,4,Macau Peninsula
2026,3,04:00,路氹填海區,COTAI Reclamation Area,54257,4,Taipa & Cotai
2026,3,04:00,黑沙環及祐漢區,Areia Preta & Iao Hon,2063,4,Macau Peninsula
2026,3,04:00,下環區,Barra/Manduco,2451,4,Macau Peninsula
2026,3,04:00,荷蘭園區,Conselheiro Ferreira de Almeida,680,4,Macau Peninsula
2026,3,04:00,林茂塘區,Doca do Lamau,513,4,Macau Peninsula
2026,3,04:00,沙梨頭及大三巴區,Patane & São Paulo,2567,4,Macau Peninsula
2026,3,04:00,新口岸區,Zona de Aterros do Porto Exterior,12854,4,Macau Peninsula
2026,3,04:00,高士德及雅廉訪區,Horta e Costa & Ouvidor Arriaga,658,4,Macau Peninsula
2026,3,04:00,筷子基區,Fai Chi Kei,467,4,Macau Peninsula
2026,3,04:00,氹仔舊城及馬場區,Cidade & Hipódromo da Taipa,3318,4,Taipa & Cotai
2026,3,04:00,路環區,Coloane,1761,4,Coloane
2026,3,04:00,北安及大潭山區,Pac On & Taipa Grande,2845,4,Taipa & Cotai
2026,3,04:00,青洲區,Ilha Verde,374,4,Macau Peninsula
2026,3,04:00,南西灣及主教山區,Praia Grande & Penha,1123,4,Macau Peninsula
2026,3,04:00,海洋及小潭山區,Jardins do Oceano & Taipa Pequena,357,4,Taipa & Cotai
2026,3,04:00,東望洋區(松山區),Ferreira do Amaral (Guia),373,4,Macau Peninsula
2026,3,04:00,大學及北安灣區,Universidade & Baía de Pac On,380,4,Taipa & Cotai
2026,3,05:00,新橋區,Barca,1266,5,Macau Peninsula
2026,3,05:00,中區,Baixa de Macau,5480,5,Macau Peninsula
2026,3,05:00,氹仔中心區,Baixa da Taipa,4218,5,Taipa & Cotai
2026,3,05:00,台山區,Tamagnini Barbosa,1408,5,Macau Peninsula
2026,3,05:00,黑沙環新填海區,Novos Aterros da Areia Preta,1405,5,Macau Peninsula
2026,3,05:00,望廈及水塘區,Móng Há & Reservatório,717,5,Macau Peninsula
2026,3,05:00,外港及南灣湖新填海區,Novos Aterros do Porto Exterior & Aterros da Baía da Praia Grande,9774,5,Macau Peninsula
2026,3,05:00,路氹填海區,COTAI Reclamation Area,53831,5,Taipa & Cotai
2026,3,05:00,黑沙環及祐漢區,Areia Preta & Iao Hon,2140,5,Macau Peninsula
2026,3,05:00,下環區,Barra/Manduco,2468,5,Macau Peninsula
2026,3,05:00,荷蘭園區,Conselheiro Ferreira de Almeida,693,5,Macau Peninsula
2026,3,05:00,林茂塘區,Doca do Lamau,518,5,Macau Peninsula
2026,3,05:00,沙梨頭及大三巴區,Patane & São Paulo,2589,5,Macau Peninsula
2026,3,05:00,新口岸區,Zona de Aterros do Porto Exterior,13020,5,Macau Peninsula
2026,3,05:00,高士德及雅廉訪區,Horta e Costa & Ouvidor Arriaga,670,5,Macau Peninsula
2026,3,05:00,筷子基區,Fai Chi Kei,465,5,Macau Peninsula
2026,3,05:00,氹仔舊城及馬場區,Cidade & Hipódromo da Taipa,3285,5,Taipa & Cotai
2026,3,05:00,路環區,Coloane,1752,5,Coloane
2026,3,05:00,北安及大潭山區,Pac On & Taipa Grande,2710,5,Taipa & Cotai
2026,3,05:00,青洲區,Ilha Verde,381,5,Macau Peninsula
2026,3,05:00,南西灣及主教山區,Praia Grande & Penha,1132,5,Macau Peninsula
2026,3,05:00,海洋及小潭山區,Jardins do Oceano & Taipa Pequena,342,5,Taipa & Cotai
2026,3,05:00,東望洋區(松山區),Ferreira do Amaral (Guia),376,5,Macau Peninsula
2026,3,05:00,大學及北安灣區,Universidade & Baía de Pac On,385,5,Taipa & Cotai
2026,3,06:00,新橋區,Barca,1285,6,Macau Peninsula
2026,3,06:00,中區,Baixa de Macau,5372,6,Macau Peninsula
2026,3,06:00,氹仔中心區,Baixa da Taipa,4280,6,Taipa & Cotai
2026,3,06:00,台山區,Tamagnini Barbosa,1420,6,Macau Peninsula
2026,3,06:00,黑沙環新填海區,Novos Aterros da Areia Preta,1401,6,Macau Peninsula
2026,3,06:00,望廈及水塘區,Móng Há & Reservatório,726,6,Macau Peninsula
2026,3,06:00,外港及南灣湖新填海區,Novos Aterros do Porto Exterior & Aterros da Baía da Praia Grande,9488,6,Macau Peninsula
2026,3,06:00,路氹填海區,COTAI Reclamation Area,53433,6,Taipa & Cotai
2026,3,06:00,黑沙環及祐漢區,Areia Preta & Iao Hon,2186,6,Macau Peninsula
2026,3,06:00,下環區,Barra/Manduco,2479,6,Macau Peninsula
2026,3,06:00,荷蘭園區,Conselheiro Ferreira de Almeida,700,6,Macau Peninsula
2026,3,06:00,林茂塘區,Doca do Lamau,527,6,Macau Peninsula
2026,3,06:00,沙梨頭及大三巴區,Patane & São Paulo,2602,6,Macau Peninsula
2026,3,06:00,新口岸區,Zona de Aterros do Porto Exterior,13055,6,Macau Peninsula
2026,3,06:00,高士德及雅廉訪區,Horta e Costa & Ouvidor Arriaga,673,6,Macau Peninsula
2026,3,06:00,筷子基區,Fai Chi Kei,472,6,Macau Peninsula
2026,3,06:00,氹仔舊城及馬場區,Cidade & Hipódromo da Taipa,3244,6,Taipa & Cotai
2026,3,06:00,路環區,Coloane,1789,6,Coloane
2026,3,06:00,北安及大潭山區,Pac On & Taipa Grande,2689,6,Taipa & Cotai
2026,3,06:00,青洲區,Ilha Verde,385,6,Macau Peninsula
2026,3,06:00,南西灣及主教山區,Praia Grande & Penha,1154,6,Macau Peninsula
2026,3,06:00,海洋及小潭山區,Jardins do Oceano & Taipa Pequena,335,6,Taipa & Cotai
2026,3,06:00,東望洋區(松山區),Ferreira do Amaral (Guia),380,6,Macau Peninsula
2026,3,06:00,大學及北安灣區,Universidade & Baía de Pac On,389,6,Taipa & Cotai
2026,3,07:00,新橋區,Barca,1304,7,Macau Peninsula
2026,3,07:00,中區,Baixa de Macau,5302,7,Macau Peninsula
2026,3,07:00,氹仔中心區,Baixa da Taipa,4359,7,Taipa & Cotai
2026,3,07:00,台山區,Tamagnini Barbosa,1733,7,Macau Peninsula
2026,3,07:00,黑沙環新填海區,Novos Aterros da Areia Preta,1427,7,Macau Peninsula
2026,3,07:00,望廈及水塘區,Móng Há & Reservatório,789,7,Macau Peninsula
2026,3,07:00,外港及南灣湖新填海區,Novos Aterros do Porto Exterior & Aterros da Baía da Praia Grande,9352,7,Macau Peninsula
2026,3,07:00,路氹填海區,COTAI Reclamation Area,53131,7,Taipa & Cotai
2026,3,07:00,黑沙環及祐漢區,Areia Preta & Iao Hon,2473,7,Macau Peninsula
2026,3,07:00,下環區,Barra/Manduco,2535,7,Macau Peninsula
2026,3,07:00,荷蘭園區,Conselheiro Ferreira de Almeida,733,7,Macau Peninsula
2026,3,07:00,林茂塘區,Doca do Lamau,545,7,Macau Peninsula
2026,3,07:00,沙梨頭及大三巴區,Patane & São Paulo,2606,7,Macau Peninsula
2026,3,07:00,新口岸區,Zona de Aterros do Porto Exterior,13196,7,Macau Peninsula
2026,3,07:00,高士德及雅廉訪區,Horta e Costa & Ouvidor Arriaga,668,7,Macau Peninsula
2026,3,07:00,筷子基區,Fai Chi Kei,489,7,Macau Peninsula
2026,3,07:00,氹仔舊城及馬場區,Cidade & Hipódromo da Taipa,3290,7,Taipa & Cotai
2026,3,07:00,路環區,Coloane,1832,7,Coloane
2026,3,07:00,北安及大潭山區,Pac On & Taipa Grande,2783,7,Taipa & Cotai
2026,3,07:00,青洲區,Ilha Verde,399,7,Macau Peninsula
2026,3,07:00,南西灣及主教山區,Praia Grande & Penha,1120,7,Macau Peninsula
2026,3,07:00,海洋及小潭山區,Jardins do Oceano & Taipa Pequena,354,7,Taipa & Cotai
2026,3,07:00,東望洋區(松山區),Ferreira do Amaral (Guia),371,7,Macau Peninsula
2026,3,07:00,大學及北安灣區,Universidade & Baía de Pac On,400,7,Taipa & Cotai
2026,3,08:00,新橋區,Barca,1319,8,Macau Peninsula
2026,3,08:00,中區,Baixa de Macau,5364,8,Macau Peninsula
2026,3,08:00,氹仔中心區,Baixa da Taipa,4421,8,Taipa & Cotai
2026,3,08:00,台山區,Tamagnini Barbosa,2185,8,Macau Peninsula
2026,3,08:00,黑沙環新填海區,Novos Aterros da Areia Preta,1541,8,Macau Peninsula
2026,3,08:00,望廈及水塘區,Móng Há & Reservatório,908,8,Macau Peninsula
2026,3,08:00,外港及南灣湖新填海區,Novos Aterros do Porto Exterior & Aterros da Baía da Praia Grande,9420,8,Macau Peninsula
2026,3,08:00,路氹填海區,COTAI Reclamation Area,53249,8,Taipa & Cotai
2026,3,08:00,黑沙環及祐漢區,Areia Preta & Iao Hon,3123,8,Macau Peninsula
2026,3,08:00,下環區,Barra/Manduco,2542,8,Macau Peninsula
2026,3,08:00,荷蘭園區,Conselheiro Ferreira de Almeida,752,8,Macau Peninsula
2026,3,08:00,林茂塘區,Doca do Lamau,578,8,Macau Peninsula
2026,3,08:00,沙梨頭及大三巴區,Patane & São Paulo,2687,8,Macau Peninsula
2026,3,08:00,新口岸區,Zona de Aterros do Porto Exterior,13408,8,Macau Peninsula
2026,3,08:00,高士德及雅廉訪區,Horta e Costa & Ouvidor Arriaga,684,8,Macau Peninsula
2026,3,08:00,筷子基區,Fai Chi Kei,525,8,Macau Peninsula
2026,3,08:00,氹仔舊城及馬場區,Cidade & Hipódromo da Taipa,3417,8,Taipa & Cotai
2026,3,08:00,路環區,Coloane,1840,8,Coloane
2026,3,08:00,北安及大潭山區,Pac On & Taipa Grande,2889,8,Taipa & Cotai
2026,3,08:00,青洲區,Ilha Verde,464,8,Macau Peninsula
2026,3,08:00,南西灣及主教山區,Praia Grande & Penha,1146,8,Macau Peninsula
2026,3,08:00,海洋及小潭山區,Jardins do Oceano & Taipa Pequena,399,8,Taipa & Cotai
2026,3,08:00,東望洋區(松山區),Ferreira do Amaral (Guia),413,8,Macau Peninsula
2026,3,08:00,大學及北安灣區,Universidade & Baía de Pac On,417,8,Taipa & Cotai
2026,3,09:00,新橋區,Barca,1320,9,Macau Peninsula
2026,3,09:00,中區,Baixa de Macau,5570,9,Macau Peninsula
2026,3,09:00,氹仔中心區,Baixa da Taipa,4488,9,Taipa & Cotai
2026,3,09:00,台山區,Tamagnini Barbosa,2651,9,Macau Peninsula
2026,3,09:00,黑沙環新填海區,Novos Aterros da Areia Preta,1630,9,Macau Peninsula
2026,3,09:00,望廈及水塘區,Móng Há & Reservatório,1121,9,Macau Peninsula
2026,3,09:00,外港及南灣湖新填海區,Novos Aterros do Porto Exterior & Aterros da Baía da Praia Grande,9703,9,Macau Peninsula
2026,3,09:00,路氹填海區,COTAI Reclamation Area,53868,9,Taipa & Cotai
2026,3,09:00,黑沙環及祐漢區,Areia Preta & Iao Hon,3876,9,Macau Peninsula
2026,3,09:00,下環區,Barra/Manduco,2551,9,Macau Peninsula
2026,3,09:00,荷蘭園區,Conselheiro Ferreira de Almeida,975,9,Macau Peninsula
2026,3,09:00,林茂塘區,Doca do Lamau,604,9,Macau Peninsula
2026,3,09:00,沙梨頭及大三巴區,Patane & São Paulo,2806,9,Macau Peninsula
2026,3,09:00,新口岸區,Zona de Aterros do Porto Exterior,13610,9,Macau Peninsula
2026,3,09:00,高士德及雅廉訪區,Horta e Costa & Ouvidor Arriaga,718,9,Macau Peninsula
2026,3,09:00,筷子基區,Fai Chi Kei,638,9,Macau Peninsula
2026,3,09:00,氹仔舊城及馬場區,Cidade & Hipódromo da Taipa,3673,9,Taipa & Cotai
2026,3,09:00,路環區,Coloane,2058,9,Coloane
2026,3,09:00,北安及大潭山區,Pac On & Taipa Grande,3348,9,Taipa & Cotai
2026,3,09:00,青洲區,Ilha Verde,581,9,Macau Peninsula
2026,3,09:00,南西灣及主教山區,Praia Grande & Penha,1180,9,Macau Peninsula
2026,3,09:00,海洋及小潭山區,Jardins do Oceano & Taipa Pequena,441,9,Taipa & Cotai
2026,3,09:00,東望洋區(松山區),Ferreira do Amaral (Guia),461,9,Macau Peninsula
2026,3,09:00,大學及北安灣區,Universidade & Baía de Pac On,475,9,Taipa & Cotai
2026,3,10:00,新橋區,Barca,1424,10,Macau Peninsula
2026,3,10:00,中區,Baixa de Macau,6249,10,Macau Peninsula
2026,3,10:00,氹仔中心區,Baixa da Taipa,4409,10,Taipa & Cotai
2026,3,10:00,台山區,Tamagnini Barbosa,2919,10,Macau Peninsula
2026,3,10:00,黑沙環新填海區,Novos Aterros da Areia Preta,2033,10,Macau Peninsula
2026,3,10:00,望廈及水塘區,Móng Há & Reservatório,1458,10,Macau Peninsula
2026,3,10:00,外港及南灣湖新填海區,Novos Aterros do Porto Exterior & Aterros da Baía da Praia Grande,10404,10,Macau Peninsula
2026,3,10:00,路氹填海區,COTAI Reclamation Area,54312,10,Taipa & Cotai
2026,3,10:00,黑沙環及祐漢區,Areia Preta & Iao Hon,6385,10,Macau Peninsula
2026,3,10:00,下環區,Barra/Manduco,2599,10,Macau Peninsula
2026,3,10:00,荷蘭園區,Conselheiro Ferreira de Almeida,1254,10,Macau Peninsula
2026,3,10:00,林茂塘區,Doca do Lamau,623,10,Macau Peninsula
2026,3,10:00,沙梨頭及大三巴區,Patane & São Paulo,3274,10,Macau Peninsula
2026,3,10:00,新口岸區,Zona de Aterros do Porto Exterior,13807,10,Macau Peninsula
2026,3,10:00,高士德及雅廉訪區,Horta e Costa & Ouvidor Arriaga,762,10,Macau Peninsula
2026,3,10:00,筷子基區,Fai Chi Kei,613,10,Macau Peninsula
2026,3,10:00,氹仔舊城及馬場區,Cidade & Hipódromo da Taipa,3857,10,Taipa & Cotai
2026,3,10:00,路環區,Coloane,2219,10,Coloane
2026,3,10:00,北安及大潭山區,Pac On & Taipa Grande,4958,10,Taipa & Cotai
2026,3,10:00,青洲區,Ilha Verde,561,10,Macau Peninsula
2026,3,10:00,南西灣及主教山區,Praia Grande & Penha,1153,10,Macau Peninsula
2026,3,10:00,海洋及小潭山區,Jardins do Oceano & Taipa Pequena,515,10,Taipa & Cotai
2026,3,10:00,東望洋區(松山區),Ferreira do Amaral (Guia),501,10,Macau Peninsula
2026,3,10:00,大學及北安灣區,Universidade & Baía de Pac On,828,10,Taipa & Cotai
2026,3,11:00,新橋區,Barca,1728,11,Macau Peninsula
2026,3,11:00,中區,Baixa de Macau,8001,11,Macau Peninsula
2026,3,11:00,氹仔中心區,Baixa da Taipa,4256,11,Taipa & Cotai
2026,3,11:00,台山區,Tamagnini Barbosa,3423,11,Macau Peninsula
2026,3,11:00,黑沙環新填海區,Novos Aterros da Areia Preta,2414,11,Macau Peninsula
2026,3,11:00,望廈及水塘區,Móng Há & Reservatório,1749,11,Macau Peninsula
2026,3,11:00,外港及南灣湖新填海區,Novos Aterros do Porto Exterior & Aterros da Baía da Praia Grande,11737,11,Macau Peninsula
2026,3,11:00,路氹填海區,COTAI Reclamation Area,56062,11,Taipa & Cotai
2026,3,11:00,黑沙環及祐漢區,Areia Preta & Iao Hon,8779,11,Macau Peninsula
2026,3,11:00,下環區,Barra/Manduco,2764,11,Macau Peninsula
2026,3,11:00,荷蘭園區,Conselheiro Ferreira de Almeida,1651,11,Macau Peninsula
2026,3,11:00,林茂塘區,Doca do Lamau,683,11,Macau Peninsula
2026,3,11:00,沙梨頭及大三巴區,Patane & São Paulo,4176,11,Macau Peninsula
2026,3,11:00,新口岸區,Zona de Aterros do Porto Exterior,13805,11,Macau Peninsula
2026,3,11:00,高士德及雅廉訪區,Horta e Costa & Ouvidor Arriaga,767,11,Macau Peninsula
2026,3,11:00,筷子基區,Fai Chi Kei,646,11,Macau Peninsula
2026,3,11:00,氹仔舊城及馬場區,Cidade & Hipódromo da Taipa,4143,11,Taipa & Cotai
2026,3,11:00,路環區,Coloane,2609,11,Coloane
2026,3,11:00,北安及大潭山區,Pac On & Taipa Grande,6953,11,Taipa & Cotai
2026,3,11:00,青洲區,Ilha Verde,568,11,Macau Peninsula
2026,3,11:00,南西灣及主教山區,Praia Grande & Penha,1141,11,Macau Peninsula
2026,3,11:00,海洋及小潭山區,Jardins do Oceano & Taipa Pequena,636,11,Taipa & Cotai
2026,3,11:00,東望洋區(松山區),Ferreira do Amaral (Guia),562,11,Macau Peninsula
2026,3,11:00,大學及北安灣區,Universidade & Baía de Pac On,918,11,Taipa & Cotai
2026,3,12:00,新橋區,Barca,2021,12,Macau Peninsula
2026,3,12:00,中區,Baixa de Macau,10837,12,Macau Peninsula
2026,3,12:00,氹仔中心區,Baixa da Taipa,4257,12,Taipa & Cotai
2026,3,12:00,台山區,Tamagnini Barbosa,3825,12,Macau Peninsula
2026,3,12:00,黑沙環新填海區,Novos Aterros da Areia Preta,2503,12,Macau Peninsula
2026,3,12:00,望廈及水塘區,Móng Há & Reservatório,2098,12,Macau Peninsula
2026,3,12:00,外港及南灣湖新填海區,Novos Aterros do Porto Exterior & Aterros da Baía da Praia Grande,13634,12,Macau Peninsula
2026,3,12:00,路氹填海區,COTAI Reclamation Area,58639,12,Taipa & Cotai
2026,3,12:00,黑沙環及祐漢區,Areia Preta & Iao Hon,8537,12,Macau Peninsula
2026,3,12:00,下環區,Barra/Manduco,3029,12,Macau Peninsula
2026,3,12:00,荷蘭園區,Conselheiro Ferreira de Almeida,1777,12,Macau Peninsula
2026,3,12:00,林茂塘區,Doca do Lamau,787,12,Macau Peninsula
2026,3,12:00,沙梨頭及大三巴區,Patane & São Paulo,5033,12,Macau Peninsula
2026,3,12:00,新口岸區,Zona de Aterros do Porto Exterior,13747,12,Macau Peninsula
2026,3,12:00,高士德及雅廉訪區,Horta e Costa & Ouvidor Arriaga,862,12,Macau Peninsula
2026,3,12:00,筷子基區,Fai Chi Kei,765,12,Macau Peninsula
2026,3,12:00,氹仔舊城及馬場區,Cidade & Hipódromo da Taipa,4943,12,Taipa & Cotai
2026,3,12:00,路環區,Coloane,3152,12,Coloane
2026,3,12:00,北安及大潭山區,Pac On & Taipa Grande,8690,12,Taipa & Cotai
2026,3,12:00,青洲區,Ilha Verde,640,12,Macau Peninsula
2026,3,12:00,南西灣及主教山區,Praia Grande & Penha,1175,12,Macau Peninsula
2026,3,12:00,海洋及小潭山區,Jardins do Oceano & Taipa Pequena,795,12,Taipa & Cotai
2026,3,12:00,東望洋區(松山區),Ferreira do Amaral (Guia),583,12,Macau Peninsula
2026,3,12:00,大學及北安灣區,Universidade & Baía de Pac On,979,12,Taipa & Cotai
2026,3,13:00,新橋區,Barca,2118,13,Macau Peninsula
2026,3,13:00,中區,Baixa de Macau,13709,13,Macau Peninsula
2026,3,13:00,氹仔中心區,Baixa da Taipa,4556,13,Taipa & Cotai
2026,3,13:00,台山區,Tamagnini Barbosa,3658,13,Macau Peninsula
2026,3,13:00,黑沙環新填海區,Novos Aterros da Areia Preta,2502,13,Macau Peninsula
2026,3,13:00,望廈及水塘區,Móng Há & Reservatório,2291,13,Macau Peninsula
2026,3,13:00,外港及南灣湖新填海區,Novos Aterros do Porto Exterior & Aterros da Baía da Praia Grande,16141,13,Macau Peninsula
2026,3,13:00,路氹填海區,COTAI Reclamation Area,60434,13,Taipa & Cotai
2026,3,13:00,黑沙環及祐漢區,Areia Preta & Iao Hon,7752,13,Macau Peninsula
2026,3,13:00,下環區,Barra/Manduco,3270,13,Macau Peninsula
2026,3,13:00,荷蘭園區,Conselheiro Ferreira de Almeida,1629,13,Macau Peninsula
2026,3,13:00,林茂塘區,Doca do Lamau,881,13,Macau Peninsula
2026,3,13:00,沙梨頭及大三巴區,Patane & São Paulo,5541,13,Macau Peninsula
2026,3,13:00,新口岸區,Zona de Aterros do Porto Exterior,14177,13,Macau Peninsula
2026,3,13:00,高士德及雅廉訪區,Horta e Costa & Ouvidor Arriaga,958,13,Macau Peninsula
2026,3,13:00,筷子基區,Fai Chi Kei,955,13,Macau Peninsula
2026,3,13:00,氹仔舊城及馬場區,Cidade & Hipódromo da Taipa,6663,13,Taipa & Cotai
2026,3,13:00,路環區,Coloane,3516,13,Coloane
2026,3,13:00,北安及大潭山區,Pac On & Taipa Grande,9035,13,Taipa & Cotai
2026,3,13:00,青洲區,Ilha Verde,679,13,Macau Peninsula
2026,3,13:00,南西灣及主教山區,Praia Grande & Penha,1235,13,Macau Peninsula
2026,3,13:00,海洋及小潭山區,Jardins do Oceano & Taipa Pequena,875,13,Taipa & Cotai
2026,3,13:00,東望洋區(松山區),Ferreira do Amaral (Guia),516,13,Macau Peninsula
2026,3,13:00,大學及北安灣區,Universidade & Baía de Pac On,1088,13,Taipa & Cotai
2026,3,14:00,新橋區,Barca,2219,14,Macau Peninsula
2026,3,14:00,中區,Baixa de Macau,16181,14,Macau Peninsula
2026,3,14:00,氹仔中心區,Baixa da Taipa,4728,14,Taipa & Cotai
2026,3,14:00,台山區,Tamagnini Barbosa,3382,14,Macau Peninsula
2026,3,14:00,黑沙環新填海區,Novos Aterros da Areia Preta,2321,14,Macau Peninsula
2026,3,14:00,望廈及水塘區,Móng Há & Reservatório,2064,14,Macau Peninsula
2026,3,14:00,外港及南灣湖新填海區,Novos Aterros do Porto Exterior & Aterros da Baía da Praia Grande,17773,14,Macau Peninsula
2026,3,14:00,路氹填海區,COTAI Reclamation Area,61647,14,Taipa & Cotai
2026,3,14:00,黑沙環及祐漢區,Areia Preta & Iao Hon,7157,14,Macau Peninsula
2026,3,14:00,下環區,Barra/Manduco,3380,14,Macau Peninsula
2026,3,14:00,荷蘭園區,Conselheiro Ferreira de Almeida,1731,14,Macau Peninsula
2026,3,14:00,林茂塘區,Doca do Lamau,972,14,Macau Peninsula
2026,3,14:00,沙梨頭及大三巴區,Patane & São Paulo,5911,14,Macau Peninsula
2026,3,14:00,新口岸區,Zona de Aterros do Porto Exterior,14556,14,Macau Peninsula
2026,3,14:00,高士德及雅廉訪區,Horta e Costa & Ouvidor Arriaga,1016,14,Macau Peninsula
2026,3,14:00,筷子基區,Fai Chi Kei,1070,14,Macau Peninsula
2026,3,14:00,氹仔舊城及馬場區,Cidade & Hipódromo da Taipa,8405,14,Taipa & Cotai
2026,3,14:00,路環區,Coloane,3530,14,Coloane
2026,3,14:00,北安及大潭山區,Pac On & Taipa Grande,8916,14,Taipa & Cotai
2026,3,14:00,青洲區,Ilha Verde,728,14,Macau Peninsula
2026,3,14:00,南西灣及主教山區,Praia Grande & Penha,1160,14,Macau Peninsula
2026,3,14:00,海洋及小潭山區,Jardins do Oceano & Taipa Pequena,905,14,Taipa & Cotai
2026,3,14:00,東望洋區(松山區),Ferreira do Amaral (Guia),508,14,Macau Peninsula
2026,3,14:00,大學及北安灣區,Universidade & Baía de Pac On,1058,14,Taipa & Cotai
2026,3,15:00,新橋區,Barca,2273,15,Macau Peninsula
2026,3,15:00,中區,Baixa de Macau,17520,15,Macau Peninsula
2026,3,15:00,氹仔中心區,Baixa da Taipa,4618,15,Taipa & Cotai
2026,3,15:00,台山區,Tamagnini Barbosa,3251,15,Macau Peninsula
2026,3,15:00,黑沙環新填海區,Novos Aterros da Areia Preta,2152,15,Macau Peninsula
2026,3,15:00,望廈及水塘區,Móng Há & Reservatório,1959,15,Macau Peninsula
2026,3,15:00,外港及南灣湖新填海區,Novos Aterros do Porto Exterior & Aterros da Baía da Praia Grande,19506,15,Macau Peninsula
2026,3,15:00,路氹填海區,COTAI Reclamation Area,65109,15,Taipa & Cotai
2026,3,15:00,黑沙環及祐漢區,Areia Preta & Iao Hon,6561,15,Macau Peninsula
2026,3,15:00,下環區,Barra/Manduco,3366,15,Macau Peninsula
2026,3,15:00,荷蘭園區,Conselheiro Ferreira de Almeida,1805,15,Macau Peninsula
2026,3,15:00,林茂塘區,Doca do Lamau,851,15,Macau Peninsula
2026,3,15:00,沙梨頭及大三巴區,Patane & São Paulo,6224,15,Macau Peninsula
2026,3,15:00,新口岸區,Zona de Aterros do Porto Exterior,13052,15,Macau Peninsula
2026,3,15:00,高士德及雅廉訪區,Horta e Costa & Ouvidor Arriaga,961,15,Macau Peninsula
2026,3,15:00,筷子基區,Fai Chi Kei,833,15,Macau Peninsula
2026,3,15:00,氹仔舊城及馬場區,Cidade & Hipódromo da Taipa,8892,15,Taipa & Cotai
2026,3,15:00,路環區,Coloane,3699,15,Coloane
2026,3,15:00,北安及大潭山區,Pac On & Taipa Grande,8351,15,Taipa & Cotai
2026,3,15:00,青洲區,Ilha Verde,645,15,Macau Peninsula
2026,3,15:00,南西灣及主教山區,Praia Grande & Penha,1207,15,Macau Peninsula
2026,3,15:00,海洋及小潭山區,Jardins do Oceano & Taipa Pequena,916,15,Taipa & Cotai
2026,3,15:00,東望洋區(松山區),Ferreira do Amaral (Guia),540,15,Macau Peninsula
2026,3,15:00,大學及北安灣區,Universidade & Baía de Pac On,1106,15,Taipa & Cotai
2026,3,16:00,新橋區,Barca,2194,16,Macau Peninsula
2026,3,16:00,中區,Baixa de Macau,17412,16,Macau Peninsula
2026,3,16:00,氹仔中心區,Baixa da Taipa,4364,16,Taipa & Cotai
2026,3,16:00,台山區,Tamagnini Barbosa,3199,16,Macau Peninsula
2026,3,16:00,黑沙環新填海區,Novos Aterros da Areia Preta,2005,16,Macau Peninsula
2026,3,16:00,望廈及水塘區,Móng Há & Reservatório,1777,16,Macau Peninsula
2026,3,16:00,外港及南灣湖新填海區,Novos Aterros do Porto Exterior & Aterros da Baía da Praia Grande,19492,16,Macau Peninsula
2026,3,16:00,路氹填海區,COTAI Reclamation Area,69604,16,Taipa & Cotai
2026,3,16:00,黑沙環及祐漢區,Areia Preta & Iao Hon,6201,16,Macau Peninsula
2026,3,16:00,下環區,Barra/Manduco,3182,16,Macau Peninsula
2026,3,16:00,荷蘭園區,Conselheiro Ferreira de Almeida,1720,16,Macau Peninsula
2026,3,16:00,林茂塘區,Doca do Lamau,786,16,Macau Peninsula
2026,3,16:00,沙梨頭及大三巴區,Patane & São Paulo,6046,16,Macau Peninsula
2026,3,16:00,新口岸區,Zona de Aterros do Porto Exterior,12514,16,Macau Peninsula
2026,3,16:00,高士德及雅廉訪區,Horta e Costa & Ouvidor Arriaga,881,16,Macau Peninsula
2026,3,16:00,筷子基區,Fai Chi Kei,695,16,Macau Peninsula
2026,3,16:00,氹仔舊城及馬場區,Cidade & Hipódromo da Taipa,8358,16,Taipa & Cotai
2026,3,16:00,路環區,Coloane,3796,16,Coloane
2026,3,16:00,北安及大潭山區,Pac On & Taipa Grande,9010,16,Taipa & Cotai
2026,3,16:00,青洲區,Ilha Verde,592,16,Macau Peninsula
2026,3,16:00,南西灣及主教山區,Praia Grande & Penha,1203,16,Macau Peninsula
2026,3,16:00,海洋及小潭山區,Jardins do Oceano & Taipa Pequena,959,16,Taipa & Cotai
2026,3,16:00,東望洋區(松山區),Ferreira do Amaral (Guia),555,16,Macau Peninsula
2026,3,16:00,大學及北安灣區,Universidade & Baía de Pac On,1066,16,Taipa & Cotai
2026,3,17:00,新橋區,Barca,2075,17,Macau Peninsula
2026,3,17:00,中區,Baixa de Macau,16195,17,Macau Peninsula
2026,3,17:00,氹仔中心區,Baixa da Taipa,4119,17,Taipa & Cotai
2026,3,17:00,台山區,Tamagnini Barbosa,3164,17,Macau Peninsula
2026,3,17:00,黑沙環新填海區,Novos Aterros da Areia Preta,1908,17,Macau Peninsula
2026,3,17:00,望廈及水塘區,Móng Há & Reservatório,1664,17,Macau Peninsula
2026,3,17:00,外港及南灣湖新填海區,Novos Aterros do Porto Exterior & Aterros da Baía da Praia Grande,18781,17,Macau Peninsula
2026,3,17:00,路氹填海區,COTAI Reclamation Area,72586,17,Taipa & Cotai
2026,3,17:00,黑沙環及祐漢區,Areia Preta & Iao Hon,5996,17,Macau Peninsula
2026,3,17:00,下環區,Barra/Manduco,2969,17,Macau Peninsula
2026,3,17:00,荷蘭園區,Conselheiro Ferreira de Almeida,1517,17,Macau Peninsula
2026,3,17:00,林茂塘區,Doca do Lamau,802,17,Macau Peninsula
2026,3,17:00,沙梨頭及大三巴區,Patane & São Paulo,5590,17,Macau Peninsula
2026,3,17:00,新口岸區,Zona de Aterros do Porto Exterior,12396,17,Macau Peninsula
2026,3,17:00,高士德及雅廉訪區,Horta e Costa & Ouvidor Arriaga,847,17,Macau Peninsula
2026,3,17:00,筷子基區,Fai Chi Kei,686,17,Macau Peninsula
2026,3,17:00,氹仔舊城及馬場區,Cidade & Hipódromo da Taipa,7523,17,Taipa & Cotai
2026,3,17:00,路環區,Coloane,3564,17,Coloane
2026,3,17:00,北安及大潭山區,Pac On & Taipa Grande,9501,17,Taipa & Cotai
2026,3,17:00,青洲區,Ilha Verde,599,17,Macau Peninsula
2026,3,17:00,南西灣及主教山區,Praia Grande & Penha,1196,17,Macau Peninsula
2026,3,17:00,海洋及小潭山區,Jardins do Oceano & Taipa Pequena,867,17,Taipa & Cotai
2026,3,17:00,東望洋區(松山區),Ferreira do Amaral (Guia),517,17,Macau Peninsula
2026,3,17:00,大學及北安灣區,Universidade & Baía de Pac On,1065,17,Taipa & Cotai
2026,3,18:00,新橋區,Barca,1894,18,Macau Peninsula
2026,3,18:00,中區,Baixa de Macau,14362,18,Macau Peninsula
2026,3,18:00,氹仔中心區,Baixa da Taipa,4085,18,Taipa & Cotai
2026,3,18:00,台山區,Tamagnini Barbosa,3283,18,Macau Peninsula
2026,3,18:00,黑沙環新填海區,Novos Aterros da Areia Preta,1982,18,Macau Peninsula
2026,3,18:00,望廈及水塘區,Móng Há & Reservatório,1582,18,Macau Peninsula
2026,3,18:00,外港及南灣湖新填海區,Novos Aterros do Porto Exterior & Aterros da Baía da Praia Grande,18120,18,Macau Peninsula
2026,3,18:00,路氹填海區,COTAI Reclamation Area,72612,18,Taipa & Cotai
2026,3,18:00,黑沙環及祐漢區,Areia Preta & Iao Hon,5801,18,Macau Peninsula
2026,3,18:00,下環區,Barra/Manduco,2792,18,Macau Peninsula
2026,3,18:00,荷蘭園區,Conselheiro Ferreira de Almeida,1325,18,Macau Peninsula
2026,3,18:00,林茂塘區,Doca do Lamau,835,18,Macau Peninsula
2026,3,18:00,沙梨頭及大三巴區,Patane & São Paulo,4607,18,Macau Peninsula
2026,3,18:00,新口岸區,Zona de Aterros do Porto Exterior,12268,18,Macau Peninsula
2026,3,18:00,高士德及雅廉訪區,Horta e Costa & Ouvidor Arriaga,813,18,Macau Peninsula
2026,3,18:00,筷子基區,Fai Chi Kei,725,18,Macau Peninsula
2026,3,18:00,氹仔舊城及馬場區,Cidade & Hipódromo da Taipa,7184,18,Taipa & Cotai
2026,3,18:00,路環區,Coloane,3072,18,Coloane
2026,3,18:00,北安及大潭山區,Pac On & Taipa Grande,9222,18,Taipa & Cotai
2026,3,18:00,青洲區,Ilha Verde,623,18,Macau Peninsula
2026,3,18:00,南西灣及主教山區,Praia Grande & Penha,1119,18,Macau Peninsula
2026,3,18:00,海洋及小潭山區,Jardins do Oceano & Taipa Pequena,868,18,Taipa & Cotai
2026,3,18:00,東望洋區(松山區),Ferreira do Amaral (Guia),455,18,Macau Peninsula
2026,3,18:00,大學及北安灣區,Universidade & Baía de Pac On,1021,18,Taipa & Cotai
2026,3,19:00,新橋區,Barca,1681,19,Macau Peninsula
2026,3,19:00,中區,Baixa de Macau,12418,19,Macau Peninsula
2026,3,19:00,氹仔中心區,Baixa da Taipa,4353,19,Taipa & Cotai
2026,3,19:00,台山區,Tamagnini Barbosa,3284,19,Macau Peninsula
2026,3,19:00,黑沙環新填海區,Novos Aterros da Areia Preta,2072,19,Macau Peninsula
2026,3,19:00,望廈及水塘區,Móng Há & Reservatório,1526,19,Macau Peninsula
2026,3,19:00,外港及南灣湖新填海區,Novos Aterros do Porto Exterior & Aterros da Baía da Praia Grande,16845,19,Macau Peninsula
2026,3,19:00,路氹填海區,COTAI Reclamation Area,71028,19,Taipa & Cotai
2026,3,19:00,黑沙環及祐漢區,Areia Preta & Iao Hon,6016,19,Macau Peninsula
2026,3,19:00,下環區,Barra/Manduco,2874,19,Macau Peninsula
2026,3,19:00,荷蘭園區,Conselheiro Ferreira de Almeida,1192,19,Macau Peninsula
2026,3,19:00,林茂塘區,Doca do Lamau,828,19,Macau Peninsula
2026,3,19:00,沙梨頭及大三巴區,Patane & São Paulo,3824,19,Macau Peninsula
2026,3,19:00,新口岸區,Zona de Aterros do Porto Exterior,12353,19,Macau Peninsula
2026,3,19:00,高士德及雅廉訪區,Horta e Costa & Ouvidor Arriaga,823,19,Macau Peninsula
2026,3,19:00,筷子基區,Fai Chi Kei,748,19,Macau Peninsula
2026,3,19:00,氹仔舊城及馬場區,Cidade & Hipódromo da Taipa,7537,19,Taipa & Cotai
2026,3,19:00,路環區,Coloane,2710,19,Coloane
2026,3,19:00,北安及大潭山區,Pac On & Taipa Grande,8815,19,Taipa & Cotai
2026,3,19:00,青洲區,Ilha Verde,629,19,Macau Peninsula
2026,3,19:00,南西灣及主教山區,Praia Grande & Penha,1003,19,Macau Peninsula
2026,3,19:00,海洋及小潭山區,Jardins do Oceano & Taipa Pequena,851,19,Taipa & Cotai
2026,3,19:00,東望洋區(松山區),Ferreira do Amaral (Guia),420,19,Macau Peninsula
2026,3,19:00,大學及北安灣區,Universidade & Baía de Pac On,820,19,Taipa & Cotai
2026,3,20:00,新橋區,Barca,1544,20,Macau Peninsula
2026,3,20:00,中區,Baixa de Macau,10680,20,Macau Peninsula
2026,3,20:00,氹仔中心區,Baixa da Taipa,4815,20,Taipa & Cotai
2026,3,20:00,台山區,Tamagnini Barbosa,3041,20,Macau Peninsula
2026,3,20:00,黑沙環新填海區,Novos Aterros da Areia Preta,2172,20,Macau Peninsula
2026,3,20:00,望廈及水塘區,Móng Há & Reservatório,1464,20,Macau Peninsula
2026,3,20:00,外港及南灣湖新填海區,Novos Aterros do Porto Exterior & Aterros da Baía da Praia Grande,15683,20,Macau Peninsula
2026,3,20:00,路氹填海區,COTAI Reclamation Area,67855,20,Taipa & Cotai
2026,3,20:00,黑沙環及祐漢區,Areia Preta & Iao Hon,5501,20,Macau Peninsula
2026,3,20:00,下環區,Barra/Manduco,3011,20,Macau Peninsula
2026,3,20:00,荷蘭園區,Conselheiro Ferreira de Almeida,1056,20,Macau Peninsula
2026,3,20:00,林茂塘區,Doca do Lamau,809,20,Macau Peninsula
2026,3,20:00,沙梨頭及大三巴區,Patane & São Paulo,3157,20,Macau Peninsula
2026,3,20:00,新口岸區,Zona de Aterros do Porto Exterior,12598,20,Macau Peninsula
2026,3,20:00,高士德及雅廉訪區,Horta e Costa & Ouvidor Arriaga,810,20,Macau Peninsula
2026,3,20:00,筷子基區,Fai Chi Kei,754,20,Macau Peninsula
2026,3,20:00,氹仔舊城及馬場區,Cidade & Hipódromo da Taipa,7810,20,Taipa & Cotai
2026,3,20:00,路環區,Coloane,2395,20,Coloane
2026,3,20:00,北安及大潭山區,Pac On & Taipa Grande,8334,20,Taipa & Cotai
2026,3,20:00,青洲區,Ilha Verde,582,20,Macau Peninsula
2026,3,20:00,南西灣及主教山區,Praia Grande & Penha,917,20,Macau Peninsula
2026,3,20:00,海洋及小潭山區,Jardins do Oceano & Taipa Pequena,803,20,Taipa & Cotai
2026,3,20:00,東望洋區(松山區),Ferreira do Amaral (Guia),385,20,Macau Peninsula
2026,3,20:00,大學及北安灣區,Universidade & Baía de Pac On,613,20,Taipa & Cotai
2026,3,21:00,新橋區,Barca,1483,21,Macau Peninsula
2026,3,21:00,中區,Baixa de Macau,9420,21,Macau Peninsula
2026,3,21:00,氹仔中心區,Baixa da Taipa,4805,21,Taipa & Cotai
2026,3,21:00,台山區,Tamagnini Barbosa,2800,21,Macau Peninsula
2026,3,21:00,黑沙環新填海區,Novos Aterros da Areia Preta,2060,21,Macau Peninsula
2026,3,21:00,望廈及水塘區,Móng Há & Reservatório,1317,21,Macau Peninsula
2026,3,21:00,外港及南灣湖新填海區,Novos Aterros do Porto Exterior & Aterros da Baía da Praia Grande,15181,21,Macau Peninsula
2026,3,21:00,路氹填海區,COTAI Reclamation Area,65349,21,Taipa & Cotai
2026,3,21:00,黑沙環及祐漢區,Areia Preta & Iao Hon,5140,21,Macau Peninsula
2026,3,21:00,下環區,Barra/Manduco,2914,21,Macau Peninsula
2026,3,21:00,荷蘭園區,Conselheiro Ferreira de Almeida,937,21,Macau Peninsula
2026,3,21:00,林茂塘區,Doca do Lamau,791,21,Macau Peninsula
2026,3,21:00,沙梨頭及大三巴區,Patane & São Paulo,2749,21,Macau Peninsula
2026,3,21:00,新口岸區,Zona de Aterros do Porto Exterior,12060,21,Macau Peninsula
2026,3,21:00,高士德及雅廉訪區,Horta e Costa & Ouvidor Arriaga,755,21,Macau Peninsula
2026,3,21:00,筷子基區,Fai Chi Kei,739,21,Macau Peninsula
2026,3,21:00,氹仔舊城及馬場區,Cidade & Hipódromo da Taipa,6946,21,Taipa & Cotai
2026,3,21:00,路環區,Coloane,2200,21,Coloane
2026,3,21:00,北安及大潭山區,Pac On & Taipa Grande,7370,21,Taipa & Cotai
2026,3,21:00,青洲區,Ilha Verde,538,21,Macau Peninsula
2026,3,21:00,南西灣及主教山區,Praia Grande & Penha,827,21,Macau Peninsula
2026,3,21:00,海洋及小潭山區,Jardins do Oceano & Taipa Pequena,722,21,Taipa & Cotai
2026,3,21:00,東望洋區(松山區),Ferreira do Amaral (Guia),341,21,Macau Peninsula
2026,3,21:00,大學及北安灣區,Universidade & Baía de Pac On,585,21,Taipa & Cotai
2026,3,22:00,新橋區,Barca,1406,22,Macau Peninsula
2026,3,22:00,中區,Baixa de Macau,8411,22,Macau Peninsula
2026,3,22:00,氹仔中心區,Baixa da Taipa,4460,22,Taipa & Cotai
2026,3,22:00,台山區,Tamagnini Barbosa,2459,22,Macau Peninsula
2026,3,22:00,黑沙環新填海區,Novos Aterros da Areia Preta,1961,22,Macau Peninsula
2026,3,22:00,望廈及水塘區,Móng Há & Reservatório,1209,22,Macau Peninsula
2026,3,22:00,外港及南灣湖新填海區,Novos Aterros do Porto Exterior & Aterros da Baía da Praia Grande,15055,22,Macau Peninsula
2026,3,22:00,路氹填海區,COTAI Reclamation Area,63244,22,Taipa & Cotai
2026,3,22:00,黑沙環及祐漢區,Areia Preta & Iao Hon,4260,22,Macau Peninsula
2026,3,22:00,下環區,Barra/Manduco,2664,22,Macau Peninsula
2026,3,22:00,荷蘭園區,Conselheiro Ferreira de Almeida,842,22,Macau Peninsula
2026,3,22:00,林茂塘區,Doca do Lamau,728,22,Macau Peninsula
2026,3,22:00,沙梨頭及大三巴區,Patane & São Paulo,2543,22,Macau Peninsula
2026,3,22:00,新口岸區,Zona de Aterros do Porto Exterior,11606,22,Macau Peninsula
2026,3,22:00,高士德及雅廉訪區,Horta e Costa & Ouvidor Arriaga,721,22,Macau Peninsula
2026,3,22:00,筷子基區,Fai Chi Kei,678,22,Macau Peninsula
2026,3,22:00,氹仔舊城及馬場區,Cidade & Hipódromo da Taipa,5594,22,Taipa & Cotai
2026,3,22:00,路環區,Coloane,2076,22,Coloane
2026,3,22:00,北安及大潭山區,Pac On & Taipa Grande,6183,22,Taipa & Cotai
2026,3,22:00,青洲區,Ilha Verde,523,22,Macau Peninsula
2026,3,22:00,南西灣及主教山區,Praia Grande & Penha,864,22,Macau Peninsula
2026,3,22:00,海洋及小潭山區,Jardins do Oceano & Taipa Pequena,724,22,Taipa & Cotai
2026,3,22:00,東望洋區(松山區),Ferreira do Amaral (Guia),340,22,Macau Peninsula
2026,3,22:00,大學及北安灣區,Universidade & Baía de Pac On,543,22,Taipa & Cotai
2026,3,23:00,新橋區,Barca,1387,23,Macau Peninsula
2026,3,23:00,中區,Baixa de Macau,7643,23,Macau Peninsula
2026,3,23:00,氹仔中心區,Baixa da Taipa,4365,23,Taipa & Cotai
2026,3,23:00,台山區,Tamagnini Barbosa,2159,23,Macau Peninsula
2026,3,23:00,黑沙環新填海區,Novos Aterros da Areia Preta,1836,23,Macau Peninsula
2026,3,23:00,望廈及水塘區,Móng Há & Reservatório,1109,23,Macau Peninsula
2026,3,23:00,外港及南灣湖新填海區,Novos Aterros do Porto Exterior & Aterros da Baía da Praia Grande,13951,23,Macau Peninsula
2026,3,23:00,路氹填海區,COTAI Reclamation Area,60764,23,Taipa & Cotai
2026,3,23:00,黑沙環及祐漢區,Areia Preta & Iao Hon,3452,23,Macau Peninsula
2026,3,23:00,下環區,Barra/Manduco,2517,23,Macau Peninsula
2026,3,23:00,荷蘭園區,Conselheiro Ferreira de Almeida,829,23,Macau Peninsula
2026,3,23:00,林茂塘區,Doca do Lamau,695,23,Macau Peninsula
2026,3,23:00,沙梨頭及大三巴區,Patane & São Paulo,2484,23,Macau Peninsula
2026,3,23:00,新口岸區,Zona de Aterros do Porto Exterior,11427,23,Macau Peninsula
2026,3,23:00,高士德及雅廉訪區,Horta e Costa & Ouvidor Arriaga,701,23,Macau Peninsula
2026,3,23:00,筷子基區,Fai Chi Kei,628,23,Macau Peninsula
2026,3,23:00,氹仔舊城及馬場區,Cidade & Hipódromo da Taipa,4459,23,Taipa & Cotai
2026,3,23:00,路環區,Coloane,2005,23,Coloane
2026,3,23:00,北安及大潭山區,Pac On & Taipa Grande,4585,23,Taipa & Cotai
2026,3,23:00,青洲區,Ilha Verde,505,23,Macau Peninsula
2026,3,23:00,南西灣及主教山區,Praia Grande & Penha,921,23,Macau Peninsula
2026,3,23:00,海洋及小潭山區,Jardins do Oceano & Taipa Pequena,663,23,Taipa & Cotai
2026,3,23:00,東望洋區(松山區),Ferreira do Amaral (Guia),344,23,Macau Peninsula
2026,3,23:00,大學及北安灣區,Universidade & Baía de Pac On,440,23,Taipa & Cotai
2026,2,00:00,新橋區,Barca,1586,0,Macau Peninsula
2026,2,00:00,中區,Baixa de Macau,7809,0,Macau Peninsula
2026,2,00:00,氹仔中心區,Baixa da Taipa,5313,0,Taipa & Cotai
2026,2,00:00,台山區,Tamagnini Barbosa,1936,0,Macau Peninsula
2026,2,00:00,黑沙環新填海區,Novos Aterros da Areia Preta,2002,0,Macau Peninsula
2026,2,00:00,望廈及水塘區,Móng Há & Reservatório,1142,0,Macau Peninsula
2026,2,00:00,外港及南灣湖新填海區,Novos Aterros do Porto Exterior & Aterros da Baía da Praia Grande,13584,0,Macau Peninsula
2026,2,00:00,路氹填海區,COTAI Reclamation Area,65458,0,Taipa & Cotai
2026,2,00:00,黑沙環及祐漢區,Areia Preta & Iao Hon,3127,0,Macau Peninsula
2026,2,00:00,下環區,Barra/Manduco,3171,0,Macau Peninsula
2026,2,00:00,荷蘭園區,Conselheiro Ferreira de Almeida,1027,0,Macau Peninsula
2026,2,00:00,林茂塘區,Doca do Lamau,756,0,Macau Peninsula
2026,2,00:00,沙梨頭及大三巴區,Patane & São Paulo,3180,0,Macau Peninsula
2026,2,00:00,新口岸區,Zona de Aterros do Porto Exterior,14361,0,Macau Peninsula
2026,2,00:00,高士德及雅廉訪區,Horta e Costa & Ouvidor Arriaga,865,0,Macau Peninsula
2026,2,00:00,筷子基區,Fai Chi Kei,715,0,Macau Peninsula
2026,2,00:00,氹仔舊城及馬場區,Cidade & Hipódromo da Taipa,4877,0,Taipa & Cotai
2026,2,00:00,路環區,Coloane,2036,0,Coloane
2026,2,00:00,北安及大潭山區,Pac On & Taipa Grande,3865,0,Taipa & Cotai
2026,2,00:00,青洲區,Ilha Verde,477,0,Macau Peninsula
2026,2,00:00,南西灣及主教山區,Praia Grande & Penha,1238,0,Macau Peninsula
2026,2,00:00,海洋及小潭山區,Jardins do Oceano & Taipa Pequena,707,0,Taipa & Cotai
2026,2,00:00,東望洋區(松山區),Ferreira do Amaral (Guia),509,0,Macau Peninsula
2026,2,00:00,大學及北安灣區,Universidade & Baía de Pac On,286,0,Taipa & Cotai
2026,2,01:00,新橋區,Barca,1414,1,Macau Peninsula
2026,2,01:00,中區,Baixa de Macau,6948,1,Macau Peninsula
2026,2,01:00,氹仔中心區,Baixa da Taipa,4877,1,Taipa & Cotai
2026,2,01:00,台山區,Tamagnini Barbosa,1474,1,Macau Peninsula
2026,2,01:00,黑沙環新填海區,Novos Aterros da Areia Preta,1606,1,Macau Peninsula
2026,2,01:00,望廈及水塘區,Móng Há & Reservatório,923,1,Macau Peninsula
2026,2,01:00,外港及南灣湖新填海區,Novos Aterros do Porto Exterior & Aterros da Baía da Praia Grande,12230,1,Macau Peninsula
2026,2,01:00,路氹填海區,COTAI Reclamation Area,61529,1,Taipa & Cotai
2026,2,01:00,黑沙環及祐漢區,Areia Preta & Iao Hon,1695,1,Macau Peninsula
2026,2,01:00,下環區,Barra/Manduco,2977,1,Macau Peninsula
2026,2,01:00,荷蘭園區,Conselheiro Ferreira de Almeida,969,1,Macau Peninsula
2026,2,01:00,林茂塘區,Doca do Lamau,601,1,Macau Peninsula
2026,2,01:00,沙梨頭及大三巴區,Patane & São Paulo,3001,1,Macau Peninsula
2026,2,01:00,新口岸區,Zona de Aterros do Porto Exterior,14308,1,Macau Peninsula
2026,2,01:00,高士德及雅廉訪區,Horta e Costa & Ouvidor Arriaga,768,1,Macau Peninsula
2026,2,01:00,筷子基區,Fai Chi Kei,612,1,Macau Peninsula
2026,2,01:00,氹仔舊城及馬場區,Cidade & Hipódromo da Taipa,4253,1,Taipa & Cotai
2026,2,01:00,路環區,Coloane,1825,1,Coloane
2026,2,01:00,北安及大潭山區,Pac On & Taipa Grande,3234,1,Taipa & Cotai
2026,2,01:00,青洲區,Ilha Verde,349,1,Macau Peninsula
2026,2,01:00,南西灣及主教山區,Praia Grande & Penha,1169,1,Macau Peninsula
2026,2,01:00,海洋及小潭山區,Jardins do Oceano & Taipa Pequena,512,1,Taipa & Cotai
2026,2,01:00,東望洋區(松山區),Ferreira do Amaral (Guia),458,1,Macau Peninsula
2026,2,01:00,大學及北安灣區,Universidade & Baía de Pac On,244,1,Taipa & Cotai
2026,2,02:00,新橋區,Barca,1433,2,Macau Peninsula
2026,2,02:00,中區,Baixa de Macau,6725,2,Macau Peninsula
2026,2,02:00,氹仔中心區,Baixa da Taipa,4856,2,Taipa & Cotai
2026,2,02:00,台山區,Tamagnini Barbosa,1383,2,Macau Peninsula
2026,2,02:00,黑沙環新填海區,Novos Aterros da Areia Preta,1585,2,Macau Peninsula
2026,2,02:00,望廈及水塘區,Móng Há & Reservatório,890,2,Macau Peninsula
2026,2,02:00,外港及南灣湖新填海區,Novos Aterros do Porto Exterior & Aterros da Baía da Praia Grande,11745,2,Macau Peninsula
2026,2,02:00,路氹填海區,COTAI Reclamation Area,60926,2,Taipa & Cotai
2026,2,02:00,黑沙環及祐漢區,Areia Preta & Iao Hon,1595,2,Macau Peninsula
2026,2,02:00,下環區,Barra/Manduco,3018,2,Macau Peninsula
2026,2,02:00,荷蘭園區,Conselheiro Ferreira de Almeida,1009,2,Macau Peninsula
2026,2,02:00,林茂塘區,Doca do Lamau,592,2,Macau Peninsula
2026,2,02:00,沙梨頭及大三巴區,Patane & São Paulo,3049,2,Macau Peninsula
2026,2,02:00,新口岸區,Zona de Aterros do Porto Exterior,14698,2,Macau Peninsula
2026,2,02:00,高士德及雅廉訪區,Horta e Costa & Ouvidor Arriaga,784,2,Macau Peninsula
2026,2,02:00,筷子基區,Fai Chi Kei,632,2,Macau Peninsula
2026,2,02:00,氹仔舊城及馬場區,Cidade & Hipódromo da Taipa,4124,2,Taipa & Cotai
2026,2,02:00,路環區,Coloane,1798,2,Coloane
2026,2,02:00,北安及大潭山區,Pac On & Taipa Grande,3105,2,Taipa & Cotai
2026,2,02:00,青洲區,Ilha Verde,349,2,Macau Peninsula
2026,2,02:00,南西灣及主教山區,Praia Grande & Penha,1220,2,Macau Peninsula
2026,2,02:00,海洋及小潭山區,Jardins do Oceano & Taipa Pequena,451,2,Taipa & Cotai
2026,2,02:00,東望洋區(松山區),Ferreira do Amaral (Guia),464,2,Macau Peninsula
2026,2,02:00,大學及北安灣區,Universidade & Baía de Pac On,243,2,Taipa & Cotai
2026,2,03:00,新橋區,Barca,1431,3,Macau Peninsula
2026,2,03:00,中區,Baixa de Macau,6462,3,Macau Peninsula
2026,2,03:00,氹仔中心區,Baixa da Taipa,4835,3,Taipa & Cotai
2026,2,03:00,台山區,Tamagnini Barbosa,1349,3,Macau Peninsula
2026,2,03:00,黑沙環新填海區,Novos Aterros da Areia Preta,1573,3,Macau Peninsula
2026,2,03:00,望廈及水塘區,Móng Há & Reservatório,861,3,Macau Peninsula
2026,2,03:00,外港及南灣湖新填海區,Novos Aterros do Porto Exterior & Aterros da Baía da Praia Grande,11248,3,Macau Peninsula
2026,2,03:00,路氹填海區,COTAI Reclamation Area,60529,3,Taipa & Cotai
2026,2,03:00,黑沙環及祐漢區,Areia Preta & Iao Hon,1612,3,Macau Peninsula
2026,2,03:00,下環區,Barra/Manduco,3052,3,Macau Peninsula
2026,2,03:00,荷蘭園區,Conselheiro Ferreira de Almeida,1027,3,Macau Peninsula
2026,2,03:00,林茂塘區,Doca do Lamau,594,3,Macau Peninsula
2026,2,03:00,沙梨頭及大三巴區,Patane & São Paulo,3045,3,Macau Peninsula
2026,2,03:00,新口岸區,Zona de Aterros do Porto Exterior,15084,3,Macau Peninsula
2026,2,03:00,高士德及雅廉訪區,Horta e Costa & Ouvidor Arriaga,813,3,Macau Peninsula
2026,2,03:00,筷子基區,Fai Chi Kei,625,3,Macau Peninsula
2026,2,03:00,氹仔舊城及馬場區,Cidade & Hipódromo da Taipa,4040,3,Taipa & Cotai
2026,2,03:00,路環區,Coloane,1828,3,Coloane
2026,2,03:00,北安及大潭山區,Pac On & Taipa Grande,3069,3,Taipa & Cotai
2026,2,03:00,青洲區,Ilha Verde,338,3,Macau Peninsula
2026,2,03:00,南西灣及主教山區,Praia Grande & Penha,1248,3,Macau Peninsula
2026,2,03:00,海洋及小潭山區,Jardins do Oceano & Taipa Pequena,428,3,Taipa & Cotai
2026,2,03:00,東望洋區(松山區),Ferreira do Amaral (Guia),474,3,Macau Peninsula
2026,2,03:00,大學及北安灣區,Universidade & Baía de Pac On,248,3,Taipa & Cotai
2026,2,04:00,新橋區,Barca,1452,4,Macau Peninsula
2026,2,04:00,中區,Baixa de Macau,6209,4,Macau Peninsula
2026,2,04:00,氹仔中心區,Baixa da Taipa,4788,4,Taipa & Cotai
2026,2,04:00,台山區,Tamagnini Barbosa,1318,4,Macau Peninsula
2026,2,04:00,黑沙環新填海區,Novos Aterros da Areia Preta,1537,4,Macau Peninsula
2026,2,04:00,望廈及水塘區,Móng Há & Reservatório,843,4,Macau Peninsula
2026,2,04:00,外港及南灣湖新填海區,Novos Aterros do Porto Exterior & Aterros da Baía da Praia Grande,10749,4,Macau Peninsula
2026,2,04:00,路氹填海區,COTAI Reclamation Area,59980,4,Taipa & Cotai
2026,2,04:00,黑沙環及祐漢區,Areia Preta & Iao Hon,1622,4,Macau Peninsula
2026,2,04:00,下環區,Barra/Manduco,3048,4,Macau Peninsula
2026,2,04:00,荷蘭園區,Conselheiro Ferreira de Almeida,1032,4,Macau Peninsula
2026,2,04:00,林茂塘區,Doca do Lamau,595,4,Macau Peninsula
2026,2,04:00,沙梨頭及大三巴區,Patane & São Paulo,3036,4,Macau Peninsula
2026,2,04:00,新口岸區,Zona de Aterros do Porto Exterior,15313,4,Macau Peninsula
2026,2,04:00,高士德及雅廉訪區,Horta e Costa & Ouvidor Arriaga,803,4,Macau Peninsula
2026,2,04:00,筷子基區,Fai Chi Kei,615,4,Macau Peninsula
2026,2,04:00,氹仔舊城及馬場區,Cidade & Hipódromo da Taipa,3965,4,Taipa & Cotai
2026,2,04:00,路環區,Coloane,1805,4,Coloane
2026,2,04:00,北安及大潭山區,Pac On & Taipa Grande,3051,4,Taipa & Cotai
2026,2,04:00,青洲區,Ilha Verde,340,4,Macau Peninsula
2026,2,04:00,南西灣及主教山區,Praia Grande & Penha,1259,4,Macau Peninsula
2026,2,04:00,海洋及小潭山區,Jardins do Oceano & Taipa Pequena,415,4,Taipa & Cotai
2026,2,04:00,東望洋區(松山區),Ferreira do Amaral (Guia),478,4,Macau Peninsula
2026,2,04:00,大學及北安灣區,Universidade & Baía de Pac On,247,4,Taipa & Cotai
2026,2,05:00,新橋區,Barca,1487,5,Macau Peninsula
2026,2,05:00,中區,Baixa de Macau,6024,5,Macau Peninsula
2026,2,05:00,氹仔中心區,Baixa da Taipa,4779,5,Taipa & Cotai
2026,2,05:00,台山區,Tamagnini Barbosa,1299,5,Macau Peninsula
2026,2,05:00,黑沙環新填海區,Novos Aterros da Areia Preta,1535,5,Macau Peninsula
2026,2,05:00,望廈及水塘區,Móng Há & Reservatório,844,5,Macau Peninsula
2026,2,05:00,外港及南灣湖新填海區,Novos Aterros do Porto Exterior & Aterros da Baía da Praia Grande,10368,5,Macau Peninsula
2026,2,05:00,路氹填海區,COTAI Reclamation Area,59502,5,Taipa & Cotai
2026,2,05:00,黑沙環及祐漢區,Areia Preta & Iao Hon,1642,5,Macau Peninsula
2026,2,05:00,下環區,Barra/Manduco,3056,5,Macau Peninsula
2026,2,05:00,荷蘭園區,Conselheiro Ferreira de Almeida,1035,5,Macau Peninsula
2026,2,05:00,林茂塘區,Doca do Lamau,598,5,Macau Peninsula
2026,2,05:00,沙梨頭及大三巴區,Patane & São Paulo,3037,5,Macau Peninsula
2026,2,05:00,新口岸區,Zona de Aterros do Porto Exterior,15429,5,Macau Peninsula
2026,2,05:00,高士德及雅廉訪區,Horta e Costa & Ouvidor Arriaga,809,5,Macau Peninsula
2026,2,05:00,筷子基區,Fai Chi Kei,613,5,Macau Peninsula
2026,2,05:00,氹仔舊城及馬場區,Cidade & Hipódromo da Taipa,3883,5,Taipa & Cotai
2026,2,05:00,路環區,Coloane,1792,5,Coloane
2026,2,05:00,北安及大潭山區,Pac On & Taipa Grande,2926,5,Taipa & Cotai
2026,2,05:00,青洲區,Ilha Verde,344,5,Macau Peninsula
2026,2,05:00,南西灣及主教山區,Praia Grande & Penha,1260,5,Macau Peninsula
2026,2,05:00,海洋及小潭山區,Jardins do Oceano & Taipa Pequena,398,5,Taipa & Cotai
2026,2,05:00,東望洋區(松山區),Ferreira do Amaral (Guia),479,5,Macau Peninsula
2026,2,05:00,大學及北安灣區,Universidade & Baía de Pac On,252,5,Taipa & Cotai
2026,2,06:00,新橋區,Barca,1507,6,Macau Peninsula
2026,2,06:00,中區,Baixa de Macau,5901,6,Macau Peninsula
2026,2,06:00,氹仔中心區,Baixa da Taipa,4795,6,Taipa & Cotai
2026,2,06:00,台山區,Tamagnini Barbosa,1341,6,Macau Peninsula
2026,2,06:00,黑沙環新填海區,Novos Aterros da Areia Preta,1531,6,Macau Peninsula
2026,2,06:00,望廈及水塘區,Móng Há & Reservatório,854,6,Macau Peninsula
2026,2,06:00,外港及南灣湖新填海區,Novos Aterros do Porto Exterior & Aterros da Baía da Praia Grande,10134,6,Macau Peninsula
2026,2,06:00,路氹填海區,COTAI Reclamation Area,59243,6,Taipa & Cotai
2026,2,06:00,黑沙環及祐漢區,Areia Preta & Iao Hon,1661,6,Macau Peninsula
2026,2,06:00,下環區,Barra/Manduco,3072,6,Macau Peninsula
2026,2,06:00,荷蘭園區,Conselheiro Ferreira de Almeida,1040,6,Macau Peninsula
2026,2,06:00,林茂塘區,Doca do Lamau,603,6,Macau Peninsula
2026,2,06:00,沙梨頭及大三巴區,Patane & São Paulo,3058,6,Macau Peninsula
2026,2,06:00,新口岸區,Zona de Aterros do Porto Exterior,15500,6,Macau Peninsula
2026,2,06:00,高士德及雅廉訪區,Horta e Costa & Ouvidor Arriaga,805,6,Macau Peninsula
2026,2,06:00,筷子基區,Fai Chi Kei,616,6,Macau Peninsula
2026,2,06:00,氹仔舊城及馬場區,Cidade & Hipódromo da Taipa,3848,6,Taipa & Cotai
2026,2,06:00,路環區,Coloane,1814,6,Coloane
2026,2,06:00,北安及大潭山區,Pac On & Taipa Grande,2914,6,Taipa & Cotai
2026,2,06:00,青洲區,Ilha Verde,346,6,Macau Peninsula
2026,2,06:00,南西灣及主教山區,Praia Grande & Penha,1268,6,Macau Peninsula
2026,2,06:00,海洋及小潭山區,Jardins do Oceano & Taipa Pequena,394,6,Taipa & Cotai
2026,2,06:00,東望洋區(松山區),Ferreira do Amaral (Guia),482,6,Macau Peninsula
2026,2,06:00,大學及北安灣區,Universidade & Baía de Pac On,260,6,Taipa & Cotai
2026,2,07:00,新橋區,Barca,1511,7,Macau Peninsula
2026,2,07:00,中區,Baixa de Macau,5930,7,Macau Peninsula
2026,2,07:00,氹仔中心區,Baixa da Taipa,4833,7,Taipa & Cotai
2026,2,07:00,台山區,Tamagnini Barbosa,1563,7,Macau Peninsula
2026,2,07:00,黑沙環新填海區,Novos Aterros da Areia Preta,1551,7,Macau Peninsula
2026,2,07:00,望廈及水塘區,Móng Há & Reservatório,891,7,Macau Peninsula
2026,2,07:00,外港及南灣湖新填海區,Novos Aterros do Porto Exterior & Aterros da Baía da Praia Grande,10032,7,Macau Peninsula
2026,2,07:00,路氹填海區,COTAI Reclamation Area,59194,7,Taipa & Cotai
2026,2,07:00,黑沙環及祐漢區,Areia Preta & Iao Hon,1917,7,Macau Peninsula
2026,2,07:00,下環區,Barra/Manduco,3040,7,Macau Peninsula
2026,2,07:00,荷蘭園區,Conselheiro Ferreira de Almeida,973,7,Macau Peninsula
2026,2,07:00,林茂塘區,Doca do Lamau,634,7,Macau Peninsula
2026,2,07:00,沙梨頭及大三巴區,Patane & São Paulo,3055,7,Macau Peninsula
2026,2,07:00,新口岸區,Zona de Aterros do Porto Exterior,15661,7,Macau Peninsula
2026,2,07:00,高士德及雅廉訪區,Horta e Costa & Ouvidor Arriaga,849,7,Macau Peninsula
2026,2,07:00,筷子基區,Fai Chi Kei,565,7,Macau Peninsula
2026,2,07:00,氹仔舊城及馬場區,Cidade & Hipódromo da Taipa,3897,7,Taipa & Cotai
2026,2,07:00,路環區,Coloane,1850,7,Coloane
2026,2,07:00,北安及大潭山區,Pac On & Taipa Grande,2972,7,Taipa & Cotai
2026,2,07:00,青洲區,Ilha Verde,376,7,Macau Peninsula
2026,2,07:00,南西灣及主教山區,Praia Grande & Penha,1248,7,Macau Peninsula
2026,2,07:00,海洋及小潭山區,Jardins do Oceano & Taipa Pequena,414,7,Taipa & Cotai
2026,2,07:00,東望洋區(松山區),Ferreira do Amaral (Guia),514,7,Macau Peninsula
2026,2,07:00,大學及北安灣區,Universidade & Baía de Pac On,253,7,Taipa & Cotai
2026,2,08:00,新橋區,Barca,1516,8,Macau Peninsula
2026,2,08:00,中區,Baixa de Macau,6024,8,Macau Peninsula
2026,2,08:00,氹仔中心區,Baixa da Taipa,4931,8,Taipa & Cotai
2026,2,08:00,台山區,Tamagnini Barbosa,1925,8,Macau Peninsula
2026,2,08:00,黑沙環新填海區,Novos Aterros da Areia Preta,1640,8,Macau Peninsula
2026,2,08:00,望廈及水塘區,Móng Há & Reservatório,979,8,Macau Peninsula
2026,2,08:00,外港及南灣湖新填海區,Novos Aterros do Porto Exterior & Aterros da Baía da Praia Grande,10060,8,Macau Peninsula
2026,2,08:00,路氹填海區,COTAI Reclamation Area,59502,8,Taipa & Cotai
2026,2,08:00,黑沙環及祐漢區,Areia Preta & Iao Hon,2673,8,Macau Peninsula
2026,2,08:00,下環區,Barra/Manduco,3034,8,Macau Peninsula
2026,2,08:00,荷蘭園區,Conselheiro Ferreira de Almeida,994,8,Macau Peninsula
2026,2,08:00,林茂塘區,Doca do Lamau,651,8,Macau Peninsula
2026,2,08:00,沙梨頭及大三巴區,Patane & São Paulo,3148,8,Macau Peninsula
2026,2,08:00,新口岸區,Zona de Aterros do Porto Exterior,15936,8,Macau Peninsula
2026,2,08:00,高士德及雅廉訪區,Horta e Costa & Ouvidor Arriaga,877,8,Macau Peninsula
2026,2,08:00,筷子基區,Fai Chi Kei,564,8,Macau Peninsula
2026,2,08:00,氹仔舊城及馬場區,Cidade & Hipódromo da Taipa,3993,8,Taipa & Cotai
2026,2,08:00,路環區,Coloane,1933,8,Coloane
2026,2,08:00,北安及大潭山區,Pac On & Taipa Grande,3151,8,Taipa & Cotai
2026,2,08:00,青洲區,Ilha Verde,412,8,Macau Peninsula
2026,2,08:00,南西灣及主教山區,Praia Grande & Penha,1290,8,Macau Peninsula
2026,2,08:00,海洋及小潭山區,Jardins do Oceano & Taipa Pequena,443,8,Taipa & Cotai
2026,2,08:00,東望洋區(松山區),Ferreira do Amaral (Guia),547,8,Macau Peninsula
2026,2,08:00,大學及北安灣區,Universidade & Baía de Pac On,266,8,Taipa & Cotai
2026,2,09:00,新橋區,Barca,1591,9,Macau Peninsula
2026,2,09:00,中區,Baixa de Macau,6468,9,Macau Peninsula
2026,2,09:00,氹仔中心區,Baixa da Taipa,5068,9,Taipa & Cotai
2026,2,09:00,台山區,Tamagnini Barbosa,2665,9,Macau Peninsula
2026,2,09:00,黑沙環新填海區,Novos Aterros da Areia Preta,1847,9,Macau Peninsula
2026,2,09:00,望廈及水塘區,Móng Há & Reservatório,1129,9,Macau Peninsula
2026,2,09:00,外港及南灣湖新填海區,Novos Aterros do Porto Exterior & Aterros da Baía da Praia Grande,10314,9,Macau Peninsula
2026,2,09:00,路氹填海區,COTAI Reclamation Area,60157,9,Taipa & Cotai
2026,2,09:00,黑沙環及祐漢區,Areia Preta & Iao Hon,4876,9,Macau Peninsula
2026,2,09:00,下環區,Barra/Manduco,3207,9,Macau Peninsula
2026,2,09:00,荷蘭園區,Conselheiro Ferreira de Almeida,1057,9,Macau Peninsula
2026,2,09:00,林茂塘區,Doca do Lamau,669,9,Macau Peninsula
2026,2,09:00,沙梨頭及大三巴區,Patane & São Paulo,3498,9,Macau Peninsula
2026,2,09:00,新口岸區,Zona de Aterros do Porto Exterior,16331,9,Macau Peninsula
2026,2,09:00,高士德及雅廉訪區,Horta e Costa & Ouvidor Arriaga,912,9,Macau Peninsula
2026,2,09:00,筷子基區,Fai Chi Kei,622,9,Macau Peninsula
2026,2,09:00,氹仔舊城及馬場區,Cidade & Hipódromo da Taipa,4252,9,Taipa & Cotai
2026,2,09:00,路環區,Coloane,2159,9,Coloane
2026,2,09:00,北安及大潭山區,Pac On & Taipa Grande,3661,9,Taipa & Cotai
2026,2,09:00,青洲區,Ilha Verde,496,9,Macau Peninsula
2026,2,09:00,南西灣及主教山區,Praia Grande & Penha,1308,9,Macau Peninsula
2026,2,09:00,海洋及小潭山區,Jardins do Oceano & Taipa Pequena,516,9,Taipa & Cotai
2026,2,09:00,東望洋區(松山區),Ferreira do Amaral (Guia),589,9,Macau Peninsula
2026,2,09:00,大學及北安灣區,Universidade & Baía de Pac On,286,9,Taipa & Cotai
2026,2,10:00,新橋區,Barca,1814,10,Macau Peninsula
2026,2,10:00,中區,Baixa de Macau,7912,10,Macau Peninsula
2026,2,10:00,氹仔中心區,Baixa da Taipa,5062,10,Taipa & Cotai
2026,2,10:00,台山區,Tamagnini Barbosa,3721,10,Macau Peninsula
2026,2,10:00,黑沙環新填海區,Novos Aterros da Areia Preta,2350,10,Macau Peninsula
2026,2,10:00,望廈及水塘區,Móng Há & Reservatório,1474,10,Macau Peninsula
2026,2,10:00,外港及南灣湖新填海區,Novos Aterros do Porto Exterior & Aterros da Baía da Praia Grande,10941,10,Macau Peninsula
2026,2,10:00,路氹填海區,COTAI Reclamation Area,61286,10,Taipa & Cotai
2026,2,10:00,黑沙環及祐漢區,Areia Preta & Iao Hon,10199,10,Macau Peninsula
2026,2,10:00,下環區,Barra/Manduco,3317,10,Macau Peninsula
2026,2,10:00,荷蘭園區,Conselheiro Ferreira de Almeida,1351,10,Macau Peninsula
2026,2,10:00,林茂塘區,Doca do Lamau,720,10,Macau Peninsula
2026,2,10:00,沙梨頭及大三巴區,Patane & São Paulo,4595,10,Macau Peninsula
2026,2,10:00,新口岸區,Zona de Aterros do Porto Exterior,16861,10,Macau Peninsula
2026,2,10:00,高士德及雅廉訪區,Horta e Costa & Ouvidor Arriaga,995,10,Macau Peninsula
2026,2,10:00,筷子基區,Fai Chi Kei,683,10,Macau Peninsula
2026,2,10:00,氹仔舊城及馬場區,Cidade & Hipódromo da Taipa,4678,10,Taipa & Cotai
2026,2,10:00,路環區,Coloane,2465,10,Coloane
2026,2,10:00,北安及大潭山區,Pac On & Taipa Grande,5257,10,Taipa & Cotai
2026,2,10:00,青洲區,Ilha Verde,548,10,Macau Peninsula
2026,2,10:00,南西灣及主教山區,Praia Grande & Penha,1313,10,Macau Peninsula
2026,2,10:00,海洋及小潭山區,Jardins do Oceano & Taipa Pequena,605,10,Taipa & Cotai
2026,2,10:00,東望洋區(松山區),Ferreira do Amaral (Guia),679,10,Macau Peninsula
2026,2,10:00,大學及北安灣區,Universidade & Baía de Pac On,349,10,Taipa & Cotai
2026,2,11:00,新橋區,Barca,2303,11,Macau Peninsula
2026,2,11:00,中區,Baixa de Macau,11276,11,Macau Peninsula
2026,2,11:00,氹仔中心區,Baixa da Taipa,4903,11,Taipa & Cotai
2026,2,11:00,台山區,Tamagnini Barbosa,5081,11,Macau Peninsula
2026,2,11:00,黑沙環新填海區,Novos Aterros da Areia Preta,2709,11,Macau Peninsula
2026,2,11:00,望廈及水塘區,Móng Há & Reservatório,1713,11,Macau Peninsula
2026,2,11:00,外港及南灣湖新填海區,Novos Aterros do Porto Exterior & Aterros da Baía da Praia Grande,12302,11,Macau Peninsula
2026,2,11:00,路氹填海區,COTAI Reclamation Area,65067,11,Taipa & Cotai
2026,2,11:00,黑沙環及祐漢區,Areia Preta & Iao Hon,14433,11,Macau Peninsula
2026,2,11:00,下環區,Barra/Manduco,3633,11,Macau Peninsula
2026,2,11:00,荷蘭園區,Conselheiro Ferreira de Almeida,1906,11,Macau Peninsula
2026,2,11:00,林茂塘區,Doca do Lamau,830,11,Macau Peninsula
2026,2,11:00,沙梨頭及大三巴區,Patane & São Paulo,6672,11,Macau Peninsula
2026,2,11:00,新口岸區,Zona de Aterros do Porto Exterior,17110,11,Macau Peninsula
2026,2,11:00,高士德及雅廉訪區,Horta e Costa & Ouvidor Arriaga,1035,11,Macau Peninsula
2026,2,11:00,筷子基區,Fai Chi Kei,741,11,Macau Peninsula
2026,2,11:00,氹仔舊城及馬場區,Cidade & Hipódromo da Taipa,5597,11,Taipa & Cotai
2026,2,11:00,路環區,Coloane,2966,11,Coloane
2026,2,11:00,北安及大潭山區,Pac On & Taipa Grande,7566,11,Taipa & Cotai
2026,2,11:00,青洲區,Ilha Verde,571,11,Macau Peninsula
2026,2,11:00,南西灣及主教山區,Praia Grande & Penha,1325,11,Macau Peninsula
2026,2,11:00,海洋及小潭山區,Jardins do Oceano & Taipa Pequena,776,11,Taipa & Cotai
2026,2,11:00,東望洋區(松山區),Ferreira do Amaral (Guia),742,11,Macau Peninsula
2026,2,11:00,大學及北安灣區,Universidade & Baía de Pac On,381,11,Taipa & Cotai
2026,2,12:00,新橋區,Barca,2934,12,Macau Peninsula
2026,2,12:00,中區,Baixa de Macau,16573,12,Macau Peninsula
2026,2,12:00,氹仔中心區,Baixa da Taipa,4732,12,Taipa & Cotai
2026,2,12:00,台山區,Tamagnini Barbosa,5531,12,Macau Peninsula
2026,2,12:00,黑沙環新填海區,Novos Aterros da Areia Preta,2948,12,Macau Peninsula
2026,2,12:00,望廈及水塘區,Móng Há & Reservatório,1908,12,Macau Peninsula
2026,2,12:00,外港及南灣湖新填海區,Novos Aterros do Porto Exterior & Aterros da Baía da Praia Grande,15090,12,Macau Peninsula
2026,2,12:00,路氹填海區,COTAI Reclamation Area,70407,12,Taipa & Cotai
2026,2,12:00,黑沙環及祐漢區,Areia Preta & Iao Hon,14012,12,Macau Peninsula
2026,2,12:00,下環區,Barra/Manduco,4236,12,Macau Peninsula
2026,2,12:00,荷蘭園區,Conselheiro Ferreira de Almeida,2227,12,Macau Peninsula
2026,2,12:00,林茂塘區,Doca do Lamau,926,12,Macau Peninsula
2026,2,12:00,沙梨頭及大三巴區,Patane & São Paulo,9353,12,Macau Peninsula
2026,2,12:00,新口岸區,Zona de Aterros do Porto Exterior,16551,12,Macau Peninsula
2026,2,12:00,高士德及雅廉訪區,Horta e Costa & Ouvidor Arriaga,1149,12,Macau Peninsula
2026,2,12:00,筷子基區,Fai Chi Kei,842,12,Macau Peninsula
2026,2,12:00,氹仔舊城及馬場區,Cidade & Hipódromo da Taipa,7275,12,Taipa & Cotai
2026,2,12:00,路環區,Coloane,3730,12,Coloane
2026,2,12:00,北安及大潭山區,Pac On & Taipa Grande,9471,12,Taipa & Cotai
2026,2,12:00,青洲區,Ilha Verde,602,12,Macau Peninsula
2026,2,12:00,南西灣及主教山區,Praia Grande & Penha,1447,12,Macau Peninsula
2026,2,12:00,海洋及小潭山區,Jardins do Oceano & Taipa Pequena,982,12,Taipa & Cotai
2026,2,12:00,東望洋區(松山區),Ferreira do Amaral (Guia),825,12,Macau Peninsula
2026,2,12:00,大學及北安灣區,Universidade & Baía de Pac On,404,12,Taipa & Cotai
2026,2,13:00,新橋區,Barca,3118,13,Macau Peninsula
2026,2,13:00,中區,Baixa de Macau,21961,13,Macau Peninsula
2026,2,13:00,氹仔中心區,Baixa da Taipa,4961,13,Taipa & Cotai
2026,2,13:00,台山區,Tamagnini Barbosa,4723,13,Macau Peninsula
2026,2,13:00,黑沙環新填海區,Novos Aterros da Areia Preta,2838,13,Macau Peninsula
2026,2,13:00,望廈及水塘區,Móng Há & Reservatório,2046,13,Macau Peninsula
2026,2,13:00,外港及南灣湖新填海區,Novos Aterros do Porto Exterior & Aterros da Baía da Praia Grande,18536,13,Macau Peninsula
2026,2,13:00,路氹填海區,COTAI Reclamation Area,74691,13,Taipa & Cotai
2026,2,13:00,黑沙環及祐漢區,Areia Preta & Iao Hon,11077,13,Macau Peninsula
2026,2,13:00,下環區,Barra/Manduco,4825,13,Macau Peninsula
2026,2,13:00,荷蘭園區,Conselheiro Ferreira de Almeida,2095,13,Macau Peninsula
2026,2,13:00,林茂塘區,Doca do Lamau,1007,13,Macau Peninsula
2026,2,13:00,沙梨頭及大三巴區,Patane & São Paulo,10543,13,Macau Peninsula
2026,2,13:00,新口岸區,Zona de Aterros do Porto Exterior,17514,13,Macau Peninsula
2026,2,13:00,高士德及雅廉訪區,Horta e Costa & Ouvidor Arriaga,1204,13,Macau Peninsula
2026,2,13:00,筷子基區,Fai Chi Kei,992,13,Macau Peninsula
2026,2,13:00,氹仔舊城及馬場區,Cidade & Hipódromo da Taipa,10119,13,Taipa & Cotai
2026,2,13:00,路環區,Coloane,4252,13,Coloane
2026,2,13:00,北安及大潭山區,Pac On & Taipa Grande,9716,13,Taipa & Cotai
2026,2,13:00,青洲區,Ilha Verde,631,13,Macau Peninsula
2026,2,13:00,南西灣及主教山區,Praia Grande & Penha,1589,13,Macau Peninsula
2026,2,13:00,海洋及小潭山區,Jardins do Oceano & Taipa Pequena,1120,13,Taipa & Cotai
2026,2,13:00,東望洋區(松山區),Ferreira do Amaral (Guia),692,13,Macau Peninsula
2026,2,13:00,大學及北安灣區,Universidade & Baía de Pac On,415,13,Taipa & Cotai
2026,2,14:00,新橋區,Barca,3375,14,Macau Peninsula
2026,2,14:00,中區,Baixa de Macau,25880,14,Macau Peninsula
2026,2,14:00,氹仔中心區,Baixa da Taipa,5197,14,Taipa & Cotai
2026,2,14:00,台山區,Tamagnini Barbosa,3966,14,Macau Peninsula
2026,2,14:00,黑沙環新填海區,Novos Aterros da Areia Preta,2525,14,Macau Peninsula
2026,2,14:00,望廈及水塘區,Móng Há & Reservatório,1870,14,Macau Peninsula
2026,2,14:00,外港及南灣湖新填海區,Novos Aterros do Porto Exterior & Aterros da Baía da Praia Grande,20503,14,Macau Peninsula
2026,2,14:00,路氹填海區,COTAI Reclamation Area,78144,14,Taipa & Cotai
2026,2,14:00,黑沙環及祐漢區,Areia Preta & Iao Hon,9479,14,Macau Peninsula
2026,2,14:00,下環區,Barra/Manduco,5034,14,Macau Peninsula
2026,2,14:00,荷蘭園區,Conselheiro Ferreira de Almeida,2243,14,Macau Peninsula
2026,2,14:00,林茂塘區,Doca do Lamau,960,14,Macau Peninsula
2026,2,14:00,沙梨頭及大三巴區,Patane & São Paulo,11252,14,Macau Peninsula
2026,2,14:00,新口岸區,Zona de Aterros do Porto Exterior,18385,14,Macau Peninsula
2026,2,14:00,高士德及雅廉訪區,Horta e Costa & Ouvidor Arriaga,1186,14,Macau Peninsula
2026,2,14:00,筷子基區,Fai Chi Kei,1035,14,Macau Peninsula
2026,2,14:00,氹仔舊城及馬場區,Cidade & Hipódromo da Taipa,12812,14,Taipa & Cotai
2026,2,14:00,路環區,Coloane,4301,14,Coloane
2026,2,14:00,北安及大潭山區,Pac On & Taipa Grande,9271,14,Taipa & Cotai
2026,2,14:00,青洲區,Ilha Verde,652,14,Macau Peninsula
2026,2,14:00,南西灣及主教山區,Praia Grande & Penha,1581,14,Macau Peninsula
2026,2,14:00,海洋及小潭山區,Jardins do Oceano & Taipa Pequena,1180,14,Taipa & Cotai
2026,2,14:00,東望洋區(松山區),Ferreira do Amaral (Guia),709,14,Macau Peninsula
2026,2,14:00,大學及北安灣區,Universidade & Baía de Pac On,419,14,Taipa & Cotai
2026,2,15:00,新橋區,Barca,3311,15,Macau Peninsula
2026,2,15:00,中區,Baixa de Macau,27645,15,Macau Peninsula
2026,2,15:00,氹仔中心區,Baixa da Taipa,5195,15,Taipa & Cotai
2026,2,15:00,台山區,Tamagnini Barbosa,3696,15,Macau Peninsula
2026,2,15:00,黑沙環新填海區,Novos Aterros da Areia Preta,2422,15,Macau Peninsula
2026,2,15:00,望廈及水塘區,Móng Há & Reservatório,1777,15,Macau Peninsula
2026,2,15:00,外港及南灣湖新填海區,Novos Aterros do Porto Exterior & Aterros da Baía da Praia Grande,22794,15,Macau Peninsula
2026,2,15:00,路氹填海區,COTAI Reclamation Area,83447,15,Taipa & Cotai
2026,2,15:00,黑沙環及祐漢區,Areia Preta & Iao Hon,8267,15,Macau Peninsula
2026,2,15:00,下環區,Barra/Manduco,5031,15,Macau Peninsula
2026,2,15:00,荷蘭園區,Conselheiro Ferreira de Almeida,2391,15,Macau Peninsula
2026,2,15:00,林茂塘區,Doca do Lamau,948,15,Macau Peninsula
2026,2,15:00,沙梨頭及大三巴區,Patane & São Paulo,11515,15,Macau Peninsula
2026,2,15:00,新口岸區,Zona de Aterros do Porto Exterior,16509,15,Macau Peninsula
2026,2,15:00,高士德及雅廉訪區,Horta e Costa & Ouvidor Arriaga,1164,15,Macau Peninsula
2026,2,15:00,筷子基區,Fai Chi Kei,906,15,Macau Peninsula
2026,2,15:00,氹仔舊城及馬場區,Cidade & Hipódromo da Taipa,13922,15,Taipa & Cotai
2026,2,15:00,路環區,Coloane,4561,15,Coloane
2026,2,15:00,北安及大潭山區,Pac On & Taipa Grande,8588,15,Taipa & Cotai
2026,2,15:00,青洲區,Ilha Verde,559,15,Macau Peninsula
2026,2,15:00,南西灣及主教山區,Praia Grande & Penha,1690,15,Macau Peninsula
2026,2,15:00,海洋及小潭山區,Jardins do Oceano & Taipa Pequena,1273,15,Taipa & Cotai
2026,2,15:00,東望洋區(松山區),Ferreira do Amaral (Guia),760,15,Macau Peninsula
2026,2,15:00,大學及北安灣區,Universidade & Baía de Pac On,419,15,Taipa & Cotai
2026,2,16:00,新橋區,Barca,3194,16,Macau Peninsula
2026,2,16:00,中區,Baixa de Macau,27197,16,Macau Peninsula
2026,2,16:00,氹仔中心區,Baixa da Taipa,5132,16,Taipa & Cotai
2026,2,16:00,台山區,Tamagnini Barbosa,3531,16,Macau Peninsula
2026,2,16:00,黑沙環新填海區,Novos Aterros da Areia Preta,2231,16,Macau Peninsula
2026,2,16:00,望廈及水塘區,Móng Há & Reservatório,1669,16,Macau Peninsula
2026,2,16:00,外港及南灣湖新填海區,Novos Aterros do Porto Exterior & Aterros da Baía da Praia Grande,23103,16,Macau Peninsula
2026,2,16:00,路氹填海區,COTAI Reclamation Area,90081,16,Taipa & Cotai
2026,2,16:00,黑沙環及祐漢區,Areia Preta & Iao Hon,7685,16,Macau Peninsula
2026,2,16:00,下環區,Barra/Manduco,4616,16,Macau Peninsula
2026,2,16:00,荷蘭園區,Conselheiro Ferreira de Almeida,2330,16,Macau Peninsula
2026,2,16:00,林茂塘區,Doca do Lamau,960,16,Macau Peninsula
2026,2,16:00,沙梨頭及大三巴區,Patane & São Paulo,10903,16,Macau Peninsula
2026,2,16:00,新口岸區,Zona de Aterros do Porto Exterior,15533,16,Macau Peninsula
2026,2,16:00,高士德及雅廉訪區,Horta e Costa & Ouvidor Arriaga,1086,16,Macau Peninsula
2026,2,16:00,筷子基區,Fai Chi Kei,809,16,Macau Peninsula
2026,2,16:00,氹仔舊城及馬場區,Cidade & Hipódromo da Taipa,13368,16,Taipa & Cotai
2026,2,16:00,路環區,Coloane,4714,16,Coloane
2026,2,16:00,北安及大潭山區,Pac On & Taipa Grande,9117,16,Taipa & Cotai
2026,2,16:00,青洲區,Ilha Verde,540,16,Macau Peninsula
2026,2,16:00,南西灣及主教山區,Praia Grande & Penha,1721,16,Macau Peninsula
2026,2,16:00,海洋及小潭山區,Jardins do Oceano & Taipa Pequena,1281,16,Taipa & Cotai
2026,2,16:00,東望洋區(松山區),Ferreira do Amaral (Guia),793,16,Macau Peninsula
2026,2,16:00,大學及北安灣區,Universidade & Baía de Pac On,405,16,Taipa & Cotai
2026,2,17:00,新橋區,Barca,2961,17,Macau Peninsula
2026,2,17:00,中區,Baixa de Macau,24910,17,Macau Peninsula
2026,2,17:00,氹仔中心區,Baixa da Taipa,4913,17,Taipa & Cotai
2026,2,17:00,台山區,Tamagnini Barbosa,3652,17,Macau Peninsula
2026,2,17:00,黑沙環新填海區,Novos Aterros da Areia Preta,2172,17,Macau Peninsula
2026,2,17:00,望廈及水塘區,Móng Há & Reservatório,1597,17,Macau Peninsula
2026,2,17:00,外港及南灣湖新填海區,Novos Aterros do Porto Exterior & Aterros da Baía da Praia Grande,22286,17,Macau Peninsula
2026,2,17:00,路氹填海區,COTAI Reclamation Area,95164,17,Taipa & Cotai
2026,2,17:00,黑沙環及祐漢區,Areia Preta & Iao Hon,7605,17,Macau Peninsula
2026,2,17:00,下環區,Barra/Manduco,4287,17,Macau Peninsula
2026,2,17:00,荷蘭園區,Conselheiro Ferreira de Almeida,2078,17,Macau Peninsula
2026,2,17:00,林茂塘區,Doca do Lamau,1002,17,Macau Peninsula
2026,2,17:00,沙梨頭及大三巴區,Patane & São Paulo,9935,17,Macau Peninsula
2026,2,17:00,新口岸區,Zona de Aterros do Porto Exterior,15180,17,Macau Peninsula
2026,2,17:00,高士德及雅廉訪區,Horta e Costa & Ouvidor Arriaga,1060,17,Macau Peninsula
2026,2,17:00,筷子基區,Fai Chi Kei,858,17,Macau Peninsula
2026,2,17:00,氹仔舊城及馬場區,Cidade & Hipódromo da Taipa,12109,17,Taipa & Cotai
2026,2,17:00,路環區,Coloane,4384,17,Coloane
2026,2,17:00,北安及大潭山區,Pac On & Taipa Grande,9649,17,Taipa & Cotai
2026,2,17:00,青洲區,Ilha Verde,552,17,Macau Peninsula
2026,2,17:00,南西灣及主教山區,Praia Grande & Penha,1659,17,Macau Peninsula
2026,2,17:00,海洋及小潭山區,Jardins do Oceano & Taipa Pequena,1256,17,Taipa & Cotai
2026,2,17:00,東望洋區(松山區),Ferreira do Amaral (Guia),754,17,Macau Peninsula
2026,2,17:00,大學及北安灣區,Universidade & Baía de Pac On,398,17,Taipa & Cotai
2026,2,18:00,新橋區,Barca,2599,18,Macau Peninsula
2026,2,18:00,中區,Baixa de Macau,21524,18,Macau Peninsula
2026,2,18:00,氹仔中心區,Baixa da Taipa,4850,18,Taipa & Cotai
2026,2,18:00,台山區,Tamagnini Barbosa,3913,18,Macau Peninsula
2026,2,18:00,黑沙環新填海區,Novos Aterros da Areia Preta,2313,18,Macau Peninsula
2026,2,18:00,望廈及水塘區,Móng Há & Reservatório,1602,18,Macau Peninsula
2026,2,18:00,外港及南灣湖新填海區,Novos Aterros do Porto Exterior & Aterros da Baía da Praia Grande,21049,18,Macau Peninsula
2026,2,18:00,路氹填海區,COTAI Reclamation Area,95027,18,Taipa & Cotai
2026,2,18:00,黑沙環及祐漢區,Areia Preta & Iao Hon,7699,18,Macau Peninsula
2026,2,18:00,下環區,Barra/Manduco,3977,18,Macau Peninsula
2026,2,18:00,荷蘭園區,Conselheiro Ferreira de Almeida,1738,18,Macau Peninsula
2026,2,18:00,林茂塘區,Doca do Lamau,1053,18,Macau Peninsula
2026,2,18:00,沙梨頭及大三巴區,Patane & São Paulo,8238,18,Macau Peninsula
2026,2,18:00,新口岸區,Zona de Aterros do Porto Exterior,14818,18,Macau Peninsula
2026,2,18:00,高士德及雅廉訪區,Horta e Costa & Ouvidor Arriaga,1039,18,Macau Peninsula
2026,2,18:00,筷子基區,Fai Chi Kei,819,18,Macau Peninsula
2026,2,18:00,氹仔舊城及馬場區,Cidade & Hipódromo da Taipa,11238,18,Taipa & Cotai
2026,2,18:00,路環區,Coloane,3789,18,Coloane
2026,2,18:00,北安及大潭山區,Pac On & Taipa Grande,9780,18,Taipa & Cotai
2026,2,18:00,青洲區,Ilha Verde,571,18,Macau Peninsula
2026,2,18:00,南西灣及主教山區,Praia Grande & Penha,1569,18,Macau Peninsula
2026,2,18:00,海洋及小潭山區,Jardins do Oceano & Taipa Pequena,1181,18,Taipa & Cotai
2026,2,18:00,東望洋區(松山區),Ferreira do Amaral (Guia),642,18,Macau Peninsula
2026,2,18:00,大學及北安灣區,Universidade & Baía de Pac On,381,18,Taipa & Cotai
2026,2,19:00,新橋區,Barca,2214,19,Macau Peninsula
2026,2,19:00,中區,Baixa de Macau,18207,19,Macau Peninsula
2026,2,19:00,氹仔中心區,Baixa da Taipa,5182,19,Taipa & Cotai
2026,2,19:00,台山區,Tamagnini Barbosa,4176,19,Macau Peninsula
2026,2,19:00,黑沙環新填海區,Novos Aterros da Areia Preta,2461,19,Macau Peninsula
2026,2,19:00,望廈及水塘區,Móng Há & Reservatório,1612,19,Macau Peninsula
2026,2,19:00,外港及南灣湖新填海區,Novos Aterros do Porto Exterior & Aterros da Baía da Praia Grande,19111,19,Macau Peninsula
2026,2,19:00,路氹填海區,COTAI Reclamation Area,92014,19,Taipa & Cotai
2026,2,19:00,黑沙環及祐漢區,Areia Preta & Iao Hon,7956,19,Macau Peninsula
2026,2,19:00,下環區,Barra/Manduco,4009,19,Macau Peninsula
2026,2,19:00,荷蘭園區,Conselheiro Ferreira de Almeida,1539,19,Macau Peninsula
2026,2,19:00,林茂塘區,Doca do Lamau,1059,19,Macau Peninsula
2026,2,19:00,沙梨頭及大三巴區,Patane & São Paulo,6435,19,Macau Peninsula
2026,2,19:00,新口岸區,Zona de Aterros do Porto Exterior,14602,19,Macau Peninsula
2026,2,19:00,高士德及雅廉訪區,Horta e Costa & Ouvidor Arriaga,1014,19,Macau Peninsula
2026,2,19:00,筷子基區,Fai Chi Kei,867,19,Macau Peninsula
2026,2,19:00,氹仔舊城及馬場區,Cidade & Hipódromo da Taipa,11290,19,Taipa & Cotai
2026,2,19:00,路環區,Coloane,3241,19,Coloane
2026,2,19:00,北安及大潭山區,Pac On & Taipa Grande,9307,19,Taipa & Cotai
2026,2,19:00,青洲區,Ilha Verde,618,19,Macau Peninsula
2026,2,19:00,南西灣及主教山區,Praia Grande & Penha,1413,19,Macau Peninsula
2026,2,19:00,海洋及小潭山區,Jardins do Oceano & Taipa Pequena,1130,19,Taipa & Cotai
2026,2,19:00,東望洋區(松山區),Ferreira do Amaral (Guia),567,19,Macau Peninsula
2026,2,19:00,大學及北安灣區,Universidade & Baía de Pac On,384,19,Taipa & Cotai
2026,2,20:00,新橋區,Barca,1832,20,Macau Peninsula
2026,2,20:00,中區,Baixa de Macau,15185,20,Macau Peninsula
2026,2,20:00,氹仔中心區,Baixa da Taipa,5734,20,Taipa & Cotai
2026,2,20:00,台山區,Tamagnini Barbosa,3837,20,Macau Peninsula
2026,2,20:00,黑沙環新填海區,Novos Aterros da Areia Preta,2644,20,Macau Peninsula
2026,2,20:00,望廈及水塘區,Móng Há & Reservatório,1617,20,Macau Peninsula
2026,2,20:00,外港及南灣湖新填海區,Novos Aterros do Porto Exterior & Aterros da Baía da Praia Grande,17425,20,Macau Peninsula
2026,2,20:00,路氹填海區,COTAI Reclamation Area,86271,20,Taipa & Cotai
2026,2,20:00,黑沙環及祐漢區,Areia Preta & Iao Hon,7684,20,Macau Peninsula
2026,2,20:00,下環區,Barra/Manduco,3989,20,Macau Peninsula
2026,2,20:00,荷蘭園區,Conselheiro Ferreira de Almeida,1318,20,Macau Peninsula
2026,2,20:00,林茂塘區,Doca do Lamau,1031,20,Macau Peninsula
2026,2,20:00,沙梨頭及大三巴區,Patane & São Paulo,4847,20,Macau Peninsula
2026,2,20:00,新口岸區,Zona de Aterros do Porto Exterior,14748,20,Macau Peninsula
2026,2,20:00,高士德及雅廉訪區,Horta e Costa & Ouvidor Arriaga,1005,20,Macau Peninsula
2026,2,20:00,筷子基區,Fai Chi Kei,924,20,Macau Peninsula
2026,2,20:00,氹仔舊城及馬場區,Cidade & Hipódromo da Taipa,11362,20,Taipa & Cotai
2026,2,20:00,路環區,Coloane,2690,20,Coloane
2026,2,20:00,北安及大潭山區,Pac On & Taipa Grande,9322,20,Taipa & Cotai
2026,2,20:00,青洲區,Ilha Verde,603,20,Macau Peninsula
2026,2,20:00,南西灣及主教山區,Praia Grande & Penha,1240,20,Macau Peninsula
2026,2,20:00,海洋及小潭山區,Jardins do Oceano & Taipa Pequena,1047,20,Taipa & Cotai
2026,2,20:00,東望洋區(松山區),Ferreira do Amaral (Guia),478,20,Macau Peninsula
2026,2,20:00,大學及北安灣區,Universidade & Baía de Pac On,372,20,Taipa & Cotai
2026,2,21:00,新橋區,Barca,1673,21,Macau Peninsula
2026,2,21:00,中區,Baixa de Macau,12304,21,Macau Peninsula
2026,2,21:00,氹仔中心區,Baixa da Taipa,5808,21,Taipa & Cotai
2026,2,21:00,台山區,Tamagnini Barbosa,3669,21,Macau Peninsula
2026,2,21:00,黑沙環新填海區,Novos Aterros da Areia Preta,2595,21,Macau Peninsula
2026,2,21:00,望廈及水塘區,Móng Há & Reservatório,1457,21,Macau Peninsula
2026,2,21:00,外港及南灣湖新填海區,Novos Aterros do Porto Exterior & Aterros da Baía da Praia Grande,16554,21,Macau Peninsula
2026,2,21:00,路氹填海區,COTAI Reclamation Area,80407,21,Taipa & Cotai
2026,2,21:00,黑沙環及祐漢區,Areia Preta & Iao Hon,7814,21,Macau Peninsula
2026,2,21:00,下環區,Barra/Manduco,3785,21,Macau Peninsula
2026,2,21:00,荷蘭園區,Conselheiro Ferreira de Almeida,1117,21,Macau Peninsula
2026,2,21:00,林茂塘區,Doca do Lamau,964,21,Macau Peninsula
2026,2,21:00,沙梨頭及大三巴區,Patane & São Paulo,3801,21,Macau Peninsula
2026,2,21:00,新口岸區,Zona de Aterros do Porto Exterior,14183,21,Macau Peninsula
2026,2,21:00,高士德及雅廉訪區,Horta e Costa & Ouvidor Arriaga,930,21,Macau Peninsula
2026,2,21:00,筷子基區,Fai Chi Kei,916,21,Macau Peninsula
2026,2,21:00,氹仔舊城及馬場區,Cidade & Hipódromo da Taipa,9892,21,Taipa & Cotai
2026,2,21:00,路環區,Coloane,2392,21,Coloane
2026,2,21:00,北安及大潭山區,Pac On & Taipa Grande,8430,21,Taipa & Cotai
2026,2,21:00,青洲區,Ilha Verde,605,21,Macau Peninsula
2026,2,21:00,南西灣及主教山區,Praia Grande & Penha,1065,21,Macau Peninsula
2026,2,21:00,海洋及小潭山區,Jardins do Oceano & Taipa Pequena,960,21,Taipa & Cotai
2026,2,21:00,東望洋區(松山區),Ferreira do Amaral (Guia),421,21,Macau Peninsula
2026,2,21:00,大學及北安灣區,Universidade & Baía de Pac On,363,21,Taipa & Cotai
2026,2,22:00,新橋區,Barca,1575,22,Macau Peninsula
2026,2,22:00,中區,Baixa de Macau,10251,22,Macau Peninsula
2026,2,22:00,氹仔中心區,Baixa da Taipa,5365,22,Taipa & Cotai
2026,2,22:00,台山區,Tamagnini Barbosa,2996,22,Macau Peninsula
2026,2,22:00,黑沙環新填海區,Novos Aterros da Areia Preta,2317,22,Macau Peninsula
2026,2,22:00,望廈及水塘區,Móng Há & Reservatório,1352,22,Macau Peninsula
2026,2,22:00,外港及南灣湖新填海區,Novos Aterros do Porto Exterior & Aterros da Baía da Praia Grande,16403,22,Macau Peninsula
2026,2,22:00,路氹填海區,COTAI Reclamation Area,75748,22,Taipa & Cotai
2026,2,22:00,黑沙環及祐漢區,Areia Preta & Iao Hon,6285,22,Macau Peninsula
2026,2,22:00,下環區,Barra/Manduco,3338,22,Macau Peninsula
2026,2,22:00,荷蘭園區,Conselheiro Ferreira de Almeida,1024,22,Macau Peninsula
2026,2,22:00,林茂塘區,Doca do Lamau,871,22,Macau Peninsula
2026,2,22:00,沙梨頭及大三巴區,Patane & São Paulo,3289,22,Macau Peninsula
2026,2,22:00,新口岸區,Zona de Aterros do Porto Exterior,13641,22,Macau Peninsula
2026,2,22:00,高士德及雅廉訪區,Horta e Costa & Ouvidor Arriaga,865,22,Macau Peninsula
2026,2,22:00,筷子基區,Fai Chi Kei,845,22,Macau Peninsula
2026,2,22:00,氹仔舊城及馬場區,Cidade & Hipódromo da Taipa,7575,22,Taipa & Cotai
2026,2,22:00,路環區,Coloane,2187,22,Coloane
2026,2,22:00,北安及大潭山區,Pac On & Taipa Grande,6633,22,Taipa & Cotai
2026,2,22:00,青洲區,Ilha Verde,557,22,Macau Peninsula
2026,2,22:00,南西灣及主教山區,Praia Grande & Penha,1138,22,Macau Peninsula
2026,2,22:00,海洋及小潭山區,Jardins do Oceano & Taipa Pequena,956,22,Taipa & Cotai
2026,2,22:00,東望洋區(松山區),Ferreira do Amaral (Guia),438,22,Macau Peninsula
2026,2,22:00,大學及北安灣區,Universidade & Baía de Pac On,339,22,Taipa & Cotai
2026,2,23:00,新橋區,Barca,1538,23,Macau Peninsula
2026,2,23:00,中區,Baixa de Macau,8689,23,Macau Peninsula
2026,2,23:00,氹仔中心區,Baixa da Taipa,5189,23,Taipa & Cotai
2026,2,23:00,台山區,Tamagnini Barbosa,2355,23,Macau Peninsula
2026,2,23:00,黑沙環新填海區,Novos Aterros da Areia Preta,2120,23,Macau Peninsula
2026,2,23:00,望廈及水塘區,Móng Há & Reservatório,1205,23,Macau Peninsula
2026,2,23:00,外港及南灣湖新填海區,Novos Aterros do Porto Exterior & Aterros da Baía da Praia Grande,15494,23,Macau Peninsula
2026,2,23:00,路氹填海區,COTAI Reclamation Area,70814,23,Taipa & Cotai
2026,2,23:00,黑沙環及祐漢區,Areia Preta & Iao Hon,4487,23,Macau Peninsula
2026,2,23:00,下環區,Barra/Manduco,3089,23,Macau Peninsula
2026,2,23:00,荷蘭園區,Conselheiro Ferreira de Almeida,981,23,Macau Peninsula
2026,2,23:00,林茂塘區,Doca do Lamau,804,23,Macau Peninsula
2026,2,23:00,沙梨頭及大三巴區,Patane & São Paulo,3074,23,Macau Peninsula
2026,2,23:00,新口岸區,Zona de Aterros do Porto Exterior,13583,23,Macau Peninsula
2026,2,23:00,高士德及雅廉訪區,Horta e Costa & Ouvidor Arriaga,840,23,Macau Peninsula
2026,2,23:00,筷子基區,Fai Chi Kei,758,23,Macau Peninsula
2026,2,23:00,氹仔舊城及馬場區,Cidade & Hipódromo da Taipa,5710,23,Taipa & Cotai
2026,2,23:00,路環區,Coloane,2129,23,Coloane
2026,2,23:00,北安及大潭山區,Pac On & Taipa Grande,5170,23,Taipa & Cotai
2026,2,23:00,青洲區,Ilha Verde,501,23,Macau Peninsula
2026,2,23:00,南西灣及主教山區,Praia Grande & Penha,1234,23,Macau Peninsula
2026,2,23:00,海洋及小潭山區,Jardins do Oceano & Taipa Pequena,942,23,Taipa & Cotai
2026,2,23:00,東望洋區(松山區),Ferreira do Amaral (Guia),477,23,Macau Peninsula
2026,2,23:00,大學及北安灣區,Universidade & Baía de Pac On,309,23,Taipa & Cotai
2026,1,00:00,新橋區,Barca,1508,0,Macau Peninsula
2026,1,00:00,中區,Baixa de Macau,7047,0,Macau Peninsula
2026,1,00:00,氹仔中心區,Baixa da Taipa,4539,0,Taipa & Cotai
2026,1,00:00,台山區,Tamagnini Barbosa,1792,0,Macau Peninsula
2026,1,00:00,黑沙環新填海區,Novos Aterros da Areia Preta,1811,0,Macau Peninsula
2026,1,00:00,望廈及水塘區,Móng Há & Reservatório,1091,0,Macau Peninsula
2026,1,00:00,外港及南灣湖新填海區,Novos Aterros do Porto Exterior & Aterros da Baía da Praia Grande,13179,0,Macau Peninsula
2026,1,00:00,路氹填海區,COTAI Reclamation Area,63530,0,Taipa & Cotai
2026,1,00:00,黑沙環及祐漢區,Areia Preta & Iao Hon,2589,0,Macau Peninsula
2026,1,00:00,下環區,Barra/Manduco,2878,0,Macau Peninsula
2026,1,00:00,荷蘭園區,Conselheiro Ferreira de Almeida,891,0,Macau Peninsula
2026,1,00:00,林茂塘區,Doca do Lamau,691,0,Macau Peninsula
2026,1,00:00,沙梨頭及大三巴區,Patane & São Paulo,2722,0,Macau Peninsula
2026,1,00:00,新口岸區,Zona de Aterros do Porto Exterior,11689,0,Macau Peninsula
2026,1,00:00,高士德及雅廉訪區,Horta e Costa & Ouvidor Arriaga,748,0,Macau Peninsula
2026,1,00:00,筷子基區,Fai Chi Kei,662,0,Macau Peninsula
2026,1,00:00,氹仔舊城及馬場區,Cidade & Hipódromo da Taipa,3803,0,Taipa & Cotai
2026,1,00:00,路環區,Coloane,2315,0,Coloane
2026,1,00:00,北安及大潭山區,Pac On & Taipa Grande,3719,0,Taipa & Cotai
2026,1,00:00,青洲區,Ilha Verde,463,0,Macau Peninsula
2026,1,00:00,南西灣及主教山區,Praia Grande & Penha,972,0,Macau Peninsula
2026,1,00:00,海洋及小潭山區,Jardins do Oceano & Taipa Pequena,628,0,Taipa & Cotai
2026,1,00:00,東望洋區(松山區),Ferreira do Amaral (Guia),369,0,Macau Peninsula
2026,1,00:00,大學及北安灣區,Universidade & Baía de Pac On,548,0,Taipa & Cotai
2026,1,01:00,新橋區,Barca,1330,1,Macau Peninsula
2026,1,01:00,中區,Baixa de Macau,6345,1,Macau Peninsula
2026,1,01:00,氹仔中心區,Baixa da Taipa,4257,1,Taipa & Cotai
2026,1,01:00,台山區,Tamagnini Barbosa,1507,1,Macau Peninsula
2026,1,01:00,黑沙環新填海區,Novos Aterros da Areia Preta,1493,1,Macau Peninsula
2026,1,01:00,望廈及水塘區,Móng Há & Reservatório,888,1,Macau Peninsula
2026,1,01:00,外港及南灣湖新填海區,Novos Aterros do Porto Exterior & Aterros da Baía da Praia Grande,12003,1,Macau Peninsula
2026,1,01:00,路氹填海區,COTAI Reclamation Area,60205,1,Taipa & Cotai
2026,1,01:00,黑沙環及祐漢區,Areia Preta & Iao Hon,1670,1,Macau Peninsula
2026,1,01:00,下環區,Barra/Manduco,2736,1,Macau Peninsula
2026,1,01:00,荷蘭園區,Conselheiro Ferreira de Almeida,791,1,Macau Peninsula
2026,1,01:00,林茂塘區,Doca do Lamau,553,1,Macau Peninsula
2026,1,01:00,沙梨頭及大三巴區,Patane & São Paulo,2630,1,Macau Peninsula
2026,1,01:00,新口岸區,Zona de Aterros do Porto Exterior,11699,1,Macau Peninsula
2026,1,01:00,高士德及雅廉訪區,Horta e Costa & Ouvidor Arriaga,660,1,Macau Peninsula
2026,1,01:00,筷子基區,Fai Chi Kei,554,1,Macau Peninsula
2026,1,01:00,氹仔舊城及馬場區,Cidade & Hipódromo da Taipa,3401,1,Taipa & Cotai
2026,1,01:00,路環區,Coloane,2334,1,Coloane
2026,1,01:00,北安及大潭山區,Pac On & Taipa Grande,3117,1,Taipa & Cotai
2026,1,01:00,青洲區,Ilha Verde,366,1,Macau Peninsula
2026,1,01:00,南西灣及主教山區,Praia Grande & Penha,952,1,Macau Peninsula
2026,1,01:00,海洋及小潭山區,Jardins do Oceano & Taipa Pequena,495,1,Taipa & Cotai
2026,1,01:00,東望洋區(松山區),Ferreira do Amaral (Guia),354,1,Macau Peninsula
2026,1,01:00,大學及北安灣區,Universidade & Baía de Pac On,496,1,Taipa & Cotai
2026,1,02:00,新橋區,Barca,1370,2,Macau Peninsula
2026,1,02:00,中區,Baixa de Macau,6164,2,Macau Peninsula
2026,1,02:00,氹仔中心區,Baixa da Taipa,4367,2,Taipa & Cotai
2026,1,02:00,台山區,Tamagnini Barbosa,1453,2,Macau Peninsula
2026,1,02:00,黑沙環新填海區,Novos Aterros da Areia Preta,1475,2,Macau Peninsula
2026,1,02:00,望廈及水塘區,Móng Há & Reservatório,857,2,Macau Peninsula
2026,1,02:00,外港及南灣湖新填海區,Novos Aterros do Porto Exterior & Aterros da Baía da Praia Grande,11464,2,Macau Peninsula
2026,1,02:00,路氹填海區,COTAI Reclamation Area,59642,2,Taipa & Cotai
2026,1,02:00,黑沙環及祐漢區,Areia Preta & Iao Hon,1539,2,Macau Peninsula
2026,1,02:00,下環區,Barra/Manduco,2803,2,Macau Peninsula
2026,1,02:00,荷蘭園區,Conselheiro Ferreira de Almeida,750,2,Macau Peninsula
2026,1,02:00,林茂塘區,Doca do Lamau,561,2,Macau Peninsula
2026,1,02:00,沙梨頭及大三巴區,Patane & São Paulo,2705,2,Macau Peninsula
2026,1,02:00,新口岸區,Zona de Aterros do Porto Exterior,12182,2,Macau Peninsula
2026,1,02:00,高士德及雅廉訪區,Horta e Costa & Ouvidor Arriaga,690,2,Macau Peninsula
2026,1,02:00,筷子基區,Fai Chi Kei,545,2,Macau Peninsula
2026,1,02:00,氹仔舊城及馬場區,Cidade & Hipódromo da Taipa,3524,2,Taipa & Cotai
2026,1,02:00,路環區,Coloane,2124,2,Coloane
2026,1,02:00,北安及大潭山區,Pac On & Taipa Grande,3140,2,Taipa & Cotai
2026,1,02:00,青洲區,Ilha Verde,374,2,Macau Peninsula
2026,1,02:00,南西灣及主教山區,Praia Grande & Penha,999,2,Macau Peninsula
2026,1,02:00,海洋及小潭山區,Jardins do Oceano & Taipa Pequena,455,2,Taipa & Cotai
2026,1,02:00,東望洋區(松山區),Ferreira do Amaral (Guia),392,2,Macau Peninsula
2026,1,02:00,大學及北安灣區,Universidade & Baía de Pac On,486,2,Taipa & Cotai
2026,1,03:00,新橋區,Barca,1389,3,Macau Peninsula
2026,1,03:00,中區,Baixa de Macau,5987,3,Macau Peninsula
2026,1,03:00,氹仔中心區,Baixa da Taipa,4457,3,Taipa & Cotai
2026,1,03:00,台山區,Tamagnini Barbosa,1467,3,Macau Peninsula
2026,1,03:00,黑沙環新填海區,Novos Aterros da Areia Preta,1494,3,Macau Peninsula
2026,1,03:00,望廈及水塘區,Móng Há & Reservatório,834,3,Macau Peninsula
2026,1,03:00,外港及南灣湖新填海區,Novos Aterros do Porto Exterior & Aterros da Baía da Praia Grande,11056,3,Macau Peninsula
2026,1,03:00,路氹填海區,COTAI Reclamation Area,58571,3,Taipa & Cotai
2026,1,03:00,黑沙環及祐漢區,Areia Preta & Iao Hon,1604,3,Macau Peninsula
2026,1,03:00,下環區,Barra/Manduco,2868,3,Macau Peninsula
2026,1,03:00,荷蘭園區,Conselheiro Ferreira de Almeida,757,3,Macau Peninsula
2026,1,03:00,林茂塘區,Doca do Lamau,563,3,Macau Peninsula
2026,1,03:00,沙梨頭及大三巴區,Patane & São Paulo,2696,3,Macau Peninsula
2026,1,03:00,新口岸區,Zona de Aterros do Porto Exterior,12728,3,Macau Peninsula
2026,1,03:00,高士德及雅廉訪區,Horta e Costa & Ouvidor Arriaga,704,3,Macau Peninsula
2026,1,03:00,筷子基區,Fai Chi Kei,534,3,Macau Peninsula
2026,1,03:00,氹仔舊城及馬場區,Cidade & Hipódromo da Taipa,3527,3,Taipa & Cotai
2026,1,03:00,路環區,Coloane,2178,3,Coloane
2026,1,03:00,北安及大潭山區,Pac On & Taipa Grande,3107,3,Taipa & Cotai
2026,1,03:00,青洲區,Ilha Verde,389,3,Macau Peninsula
2026,1,03:00,南西灣及主教山區,Praia Grande & Penha,1051,3,Macau Peninsula
2026,1,03:00,海洋及小潭山區,Jardins do Oceano & Taipa Pequena,443,3,Taipa & Cotai
2026,1,03:00,東望洋區(松山區),Ferreira do Amaral (Guia),400,3,Macau Peninsula
2026,1,03:00,大學及北安灣區,Universidade & Baía de Pac On,493,3,Taipa & Cotai
2026,1,04:00,新橋區,Barca,1404,4,Macau Peninsula
2026,1,04:00,中區,Baixa de Macau,5795,4,Macau Peninsula
2026,1,04:00,氹仔中心區,Baixa da Taipa,4398,4,Taipa & Cotai
2026,1,04:00,台山區,Tamagnini Barbosa,1474,4,Macau Peninsula
2026,1,04:00,黑沙環新填海區,Novos Aterros da Areia Preta,1471,4,Macau Peninsula
2026,1,04:00,望廈及水塘區,Móng Há & Reservatório,811,4,Macau Peninsula
2026,1,04:00,外港及南灣湖新填海區,Novos Aterros do Porto Exterior & Aterros da Baía da Praia Grande,10582,4,Macau Peninsula
2026,1,04:00,路氹填海區,COTAI Reclamation Area,57563,4,Taipa & Cotai
2026,1,04:00,黑沙環及祐漢區,Areia Preta & Iao Hon,1641,4,Macau Peninsula
2026,1,04:00,下環區,Barra/Manduco,2915,4,Macau Peninsula
2026,1,04:00,荷蘭園區,Conselheiro Ferreira de Almeida,766,4,Macau Peninsula
2026,1,04:00,林茂塘區,Doca do Lamau,560,4,Macau Peninsula
2026,1,04:00,沙梨頭及大三巴區,Patane & São Paulo,2698,4,Macau Peninsula
2026,1,04:00,新口岸區,Zona de Aterros do Porto Exterior,13061,4,Macau Peninsula
2026,1,04:00,高士德及雅廉訪區,Horta e Costa & Ouvidor Arriaga,726,4,Macau Peninsula
2026,1,04:00,筷子基區,Fai Chi Kei,531,4,Macau Peninsula
2026,1,04:00,氹仔舊城及馬場區,Cidade & Hipódromo da Taipa,3378,4,Taipa & Cotai
2026,1,04:00,路環區,Coloane,2122,4,Coloane
2026,1,04:00,北安及大潭山區,Pac On & Taipa Grande,3054,4,Taipa & Cotai
2026,1,04:00,青洲區,Ilha Verde,440,4,Macau Peninsula
2026,1,04:00,南西灣及主教山區,Praia Grande & Penha,1080,4,Macau Peninsula
2026,1,04:00,海洋及小潭山區,Jardins do Oceano & Taipa Pequena,415,4,Taipa & Cotai
2026,1,04:00,東望洋區(松山區),Ferreira do Amaral (Guia),415,4,Macau Peninsula
2026,1,04:00,大學及北安灣區,Universidade & Baía de Pac On,497,4,Taipa & Cotai
2026,1,05:00,新橋區,Barca,1414,5,Macau Peninsula
2026,1,05:00,中區,Baixa de Macau,5649,5,Macau Peninsula
2026,1,05:00,氹仔中心區,Baixa da Taipa,4406,5,Taipa & Cotai
2026,1,05:00,台山區,Tamagnini Barbosa,1407,5,Macau Peninsula
2026,1,05:00,黑沙環新填海區,Novos Aterros da Areia Preta,1460,5,Macau Peninsula
2026,1,05:00,望廈及水塘區,Móng Há & Reservatório,809,5,Macau Peninsula
2026,1,05:00,外港及南灣湖新填海區,Novos Aterros do Porto Exterior & Aterros da Baía da Praia Grande,10165,5,Macau Peninsula
2026,1,05:00,路氹填海區,COTAI Reclamation Area,56920,5,Taipa & Cotai
2026,1,05:00,黑沙環及祐漢區,Areia Preta & Iao Hon,1677,5,Macau Peninsula
2026,1,05:00,下環區,Barra/Manduco,2928,5,Macau Peninsula
2026,1,05:00,荷蘭園區,Conselheiro Ferreira de Almeida,775,5,Macau Peninsula
2026,1,05:00,林茂塘區,Doca do Lamau,565,5,Macau Peninsula
2026,1,05:00,沙梨頭及大三巴區,Patane & São Paulo,2726,5,Macau Peninsula
2026,1,05:00,新口岸區,Zona de Aterros do Porto Exterior,13252,5,Macau Peninsula
2026,1,05:00,高士德及雅廉訪區,Horta e Costa & Ouvidor Arriaga,743,5,Macau Peninsula
2026,1,05:00,筷子基區,Fai Chi Kei,531,5,Macau Peninsula
2026,1,05:00,氹仔舊城及馬場區,Cidade & Hipódromo da Taipa,3277,5,Taipa & Cotai
2026,1,05:00,路環區,Coloane,2108,5,Coloane
2026,1,05:00,北安及大潭山區,Pac On & Taipa Grande,2861,5,Taipa & Cotai
2026,1,05:00,青洲區,Ilha Verde,384,5,Macau Peninsula
2026,1,05:00,南西灣及主教山區,Praia Grande & Penha,1089,5,Macau Peninsula
2026,1,05:00,海洋及小潭山區,Jardins do Oceano & Taipa Pequena,397,5,Taipa & Cotai
2026,1,05:00,東望洋區(松山區),Ferreira do Amaral (Guia),414,5,Macau Peninsula
2026,1,05:00,大學及北安灣區,Universidade & Baía de Pac On,501,5,Taipa & Cotai
2026,1,06:00,新橋區,Barca,1428,6,Macau Peninsula
2026,1,06:00,中區,Baixa de Macau,5544,6,Macau Peninsula
2026,1,06:00,氹仔中心區,Baixa da Taipa,4429,6,Taipa & Cotai
2026,1,06:00,台山區,Tamagnini Barbosa,1421,6,Macau Peninsula
2026,1,06:00,黑沙環新填海區,Novos Aterros da Areia Preta,1462,6,Macau Peninsula
2026,1,06:00,望廈及水塘區,Móng Há & Reservatório,818,6,Macau Peninsula
2026,1,06:00,外港及南灣湖新填海區,Novos Aterros do Porto Exterior & Aterros da Baía da Praia Grande,9851,6,Macau Peninsula
2026,1,06:00,路氹填海區,COTAI Reclamation Area,56511,6,Taipa & Cotai
2026,1,06:00,黑沙環及祐漢區,Areia Preta & Iao Hon,1703,6,Macau Peninsula
2026,1,06:00,下環區,Barra/Manduco,2946,6,Macau Peninsula
2026,1,06:00,荷蘭園區,Conselheiro Ferreira de Almeida,785,6,Macau Peninsula
2026,1,06:00,林茂塘區,Doca do Lamau,569,6,Macau Peninsula
2026,1,06:00,沙梨頭及大三巴區,Patane & São Paulo,2750,6,Macau Peninsula
2026,1,06:00,新口岸區,Zona de Aterros do Porto Exterior,13348,6,Macau Peninsula
2026,1,06:00,高士德及雅廉訪區,Horta e Costa & Ouvidor Arriaga,752,6,Macau Peninsula
2026,1,06:00,筷子基區,Fai Chi Kei,535,6,Macau Peninsula
2026,1,06:00,氹仔舊城及馬場區,Cidade & Hipódromo da Taipa,3215,6,Taipa & Cotai
2026,1,06:00,路環區,Coloane,2127,6,Coloane
2026,1,06:00,北安及大潭山區,Pac On & Taipa Grande,2831,6,Taipa & Cotai
2026,1,06:00,青洲區,Ilha Verde,386,6,Macau Peninsula
2026,1,06:00,南西灣及主教山區,Praia Grande & Penha,1100,6,Macau Peninsula
2026,1,06:00,海洋及小潭山區,Jardins do Oceano & Taipa Pequena,384,6,Taipa & Cotai
2026,1,06:00,東望洋區(松山區),Ferreira do Amaral (Guia),418,6,Macau Peninsula
2026,1,06:00,大學及北安灣區,Universidade & Baía de Pac On,504,6,Taipa & Cotai
2026,1,07:00,新橋區,Barca,1423,7,Macau Peninsula
2026,1,07:00,中區,Baixa de Macau,5475,7,Macau Peninsula
2026,1,07:00,氹仔中心區,Baixa da Taipa,4467,7,Taipa & Cotai
2026,1,07:00,台山區,Tamagnini Barbosa,1647,7,Macau Peninsula
2026,1,07:00,黑沙環新填海區,Novos Aterros da Areia Preta,1477,7,Macau Peninsula
2026,1,07:00,望廈及水塘區,Móng Há & Reservatório,881,7,Macau Peninsula
2026,1,07:00,外港及南灣湖新填海區,Novos Aterros do Porto Exterior & Aterros da Baía da Praia Grande,9659,7,Macau Peninsula
2026,1,07:00,路氹填海區,COTAI Reclamation Area,56131,7,Taipa & Cotai
2026,1,07:00,黑沙環及祐漢區,Areia Preta & Iao Hon,1894,7,Macau Peninsula
2026,1,07:00,下環區,Barra/Manduco,2947,7,Macau Peninsula
2026,1,07:00,荷蘭園區,Conselheiro Ferreira de Almeida,830,7,Macau Peninsula
2026,1,07:00,林茂塘區,Doca do Lamau,587,7,Macau Peninsula
2026,1,07:00,沙梨頭及大三巴區,Patane & São Paulo,2801,7,Macau Peninsula
2026,1,07:00,新口岸區,Zona de Aterros do Porto Exterior,13479,7,Macau Peninsula
2026,1,07:00,高士德及雅廉訪區,Horta e Costa & Ouvidor Arriaga,747,7,Macau Peninsula
2026,1,07:00,筷子基區,Fai Chi Kei,548,7,Macau Peninsula
2026,1,07:00,氹仔舊城及馬場區,Cidade & Hipódromo da Taipa,3223,7,Taipa & Cotai
2026,1,07:00,路環區,Coloane,2184,7,Coloane
2026,1,07:00,北安及大潭山區,Pac On & Taipa Grande,2973,7,Taipa & Cotai
2026,1,07:00,青洲區,Ilha Verde,381,7,Macau Peninsula
2026,1,07:00,南西灣及主教山區,Praia Grande & Penha,1078,7,Macau Peninsula
2026,1,07:00,海洋及小潭山區,Jardins do Oceano & Taipa Pequena,410,7,Taipa & Cotai
2026,1,07:00,東望洋區(松山區),Ferreira do Amaral (Guia),407,7,Macau Peninsula
2026,1,07:00,大學及北安灣區,Universidade & Baía de Pac On,520,7,Taipa & Cotai
2026,1,08:00,新橋區,Barca,1438,8,Macau Peninsula
2026,1,08:00,中區,Baixa de Macau,5543,8,Macau Peninsula
2026,1,08:00,氹仔中心區,Baixa da Taipa,4558,8,Taipa & Cotai
2026,1,08:00,台山區,Tamagnini Barbosa,1922,8,Macau Peninsula
2026,1,08:00,黑沙環新填海區,Novos Aterros da Areia Preta,1577,8,Macau Peninsula
2026,1,08:00,望廈及水塘區,Móng Há & Reservatório,963,8,Macau Peninsula
2026,1,08:00,外港及南灣湖新填海區,Novos Aterros do Porto Exterior & Aterros da Baía da Praia Grande,9673,8,Macau Peninsula
2026,1,08:00,路氹填海區,COTAI Reclamation Area,56128,8,Taipa & Cotai
2026,1,08:00,黑沙環及祐漢區,Areia Preta & Iao Hon,2314,8,Macau Peninsula
2026,1,08:00,下環區,Barra/Manduco,2939,8,Macau Peninsula
2026,1,08:00,荷蘭園區,Conselheiro Ferreira de Almeida,872,8,Macau Peninsula
2026,1,08:00,林茂塘區,Doca do Lamau,619,8,Macau Peninsula
2026,1,08:00,沙梨頭及大三巴區,Patane & São Paulo,2871,8,Macau Peninsula
2026,1,08:00,新口岸區,Zona de Aterros do Porto Exterior,13649,8,Macau Peninsula
2026,1,08:00,高士德及雅廉訪區,Horta e Costa & Ouvidor Arriaga,768,8,Macau Peninsula
2026,1,08:00,筷子基區,Fai Chi Kei,594,8,Macau Peninsula
2026,1,08:00,氹仔舊城及馬場區,Cidade & Hipódromo da Taipa,3288,8,Taipa & Cotai
2026,1,08:00,路環區,Coloane,2225,8,Coloane
2026,1,08:00,北安及大潭山區,Pac On & Taipa Grande,3072,8,Taipa & Cotai
2026,1,08:00,青洲區,Ilha Verde,439,8,Macau Peninsula
2026,1,08:00,南西灣及主教山區,Praia Grande & Penha,1112,8,Macau Peninsula
2026,1,08:00,海洋及小潭山區,Jardins do Oceano & Taipa Pequena,457,8,Taipa & Cotai
2026,1,08:00,東望洋區(松山區),Ferreira do Amaral (Guia),442,8,Macau Peninsula
2026,1,08:00,大學及北安灣區,Universidade & Baía de Pac On,540,8,Taipa & Cotai
2026,1,09:00,新橋區,Barca,1443,9,Macau Peninsula
2026,1,09:00,中區,Baixa de Macau,5763,9,Macau Peninsula
2026,1,09:00,氹仔中心區,Baixa da Taipa,4641,9,Taipa & Cotai
2026,1,09:00,台山區,Tamagnini Barbosa,2516,9,Macau Peninsula
2026,1,09:00,黑沙環新填海區,Novos Aterros da Areia Preta,1687,9,Macau Peninsula
2026,1,09:00,望廈及水塘區,Móng Há & Reservatório,1171,9,Macau Peninsula
2026,1,09:00,外港及南灣湖新填海區,Novos Aterros do Porto Exterior & Aterros da Baía da Praia Grande,10000,9,Macau Peninsula
2026,1,09:00,路氹填海區,COTAI Reclamation Area,56574,9,Taipa & Cotai
2026,1,09:00,黑沙環及祐漢區,Areia Preta & Iao Hon,3446,9,Macau Peninsula
2026,1,09:00,下環區,Barra/Manduco,2971,9,Macau Peninsula
2026,1,09:00,荷蘭園區,Conselheiro Ferreira de Almeida,997,9,Macau Peninsula
2026,1,09:00,林茂塘區,Doca do Lamau,634,9,Macau Peninsula
2026,1,09:00,沙梨頭及大三巴區,Patane & São Paulo,2960,9,Macau Peninsula
2026,1,09:00,新口岸區,Zona de Aterros do Porto Exterior,13976,9,Macau Peninsula
2026,1,09:00,高士德及雅廉訪區,Horta e Costa & Ouvidor Arriaga,816,9,Macau Peninsula
2026,1,09:00,筷子基區,Fai Chi Kei,687,9,Macau Peninsula
2026,1,09:00,氹仔舊城及馬場區,Cidade & Hipódromo da Taipa,3461,9,Taipa & Cotai
2026,1,09:00,路環區,Coloane,2444,9,Coloane
2026,1,09:00,北安及大潭山區,Pac On & Taipa Grande,3387,9,Taipa & Cotai
2026,1,09:00,青洲區,Ilha Verde,540,9,Macau Peninsula
2026,1,09:00,南西灣及主教山區,Praia Grande & Penha,1139,9,Macau Peninsula
2026,1,09:00,海洋及小潭山區,Jardins do Oceano & Taipa Pequena,494,9,Taipa & Cotai
2026,1,09:00,東望洋區(松山區),Ferreira do Amaral (Guia),512,9,Macau Peninsula
2026,1,09:00,大學及北安灣區,Universidade & Baía de Pac On,598,9,Taipa & Cotai
2026,1,10:00,新橋區,Barca,1550,10,Macau Peninsula
2026,1,10:00,中區,Baixa de Macau,6490,10,Macau Peninsula
2026,1,10:00,氹仔中心區,Baixa da Taipa,4606,10,Taipa & Cotai
2026,1,10:00,台山區,Tamagnini Barbosa,3132,10,Macau Peninsula
2026,1,10:00,黑沙環新填海區,Novos Aterros da Areia Preta,2159,10,Macau Peninsula
2026,1,10:00,望廈及水塘區,Móng Há & Reservatório,1540,10,Macau Peninsula
2026,1,10:00,外港及南灣湖新填海區,Novos Aterros do Porto Exterior & Aterros da Baía da Praia Grande,10672,10,Macau Peninsula
2026,1,10:00,路氹填海區,COTAI Reclamation Area,56989,10,Taipa & Cotai
2026,1,10:00,黑沙環及祐漢區,Areia Preta & Iao Hon,6720,10,Macau Peninsula
2026,1,10:00,下環區,Barra/Manduco,3002,10,Macau Peninsula
2026,1,10:00,荷蘭園區,Conselheiro Ferreira de Almeida,1273,10,Macau Peninsula
2026,1,10:00,林茂塘區,Doca do Lamau,649,10,Macau Peninsula
2026,1,10:00,沙梨頭及大三巴區,Patane & São Paulo,3472,10,Macau Peninsula
2026,1,10:00,新口岸區,Zona de Aterros do Porto Exterior,14237,10,Macau Peninsula
2026,1,10:00,高士德及雅廉訪區,Horta e Costa & Ouvidor Arriaga,864,10,Macau Peninsula
2026,1,10:00,筷子基區,Fai Chi Kei,655,10,Macau Peninsula
2026,1,10:00,氹仔舊城及馬場區,Cidade & Hipódromo da Taipa,3708,10,Taipa & Cotai
2026,1,10:00,路環區,Coloane,2558,10,Coloane
2026,1,10:00,北安及大潭山區,Pac On & Taipa Grande,4984,10,Taipa & Cotai
2026,1,10:00,青洲區,Ilha Verde,548,10,Macau Peninsula
2026,1,10:00,南西灣及主教山區,Praia Grande & Penha,1145,10,Macau Peninsula
2026,1,10:00,海洋及小潭山區,Jardins do Oceano & Taipa Pequena,558,10,Taipa & Cotai
2026,1,10:00,東望洋區(松山區),Ferreira do Amaral (Guia),584,10,Macau Peninsula
2026,1,10:00,大學及北安灣區,Universidade & Baía de Pac On,977,10,Taipa & Cotai
2026,1,11:00,新橋區,Barca,1758,11,Macau Peninsula
2026,1,11:00,中區,Baixa de Macau,8523,11,Macau Peninsula
2026,1,11:00,氹仔中心區,Baixa da Taipa,4447,11,Taipa & Cotai
2026,1,11:00,台山區,Tamagnini Barbosa,4081,11,Macau Peninsula
2026,1,11:00,黑沙環新填海區,Novos Aterros da Areia Preta,2657,11,Macau Peninsula
2026,1,11:00,望廈及水塘區,Móng Há & Reservatório,1878,11,Macau Peninsula
2026,1,11:00,外港及南灣湖新填海區,Novos Aterros do Porto Exterior & Aterros da Baía da Praia Grande,12123,11,Macau Peninsula
2026,1,11:00,路氹填海區,COTAI Reclamation Area,58498,11,Taipa & Cotai
2026,1,11:00,黑沙環及祐漢區,Areia Preta & Iao Hon,10217,11,Macau Peninsula
2026,1,11:00,下環區,Barra/Manduco,3173,11,Macau Peninsula
2026,1,11:00,荷蘭園區,Conselheiro Ferreira de Almeida,1594,11,Macau Peninsula
2026,1,11:00,林茂塘區,Doca do Lamau,717,11,Macau Peninsula
2026,1,11:00,沙梨頭及大三巴區,Patane & São Paulo,4446,11,Macau Peninsula
2026,1,11:00,新口岸區,Zona de Aterros do Porto Exterior,14484,11,Macau Peninsula
2026,1,11:00,高士德及雅廉訪區,Horta e Costa & Ouvidor Arriaga,864,11,Macau Peninsula
2026,1,11:00,筷子基區,Fai Chi Kei,684,11,Macau Peninsula
2026,1,11:00,氹仔舊城及馬場區,Cidade & Hipódromo da Taipa,4196,11,Taipa & Cotai
2026,1,11:00,路環區,Coloane,2876,11,Coloane
2026,1,11:00,北安及大潭山區,Pac On & Taipa Grande,6982,11,Taipa & Cotai
2026,1,11:00,青洲區,Ilha Verde,563,11,Macau Peninsula
2026,1,11:00,南西灣及主教山區,Praia Grande & Penha,1155,11,Macau Peninsula
2026,1,11:00,海洋及小潭山區,Jardins do Oceano & Taipa Pequena,672,11,Taipa & Cotai
2026,1,11:00,東望洋區(松山區),Ferreira do Amaral (Guia),607,11,Macau Peninsula
2026,1,11:00,大學及北安灣區,Universidade & Baía de Pac On,1064,11,Taipa & Cotai
2026,1,12:00,新橋區,Barca,2160,12,Macau Peninsula
2026,1,12:00,中區,Baixa de Macau,12145,12,Macau Peninsula
2026,1,12:00,氹仔中心區,Baixa da Taipa,4393,12,Taipa & Cotai
2026,1,12:00,台山區,Tamagnini Barbosa,4620,12,Macau Peninsula
2026,1,12:00,黑沙環新填海區,Novos Aterros da Areia Preta,2691,12,Macau Peninsula
2026,1,12:00,望廈及水塘區,Móng Há & Reservatório,2110,12,Macau Peninsula
2026,1,12:00,外港及南灣湖新填海區,Novos Aterros do Porto Exterior & Aterros da Baía da Praia Grande,14398,12,Macau Peninsula
2026,1,12:00,路氹填海區,COTAI Reclamation Area,60986,12,Taipa & Cotai
2026,1,12:00,黑沙環及祐漢區,Areia Preta & Iao Hon,10177,12,Macau Peninsula
2026,1,12:00,下環區,Barra/Manduco,3542,12,Macau Peninsula
2026,1,12:00,荷蘭園區,Conselheiro Ferreira de Almeida,1793,12,Macau Peninsula
2026,1,12:00,林茂塘區,Doca do Lamau,829,12,Macau Peninsula
2026,1,12:00,沙梨頭及大三巴區,Patane & São Paulo,6045,12,Macau Peninsula
2026,1,12:00,新口岸區,Zona de Aterros do Porto Exterior,14267,12,Macau Peninsula
2026,1,12:00,高士德及雅廉訪區,Horta e Costa & Ouvidor Arriaga,993,12,Macau Peninsula
2026,1,12:00,筷子基區,Fai Chi Kei,777,12,Macau Peninsula
2026,1,12:00,氹仔舊城及馬場區,Cidade & Hipódromo da Taipa,5275,12,Taipa & Cotai
2026,1,12:00,路環區,Coloane,3457,12,Coloane
2026,1,12:00,北安及大潭山區,Pac On & Taipa Grande,8882,12,Taipa & Cotai
2026,1,12:00,青洲區,Ilha Verde,599,12,Macau Peninsula
2026,1,12:00,南西灣及主教山區,Praia Grande & Penha,1233,12,Macau Peninsula
2026,1,12:00,海洋及小潭山區,Jardins do Oceano & Taipa Pequena,826,12,Taipa & Cotai
2026,1,12:00,東望洋區(松山區),Ferreira do Amaral (Guia),635,12,Macau Peninsula
2026,1,12:00,大學及北安灣區,Universidade & Baía de Pac On,1146,12,Taipa & Cotai
2026,1,13:00,新橋區,Barca,2297,13,Macau Peninsula
2026,1,13:00,中區,Baixa de Macau,16003,13,Macau Peninsula
2026,1,13:00,氹仔中心區,Baixa da Taipa,4685,13,Taipa & Cotai
2026,1,13:00,台山區,Tamagnini Barbosa,4221,13,Macau Peninsula
2026,1,13:00,黑沙環新填海區,Novos Aterros da Areia Preta,2594,13,Macau Peninsula
2026,1,13:00,望廈及水塘區,Móng Há & Reservatório,2232,13,Macau Peninsula
2026,1,13:00,外港及南灣湖新填海區,Novos Aterros do Porto Exterior & Aterros da Baía da Praia Grande,17349,13,Macau Peninsula
2026,1,13:00,路氹填海區,COTAI Reclamation Area,62844,13,Taipa & Cotai
2026,1,13:00,黑沙環及祐漢區,Areia Preta & Iao Hon,8784,13,Macau Peninsula
2026,1,13:00,下環區,Barra/Manduco,3921,13,Macau Peninsula
2026,1,13:00,荷蘭園區,Conselheiro Ferreira de Almeida,1617,13,Macau Peninsula
2026,1,13:00,林茂塘區,Doca do Lamau,894,13,Macau Peninsula
2026,1,13:00,沙梨頭及大三巴區,Patane & São Paulo,6900,13,Macau Peninsula
2026,1,13:00,新口岸區,Zona de Aterros do Porto Exterior,14723,13,Macau Peninsula
2026,1,13:00,高士德及雅廉訪區,Horta e Costa & Ouvidor Arriaga,1058,13,Macau Peninsula
2026,1,13:00,筷子基區,Fai Chi Kei,956,13,Macau Peninsula
2026,1,13:00,氹仔舊城及馬場區,Cidade & Hipódromo da Taipa,7270,13,Taipa & Cotai
2026,1,13:00,路環區,Coloane,3792,13,Coloane
2026,1,13:00,北安及大潭山區,Pac On & Taipa Grande,9449,13,Taipa & Cotai
2026,1,13:00,青洲區,Ilha Verde,688,13,Macau Peninsula
2026,1,13:00,南西灣及主教山區,Praia Grande & Penha,1339,13,Macau Peninsula
2026,1,13:00,海洋及小潭山區,Jardins do Oceano & Taipa Pequena,953,13,Taipa & Cotai
2026,1,13:00,東望洋區(松山區),Ferreira do Amaral (Guia),558,13,Macau Peninsula
2026,1,13:00,大學及北安灣區,Universidade & Baía de Pac On,1222,13,Taipa & Cotai
2026,1,14:00,新橋區,Barca,2471,14,Macau Peninsula
2026,1,14:00,中區,Baixa de Macau,19299,14,Macau Peninsula
2026,1,14:00,氹仔中心區,Baixa da Taipa,4842,14,Taipa & Cotai
2026,1,14:00,台山區,Tamagnini Barbosa,3668,14,Macau Peninsula
2026,1,14:00,黑沙環新填海區,Novos Aterros da Areia Preta,2283,14,Macau Peninsula
2026,1,14:00,望廈及水塘區,Móng Há & Reservatório,2020,14,Macau Peninsula
2026,1,14:00,外港及南灣湖新填海區,Novos Aterros do Porto Exterior & Aterros da Baía da Praia Grande,19097,14,Macau Peninsula
2026,1,14:00,路氹填海區,COTAI Reclamation Area,64492,14,Taipa & Cotai
2026,1,14:00,黑沙環及祐漢區,Areia Preta & Iao Hon,7861,14,Macau Peninsula
2026,1,14:00,下環區,Barra/Manduco,4098,14,Macau Peninsula
2026,1,14:00,荷蘭園區,Conselheiro Ferreira de Almeida,1818,14,Macau Peninsula
2026,1,14:00,林茂塘區,Doca do Lamau,936,14,Macau Peninsula
2026,1,14:00,沙梨頭及大三巴區,Patane & São Paulo,7573,14,Macau Peninsula
2026,1,14:00,新口岸區,Zona de Aterros do Porto Exterior,15159,14,Macau Peninsula
2026,1,14:00,高士德及雅廉訪區,Horta e Costa & Ouvidor Arriaga,1083,14,Macau Peninsula
2026,1,14:00,筷子基區,Fai Chi Kei,999,14,Macau Peninsula
2026,1,14:00,氹仔舊城及馬場區,Cidade & Hipódromo da Taipa,9295,14,Taipa & Cotai
2026,1,14:00,路環區,Coloane,3853,14,Coloane
2026,1,14:00,北安及大潭山區,Pac On & Taipa Grande,9112,14,Taipa & Cotai
2026,1,14:00,青洲區,Ilha Verde,658,14,Macau Peninsula
2026,1,14:00,南西灣及主教山區,Praia Grande & Penha,1301,14,Macau Peninsula
2026,1,14:00,海洋及小潭山區,Jardins do Oceano & Taipa Pequena,963,14,Taipa & Cotai
2026,1,14:00,東望洋區(松山區),Ferreira do Amaral (Guia),581,14,Macau Peninsula
2026,1,14:00,大學及北安灣區,Universidade & Baía de Pac On,1209,14,Taipa & Cotai
2026,1,15:00,新橋區,Barca,2505,15,Macau Peninsula
2026,1,15:00,中區,Baixa de Macau,20811,15,Macau Peninsula
2026,1,15:00,氹仔中心區,Baixa da Taipa,4800,15,Taipa & Cotai
2026,1,15:00,台山區,Tamagnini Barbosa,3416,15,Macau Peninsula
2026,1,15:00,黑沙環新填海區,Novos Aterros da Areia Preta,2178,15,Macau Peninsula
2026,1,15:00,望廈及水塘區,Móng Há & Reservatório,1954,15,Macau Peninsula
2026,1,15:00,外港及南灣湖新填海區,Novos Aterros do Porto Exterior & Aterros da Baía da Praia Grande,21032,15,Macau Peninsula
2026,1,15:00,路氹填海區,COTAI Reclamation Area,68555,15,Taipa & Cotai
2026,1,15:00,黑沙環及祐漢區,Areia Preta & Iao Hon,7020,15,Macau Peninsula
2026,1,15:00,下環區,Barra/Manduco,4142,15,Macau Peninsula
2026,1,15:00,荷蘭園區,Conselheiro Ferreira de Almeida,1944,15,Macau Peninsula
2026,1,15:00,林茂塘區,Doca do Lamau,862,15,Macau Peninsula
2026,1,15:00,沙梨頭及大三巴區,Patane & São Paulo,7909,15,Macau Peninsula
2026,1,15:00,新口岸區,Zona de Aterros do Porto Exterior,13394,15,Macau Peninsula
2026,1,15:00,高士德及雅廉訪區,Horta e Costa & Ouvidor Arriaga,1039,15,Macau Peninsula
2026,1,15:00,筷子基區,Fai Chi Kei,802,15,Macau Peninsula
2026,1,15:00,氹仔舊城及馬場區,Cidade & Hipódromo da Taipa,10102,15,Taipa & Cotai
2026,1,15:00,路環區,Coloane,4037,15,Coloane
2026,1,15:00,北安及大潭山區,Pac On & Taipa Grande,8415,15,Taipa & Cotai
2026,1,15:00,青洲區,Ilha Verde,582,15,Macau Peninsula
2026,1,15:00,南西灣及主教山區,Praia Grande & Penha,1354,15,Macau Peninsula
2026,1,15:00,海洋及小潭山區,Jardins do Oceano & Taipa Pequena,1024,15,Taipa & Cotai
2026,1,15:00,東望洋區(松山區),Ferreira do Amaral (Guia),621,15,Macau Peninsula
2026,1,15:00,大學及北安灣區,Universidade & Baía de Pac On,1240,15,Taipa & Cotai
2026,1,16:00,新橋區,Barca,2427,16,Macau Peninsula
2026,1,16:00,中區,Baixa de Macau,20340,16,Macau Peninsula
2026,1,16:00,氹仔中心區,Baixa da Taipa,4664,16,Taipa & Cotai
2026,1,16:00,台山區,Tamagnini Barbosa,3326,16,Macau Peninsula
2026,1,16:00,黑沙環新填海區,Novos Aterros da Areia Preta,2031,16,Macau Peninsula
2026,1,16:00,望廈及水塘區,Móng Há & Reservatório,1783,16,Macau Peninsula
2026,1,16:00,外港及南灣湖新填海區,Novos Aterros do Porto Exterior & Aterros da Baía da Praia Grande,21280,16,Macau Peninsula
2026,1,16:00,路氹填海區,COTAI Reclamation Area,74350,16,Taipa & Cotai
2026,1,16:00,黑沙環及祐漢區,Areia Preta & Iao Hon,6503,16,Macau Peninsula
2026,1,16:00,下環區,Barra/Manduco,3827,16,Macau Peninsula
2026,1,16:00,荷蘭園區,Conselheiro Ferreira de Almeida,1845,16,Macau Peninsula
2026,1,16:00,林茂塘區,Doca do Lamau,843,16,Macau Peninsula
2026,1,16:00,沙梨頭及大三巴區,Patane & São Paulo,7580,16,Macau Peninsula
2026,1,16:00,新口岸區,Zona de Aterros do Porto Exterior,12834,16,Macau Peninsula
2026,1,16:00,高士德及雅廉訪區,Horta e Costa & Ouvidor Arriaga,982,16,Macau Peninsula
2026,1,16:00,筷子基區,Fai Chi Kei,699,16,Macau Peninsula
2026,1,16:00,氹仔舊城及馬場區,Cidade & Hipódromo da Taipa,9439,16,Taipa & Cotai
2026,1,16:00,路環區,Coloane,4163,16,Coloane
2026,1,16:00,北安及大潭山區,Pac On & Taipa Grande,9108,16,Taipa & Cotai
2026,1,16:00,青洲區,Ilha Verde,546,16,Macau Peninsula
2026,1,16:00,南西灣及主教山區,Praia Grande & Penha,1327,16,Macau Peninsula
2026,1,16:00,海洋及小潭山區,Jardins do Oceano & Taipa Pequena,1009,16,Taipa & Cotai
2026,1,16:00,東望洋區(松山區),Ferreira do Amaral (Guia),611,16,Macau Peninsula
2026,1,16:00,大學及北安灣區,Universidade & Baía de Pac On,1135,16,Taipa & Cotai
2026,1,17:00,新橋區,Barca,2265,17,Macau Peninsula
2026,1,17:00,中區,Baixa de Macau,18586,17,Macau Peninsula
2026,1,17:00,氹仔中心區,Baixa da Taipa,4411,17,Taipa & Cotai
2026,1,17:00,台山區,Tamagnini Barbosa,3346,17,Macau Peninsula
2026,1,17:00,黑沙環新填海區,Novos Aterros da Areia Preta,1949,17,Macau Peninsula
2026,1,17:00,望廈及水塘區,Móng Há & Reservatório,1692,17,Macau Peninsula
2026,1,17:00,外港及南灣湖新填海區,Novos Aterros do Porto Exterior & Aterros da Baía da Praia Grande,20753,17,Macau Peninsula
2026,1,17:00,路氹填海區,COTAI Reclamation Area,78608,17,Taipa & Cotai
2026,1,17:00,黑沙環及祐漢區,Areia Preta & Iao Hon,6286,17,Macau Peninsula
2026,1,17:00,下環區,Barra/Manduco,3627,17,Macau Peninsula
2026,1,17:00,荷蘭園區,Conselheiro Ferreira de Almeida,1681,17,Macau Peninsula
2026,1,17:00,林茂塘區,Doca do Lamau,868,17,Macau Peninsula
2026,1,17:00,沙梨頭及大三巴區,Patane & São Paulo,6802,17,Macau Peninsula
2026,1,17:00,新口岸區,Zona de Aterros do Porto Exterior,12522,17,Macau Peninsula
2026,1,17:00,高士德及雅廉訪區,Horta e Costa & Ouvidor Arriaga,941,17,Macau Peninsula
2026,1,17:00,筷子基區,Fai Chi Kei,697,17,Macau Peninsula
2026,1,17:00,氹仔舊城及馬場區,Cidade & Hipódromo da Taipa,8602,17,Taipa & Cotai
2026,1,17:00,路環區,Coloane,3930,17,Coloane
2026,1,17:00,北安及大潭山區,Pac On & Taipa Grande,9601,17,Taipa & Cotai
2026,1,17:00,青洲區,Ilha Verde,552,17,Macau Peninsula
2026,1,17:00,南西灣及主教山區,Praia Grande & Penha,1344,17,Macau Peninsula
2026,1,17:00,海洋及小潭山區,Jardins do Oceano & Taipa Pequena,956,17,Taipa & Cotai
2026,1,17:00,東望洋區(松山區),Ferreira do Amaral (Guia),577,17,Macau Peninsula
2026,1,17:00,大學及北安灣區,Universidade & Baía de Pac On,1143,17,Taipa & Cotai
2026,1,18:00,新橋區,Barca,2047,18,Macau Peninsula
2026,1,18:00,中區,Baixa de Macau,16172,18,Macau Peninsula
2026,1,18:00,氹仔中心區,Baixa da Taipa,4377,18,Taipa & Cotai
2026,1,18:00,台山區,Tamagnini Barbosa,3450,18,Macau Peninsula
2026,1,18:00,黑沙環新填海區,Novos Aterros da Areia Preta,2071,18,Macau Peninsula
2026,1,18:00,望廈及水塘區,Móng Há & Reservatório,1640,18,Macau Peninsula
2026,1,18:00,外港及南灣湖新填海區,Novos Aterros do Porto Exterior & Aterros da Baía da Praia Grande,19770,18,Macau Peninsula
2026,1,18:00,路氹填海區,COTAI Reclamation Area,79477,18,Taipa & Cotai
2026,1,18:00,黑沙環及祐漢區,Areia Preta & Iao Hon,6100,18,Macau Peninsula
2026,1,18:00,下環區,Barra/Manduco,3363,18,Macau Peninsula
2026,1,18:00,荷蘭園區,Conselheiro Ferreira de Almeida,1463,18,Macau Peninsula
2026,1,18:00,林茂塘區,Doca do Lamau,875,18,Macau Peninsula
2026,1,18:00,沙梨頭及大三巴區,Patane & São Paulo,5587,18,Macau Peninsula
2026,1,18:00,新口岸區,Zona de Aterros do Porto Exterior,12357,18,Macau Peninsula
2026,1,18:00,高士德及雅廉訪區,Horta e Costa & Ouvidor Arriaga,908,18,Macau Peninsula
2026,1,18:00,筷子基區,Fai Chi Kei,753,18,Macau Peninsula
2026,1,18:00,氹仔舊城及馬場區,Cidade & Hipódromo da Taipa,8190,18,Taipa & Cotai
2026,1,18:00,路環區,Coloane,3468,18,Coloane
2026,1,18:00,北安及大潭山區,Pac On & Taipa Grande,9308,18,Taipa & Cotai
2026,1,18:00,青洲區,Ilha Verde,603,18,Macau Peninsula
2026,1,18:00,南西灣及主教山區,Praia Grande & Penha,1220,18,Macau Peninsula
2026,1,18:00,海洋及小潭山區,Jardins do Oceano & Taipa Pequena,967,18,Taipa & Cotai
2026,1,18:00,東望洋區(松山區),Ferreira do Amaral (Guia),516,18,Macau Peninsula
2026,1,18:00,大學及北安灣區,Universidade & Baía de Pac On,1086,18,Taipa & Cotai
2026,1,19:00,新橋區,Barca,1797,19,Macau Peninsula
2026,1,19:00,中區,Baixa de Macau,13861,19,Macau Peninsula
2026,1,19:00,氹仔中心區,Baixa da Taipa,4660,19,Taipa & Cotai
2026,1,19:00,台山區,Tamagnini Barbosa,3455,19,Macau Peninsula
2026,1,19:00,黑沙環新填海區,Novos Aterros da Areia Preta,2205,19,Macau Peninsula
2026,1,19:00,望廈及水塘區,Móng Há & Reservatório,1608,19,Macau Peninsula
2026,1,19:00,外港及南灣湖新填海區,Novos Aterros do Porto Exterior & Aterros da Baía da Praia Grande,18082,19,Macau Peninsula
2026,1,19:00,路氹填海區,COTAI Reclamation Area,78601,19,Taipa & Cotai
2026,1,19:00,黑沙環及祐漢區,Areia Preta & Iao Hon,6202,19,Macau Peninsula
2026,1,19:00,下環區,Barra/Manduco,3374,19,Macau Peninsula
2026,1,19:00,荷蘭園區,Conselheiro Ferreira de Almeida,1314,19,Macau Peninsula
2026,1,19:00,林茂塘區,Doca do Lamau,898,19,Macau Peninsula
2026,1,19:00,沙梨頭及大三巴區,Patane & São Paulo,4436,19,Macau Peninsula
2026,1,19:00,新口岸區,Zona de Aterros do Porto Exterior,12519,19,Macau Peninsula
2026,1,19:00,高士德及雅廉訪區,Horta e Costa & Ouvidor Arriaga,897,19,Macau Peninsula
2026,1,19:00,筷子基區,Fai Chi Kei,815,19,Macau Peninsula
2026,1,19:00,氹仔舊城及馬場區,Cidade & Hipódromo da Taipa,8461,19,Taipa & Cotai
2026,1,19:00,路環區,Coloane,3070,19,Coloane
2026,1,19:00,北安及大潭山區,Pac On & Taipa Grande,8833,19,Taipa & Cotai
2026,1,19:00,青洲區,Ilha Verde,628,19,Macau Peninsula
2026,1,19:00,南西灣及主教山區,Praia Grande & Penha,1107,19,Macau Peninsula
2026,1,19:00,海洋及小潭山區,Jardins do Oceano & Taipa Pequena,943,19,Taipa & Cotai
2026,1,19:00,東望洋區(松山區),Ferreira do Amaral (Guia),448,19,Macau Peninsula
2026,1,19:00,大學及北安灣區,Universidade & Baía de Pac On,958,19,Taipa & Cotai
2026,1,20:00,新橋區,Barca,1605,20,Macau Peninsula
2026,1,20:00,中區,Baixa de Macau,11706,20,Macau Peninsula
2026,1,20:00,氹仔中心區,Baixa da Taipa,5183,20,Taipa & Cotai
2026,1,20:00,台山區,Tamagnini Barbosa,3166,20,Macau Peninsula
2026,1,20:00,黑沙環新填海區,Novos Aterros da Areia Preta,2363,20,Macau Peninsula
2026,1,20:00,望廈及水塘區,Móng Há & Reservatório,1542,20,Macau Peninsula
2026,1,20:00,外港及南灣湖新填海區,Novos Aterros do Porto Exterior & Aterros da Baía da Praia Grande,16433,20,Macau Peninsula
2026,1,20:00,路氹填海區,COTAI Reclamation Area,74977,20,Taipa & Cotai
2026,1,20:00,黑沙環及祐漢區,Areia Preta & Iao Hon,6014,20,Macau Peninsula
2026,1,20:00,下環區,Barra/Manduco,3474,20,Macau Peninsula
2026,1,20:00,荷蘭園區,Conselheiro Ferreira de Almeida,1158,20,Macau Peninsula
2026,1,20:00,林茂塘區,Doca do Lamau,883,20,Macau Peninsula
2026,1,20:00,沙梨頭及大三巴區,Patane & São Paulo,3467,20,Macau Peninsula
2026,1,20:00,新口岸區,Zona de Aterros do Porto Exterior,12666,20,Macau Peninsula
2026,1,20:00,高士德及雅廉訪區,Horta e Costa & Ouvidor Arriaga,868,20,Macau Peninsula
2026,1,20:00,筷子基區,Fai Chi Kei,822,20,Macau Peninsula
2026,1,20:00,氹仔舊城及馬場區,Cidade & Hipódromo da Taipa,8683,20,Taipa & Cotai
2026,1,20:00,路環區,Coloane,2641,20,Coloane
2026,1,20:00,北安及大潭山區,Pac On & Taipa Grande,8781,20,Taipa & Cotai
2026,1,20:00,青洲區,Ilha Verde,567,20,Macau Peninsula
2026,1,20:00,南西灣及主教山區,Praia Grande & Penha,1013,20,Macau Peninsula
2026,1,20:00,海洋及小潭山區,Jardins do Oceano & Taipa Pequena,910,20,Taipa & Cotai
2026,1,20:00,東望洋區(松山區),Ferreira do Amaral (Guia),378,20,Macau Peninsula
2026,1,20:00,大學及北安灣區,Universidade & Baía de Pac On,707,20,Taipa & Cotai
2026,1,21:00,新橋區,Barca,1553,21,Macau Peninsula
2026,1,21:00,中區,Baixa de Macau,9978,21,Macau Peninsula
2026,1,21:00,氹仔中心區,Baixa da Taipa,5131,21,Taipa & Cotai
2026,1,21:00,台山區,Tamagnini Barbosa,2975,21,Macau Peninsula
2026,1,21:00,黑沙環新填海區,Novos Aterros da Areia Preta,2274,21,Macau Peninsula
2026,1,21:00,望廈及水塘區,Móng Há & Reservatório,1407,21,Macau Peninsula
2026,1,21:00,外港及南灣湖新填海區,Novos Aterros do Porto Exterior & Aterros da Baía da Praia Grande,15443,21,Macau Peninsula
2026,1,21:00,路氹填海區,COTAI Reclamation Area,71538,21,Taipa & Cotai
2026,1,21:00,黑沙環及祐漢區,Areia Preta & Iao Hon,5883,21,Macau Peninsula
2026,1,21:00,下環區,Barra/Manduco,3349,21,Macau Peninsula
2026,1,21:00,荷蘭園區,Conselheiro Ferreira de Almeida,1022,21,Macau Peninsula
2026,1,21:00,林茂塘區,Doca do Lamau,812,21,Macau Peninsula
2026,1,21:00,沙梨頭及大三巴區,Patane & São Paulo,2965,21,Macau Peninsula
2026,1,21:00,新口岸區,Zona de Aterros do Porto Exterior,12260,21,Macau Peninsula
2026,1,21:00,高士德及雅廉訪區,Horta e Costa & Ouvidor Arriaga,827,21,Macau Peninsula
2026,1,21:00,筷子基區,Fai Chi Kei,817,21,Macau Peninsula
2026,1,21:00,氹仔舊城及馬場區,Cidade & Hipódromo da Taipa,7554,21,Taipa & Cotai
2026,1,21:00,路環區,Coloane,2468,21,Coloane
2026,1,21:00,北安及大潭山區,Pac On & Taipa Grande,7704,21,Taipa & Cotai
2026,1,21:00,青洲區,Ilha Verde,551,21,Macau Peninsula
2026,1,21:00,南西灣及主教山區,Praia Grande & Penha,862,21,Macau Peninsula
2026,1,21:00,海洋及小潭山區,Jardins do Oceano & Taipa Pequena,806,21,Taipa & Cotai
2026,1,21:00,東望洋區(松山區),Ferreira do Amaral (Guia),339,21,Macau Peninsula
2026,1,21:00,大學及北安灣區,Universidade & Baía de Pac On,697,21,Taipa & Cotai
2026,1,22:00,新橋區,Barca,1491,22,Macau Peninsula
2026,1,22:00,中區,Baixa de Macau,8782,22,Macau Peninsula
2026,1,22:00,氹仔中心區,Baixa da Taipa,4731,22,Taipa & Cotai
2026,1,22:00,台山區,Tamagnini Barbosa,2587,22,Macau Peninsula
2026,1,22:00,黑沙環新填海區,Novos Aterros da Areia Preta,2095,22,Macau Peninsula
2026,1,22:00,望廈及水塘區,Móng Há & Reservatório,1298,22,Macau Peninsula
2026,1,22:00,外港及南灣湖新填海區,Novos Aterros do Porto Exterior & Aterros da Baía da Praia Grande,14882,22,Macau Peninsula
2026,1,22:00,路氹填海區,COTAI Reclamation Area,69275,22,Taipa & Cotai
2026,1,22:00,黑沙環及祐漢區,Areia Preta & Iao Hon,4734,22,Macau Peninsula
2026,1,22:00,下環區,Barra/Manduco,3040,22,Macau Peninsula
2026,1,22:00,荷蘭園區,Conselheiro Ferreira de Almeida,930,22,Macau Peninsula
2026,1,22:00,林茂塘區,Doca do Lamau,766,22,Macau Peninsula
2026,1,22:00,沙梨頭及大三巴區,Patane & São Paulo,2767,22,Macau Peninsula
2026,1,22:00,新口岸區,Zona de Aterros do Porto Exterior,11832,22,Macau Peninsula
2026,1,22:00,高士德及雅廉訪區,Horta e Costa & Ouvidor Arriaga,770,22,Macau Peninsula
2026,1,22:00,筷子基區,Fai Chi Kei,748,22,Macau Peninsula
2026,1,22:00,氹仔舊城及馬場區,Cidade & Hipódromo da Taipa,5763,22,Taipa & Cotai
2026,1,22:00,路環區,Coloane,2379,22,Coloane
2026,1,22:00,北安及大潭山區,Pac On & Taipa Grande,6325,22,Taipa & Cotai
2026,1,22:00,青洲區,Ilha Verde,516,22,Macau Peninsula
2026,1,22:00,南西灣及主教山區,Praia Grande & Penha,864,22,Macau Peninsula
2026,1,22:00,海洋及小潭山區,Jardins do Oceano & Taipa Pequena,738,22,Taipa & Cotai
2026,1,22:00,東望洋區(松山區),Ferreira do Amaral (Guia),344,22,Macau Peninsula
2026,1,22:00,大學及北安灣區,Universidade & Baía de Pac On,676,22,Taipa & Cotai
2026,1,23:00,新橋區,Barca,1474,23,Macau Peninsula
2026,1,23:00,中區,Baixa de Macau,7813,23,Macau Peninsula
2026,1,23:00,氹仔中心區,Baixa da Taipa,4541,23,Taipa & Cotai
2026,1,23:00,台山區,Tamagnini Barbosa,2117,23,Macau Peninsula
2026,1,23:00,黑沙環新填海區,Novos Aterros da Areia Preta,1948,23,Macau Peninsula
2026,1,23:00,望廈及水塘區,Móng Há & Reservatório,1187,23,Macau Peninsula
2026,1,23:00,外港及南灣湖新填海區,Novos Aterros do Porto Exterior & Aterros da Baía da Praia Grande,14083,23,Macau Peninsula
2026,1,23:00,路氹填海區,COTAI Reclamation Area,65955,23,Taipa & Cotai
2026,1,23:00,黑沙環及祐漢區,Areia Preta & Iao Hon,3569,23,Macau Peninsula
2026,1,23:00,下環區,Barra/Manduco,2860,23,Macau Peninsula
2026,1,23:00,荷蘭園區,Conselheiro Ferreira de Almeida,886,23,Macau Peninsula
2026,1,23:00,林茂塘區,Doca do Lamau,723,23,Macau Peninsula
2026,1,23:00,沙梨頭及大三巴區,Patane & São Paulo,2701,23,Macau Peninsula
2026,1,23:00,新口岸區,Zona de Aterros do Porto Exterior,11647,23,Macau Peninsula
2026,1,23:00,高士德及雅廉訪區,Horta e Costa & Ouvidor Arriaga,744,23,Macau Peninsula
2026,1,23:00,筷子基區,Fai Chi Kei,700,23,Macau Peninsula
2026,1,23:00,氹仔舊城及馬場區,Cidade & Hipódromo da Taipa,4470,23,Taipa & Cotai
2026,1,23:00,路環區,Coloane,2387,23,Coloane
2026,1,23:00,北安及大潭山區,Pac On & Taipa Grande,4833,23,Taipa & Cotai
2026,1,23:00,青洲區,Ilha Verde,498,23,Macau Peninsula
2026,1,23:00,南西灣及主教山區,Praia Grande & Penha,927,23,Macau Peninsula
2026,1,23:00,海洋及小潭山區,Jardins do Oceano & Taipa Pequena,725,23,Taipa & Cotai
2026,1,23:00,東望洋區(松山區),Ferreira do Amaral (Guia),361,23,Macau Peninsula
2026,1,23:00,大學及北安灣區,Universidade & Baía de Pac On,558,23,Taipa & Cotai
