route,direction,daytype,hour,departures,cross_bridge,zones_served,reaches_coloane
1,0,holidays,0,0.0,False,Macau Peninsula,False
1,0,holidays,1,0.0,False,Macau Peninsula,False
1,0,holidays,2,0.0,False,Macau Peninsula,False
1,0,holidays,3,0.0,False,Macau Peninsula,False
1,0,holidays,4,0.0,False,Macau Peninsula,False
1,0,holidays,5,0.0,False,Macau Peninsula,False
1,0,holidays,6,8.571428571428571,False,Macau Peninsula,False
1,0,holidays,7,8.571428571428571,False,Macau Peninsula,False
1,0,holidays,8,8.571428571428571,False,Macau Peninsula,False
1,0,holidays,9,10.0,False,Macau Peninsula,False
1,0,holidays,10,10.0,False,Macau Peninsula,False
1,0,holidays,11,10.0,False,Macau Peninsula,False
1,0,holidays,12,10.0,False,Macau Peninsula,False
1,0,holidays,13,10.0,False,Macau Peninsula,False
1,0,holidays,14,10.0,False,Macau Peninsula,False
1,0,holidays,15,10.0,False,Macau Peninsula,False
1,0,holidays,16,10.0,False,Macau Peninsula,False
1,0,holidays,17,10.0,False,Macau Peninsula,False
1,0,holidays,18,10.0,False,Macau Peninsula,False
1,0,holidays,19,10.0,False,Macau Peninsula,False
1,0,holidays,20,5.454545454545454,False,Macau Peninsula,False
1,0,holidays,21,5.454545454545454,False,Macau Peninsula,False
1,0,holidays,22,5.454545454545454,False,Macau Peninsula,False
1,0,holidays,23,5.454545454545454,False,Macau Peninsula,False
1,0,weekdays,0,0.0,False,Macau Peninsula,False
1,0,weekdays,1,0.0,False,Macau Peninsula,False
1,0,weekdays,2,0.0,False,Macau Peninsula,False
1,0,weekdays,3,0.0,False,Macau Peninsula,False
1,0,weekdays,4,0.0,False,Macau Peninsula,False
1,0,weekdays,5,0.0,False,Macau Peninsula,False
1,0,weekdays,6,10.0,False,Macau Peninsula,False
1,0,weekdays,7,10.0,False,Macau Peninsula,False
1,0,weekdays,8,10.0,False,Macau Peninsula,False
1,0,weekdays,9,10.0,False,Macau Peninsula,False
1,0,weekdays,10,5.454545454545454,False,Macau Peninsula,False
1,0,weekdays,11,5.454545454545454,False,Macau Peninsula,False
1,0,weekdays,12,5.454545454545454,False,Macau Peninsula,False
1,0,weekdays,13,5.454545454545454,False,Macau Peninsula,False
1,0,weekdays,14,5.454545454545454,False,Macau Peninsula,False
1,0,weekdays,15,10.0,False,Macau Peninsula,False
1,0,weekdays,16,10.0,False,Macau Peninsula,False
1,0,weekdays,17,10.0,False,Macau Peninsula,False
1,0,weekdays,18,10.0,False,Macau Peninsula,False
1,0,weekdays,19,10.0,False,Macau Peninsula,False
1,0,weekdays,20,5.454545454545454,False,Macau Peninsula,False
1,0,weekdays,21,5.454545454545454,False,Macau Peninsula,False
1,0,weekdays,22,5.454545454545454,False,Macau Peninsula,False
1,0,weekdays,23,5.454545454545454,False,Macau Peninsula,False
1,0,weekends,0,0.0,False,Macau Peninsula,False
1,0,weekends,1,0.0,False,Macau Peninsula,False
1,0,weekends,2,0.0,False,Macau Peninsula,False
1,0,weekends,3,0.0,False,Macau Peninsula,False
1,0,weekends,4,0.0,False,Macau Peninsula,False
1,0,weekends,5,0.0,False,Macau Peninsula,False
1,0,weekends,6,10.0,False,Macau Peninsula,False
1,0,weekends,7,10.0,False,Macau Peninsula,False
1,0,weekends,8,10.0,False,Macau Peninsula,False
1,0,weekends,9,10.0,False,Macau Peninsula,False
1,0,weekends,10,5.454545454545454,False,Macau Peninsula,False
1,0,weekends,11,5.454545454545454,False,Macau Peninsula,False
1,0,weekends,12,5.454545454545454,False,Macau Peninsula,False
1,0,weekends,13,5.454545454545454,False,Macau Peninsula,False
1,0,weekends,14,5.454545454545454,False,Macau Peninsula,False
1,0,weekends,15,10.0,False,Macau Peninsula,False
1,0,weekends,16,10.0,False,Macau Peninsula,False
1,0,weekends,17,10.0,False,Macau Peninsula,False
1,0,weekends,18,10.0,False,Macau Peninsula,False
1,0,weekends,19,10.0,False,Macau Peninsula,False
1,0,weekends,20,5.454545454545454,False,Macau Peninsula,False
1,0,weekends,21,5.454545454545454,False,Macau Peninsula,False
1,0,weekends,22,5.454545454545454,False,Macau Peninsula,False
1,0,weekends,23,5.454545454545454,False,Macau Peninsula,False
1,1,holidays,0,0.0,False,Macau Peninsula,False
1,1,holidays,1,0.0,False,Macau Peninsula,False
1,1,holidays,2,0.0,False,Macau Peninsula,False
1,1,holidays,3,0.0,False,Macau Peninsula,False
1,1,holidays,4,0.0,False,Macau Peninsula,False
1,1,holidays,5,2.142857142857143,False,Macau Peninsula,False
1,1,holidays,6,8.571428571428571,False,Macau Peninsula,False
1,1,holidays,7,8.571428571428571,False,Macau Peninsula,False
1,1,holidays,8,8.571428571428571,False,Macau Peninsula,False
1,1,holidays,9,10.0,False,Macau Peninsula,False
1,1,holidays,10,10.0,False,Macau Peninsula,False
1,1,holidays,11,10.0,False,Macau Peninsula,False
1,1,holidays,12,10.0,False,Macau Peninsula,False
1,1,holidays,13,10.0,False,Macau Peninsula,False
1,1,holidays,14,10.0,False,Macau Peninsula,False
1,1,holidays,15,10.0,False,Macau Peninsula,False
1,1,holidays,16,10.0,False,Macau Peninsula,False
1,1,holidays,17,10.0,False,Macau Peninsula,False
1,1,holidays,18,10.0,False,Macau Peninsula,False
1,1,holidays,19,10.0,False,Macau Peninsula,False
1,1,holidays,20,5.454545454545454,False,Macau Peninsula,False
1,1,holidays,21,5.454545454545454,False,Macau Peninsula,False
1,1,holidays,22,5.454545454545454,False,Macau Peninsula,False
1,1,holidays,23,5.454545454545454,False,Macau Peninsula,False
1,1,weekdays,0,0.0,False,Macau Peninsula,False
1,1,weekdays,1,0.0,False,Macau Peninsula,False
1,1,weekdays,2,0.0,False,Macau Peninsula,False
1,1,weekdays,3,0.0,False,Macau Peninsula,False
1,1,weekdays,4,0.0,False,Macau Peninsula,False
1,1,weekdays,5,2.5,False,Macau Peninsula,False
1,1,weekdays,6,10.0,False,Macau Peninsula,False
1,1,weekdays,7,10.0,False,Macau Peninsula,False
1,1,weekdays,8,10.0,False,Macau Peninsula,False
1,1,weekdays,9,10.0,False,Macau Peninsula,False
1,1,weekdays,10,5.454545454545454,False,Macau Peninsula,False
1,1,weekdays,11,5.454545454545454,False,Macau Peninsula,False
1,1,weekdays,12,5.454545454545454,False,Macau Peninsula,False
1,1,weekdays,13,5.454545454545454,False,Macau Peninsula,False
1,1,weekdays,14,5.454545454545454,False,Macau Peninsula,False
1,1,weekdays,15,10.0,False,Macau Peninsula,False
1,1,weekdays,16,10.0,False,Macau Peninsula,False
1,1,weekdays,17,10.0,False,Macau Peninsula,False
1,1,weekdays,18,10.0,False,Macau Peninsula,False
1,1,weekdays,19,10.0,False,Macau Peninsula,False
1,1,weekdays,20,5.454545454545454,False,Macau Peninsula,False
1,1,weekdays,21,5.454545454545454,False,Macau Peninsula,False
1,1,weekdays,22,5.454545454545454,False,Macau Peninsula,False
1,1,weekdays,23,5.454545454545454,False,Macau Peninsula,False
1,1,weekends,0,0.0,False,Macau Peninsula,False
1,1,weekends,1,0.0,False,Macau Peninsula,False
1,1,weekends,2,0.0,False,Macau Peninsula,False
1,1,weekends,3,0.0,False,Macau Peninsula,False
1,1,weekends,4,0.0,False,Macau Peninsula,False
1,1,weekends,5,2.5,False,Macau Peninsula,False
1,1,weekends,6,10.0,False,Macau Peninsula,False
1,1,weekends,7,10.0,False,Macau Peninsula,False
1,1,weekends,8,10.0,False,Macau Peninsula,False
1,1,weekends,9,10.0,False,Macau Peninsula,False
1,1,weekends,10,5.454545454545454,False,Macau Peninsula,False
1,1,weekends,11,5.454545454545454,False,Macau Peninsula,False
1,1,weekends,12,5.454545454545454,False,Macau Peninsula,False
1,1,weekends,13,5.454545454545454,False,Macau Peninsula,False
1,1,weekends,14,5.454545454545454,False,Macau Peninsula,False
1,1,weekends,15,10.0,False,Macau Peninsula,False
1,1,weekends,16,10.0,False,Macau Peninsula,False
1,1,weekends,17,10.0,False,Macau Peninsula,False
1,1,weekends,18,10.0,False,Macau Peninsula,False
1,1,weekends,19,10.0,False,Macau Peninsula,False
1,1,weekends,20,5.454545454545454,False,Macau Peninsula,False
1,1,weekends,21,5.454545454545454,False,Macau Peninsula,False
1,1,weekends,22,5.454545454545454,False,Macau Peninsula,False
1,1,weekends,23,5.454545454545454,False,Macau Peninsula,False
10,0,holidays,0,0.0,False,Macau Peninsula,False
10,0,holidays,1,0.0,False,Macau Peninsula,False
10,0,holidays,2,0.0,False,Macau Peninsula,False
10,0,holidays,3,0.0,False,Macau Peninsula,False
10,0,holidays,4,0.0,False,Macau Peninsula,False
10,0,holidays,5,0.0,False,Macau Peninsula,False
10,0,holidays,6,8.571428571428571,False,Macau Peninsula,False
10,0,holidays,7,8.571428571428571,False,Macau Peninsula,False
10,0,holidays,8,8.571428571428571,False,Macau Peninsula,False
10,0,holidays,9,8.571428571428571,False,Macau Peninsula,False
10,0,holidays,10,8.571428571428571,False,Macau Peninsula,False
10,0,holidays,11,8.571428571428571,False,Macau Peninsula,False
10,0,holidays,12,8.571428571428571,False,Macau Peninsula,False
10,0,holidays,13,8.571428571428571,False,Macau Peninsula,False
10,0,holidays,14,8.571428571428571,False,Macau Peninsula,False
10,0,holidays,15,9.23076923076923,False,Macau Peninsula,False
10,0,holidays,16,9.23076923076923,False,Macau Peninsula,False
10,0,holidays,17,9.23076923076923,False,Macau Peninsula,False
10,0,holidays,18,9.23076923076923,False,Macau Peninsula,False
10,0,holidays,19,9.23076923076923,False,Macau Peninsula,False
10,0,holidays,20,6.0,False,Macau Peninsula,False
10,0,holidays,21,6.0,False,Macau Peninsula,False
10,0,holidays,22,6.0,False,Macau Peninsula,False
10,0,holidays,23,6.0,False,Macau Peninsula,False
10,0,weekdays,0,0.0,False,Macau Peninsula,False
10,0,weekdays,1,0.0,False,Macau Peninsula,False
10,0,weekdays,2,0.0,False,Macau Peninsula,False
10,0,weekdays,3,0.0,False,Macau Peninsula,False
10,0,weekdays,4,0.0,False,Macau Peninsula,False
10,0,weekdays,5,0.0,False,Macau Peninsula,False
10,0,weekdays,6,8.571428571428571,False,Macau Peninsula,False
10,0,weekdays,7,8.571428571428571,False,Macau Peninsula,False
10,0,weekdays,8,8.571428571428571,False,Macau Peninsula,False
10,0,weekdays,9,8.571428571428571,False,Macau Peninsula,False
10,0,weekdays,10,7.5,False,Macau Peninsula,False
10,0,weekdays,11,7.5,False,Macau Peninsula,False
10,0,weekdays,12,7.5,False,Macau Peninsula,False
10,0,weekdays,13,7.5,False,Macau Peninsula,False
10,0,weekdays,14,7.5,False,Macau Peninsula,False
10,0,weekdays,15,8.571428571428571,False,Macau Peninsula,False
10,0,weekdays,16,8.571428571428571,False,Macau Peninsula,False
10,0,weekdays,17,8.571428571428571,False,Macau Peninsula,False
10,0,weekdays,18,8.571428571428571,False,Macau Peninsula,False
10,0,weekdays,19,8.571428571428571,False,Macau Peninsula,False
10,0,weekdays,20,6.0,False,Macau Peninsula,False
10,0,weekdays,21,6.0,False,Macau Peninsula,False
10,0,weekdays,22,6.0,False,Macau Peninsula,False
10,0,weekdays,23,6.0,False,Macau Peninsula,False
10,0,weekends,0,0.0,False,Macau Peninsula,False
10,0,weekends,1,0.0,False,Macau Peninsula,False
10,0,weekends,2,0.0,False,Macau Peninsula,False
10,0,weekends,3,0.0,False,Macau Peninsula,False
10,0,weekends,4,0.0,False,Macau Peninsula,False
10,0,weekends,5,0.0,False,Macau Peninsula,False
10,0,weekends,6,8.571428571428571,False,Macau Peninsula,False
10,0,weekends,7,8.571428571428571,False,Macau Peninsula,False
10,0,weekends,8,8.571428571428571,False,Macau Peninsula,False
10,0,weekends,9,8.571428571428571,False,Macau Peninsula,False
10,0,weekends,10,7.5,False,Macau Peninsula,False
10,0,weekends,11,7.5,False,Macau Peninsula,False
10,0,weekends,12,7.5,False,Macau Peninsula,False
10,0,weekends,13,7.5,False,Macau Peninsula,False
10,0,weekends,14,7.5,False,Macau Peninsula,False
10,0,weekends,15,8.571428571428571,False,Macau Peninsula,False
10,0,weekends,16,8.571428571428571,False,Macau Peninsula,False
10,0,weekends,17,8.571428571428571,False,Macau Peninsula,False
10,0,weekends,18,8.571428571428571,False,Macau Peninsula,False
10,0,weekends,19,8.571428571428571,False,Macau Peninsula,False
10,0,weekends,20,6.0,False,Macau Peninsula,False
10,0,weekends,21,6.0,False,Macau Peninsula,False
10,0,weekends,22,6.0,False,Macau Peninsula,False
10,0,weekends,23,6.0,False,Macau Peninsula,False
10,1,holidays,0,0.0,False,Macau Peninsula,False
10,1,holidays,1,0.0,False,Macau Peninsula,False
10,1,holidays,2,0.0,False,Macau Peninsula,False
10,1,holidays,3,0.0,False,Macau Peninsula,False
10,1,holidays,4,0.0,False,Macau Peninsula,False
10,1,holidays,5,2.142857142857143,False,Macau Peninsula,False
10,1,holidays,6,8.571428571428571,False,Macau Peninsula,False
10,1,holidays,7,8.571428571428571,False,Macau Peninsula,False
10,1,holidays,8,8.571428571428571,False,Macau Peninsula,False
10,1,holidays,9,8.571428571428571,False,Macau Peninsula,False
10,1,holidays,10,8.571428571428571,False,Macau Peninsula,False
10,1,holidays,11,8.571428571428571,False,Macau Peninsula,False
10,1,holidays,12,8.571428571428571,False,Macau Peninsula,False
10,1,holidays,13,8.571428571428571,False,Macau Peninsula,False
10,1,holidays,14,8.571428571428571,False,Macau Peninsula,False
10,1,holidays,15,9.23076923076923,False,Macau Peninsula,False
10,1,holidays,16,9.23076923076923,False,Macau Peninsula,False
10,1,holidays,17,9.23076923076923,False,Macau Peninsula,False
10,1,holidays,18,9.23076923076923,False,Macau Peninsula,False
10,1,holidays,19,9.23076923076923,False,Macau Peninsula,False
10,1,holidays,20,6.0,False,Macau Peninsula,False
10,1,holidays,21,6.0,False,Macau Peninsula,False
10,1,holidays,22,6.0,False,Macau Peninsula,False
10,1,holidays,23,6.0,False,Macau Peninsula,False
10,1,weekdays,0,0.0,False,Macau Peninsula,False
10,1,weekdays,1,0.0,False,Macau Peninsula,False
10,1,weekdays,2,0.0,False,Macau Peninsula,False
10,1,weekdays,3,0.0,False,Macau Peninsula,False
10,1,weekdays,4,0.0,False,Macau Peninsula,False
10,1,weekdays,5,2.142857142857143,False,Macau Peninsula,False
10,1,weekdays,6,8.571428571428571,False,Macau Peninsula,False
10,1,weekdays,7,8.571428571428571,False,Macau Peninsula,False
10,1,weekdays,8,8.571428571428571,False,Macau Peninsula,False
10,1,weekdays,9,8.571428571428571,False,Macau Peninsula,False
10,1,weekdays,10,7.5,False,Macau Peninsula,False
10,1,weekdays,11,7.5,False,Macau Peninsula,False
10,1,weekdays,12,7.5,False,Macau Peninsula,False
10,1,weekdays,13,7.5,False,Macau Peninsula,False
10,1,weekdays,14,7.5,False,Macau Peninsula,False
10,1,weekdays,15,8.571428571428571,False,Macau Peninsula,False
10,1,weekdays,16,8.571428571428571,False,Macau Peninsula,False
10,1,weekdays,17,8.571428571428571,False,Macau Peninsula,False
10,1,weekdays,18,8.571428571428571,False,Macau Peninsula,False
10,1,weekdays,19,8.571428571428571,False,Macau Peninsula,False
10,1,weekdays,20,6.0,False,Macau Peninsula,False
10,1,weekdays,21,6.0,False,Macau Peninsula,False
10,1,weekdays,22,6.0,False,Macau Peninsula,False
10,1,weekdays,23,6.0,False,Macau Peninsula,False
10,1,weekends,0,0.0,False,Macau Peninsula,False
10,1,weekends,1,0.0,False,Macau Peninsula,False
10,1,weekends,2,0.0,False,Macau Peninsula,False
10,1,weekends,3,0.0,False,Macau Peninsula,False
10,1,weekends,4,0.0,False,Macau Peninsula,False
10,1,weekends,5,2.142857142857143,False,Macau Peninsula,False
10,1,weekends,6,8.571428571428571,False,Macau Peninsula,False
10,1,weekends,7,8.571428571428571,False,Macau Peninsula,False
10,1,weekends,8,8.571428571428571,False,Macau Peninsula,False
10,1,weekends,9,8.571428571428571,False,Macau Peninsula,False
10,1,weekends,10,7.5,False,Macau Peninsula,False
10,1,weekends,11,7.5,False,Macau Peninsula,False
10,1,weekends,12,7.5,False,Macau Peninsula,False
10,1,weekends,13,7.5,False,Macau Peninsula,False
10,1,weekends,14,7.5,False,Macau Peninsula,False
10,1,weekends,15,8.571428571428571,False,Macau Peninsula,False
10,1,weekends,16,8.571428571428571,False,Macau Peninsula,False
10,1,weekends,17,8.571428571428571,False,Macau Peninsula,False
10,1,weekends,18,8.571428571428571,False,Macau Peninsula,False
10,1,weekends,19,8.571428571428571,False,Macau Peninsula,False
10,1,weekends,20,6.0,False,Macau Peninsula,False
10,1,weekends,21,6.0,False,Macau Peninsula,False
10,1,weekends,22,6.0,False,Macau Peninsula,False
10,1,weekends,23,6.0,False,Macau Peninsula,False
101X,0,holidays,0,3.6363636363636362,False,Macau Peninsula,False
101X,0,holidays,1,1.411764705882353,False,Macau Peninsula,False
101X,0,holidays,2,1.411764705882353,False,Macau Peninsula,False
101X,0,holidays,3,1.411764705882353,False,Macau Peninsula,False
101X,0,holidays,4,1.411764705882353,False,Macau Peninsula,False
101X,0,holidays,5,1.411764705882353,False,Macau Peninsula,False
101X,0,holidays,6,3.6363636363636362,False,Macau Peninsula,False
101X,0,holidays,7,3.6363636363636362,False,Macau Peninsula,False
101X,0,holidays,8,3.6363636363636362,False,Macau Peninsula,False
101X,0,holidays,9,3.6363636363636362,False,Macau Peninsula,False
101X,0,holidays,10,3.6363636363636362,False,Macau Peninsula,False
101X,0,holidays,11,3.6363636363636362,False,Macau Peninsula,False
101X,0,holidays,12,3.6363636363636362,False,Macau Peninsula,False
101X,0,holidays,13,3.6363636363636362,False,Macau Peninsula,False
101X,0,holidays,14,3.6363636363636362,False,Macau Peninsula,False
101X,0,holidays,15,3.6363636363636362,False,Macau Peninsula,False
101X,0,holidays,16,3.6363636363636362,False,Macau Peninsula,False
101X,0,holidays,17,3.6363636363636362,False,Macau Peninsula,False
101X,0,holidays,18,3.6363636363636362,False,Macau Peninsula,False
101X,0,holidays,19,3.6363636363636362,False,Macau Peninsula,False
101X,0,holidays,20,3.6363636363636362,False,Macau Peninsula,False
101X,0,holidays,21,3.6363636363636362,False,Macau Peninsula,False
101X,0,holidays,22,3.6363636363636362,False,Macau Peninsula,False
101X,0,holidays,23,3.030303030303026,False,Macau Peninsula,False
101X,0,weekdays,0,3.6363636363636362,False,Macau Peninsula,False
101X,0,weekdays,1,1.411764705882353,False,Macau Peninsula,False
101X,0,weekdays,2,1.411764705882353,False,Macau Peninsula,False
101X,0,weekdays,3,1.411764705882353,False,Macau Peninsula,False
101X,0,weekdays,4,1.411764705882353,False,Macau Peninsula,False
101X,0,weekdays,5,1.411764705882353,False,Macau Peninsula,False
101X,0,weekdays,6,3.6363636363636362,False,Macau Peninsula,False
101X,0,weekdays,7,3.6363636363636362,False,Macau Peninsula,False
101X,0,weekdays,8,3.6363636363636362,False,Macau Peninsula,False
101X,0,weekdays,9,3.6363636363636362,False,Macau Peninsula,False
101X,0,weekdays,10,3.6363636363636362,False,Macau Peninsula,False
101X,0,weekdays,11,3.6363636363636362,False,Macau Peninsula,False
101X,0,weekdays,12,3.6363636363636362,False,Macau Peninsula,False
101X,0,weekdays,13,3.6363636363636362,False,Macau Peninsula,False
101X,0,weekdays,14,3.6363636363636362,False,Macau Peninsula,False
101X,0,weekdays,15,3.6363636363636362,False,Macau Peninsula,False
101X,0,weekdays,16,3.6363636363636362,False,Macau Peninsula,False
101X,0,weekdays,17,3.6363636363636362,False,Macau Peninsula,False
101X,0,weekdays,18,3.6363636363636362,False,Macau Peninsula,False
101X,0,weekdays,19,3.6363636363636362,False,Macau Peninsula,False
101X,0,weekdays,20,3.6363636363636362,False,Macau Peninsula,False
101X,0,weekdays,21,3.6363636363636362,False,Macau Peninsula,False
101X,0,weekdays,22,3.6363636363636362,False,Macau Peninsula,False
101X,0,weekdays,23,3.030303030303026,False,Macau Peninsula,False
101X,0,weekends,0,3.6363636363636362,False,Macau Peninsula,False
101X,0,weekends,1,1.411764705882353,False,Macau Peninsula,False
101X,0,weekends,2,1.411764705882353,False,Macau Peninsula,False
101X,0,weekends,3,1.411764705882353,False,Macau Peninsula,False
101X,0,weekends,4,1.411764705882353,False,Macau Peninsula,False
101X,0,weekends,5,1.411764705882353,False,Macau Peninsula,False
101X,0,weekends,6,3.6363636363636362,False,Macau Peninsula,False
101X,0,weekends,7,3.6363636363636362,False,Macau Peninsula,False
101X,0,weekends,8,3.6363636363636362,False,Macau Peninsula,False
101X,0,weekends,9,3.6363636363636362,False,Macau Peninsula,False
101X,0,weekends,10,3.6363636363636362,False,Macau Peninsula,False
101X,0,weekends,11,3.6363636363636362,False,Macau Peninsula,False
101X,0,weekends,12,3.6363636363636362,False,Macau Peninsula,False
101X,0,weekends,13,3.6363636363636362,False,Macau Peninsula,False
101X,0,weekends,14,3.6363636363636362,False,Macau Peninsula,False
101X,0,weekends,15,3.6363636363636362,False,Macau Peninsula,False
101X,0,weekends,16,3.6363636363636362,False,Macau Peninsula,False
101X,0,weekends,17,3.6363636363636362,False,Macau Peninsula,False
101X,0,weekends,18,3.6363636363636362,False,Macau Peninsula,False
101X,0,weekends,19,3.6363636363636362,False,Macau Peninsula,False
101X,0,weekends,20,3.6363636363636362,False,Macau Peninsula,False
101X,0,weekends,21,3.6363636363636362,False,Macau Peninsula,False
101X,0,weekends,22,3.6363636363636362,False,Macau Peninsula,False
101X,0,weekends,23,3.030303030303026,False,Macau Peninsula,False
102X,0,holidays,0,0.0,True,Macau Peninsula + Taipa & Cotai,False
102X,0,holidays,1,0.0,True,Macau Peninsula + Taipa & Cotai,False
102X,0,holidays,2,0.0,True,Macau Peninsula + Taipa & Cotai,False
102X,0,holidays,3,0.0,True,Macau Peninsula + Taipa & Cotai,False
102X,0,holidays,4,0.0,True,Macau Peninsula + Taipa & Cotai,False
102X,0,holidays,5,0.0,True,Macau Peninsula + Taipa & Cotai,False
102X,0,holidays,6,3.4285714285714284,True,Macau Peninsula + Taipa & Cotai,False
102X,0,holidays,7,3.4285714285714284,True,Macau Peninsula + Taipa & Cotai,False
102X,0,holidays,8,3.4285714285714284,True,Macau Peninsula + Taipa & Cotai,False
102X,0,holidays,9,2.4,True,Macau Peninsula + Taipa & Cotai,False
102X,0,holidays,10,2.4,True,Macau Peninsula + Taipa & Cotai,False
102X,0,holidays,11,2.4,True,Macau Peninsula + Taipa & Cotai,False
102X,0,holidays,12,2.4,True,Macau Peninsula + Taipa & Cotai,False
102X,0,holidays,13,2.4,True,Macau Peninsula + Taipa & Cotai,False
102X,0,holidays,14,2.4,True,Macau Peninsula + Taipa & Cotai,False
102X,0,holidays,15,2.4,True,Macau Peninsula + Taipa & Cotai,False
102X,0,holidays,16,2.4,True,Macau Peninsula + Taipa & Cotai,False
102X,0,holidays,17,2.4,True,Macau Peninsula + Taipa & Cotai,False
102X,0,holidays,18,2.4,True,Macau Peninsula + Taipa & Cotai,False
102X,0,holidays,19,2.4,True,Macau Peninsula + Taipa & Cotai,False
102X,0,holidays,20,2.4,True,Macau Peninsula + Taipa & Cotai,False
102X,0,holidays,21,2.4,True,Macau Peninsula + Taipa & Cotai,False
102X,0,holidays,22,2.4,True,Macau Peninsula + Taipa & Cotai,False
102X,0,holidays,23,2.4,True,Macau Peninsula + Taipa & Cotai,False
102X,0,weekdays,0,0.0,True,Macau Peninsula + Taipa & Cotai,False
102X,0,weekdays,1,0.0,True,Macau Peninsula + Taipa & Cotai,False
102X,0,weekdays,2,0.0,True,Macau Peninsula + Taipa & Cotai,False
102X,0,weekdays,3,0.0,True,Macau Peninsula + Taipa & Cotai,False
102X,0,weekdays,4,0.0,True,Macau Peninsula + Taipa & Cotai,False
102X,0,weekdays,5,0.0,True,Macau Peninsula + Taipa & Cotai,False
102X,0,weekdays,6,3.4285714285714284,True,Macau Peninsula + Taipa & Cotai,False
102X,0,weekdays,7,3.4285714285714284,True,Macau Peninsula + Taipa & Cotai,False
102X,0,weekdays,8,3.4285714285714284,True,Macau Peninsula + Taipa & Cotai,False
102X,0,weekdays,9,3.4285714285714284,True,Macau Peninsula + Taipa & Cotai,False
102X,0,weekdays,10,3.4285714285714284,True,Macau Peninsula + Taipa & Cotai,False
102X,0,weekdays,11,3.4285714285714284,True,Macau Peninsula + Taipa & Cotai,False
102X,0,weekdays,12,3.4285714285714284,True,Macau Peninsula + Taipa & Cotai,False
102X,0,weekdays,13,3.4285714285714284,True,Macau Peninsula + Taipa & Cotai,False
102X,0,weekdays,14,3.4285714285714284,True,Macau Peninsula + Taipa & Cotai,False
102X,0,weekdays,15,3.4285714285714284,True,Macau Peninsula + Taipa & Cotai,False
102X,0,weekdays,16,3.4285714285714284,True,Macau Peninsula + Taipa & Cotai,False
102X,0,weekdays,17,3.4285714285714284,True,Macau Peninsula + Taipa & Cotai,False
102X,0,weekdays,18,3.4285714285714284,True,Macau Peninsula + Taipa & Cotai,False
102X,0,weekdays,19,2.4,True,Macau Peninsula + Taipa & Cotai,False
102X,0,weekdays,20,2.4,True,Macau Peninsula + Taipa & Cotai,False
102X,0,weekdays,21,2.4,True,Macau Peninsula + Taipa & Cotai,False
102X,0,weekdays,22,2.4,True,Macau Peninsula + Taipa & Cotai,False
102X,0,weekdays,23,2.4,True,Macau Peninsula + Taipa & Cotai,False
102X,0,weekends,0,0.0,True,Macau Peninsula + Taipa & Cotai,False
102X,0,weekends,1,0.0,True,Macau Peninsula + Taipa & Cotai,False
102X,0,weekends,2,0.0,True,Macau Peninsula + Taipa & Cotai,False
102X,0,weekends,3,0.0,True,Macau Peninsula + Taipa & Cotai,False
102X,0,weekends,4,0.0,True,Macau Peninsula + Taipa & Cotai,False
102X,0,weekends,5,0.0,True,Macau Peninsula + Taipa & Cotai,False
102X,0,weekends,6,3.4285714285714284,True,Macau Peninsula + Taipa & Cotai,False
102X,0,weekends,7,3.4285714285714284,True,Macau Peninsula + Taipa & Cotai,False
102X,0,weekends,8,3.4285714285714284,True,Macau Peninsula + Taipa & Cotai,False
102X,0,weekends,9,3.4285714285714284,True,Macau Peninsula + Taipa & Cotai,False
102X,0,weekends,10,3.4285714285714284,True,Macau Peninsula + Taipa & Cotai,False
102X,0,weekends,11,3.4285714285714284,True,Macau Peninsula + Taipa & Cotai,False
102X,0,weekends,12,3.4285714285714284,True,Macau Peninsula + Taipa & Cotai,False
102X,0,weekends,13,3.4285714285714284,True,Macau Peninsula + Taipa & Cotai,False
102X,0,weekends,14,3.4285714285714284,True,Macau Peninsula + Taipa & Cotai,False
102X,0,weekends,15,3.4285714285714284,True,Macau Peninsula + Taipa & Cotai,False
102X,0,weekends,16,3.4285714285714284,True,Macau Peninsula + Taipa & Cotai,False
102X,0,weekends,17,3.4285714285714284,True,Macau Peninsula + Taipa & Cotai,False
102X,0,weekends,18,3.4285714285714284,True,Macau Peninsula + Taipa & Cotai,False
102X,0,weekends,19,2.4,True,Macau Peninsula + Taipa & Cotai,False
102X,0,weekends,20,2.4,True,Macau Peninsula + Taipa & Cotai,False
102X,0,weekends,21,2.4,True,Macau Peninsula + Taipa & Cotai,False
102X,0,weekends,22,2.4,True,Macau Peninsula + Taipa & Cotai,False
102X,0,weekends,23,2.4,True,Macau Peninsula + Taipa & Cotai,False
102X,1,holidays,0,0.0,True,Macau Peninsula + Taipa & Cotai,False
102X,1,holidays,1,0.0,True,Macau Peninsula + Taipa & Cotai,False
102X,1,holidays,2,0.0,True,Macau Peninsula + Taipa & Cotai,False
102X,1,holidays,3,0.0,True,Macau Peninsula + Taipa & Cotai,False
102X,1,holidays,4,0.0,True,Macau Peninsula + Taipa & Cotai,False
102X,1,holidays,5,0.0,True,Macau Peninsula + Taipa & Cotai,False
102X,1,holidays,6,3.4285714285714284,True,Macau Peninsula + Taipa & Cotai,False
102X,1,holidays,7,3.4285714285714284,True,Macau Peninsula + Taipa & Cotai,False
102X,1,holidays,8,3.4285714285714284,True,Macau Peninsula + Taipa & Cotai,False
102X,1,holidays,9,2.4,True,Macau Peninsula + Taipa & Cotai,False
102X,1,holidays,10,2.4,True,Macau Peninsula + Taipa & Cotai,False
102X,1,holidays,11,2.4,True,Macau Peninsula + Taipa & Cotai,False
102X,1,holidays,12,2.4,True,Macau Peninsula + Taipa & Cotai,False
102X,1,holidays,13,2.4,True,Macau Peninsula + Taipa & Cotai,False
102X,1,holidays,14,2.4,True,Macau Peninsula + Taipa & Cotai,False
102X,1,holidays,15,2.4,True,Macau Peninsula + Taipa & Cotai,False
102X,1,holidays,16,2.4,True,Macau Peninsula + Taipa & Cotai,False
102X,1,holidays,17,2.4,True,Macau Peninsula + Taipa & Cotai,False
102X,1,holidays,18,2.4,True,Macau Peninsula + Taipa & Cotai,False
102X,1,holidays,19,2.4,True,Macau Peninsula + Taipa & Cotai,False
102X,1,holidays,20,2.4,True,Macau Peninsula + Taipa & Cotai,False
102X,1,holidays,21,2.4,True,Macau Peninsula + Taipa & Cotai,False
102X,1,holidays,22,2.4,True,Macau Peninsula + Taipa & Cotai,False
102X,1,holidays,23,2.4,True,Macau Peninsula + Taipa & Cotai,False
102X,1,weekdays,0,0.0,True,Macau Peninsula + Taipa & Cotai,False
102X,1,weekdays,1,0.0,True,Macau Peninsula + Taipa & Cotai,False
102X,1,weekdays,2,0.0,True,Macau Peninsula + Taipa & Cotai,False
102X,1,weekdays,3,0.0,True,Macau Peninsula + Taipa & Cotai,False
102X,1,weekdays,4,0.0,True,Macau Peninsula + Taipa & Cotai,False
102X,1,weekdays,5,0.0,True,Macau Peninsula + Taipa & Cotai,False
102X,1,weekdays,6,3.4285714285714284,True,Macau Peninsula + Taipa & Cotai,False
102X,1,weekdays,7,3.4285714285714284,True,Macau Peninsula + Taipa & Cotai,False
102X,1,weekdays,8,3.4285714285714284,True,Macau Peninsula + Taipa & Cotai,False
102X,1,weekdays,9,3.4285714285714284,True,Macau Peninsula + Taipa & Cotai,False
102X,1,weekdays,10,3.4285714285714284,True,Macau Peninsula + Taipa & Cotai,False
102X,1,weekdays,11,3.4285714285714284,True,Macau Peninsula + Taipa & Cotai,False
102X,1,weekdays,12,3.4285714285714284,True,Macau Peninsula + Taipa & Cotai,False
102X,1,weekdays,13,3.4285714285714284,True,Macau Peninsula + Taipa & Cotai,False
102X,1,weekdays,14,3.4285714285714284,True,Macau Peninsula + Taipa & Cotai,False
102X,1,weekdays,15,3.4285714285714284,True,Macau Peninsula + Taipa & Cotai,False
102X,1,weekdays,16,3.4285714285714284,True,Macau Peninsula + Taipa & Cotai,False
102X,1,weekdays,17,3.4285714285714284,True,Macau Peninsula + Taipa & Cotai,False
102X,1,weekdays,18,3.4285714285714284,True,Macau Peninsula + Taipa & Cotai,False
102X,1,weekdays,19,2.4,True,Macau Peninsula + Taipa & Cotai,False
102X,1,weekdays,20,2.4,True,Macau Peninsula + Taipa & Cotai,False
102X,1,weekdays,21,2.4,True,Macau Peninsula + Taipa & Cotai,False
102X,1,weekdays,22,2.4,True,Macau Peninsula + Taipa & Cotai,False
102X,1,weekdays,23,2.4,True,Macau Peninsula + Taipa & Cotai,False
102X,1,weekends,0,0.0,True,Macau Peninsula + Taipa & Cotai,False
102X,1,weekends,1,0.0,True,Macau Peninsula + Taipa & Cotai,False
102X,1,weekends,2,0.0,True,Macau Peninsula + Taipa & Cotai,False
102X,1,weekends,3,0.0,True,Macau Peninsula + Taipa & Cotai,False
102X,1,weekends,4,0.0,True,Macau Peninsula + Taipa & Cotai,False
102X,1,weekends,5,0.0,True,Macau Peninsula + Taipa & Cotai,False
102X,1,weekends,6,3.4285714285714284,True,Macau Peninsula + Taipa & Cotai,False
102X,1,weekends,7,3.4285714285714284,True,Macau Peninsula + Taipa & Cotai,False
102X,1,weekends,8,3.4285714285714284,True,Macau Peninsula + Taipa & Cotai,False
102X,1,weekends,9,3.4285714285714284,True,Macau Peninsula + Taipa & Cotai,False
102X,1,weekends,10,3.4285714285714284,True,Macau Peninsula + Taipa & Cotai,False
102X,1,weekends,11,3.4285714285714284,True,Macau Peninsula + Taipa & Cotai,False
102X,1,weekends,12,3.4285714285714284,True,Macau Peninsula + Taipa & Cotai,False
102X,1,weekends,13,3.4285714285714284,True,Macau Peninsula + Taipa & Cotai,False
102X,1,weekends,14,3.4285714285714284,True,Macau Peninsula + Taipa & Cotai,False
102X,1,weekends,15,3.4285714285714284,True,Macau Peninsula + Taipa & Cotai,False
102X,1,weekends,16,3.4285714285714284,True,Macau Peninsula + Taipa & Cotai,False
102X,1,weekends,17,3.4285714285714284,True,Macau Peninsula + Taipa & Cotai,False
102X,1,weekends,18,3.4285714285714284,True,Macau Peninsula + Taipa & Cotai,False
102X,1,weekends,19,2.4,True,Macau Peninsula + Taipa & Cotai,False
102X,1,weekends,20,2.4,True,Macau Peninsula + Taipa & Cotai,False
102X,1,weekends,21,2.4,True,Macau Peninsula + Taipa & Cotai,False
102X,1,weekends,22,2.4,True,Macau Peninsula + Taipa & Cotai,False
102X,1,weekends,23,2.4,True,Macau Peninsula + Taipa & Cotai,False
10A,0,holidays,0,0.0,False,Macau Peninsula,False
10A,0,holidays,1,0.0,False,Macau Peninsula,False
10A,0,holidays,2,0.0,False,Macau Peninsula,False
10A,0,holidays,3,0.0,False,Macau Peninsula,False
10A,0,holidays,4,0.0,False,Macau Peninsula,False
10A,0,holidays,5,0.0,False,Macau Peninsula,False
10A,0,holidays,6,3.3333333333333335,False,Macau Peninsula,False
10A,0,holidays,7,4.444444444444445,False,Macau Peninsula,False
10A,0,holidays,8,4.444444444444445,False,Macau Peninsula,False
10A,0,holidays,9,4.444444444444445,False,Macau Peninsula,False
10A,0,holidays,10,4.444444444444445,False,Macau Peninsula,False
10A,0,holidays,11,5.0,False,Macau Peninsula,False
10A,0,holidays,12,5.0,False,Macau Peninsula,False
10A,0,holidays,13,5.0,False,Macau Peninsula,False
10A,0,holidays,14,5.0,False,Macau Peninsula,False
10A,0,holidays,15,5.0,False,Macau Peninsula,False
10A,0,holidays,16,5.0,False,Macau Peninsula,False
10A,0,holidays,17,5.0,False,Macau Peninsula,False
10A,0,holidays,18,5.0,False,Macau Peninsula,False
10A,0,holidays,19,5.0,False,Macau Peninsula,False
10A,0,holidays,20,4.285714285714286,False,Macau Peninsula,False
10A,0,holidays,21,4.285714285714286,False,Macau Peninsula,False
10A,0,holidays,22,4.285714285714286,False,Macau Peninsula,False
10A,0,holidays,23,3.2142857142857144,False,Macau Peninsula,False
10A,0,weekdays,0,0.0,False,Macau Peninsula,False
10A,0,weekdays,1,0.0,False,Macau Peninsula,False
10A,0,weekdays,2,0.0,False,Macau Peninsula,False
10A,0,weekdays,3,0.0,False,Macau Peninsula,False
10A,0,weekdays,4,0.0,False,Macau Peninsula,False
10A,0,weekdays,5,0.0,False,Macau Peninsula,False
10A,0,weekdays,6,3.75,False,Macau Peninsula,False
10A,0,weekdays,7,5.0,False,Macau Peninsula,False
10A,0,weekdays,8,5.0,False,Macau Peninsula,False
10A,0,weekdays,9,5.0,False,Macau Peninsula,False
10A,0,weekdays,10,4.285714285714286,False,Macau Peninsula,False
10A,0,weekdays,11,4.285714285714286,False,Macau Peninsula,False
10A,0,weekdays,12,4.285714285714286,False,Macau Peninsula,False
10A,0,weekdays,13,4.285714285714286,False,Macau Peninsula,False
10A,0,weekdays,14,4.285714285714286,False,Macau Peninsula,False
10A,0,weekdays,15,5.0,False,Macau Peninsula,False
10A,0,weekdays,16,5.0,False,Macau Peninsula,False
10A,0,weekdays,17,5.0,False,Macau Peninsula,False
10A,0,weekdays,18,5.0,False,Macau Peninsula,False
10A,0,weekdays,19,5.0,False,Macau Peninsula,False
10A,0,weekdays,20,4.285714285714286,False,Macau Peninsula,False
10A,0,weekdays,21,4.285714285714286,False,Macau Peninsula,False
10A,0,weekdays,22,4.285714285714286,False,Macau Peninsula,False
10A,0,weekdays,23,3.2142857142857144,False,Macau Peninsula,False
10A,0,weekends,0,0.0,False,Macau Peninsula,False
10A,0,weekends,1,0.0,False,Macau Peninsula,False
10A,0,weekends,2,0.0,False,Macau Peninsula,False
10A,0,weekends,3,0.0,False,Macau Peninsula,False
10A,0,weekends,4,0.0,False,Macau Peninsula,False
10A,0,weekends,5,0.0,False,Macau Peninsula,False
10A,0,weekends,6,3.75,False,Macau Peninsula,False
10A,0,weekends,7,5.0,False,Macau Peninsula,False
10A,0,weekends,8,5.0,False,Macau Peninsula,False
10A,0,weekends,9,5.0,False,Macau Peninsula,False
10A,0,weekends,10,4.285714285714286,False,Macau Peninsula,False
10A,0,weekends,11,4.285714285714286,False,Macau Peninsula,False
10A,0,weekends,12,4.285714285714286,False,Macau Peninsula,False
10A,0,weekends,13,4.285714285714286,False,Macau Peninsula,False
10A,0,weekends,14,4.285714285714286,False,Macau Peninsula,False
10A,0,weekends,15,5.0,False,Macau Peninsula,False
10A,0,weekends,16,5.0,False,Macau Peninsula,False
10A,0,weekends,17,5.0,False,Macau Peninsula,False
10A,0,weekends,18,5.0,False,Macau Peninsula,False
10A,0,weekends,19,5.0,False,Macau Peninsula,False
10A,0,weekends,20,4.285714285714286,False,Macau Peninsula,False
10A,0,weekends,21,4.285714285714286,False,Macau Peninsula,False
10A,0,weekends,22,4.285714285714286,False,Macau Peninsula,False
10A,0,weekends,23,3.2142857142857144,False,Macau Peninsula,False
10A,1,holidays,0,0.0,False,Macau Peninsula,False
10A,1,holidays,1,0.0,False,Macau Peninsula,False
10A,1,holidays,2,0.0,False,Macau Peninsula,False
10A,1,holidays,3,0.0,False,Macau Peninsula,False
10A,1,holidays,4,0.0,False,Macau Peninsula,False
10A,1,holidays,5,0.0,False,Macau Peninsula,False
10A,1,holidays,6,3.3333333333333335,False,Macau Peninsula,False
10A,1,holidays,7,4.444444444444445,False,Macau Peninsula,False
10A,1,holidays,8,4.444444444444445,False,Macau Peninsula,False
10A,1,holidays,9,4.444444444444445,False,Macau Peninsula,False
10A,1,holidays,10,4.444444444444445,False,Macau Peninsula,False
10A,1,holidays,11,5.0,False,Macau Peninsula,False
10A,1,holidays,12,5.0,False,Macau Peninsula,False
10A,1,holidays,13,5.0,False,Macau Peninsula,False
10A,1,holidays,14,5.0,False,Macau Peninsula,False
10A,1,holidays,15,5.0,False,Macau Peninsula,False
10A,1,holidays,16,5.0,False,Macau Peninsula,False
10A,1,holidays,17,5.0,False,Macau Peninsula,False
10A,1,holidays,18,5.0,False,Macau Peninsula,False
10A,1,holidays,19,5.0,False,Macau Peninsula,False
10A,1,holidays,20,4.285714285714286,False,Macau Peninsula,False
10A,1,holidays,21,4.285714285714286,False,Macau Peninsula,False
10A,1,holidays,22,4.285714285714286,False,Macau Peninsula,False
10A,1,holidays,23,4.285714285714286,False,Macau Peninsula,False
10A,1,weekdays,0,0.0,False,Macau Peninsula,False
10A,1,weekdays,1,0.0,False,Macau Peninsula,False
10A,1,weekdays,2,0.0,False,Macau Peninsula,False
10A,1,weekdays,3,0.0,False,Macau Peninsula,False
10A,1,weekdays,4,0.0,False,Macau Peninsula,False
10A,1,weekdays,5,0.0,False,Macau Peninsula,False
10A,1,weekdays,6,3.75,False,Macau Peninsula,False
10A,1,weekdays,7,5.0,False,Macau Peninsula,False
10A,1,weekdays,8,5.0,False,Macau Peninsula,False
10A,1,weekdays,9,5.0,False,Macau Peninsula,False
10A,1,weekdays,10,4.285714285714286,False,Macau Peninsula,False
10A,1,weekdays,11,4.285714285714286,False,Macau Peninsula,False
10A,1,weekdays,12,4.285714285714286,False,Macau Peninsula,False
10A,1,weekdays,13,4.285714285714286,False,Macau Peninsula,False
10A,1,weekdays,14,4.285714285714286,False,Macau Peninsula,False
10A,1,weekdays,15,5.0,False,Macau Peninsula,False
10A,1,weekdays,16,5.0,False,Macau Peninsula,False
10A,1,weekdays,17,5.0,False,Macau Peninsula,False
10A,1,weekdays,18,5.0,False,Macau Peninsula,False
10A,1,weekdays,19,5.0,False,Macau Peninsula,False
10A,1,weekdays,20,4.285714285714286,False,Macau Peninsula,False
10A,1,weekdays,21,4.285714285714286,False,Macau Peninsula,False
10A,1,weekdays,22,4.285714285714286,False,Macau Peninsula,False
10A,1,weekdays,23,4.285714285714286,False,Macau Peninsula,False
10A,1,weekends,0,0.0,False,Macau Peninsula,False
10A,1,weekends,1,0.0,False,Macau Peninsula,False
10A,1,weekends,2,0.0,False,Macau Peninsula,False
10A,1,weekends,3,0.0,False,Macau Peninsula,False
10A,1,weekends,4,0.0,False,Macau Peninsula,False
10A,1,weekends,5,0.0,False,Macau Peninsula,False
10A,1,weekends,6,3.75,False,Macau Peninsula,False
10A,1,weekends,7,5.0,False,Macau Peninsula,False
10A,1,weekends,8,5.0,False,Macau Peninsula,False
10A,1,weekends,9,5.0,False,Macau Peninsula,False
10A,1,weekends,10,4.285714285714286,False,Macau Peninsula,False
10A,1,weekends,11,4.285714285714286,False,Macau Peninsula,False
10A,1,weekends,12,4.285714285714286,False,Macau Peninsula,False
10A,1,weekends,13,4.285714285714286,False,Macau Peninsula,False
10A,1,weekends,14,4.285714285714286,False,Macau Peninsula,False
10A,1,weekends,15,5.0,False,Macau Peninsula,False
10A,1,weekends,16,5.0,False,Macau Peninsula,False
10A,1,weekends,17,5.0,False,Macau Peninsula,False
10A,1,weekends,18,5.0,False,Macau Peninsula,False
10A,1,weekends,19,5.0,False,Macau Peninsula,False
10A,1,weekends,20,4.285714285714286,False,Macau Peninsula,False
10A,1,weekends,21,4.285714285714286,False,Macau Peninsula,False
10A,1,weekends,22,4.285714285714286,False,Macau Peninsula,False
10A,1,weekends,23,4.285714285714286,False,Macau Peninsula,False
10B,0,holidays,0,0.0,False,Macau Peninsula,False
10B,0,holidays,1,0.0,False,Macau Peninsula,False
10B,0,holidays,2,0.0,False,Macau Peninsula,False
10B,0,holidays,3,0.0,False,Macau Peninsula,False
10B,0,holidays,4,0.0,False,Macau Peninsula,False
10B,0,holidays,5,0.0,False,Macau Peninsula,False
10B,0,holidays,6,5.454545454545454,False,Macau Peninsula,False
10B,0,holidays,7,5.454545454545454,False,Macau Peninsula,False
10B,0,holidays,8,5.454545454545454,False,Macau Peninsula,False
10B,0,holidays,9,5.454545454545454,False,Macau Peninsula,False
10B,0,holidays,10,5.454545454545454,False,Macau Peninsula,False
10B,0,holidays,11,5.454545454545454,False,Macau Peninsula,False
10B,0,holidays,12,5.454545454545454,False,Macau Peninsula,False
10B,0,holidays,13,5.454545454545454,False,Macau Peninsula,False
10B,0,holidays,14,5.454545454545454,False,Macau Peninsula,False
10B,0,holidays,15,5.454545454545454,False,Macau Peninsula,False
10B,0,holidays,16,5.454545454545454,False,Macau Peninsula,False
10B,0,holidays,17,5.454545454545454,False,Macau Peninsula,False
10B,0,holidays,18,5.454545454545454,False,Macau Peninsula,False
10B,0,holidays,19,5.454545454545454,False,Macau Peninsula,False
10B,0,holidays,20,4.444444444444445,False,Macau Peninsula,False
10B,0,holidays,21,4.444444444444445,False,Macau Peninsula,False
10B,0,holidays,22,4.444444444444445,False,Macau Peninsula,False
10B,0,holidays,23,4.444444444444445,False,Macau Peninsula,False
10B,0,weekdays,0,0.0,False,Macau Peninsula,False
10B,0,weekdays,1,0.0,False,Macau Peninsula,False
10B,0,weekdays,2,0.0,False,Macau Peninsula,False
10B,0,weekdays,3,0.0,False,Macau Peninsula,False
10B,0,weekdays,4,0.0,False,Macau Peninsula,False
10B,0,weekdays,5,0.0,False,Macau Peninsula,False
10B,0,weekdays,6,6.666666666666667,False,Macau Peninsula,False
10B,0,weekdays,7,6.666666666666667,False,Macau Peninsula,False
10B,0,weekdays,8,6.666666666666667,False,Macau Peninsula,False
10B,0,weekdays,9,6.666666666666667,False,Macau Peninsula,False
10B,0,weekdays,10,4.285714285714286,False,Macau Peninsula,False
10B,0,weekdays,11,4.285714285714286,False,Macau Peninsula,False
10B,0,weekdays,12,4.285714285714286,False,Macau Peninsula,False
10B,0,weekdays,13,4.285714285714286,False,Macau Peninsula,False
10B,0,weekdays,14,4.285714285714286,False,Macau Peninsula,False
10B,0,weekdays,15,6.666666666666667,False,Macau Peninsula,False
10B,0,weekdays,16,6.666666666666667,False,Macau Peninsula,False
10B,0,weekdays,17,6.666666666666667,False,Macau Peninsula,False
10B,0,weekdays,18,6.666666666666667,False,Macau Peninsula,False
10B,0,weekdays,19,6.666666666666667,False,Macau Peninsula,False
10B,0,weekdays,20,4.444444444444445,False,Macau Peninsula,False
10B,0,weekdays,21,4.444444444444445,False,Macau Peninsula,False
10B,0,weekdays,22,4.444444444444445,False,Macau Peninsula,False
10B,0,weekdays,23,4.444444444444445,False,Macau Peninsula,False
10B,0,weekends,0,0.0,False,Macau Peninsula,False
10B,0,weekends,1,0.0,False,Macau Peninsula,False
10B,0,weekends,2,0.0,False,Macau Peninsula,False
10B,0,weekends,3,0.0,False,Macau Peninsula,False
10B,0,weekends,4,0.0,False,Macau Peninsula,False
10B,0,weekends,5,0.0,False,Macau Peninsula,False
10B,0,weekends,6,4.8,False,Macau Peninsula,False
10B,0,weekends,7,4.8,False,Macau Peninsula,False
10B,0,weekends,8,4.8,False,Macau Peninsula,False
10B,0,weekends,9,4.8,False,Macau Peninsula,False
10B,0,weekends,10,4.8,False,Macau Peninsula,False
10B,0,weekends,11,4.8,False,Macau Peninsula,False
10B,0,weekends,12,4.8,False,Macau Peninsula,False
10B,0,weekends,13,4.8,False,Macau Peninsula,False
10B,0,weekends,14,4.8,False,Macau Peninsula,False
10B,0,weekends,15,4.8,False,Macau Peninsula,False
10B,0,weekends,16,4.8,False,Macau Peninsula,False
10B,0,weekends,17,4.8,False,Macau Peninsula,False
10B,0,weekends,18,4.8,False,Macau Peninsula,False
10B,0,weekends,19,4.8,False,Macau Peninsula,False
10B,0,weekends,20,4.444444444444445,False,Macau Peninsula,False
10B,0,weekends,21,4.444444444444445,False,Macau Peninsula,False
10B,0,weekends,22,4.444444444444445,False,Macau Peninsula,False
10B,0,weekends,23,4.444444444444445,False,Macau Peninsula,False
10X,0,weekdays,0,0.0,False,Macau Peninsula,False
10X,0,weekdays,1,0.0,False,Macau Peninsula,False
10X,0,weekdays,2,0.0,False,Macau Peninsula,False
10X,0,weekdays,3,0.0,False,Macau Peninsula,False
10X,0,weekdays,4,0.0,False,Macau Peninsula,False
10X,0,weekdays,5,0.0,False,Macau Peninsula,False
10X,0,weekdays,6,0.0,False,Macau Peninsula,False
10X,0,weekdays,7,6.0,False,Macau Peninsula,False
10X,0,weekdays,8,6.0,False,Macau Peninsula,False
10X,0,weekdays,9,6.0,False,Macau Peninsula,False
10X,0,weekdays,10,0.0,False,Macau Peninsula,False
10X,0,weekdays,11,0.0,False,Macau Peninsula,False
10X,0,weekdays,12,0.0,False,Macau Peninsula,False
10X,0,weekdays,13,0.0,False,Macau Peninsula,False
10X,0,weekdays,14,0.0,False,Macau Peninsula,False
10X,0,weekdays,15,6.0,False,Macau Peninsula,False
10X,0,weekdays,16,6.0,False,Macau Peninsula,False
10X,0,weekdays,17,6.0,False,Macau Peninsula,False
10X,0,weekdays,18,6.0,False,Macau Peninsula,False
10X,0,weekdays,19,6.0,False,Macau Peninsula,False
10X,0,weekdays,20,0.0,False,Macau Peninsula,False
10X,0,weekdays,21,0.0,False,Macau Peninsula,False
10X,0,weekdays,22,0.0,False,Macau Peninsula,False
10X,0,weekdays,23,0.0,False,Macau Peninsula,False
10X,0,weekends,0,0.0,False,Macau Peninsula,False
10X,0,weekends,1,0.0,False,Macau Peninsula,False
10X,0,weekends,2,0.0,False,Macau Peninsula,False
10X,0,weekends,3,0.0,False,Macau Peninsula,False
10X,0,weekends,4,0.0,False,Macau Peninsula,False
10X,0,weekends,5,0.0,False,Macau Peninsula,False
10X,0,weekends,6,0.0,False,Macau Peninsula,False
10X,0,weekends,7,6.0,False,Macau Peninsula,False
10X,0,weekends,8,6.0,False,Macau Peninsula,False
10X,0,weekends,9,6.0,False,Macau Peninsula,False
10X,0,weekends,10,0.0,False,Macau Peninsula,False
10X,0,weekends,11,0.0,False,Macau Peninsula,False
10X,0,weekends,12,0.0,False,Macau Peninsula,False
10X,0,weekends,13,0.0,False,Macau Peninsula,False
10X,0,weekends,14,0.0,False,Macau Peninsula,False
10X,0,weekends,15,6.0,False,Macau Peninsula,False
10X,0,weekends,16,6.0,False,Macau Peninsula,False
10X,0,weekends,17,6.0,False,Macau Peninsula,False
10X,0,weekends,18,6.0,False,Macau Peninsula,False
10X,0,weekends,19,6.0,False,Macau Peninsula,False
10X,0,weekends,20,0.0,False,Macau Peninsula,False
10X,0,weekends,21,0.0,False,Macau Peninsula,False
10X,0,weekends,22,0.0,False,Macau Peninsula,False
10X,0,weekends,23,0.0,False,Macau Peninsula,False
11,0,holidays,0,0.0,True,Macau Peninsula + Taipa & Cotai,False
11,0,holidays,1,0.0,True,Macau Peninsula + Taipa & Cotai,False
11,0,holidays,2,0.0,True,Macau Peninsula + Taipa & Cotai,False
11,0,holidays,3,0.0,True,Macau Peninsula + Taipa & Cotai,False
11,0,holidays,4,0.0,True,Macau Peninsula + Taipa & Cotai,False
11,0,holidays,5,0.0,True,Macau Peninsula + Taipa & Cotai,False
11,0,holidays,6,4.999999999999998,True,Macau Peninsula + Taipa & Cotai,False
11,0,holidays,7,6.0,True,Macau Peninsula + Taipa & Cotai,False
11,0,holidays,8,6.0,True,Macau Peninsula + Taipa & Cotai,False
11,0,holidays,9,6.0,True,Macau Peninsula + Taipa & Cotai,False
11,0,holidays,10,6.0,True,Macau Peninsula + Taipa & Cotai,False
11,0,holidays,11,8.571428571428571,True,Macau Peninsula + Taipa & Cotai,False
11,0,holidays,12,8.571428571428571,True,Macau Peninsula + Taipa & Cotai,False
11,0,holidays,13,8.571428571428571,True,Macau Peninsula + Taipa & Cotai,False
11,0,holidays,14,8.571428571428571,True,Macau Peninsula + Taipa & Cotai,False
11,0,holidays,15,8.571428571428571,True,Macau Peninsula + Taipa & Cotai,False
11,0,holidays,16,8.571428571428571,True,Macau Peninsula + Taipa & Cotai,False
11,0,holidays,17,8.571428571428571,True,Macau Peninsula + Taipa & Cotai,False
11,0,holidays,18,8.571428571428571,True,Macau Peninsula + Taipa & Cotai,False
11,0,holidays,19,8.571428571428571,True,Macau Peninsula + Taipa & Cotai,False
11,0,holidays,20,6.0,True,Macau Peninsula + Taipa & Cotai,False
11,0,holidays,21,6.0,True,Macau Peninsula + Taipa & Cotai,False
11,0,holidays,22,6.0,True,Macau Peninsula + Taipa & Cotai,False
11,0,holidays,23,6.0,True,Macau Peninsula + Taipa & Cotai,False
11,0,weekdays,0,0.0,True,Macau Peninsula + Taipa & Cotai,False
11,0,weekdays,1,0.0,True,Macau Peninsula + Taipa & Cotai,False
11,0,weekdays,2,0.0,True,Macau Peninsula + Taipa & Cotai,False
11,0,weekdays,3,0.0,True,Macau Peninsula + Taipa & Cotai,False
11,0,weekdays,4,0.0,True,Macau Peninsula + Taipa & Cotai,False
11,0,weekdays,5,0.0,True,Macau Peninsula + Taipa & Cotai,False
11,0,weekdays,6,7.142857142857141,True,Macau Peninsula + Taipa & Cotai,False
11,0,weekdays,7,8.571428571428571,True,Macau Peninsula + Taipa & Cotai,False
11,0,weekdays,8,8.571428571428571,True,Macau Peninsula + Taipa & Cotai,False
11,0,weekdays,9,8.571428571428571,True,Macau Peninsula + Taipa & Cotai,False
11,0,weekdays,10,6.0,True,Macau Peninsula + Taipa & Cotai,False
11,0,weekdays,11,6.0,True,Macau Peninsula + Taipa & Cotai,False
11,0,weekdays,12,6.0,True,Macau Peninsula + Taipa & Cotai,False
11,0,weekdays,13,6.0,True,Macau Peninsula + Taipa & Cotai,False
11,0,weekdays,14,6.0,True,Macau Peninsula + Taipa & Cotai,False
11,0,weekdays,15,8.571428571428571,True,Macau Peninsula + Taipa & Cotai,False
11,0,weekdays,16,8.571428571428571,True,Macau Peninsula + Taipa & Cotai,False
11,0,weekdays,17,8.571428571428571,True,Macau Peninsula + Taipa & Cotai,False
11,0,weekdays,18,8.571428571428571,True,Macau Peninsula + Taipa & Cotai,False
11,0,weekdays,19,8.571428571428571,True,Macau Peninsula + Taipa & Cotai,False
11,0,weekdays,20,6.0,True,Macau Peninsula + Taipa & Cotai,False
11,0,weekdays,21,6.0,True,Macau Peninsula + Taipa & Cotai,False
11,0,weekdays,22,6.0,True,Macau Peninsula + Taipa & Cotai,False
11,0,weekdays,23,6.0,True,Macau Peninsula + Taipa & Cotai,False
11,0,weekends,0,0.0,True,Macau Peninsula + Taipa & Cotai,False
11,0,weekends,1,0.0,True,Macau Peninsula + Taipa & Cotai,False
11,0,weekends,2,0.0,True,Macau Peninsula + Taipa & Cotai,False
11,0,weekends,3,0.0,True,Macau Peninsula + Taipa & Cotai,False
11,0,weekends,4,0.0,True,Macau Peninsula + Taipa & Cotai,False
11,0,weekends,5,0.0,True,Macau Peninsula + Taipa & Cotai,False
11,0,weekends,6,7.142857142857141,True,Macau Peninsula + Taipa & Cotai,False
11,0,weekends,7,8.571428571428571,True,Macau Peninsula + Taipa & Cotai,False
11,0,weekends,8,8.571428571428571,True,Macau Peninsula + Taipa & Cotai,False
11,0,weekends,9,8.571428571428571,True,Macau Peninsula + Taipa & Cotai,False
11,0,weekends,10,6.0,True,Macau Peninsula + Taipa & Cotai,False
11,0,weekends,11,6.0,True,Macau Peninsula + Taipa & Cotai,False
11,0,weekends,12,6.0,True,Macau Peninsula + Taipa & Cotai,False
11,0,weekends,13,6.0,True,Macau Peninsula + Taipa & Cotai,False
11,0,weekends,14,6.0,True,Macau Peninsula + Taipa & Cotai,False
11,0,weekends,15,8.571428571428571,True,Macau Peninsula + Taipa & Cotai,False
11,0,weekends,16,8.571428571428571,True,Macau Peninsula + Taipa & Cotai,False
11,0,weekends,17,8.571428571428571,True,Macau Peninsula + Taipa & Cotai,False
11,0,weekends,18,8.571428571428571,True,Macau Peninsula + Taipa & Cotai,False
11,0,weekends,19,8.571428571428571,True,Macau Peninsula + Taipa & Cotai,False
11,0,weekends,20,6.0,True,Macau Peninsula + Taipa & Cotai,False
11,0,weekends,21,6.0,True,Macau Peninsula + Taipa & Cotai,False
11,0,weekends,22,6.0,True,Macau Peninsula + Taipa & Cotai,False
11,0,weekends,23,6.0,True,Macau Peninsula + Taipa & Cotai,False
12,0,holidays,0,0.0,False,Macau Peninsula,False
12,0,holidays,1,0.0,False,Macau Peninsula,False
12,0,holidays,2,0.0,False,Macau Peninsula,False
12,0,holidays,3,0.0,False,Macau Peninsula,False
12,0,holidays,4,0.0,False,Macau Peninsula,False
12,0,holidays,5,0.0,False,Macau Peninsula,False
12,0,holidays,6,6.0,False,Macau Peninsula,False
12,0,holidays,7,6.0,False,Macau Peninsula,False
12,0,holidays,8,6.0,False,Macau Peninsula,False
12,0,holidays,9,6.0,False,Macau Peninsula,False
12,0,holidays,10,6.0,False,Macau Peninsula,False
12,0,holidays,11,6.0,False,Macau Peninsula,False
12,0,holidays,12,6.0,False,Macau Peninsula,False
12,0,holidays,13,6.0,False,Macau Peninsula,False
12,0,holidays,14,6.0,False,Macau Peninsula,False
12,0,holidays,15,6.0,False,Macau Peninsula,False
12,0,holidays,16,6.0,False,Macau Peninsula,False
12,0,holidays,17,6.0,False,Macau Peninsula,False
12,0,holidays,18,6.0,False,Macau Peninsula,False
12,0,holidays,19,6.0,False,Macau Peninsula,False
12,0,holidays,20,6.0,False,Macau Peninsula,False
12,0,holidays,21,6.0,False,Macau Peninsula,False
12,0,holidays,22,6.0,False,Macau Peninsula,False
12,0,holidays,23,4.999999999999993,False,Macau Peninsula,False
12,0,weekdays,0,0.0,False,Macau Peninsula,False
12,0,weekdays,1,0.0,False,Macau Peninsula,False
12,0,weekdays,2,0.0,False,Macau Peninsula,False
12,0,weekdays,3,0.0,False,Macau Peninsula,False
12,0,weekdays,4,0.0,False,Macau Peninsula,False
12,0,weekdays,5,0.0,False,Macau Peninsula,False
12,0,weekdays,6,10.0,False,Macau Peninsula,False
12,0,weekdays,7,10.0,False,Macau Peninsula,False
12,0,weekdays,8,10.0,False,Macau Peninsula,False
12,0,weekdays,9,10.0,False,Macau Peninsula,False
12,0,weekdays,10,5.0,False,Macau Peninsula,False
12,0,weekdays,11,5.0,False,Macau Peninsula,False
12,0,weekdays,12,5.0,False,Macau Peninsula,False
12,0,weekdays,13,5.0,False,Macau Peninsula,False
12,0,weekdays,14,5.0,False,Macau Peninsula,False
12,0,weekdays,15,5.0,False,Macau Peninsula,False
12,0,weekdays,16,5.0,False,Macau Peninsula,False
12,0,weekdays,17,5.0,False,Macau Peninsula,False
12,0,weekdays,18,5.0,False,Macau Peninsula,False
12,0,weekdays,19,5.0,False,Macau Peninsula,False
12,0,weekdays,20,6.0,False,Macau Peninsula,False
12,0,weekdays,21,6.0,False,Macau Peninsula,False
12,0,weekdays,22,6.0,False,Macau Peninsula,False
12,0,weekdays,23,4.999999999999993,False,Macau Peninsula,False
12,0,weekends,0,0.0,False,Macau Peninsula,False
12,0,weekends,1,0.0,False,Macau Peninsula,False
12,0,weekends,2,0.0,False,Macau Peninsula,False
12,0,weekends,3,0.0,False,Macau Peninsula,False
12,0,weekends,4,0.0,False,Macau Peninsula,False
12,0,weekends,5,0.0,False,Macau Peninsula,False
12,0,weekends,6,10.0,False,Macau Peninsula,False
12,0,weekends,7,10.0,False,Macau Peninsula,False
12,0,weekends,8,10.0,False,Macau Peninsula,False
12,0,weekends,9,10.0,False,Macau Peninsula,False
12,0,weekends,10,5.0,False,Macau Peninsula,False
12,0,weekends,11,5.0,False,Macau Peninsula,False
12,0,weekends,12,5.0,False,Macau Peninsula,False
12,0,weekends,13,5.0,False,Macau Peninsula,False
12,0,weekends,14,5.0,False,Macau Peninsula,False
12,0,weekends,15,5.0,False,Macau Peninsula,False
12,0,weekends,16,5.0,False,Macau Peninsula,False
12,0,weekends,17,5.0,False,Macau Peninsula,False
12,0,weekends,18,5.0,False,Macau Peninsula,False
12,0,weekends,19,5.0,False,Macau Peninsula,False
12,0,weekends,20,6.0,False,Macau Peninsula,False
12,0,weekends,21,6.0,False,Macau Peninsula,False
12,0,weekends,22,6.0,False,Macau Peninsula,False
12,0,weekends,23,4.999999999999993,False,Macau Peninsula,False
15,0,holidays,0,0.0,False,Coloane + Taipa & Cotai,True
15,0,holidays,1,0.0,False,Coloane + Taipa & Cotai,True
15,0,holidays,2,0.0,False,Coloane + Taipa & Cotai,True
15,0,holidays,3,0.0,False,Coloane + Taipa & Cotai,True
15,0,holidays,4,0.0,False,Coloane + Taipa & Cotai,True
15,0,holidays,5,0.9230769230769231,False,Coloane + Taipa & Cotai,True
15,0,holidays,6,1.8461538461538463,False,Coloane + Taipa & Cotai,True
15,0,holidays,7,1.8461538461538463,False,Coloane + Taipa & Cotai,True
15,0,holidays,8,1.8461538461538463,False,Coloane + Taipa & Cotai,True
15,0,holidays,9,1.8461538461538463,False,Coloane + Taipa & Cotai,True
15,0,holidays,10,1.8461538461538463,False,Coloane + Taipa & Cotai,True
15,0,holidays,11,1.8461538461538463,False,Coloane + Taipa & Cotai,True
15,0,holidays,12,1.8461538461538463,False,Coloane + Taipa & Cotai,True
15,0,holidays,13,1.8461538461538463,False,Coloane + Taipa & Cotai,True
15,0,holidays,14,1.8461538461538463,False,Coloane + Taipa & Cotai,True
15,0,holidays,15,1.8461538461538463,False,Coloane + Taipa & Cotai,True
15,0,holidays,16,1.8461538461538463,False,Coloane + Taipa & Cotai,True
15,0,holidays,17,1.8461538461538463,False,Coloane + Taipa & Cotai,True
15,0,holidays,18,1.8461538461538463,False,Coloane + Taipa & Cotai,True
15,0,holidays,19,0.46153846153846156,False,Coloane + Taipa & Cotai,True
15,0,holidays,20,0.0,False,Coloane + Taipa & Cotai,True
15,0,holidays,21,0.0,False,Coloane + Taipa & Cotai,True
15,0,holidays,22,0.0,False,Coloane + Taipa & Cotai,True
15,0,holidays,23,0.0,False,Coloane + Taipa & Cotai,True
15,0,weekdays,0,0.0,False,Coloane + Taipa & Cotai,True
15,0,weekdays,1,0.0,False,Coloane + Taipa & Cotai,True
15,0,weekdays,2,0.0,False,Coloane + Taipa & Cotai,True
15,0,weekdays,3,0.0,False,Coloane + Taipa & Cotai,True
15,0,weekdays,4,0.0,False,Coloane + Taipa & Cotai,True
15,0,weekdays,5,0.9230769230769231,False,Coloane + Taipa & Cotai,True
15,0,weekdays,6,1.8461538461538463,False,Coloane + Taipa & Cotai,True
15,0,weekdays,7,1.8461538461538463,False,Coloane + Taipa & Cotai,True
15,0,weekdays,8,1.8461538461538463,False,Coloane + Taipa & Cotai,True
15,0,weekdays,9,1.8461538461538463,False,Coloane + Taipa & Cotai,True
15,0,weekdays,10,1.8461538461538463,False,Coloane + Taipa & Cotai,True
15,0,weekdays,11,1.8461538461538463,False,Coloane + Taipa & Cotai,True
15,0,weekdays,12,1.8461538461538463,False,Coloane + Taipa & Cotai,True
15,0,weekdays,13,1.8461538461538463,False,Coloane + Taipa & Cotai,True
15,0,weekdays,14,1.8461538461538463,False,Coloane + Taipa & Cotai,True
15,0,weekdays,15,1.8461538461538463,False,Coloane + Taipa & Cotai,True
15,0,weekdays,16,1.8461538461538463,False,Coloane + Taipa & Cotai,True
15,0,weekdays,17,1.8461538461538463,False,Coloane + Taipa & Cotai,True
15,0,weekdays,18,1.8461538461538463,False,Coloane + Taipa & Cotai,True
15,0,weekdays,19,0.46153846153846156,False,Coloane + Taipa & Cotai,True
15,0,weekdays,20,0.0,False,Coloane + Taipa & Cotai,True
15,0,weekdays,21,0.0,False,Coloane + Taipa & Cotai,True
15,0,weekdays,22,0.0,False,Coloane + Taipa & Cotai,True
15,0,weekdays,23,0.0,False,Coloane + Taipa & Cotai,True
15,0,weekends,0,0.0,False,Coloane + Taipa & Cotai,True
15,0,weekends,1,0.0,False,Coloane + Taipa & Cotai,True
15,0,weekends,2,0.0,False,Coloane + Taipa & Cotai,True
15,0,weekends,3,0.0,False,Coloane + Taipa & Cotai,True
15,0,weekends,4,0.0,False,Coloane + Taipa & Cotai,True
15,0,weekends,5,0.9230769230769231,False,Coloane + Taipa & Cotai,True
15,0,weekends,6,1.8461538461538463,False,Coloane + Taipa & Cotai,True
15,0,weekends,7,1.8461538461538463,False,Coloane + Taipa & Cotai,True
15,0,weekends,8,1.8461538461538463,False,Coloane + Taipa & Cotai,True
15,0,weekends,9,1.8461538461538463,False,Coloane + Taipa & Cotai,True
15,0,weekends,10,1.8461538461538463,False,Coloane + Taipa & Cotai,True
15,0,weekends,11,1.8461538461538463,False,Coloane + Taipa & Cotai,True
15,0,weekends,12,1.8461538461538463,False,Coloane + Taipa & Cotai,True
15,0,weekends,13,1.8461538461538463,False,Coloane + Taipa & Cotai,True
15,0,weekends,14,1.8461538461538463,False,Coloane + Taipa & Cotai,True
15,0,weekends,15,1.8461538461538463,False,Coloane + Taipa & Cotai,True
15,0,weekends,16,1.8461538461538463,False,Coloane + Taipa & Cotai,True
15,0,weekends,17,1.8461538461538463,False,Coloane + Taipa & Cotai,True
15,0,weekends,18,1.8461538461538463,False,Coloane + Taipa & Cotai,True
15,0,weekends,19,0.46153846153846156,False,Coloane + Taipa & Cotai,True
15,0,weekends,20,0.0,False,Coloane + Taipa & Cotai,True
15,0,weekends,21,0.0,False,Coloane + Taipa & Cotai,True
15,0,weekends,22,0.0,False,Coloane + Taipa & Cotai,True
15,0,weekends,23,0.0,False,Coloane + Taipa & Cotai,True
16,0,holidays,0,0.0,False,Macau Peninsula,False
16,0,holidays,1,0.0,False,Macau Peninsula,False
16,0,holidays,2,0.0,False,Macau Peninsula,False
16,0,holidays,3,0.0,False,Macau Peninsula,False
16,0,holidays,4,0.0,False,Macau Peninsula,False
16,0,holidays,5,0.0,False,Macau Peninsula,False
16,0,holidays,6,5.454545454545454,False,Macau Peninsula,False
16,0,holidays,7,5.454545454545454,False,Macau Peninsula,False
16,0,holidays,8,5.454545454545454,False,Macau Peninsula,False
16,0,holidays,9,5.454545454545454,False,Macau Peninsula,False
16,0,holidays,10,5.454545454545454,False,Macau Peninsula,False
16,0,holidays,11,5.454545454545454,False,Macau Peninsula,False
16,0,holidays,12,5.454545454545454,False,Macau Peninsula,False
16,0,holidays,13,5.454545454545454,False,Macau Peninsula,False
16,0,holidays,14,5.454545454545454,False,Macau Peninsula,False
16,0,holidays,15,5.454545454545454,False,Macau Peninsula,False
16,0,holidays,16,5.454545454545454,False,Macau Peninsula,False
16,0,holidays,17,5.454545454545454,False,Macau Peninsula,False
16,0,holidays,18,5.454545454545454,False,Macau Peninsula,False
16,0,holidays,19,5.454545454545454,False,Macau Peninsula,False
16,0,holidays,20,4.444444444444445,False,Macau Peninsula,False
16,0,holidays,21,4.444444444444445,False,Macau Peninsula,False
16,0,holidays,22,4.040404040404041,False,Macau Peninsula,False
16,0,holidays,23,3.6363636363636362,False,Macau Peninsula,False
16,0,weekdays,0,0.0,False,Macau Peninsula,False
16,0,weekdays,1,0.0,False,Macau Peninsula,False
16,0,weekdays,2,0.0,False,Macau Peninsula,False
16,0,weekdays,3,0.0,False,Macau Peninsula,False
16,0,weekdays,4,0.0,False,Macau Peninsula,False
16,0,weekdays,5,0.0,False,Macau Peninsula,False
16,0,weekdays,6,10.0,False,Macau Peninsula,False
16,0,weekdays,7,10.0,False,Macau Peninsula,False
16,0,weekdays,8,10.0,False,Macau Peninsula,False
16,0,weekdays,9,10.0,False,Macau Peninsula,False
16,0,weekdays,10,5.454545454545454,False,Macau Peninsula,False
16,0,weekdays,11,5.454545454545454,False,Macau Peninsula,False
16,0,weekdays,12,5.454545454545454,False,Macau Peninsula,False
16,0,weekdays,13,5.454545454545454,False,Macau Peninsula,False
16,0,weekdays,14,5.454545454545454,False,Macau Peninsula,False
16,0,weekdays,15,8.571428571428571,False,Macau Peninsula,False
16,0,weekdays,16,8.571428571428571,False,Macau Peninsula,False
16,0,weekdays,17,8.571428571428571,False,Macau Peninsula,False
16,0,weekdays,18,8.571428571428571,False,Macau Peninsula,False
16,0,weekdays,19,8.571428571428571,False,Macau Peninsula,False
16,0,weekdays,20,4.444444444444445,False,Macau Peninsula,False
16,0,weekdays,21,4.444444444444445,False,Macau Peninsula,False
16,0,weekdays,22,4.040404040404041,False,Macau Peninsula,False
16,0,weekdays,23,3.6363636363636362,False,Macau Peninsula,False
16,0,weekends,0,0.0,False,Macau Peninsula,False
16,0,weekends,1,0.0,False,Macau Peninsula,False
16,0,weekends,2,0.0,False,Macau Peninsula,False
16,0,weekends,3,0.0,False,Macau Peninsula,False
16,0,weekends,4,0.0,False,Macau Peninsula,False
16,0,weekends,5,0.0,False,Macau Peninsula,False
16,0,weekends,6,10.0,False,Macau Peninsula,False
16,0,weekends,7,10.0,False,Macau Peninsula,False
16,0,weekends,8,10.0,False,Macau Peninsula,False
16,0,weekends,9,10.0,False,Macau Peninsula,False
16,0,weekends,10,5.454545454545454,False,Macau Peninsula,False
16,0,weekends,11,5.454545454545454,False,Macau Peninsula,False
16,0,weekends,12,5.454545454545454,False,Macau Peninsula,False
16,0,weekends,13,5.454545454545454,False,Macau Peninsula,False
16,0,weekends,14,5.454545454545454,False,Macau Peninsula,False
16,0,weekends,15,8.571428571428571,False,Macau Peninsula,False
16,0,weekends,16,8.571428571428571,False,Macau Peninsula,False
16,0,weekends,17,8.571428571428571,False,Macau Peninsula,False
16,0,weekends,18,8.571428571428571,False,Macau Peninsula,False
16,0,weekends,19,8.571428571428571,False,Macau Peninsula,False
16,0,weekends,20,4.444444444444445,False,Macau Peninsula,False
16,0,weekends,21,4.444444444444445,False,Macau Peninsula,False
16,0,weekends,22,4.040404040404041,False,Macau Peninsula,False
16,0,weekends,23,3.6363636363636362,False,Macau Peninsula,False
16S,0,holidays,0,0.0,False,Macau Peninsula,False
16S,0,holidays,1,0.0,False,Macau Peninsula,False
16S,0,holidays,2,0.0,False,Macau Peninsula,False
16S,0,holidays,3,0.0,False,Macau Peninsula,False
16S,0,holidays,4,0.0,False,Macau Peninsula,False
16S,0,holidays,5,0.0,False,Macau Peninsula,False
16S,0,holidays,6,1.7142857142857142,False,Macau Peninsula,False
16S,0,holidays,7,3.4285714285714284,False,Macau Peninsula,False
16S,0,holidays,8,3.4285714285714284,False,Macau Peninsula,False
16S,0,holidays,9,3.4285714285714284,False,Macau Peninsula,False
16S,0,holidays,10,3.4285714285714284,False,Macau Peninsula,False
16S,0,holidays,11,3.4285714285714284,False,Macau Peninsula,False
16S,0,holidays,12,3.4285714285714284,False,Macau Peninsula,False
16S,0,holidays,13,3.4285714285714284,False,Macau Peninsula,False
16S,0,holidays,14,3.4285714285714284,False,Macau Peninsula,False
16S,0,holidays,15,3.4285714285714284,False,Macau Peninsula,False
16S,0,holidays,16,3.4285714285714284,False,Macau Peninsula,False
16S,0,holidays,17,3.4285714285714284,False,Macau Peninsula,False
16S,0,holidays,18,3.4285714285714284,False,Macau Peninsula,False
16S,0,holidays,19,3.4285714285714284,False,Macau Peninsula,False
16S,0,holidays,20,0.0,False,Macau Peninsula,False
16S,0,holidays,21,0.0,False,Macau Peninsula,False
16S,0,holidays,22,0.0,False,Macau Peninsula,False
16S,0,holidays,23,0.0,False,Macau Peninsula,False
16S,0,weekdays,0,0.0,False,Macau Peninsula,False
16S,0,weekdays,1,0.0,False,Macau Peninsula,False
16S,0,weekdays,2,0.0,False,Macau Peninsula,False
16S,0,weekdays,3,0.0,False,Macau Peninsula,False
16S,0,weekdays,4,0.0,False,Macau Peninsula,False
16S,0,weekdays,5,0.0,False,Macau Peninsula,False
16S,0,weekdays,6,1.7142857142857142,False,Macau Peninsula,False
16S,0,weekdays,7,3.4285714285714284,False,Macau Peninsula,False
16S,0,weekdays,8,3.4285714285714284,False,Macau Peninsula,False
16S,0,weekdays,9,3.4285714285714284,False,Macau Peninsula,False
16S,0,weekdays,10,3.4285714285714284,False,Macau Peninsula,False
16S,0,weekdays,11,3.4285714285714284,False,Macau Peninsula,False
16S,0,weekdays,12,3.4285714285714284,False,Macau Peninsula,False
16S,0,weekdays,13,3.4285714285714284,False,Macau Peninsula,False
16S,0,weekdays,14,3.4285714285714284,False,Macau Peninsula,False
16S,0,weekdays,15,3.4285714285714284,False,Macau Peninsula,False
16S,0,weekdays,16,3.4285714285714284,False,Macau Peninsula,False
16S,0,weekdays,17,3.4285714285714284,False,Macau Peninsula,False
16S,0,weekdays,18,3.4285714285714284,False,Macau Peninsula,False
16S,0,weekdays,19,3.4285714285714284,False,Macau Peninsula,False
16S,0,weekdays,20,0.0,False,Macau Peninsula,False
16S,0,weekdays,21,0.0,False,Macau Peninsula,False
16S,0,weekdays,22,0.0,False,Macau Peninsula,False
16S,0,weekdays,23,0.0,False,Macau Peninsula,False
16S,0,weekends,0,0.0,False,Macau Peninsula,False
16S,0,weekends,1,0.0,False,Macau Peninsula,False
16S,0,weekends,2,0.0,False,Macau Peninsula,False
16S,0,weekends,3,0.0,False,Macau Peninsula,False
16S,0,weekends,4,0.0,False,Macau Peninsula,False
16S,0,weekends,5,0.0,False,Macau Peninsula,False
16S,0,weekends,6,1.7142857142857142,False,Macau Peninsula,False
16S,0,weekends,7,3.4285714285714284,False,Macau Peninsula,False
16S,0,weekends,8,3.4285714285714284,False,Macau Peninsula,False
16S,0,weekends,9,3.4285714285714284,False,Macau Peninsula,False
16S,0,weekends,10,3.4285714285714284,False,Macau Peninsula,False
16S,0,weekends,11,3.4285714285714284,False,Macau Peninsula,False
16S,0,weekends,12,3.4285714285714284,False,Macau Peninsula,False
16S,0,weekends,13,3.4285714285714284,False,Macau Peninsula,False
16S,0,weekends,14,3.4285714285714284,False,Macau Peninsula,False
16S,0,weekends,15,3.4285714285714284,False,Macau Peninsula,False
16S,0,weekends,16,3.4285714285714284,False,Macau Peninsula,False
16S,0,weekends,17,3.4285714285714284,False,Macau Peninsula,False
16S,0,weekends,18,3.4285714285714284,False,Macau Peninsula,False
16S,0,weekends,19,3.4285714285714284,False,Macau Peninsula,False
16S,0,weekends,20,0.0,False,Macau Peninsula,False
16S,0,weekends,21,0.0,False,Macau Peninsula,False
16S,0,weekends,22,0.0,False,Macau Peninsula,False
16S,0,weekends,23,0.0,False,Macau Peninsula,False
17,0,holidays,0,0.0,False,Macau Peninsula,False
17,0,holidays,1,0.0,False,Macau Peninsula,False
17,0,holidays,2,0.0,False,Macau Peninsula,False
17,0,holidays,3,0.0,False,Macau Peninsula,False
17,0,holidays,4,0.0,False,Macau Peninsula,False
17,0,holidays,5,4.285714285714286,False,Macau Peninsula,False
17,0,holidays,6,8.571428571428571,False,Macau Peninsula,False
17,0,holidays,7,8.571428571428571,False,Macau Peninsula,False
17,0,holidays,8,8.571428571428571,False,Macau Peninsula,False
17,0,holidays,9,8.571428571428571,False,Macau Peninsula,False
17,0,holidays,10,8.571428571428571,False,Macau Peninsula,False
17,0,holidays,11,8.571428571428571,False,Macau Peninsula,False
17,0,holidays,12,8.571428571428571,False,Macau Peninsula,False
17,0,holidays,13,8.571428571428571,False,Macau Peninsula,False
17,0,holidays,14,8.571428571428571,False,Macau Peninsula,False
17,0,holidays,15,8.571428571428571,False,Macau Peninsula,False
17,0,holidays,16,8.571428571428571,False,Macau Peninsula,False
17,0,holidays,17,8.571428571428571,False,Macau Peninsula,False
17,0,holidays,18,8.571428571428571,False,Macau Peninsula,False
17,0,holidays,19,8.571428571428571,False,Macau Peninsula,False
17,0,holidays,20,4.8,False,Macau Peninsula,False
17,0,holidays,21,4.8,False,Macau Peninsula,False
17,0,holidays,22,4.8,False,Macau Peninsula,False
17,0,holidays,23,4.8,False,Macau Peninsula,False
17,0,weekdays,0,0.0,False,Macau Peninsula,False
17,0,weekdays,1,0.0,False,Macau Peninsula,False
17,0,weekdays,2,0.0,False,Macau Peninsula,False
17,0,weekdays,3,0.0,False,Macau Peninsula,False
17,0,weekdays,4,0.0,False,Macau Peninsula,False
17,0,weekdays,5,4.285714285714286,False,Macau Peninsula,False
17,0,weekdays,6,8.571428571428571,False,Macau Peninsula,False
17,0,weekdays,7,8.571428571428571,False,Macau Peninsula,False
17,0,weekdays,8,8.571428571428571,False,Macau Peninsula,False
17,0,weekdays,9,8.571428571428571,False,Macau Peninsula,False
17,0,weekdays,10,5.454545454545454,False,Macau Peninsula,False
17,0,weekdays,11,5.454545454545454,False,Macau Peninsula,False
17,0,weekdays,12,5.454545454545454,False,Macau Peninsula,False
17,0,weekdays,13,5.454545454545454,False,Macau Peninsula,False
17,0,weekdays,14,5.454545454545454,False,Macau Peninsula,False
17,0,weekdays,15,8.571428571428571,False,Macau Peninsula,False
17,0,weekdays,16,8.571428571428571,False,Macau Peninsula,False
17,0,weekdays,17,8.571428571428571,False,Macau Peninsula,False
17,0,weekdays,18,8.571428571428571,False,Macau Peninsula,False
17,0,weekdays,19,8.571428571428571,False,Macau Peninsula,False
17,0,weekdays,20,5.454545454545454,False,Macau Peninsula,False
17,0,weekdays,21,5.454545454545454,False,Macau Peninsula,False
17,0,weekdays,22,5.454545454545454,False,Macau Peninsula,False
17,0,weekdays,23,5.454545454545454,False,Macau Peninsula,False
17,0,weekends,0,0.0,False,Macau Peninsula,False
17,0,weekends,1,0.0,False,Macau Peninsula,False
17,0,weekends,2,0.0,False,Macau Peninsula,False
17,0,weekends,3,0.0,False,Macau Peninsula,False
17,0,weekends,4,0.0,False,Macau Peninsula,False
17,0,weekends,5,4.285714285714286,False,Macau Peninsula,False
17,0,weekends,6,8.571428571428571,False,Macau Peninsula,False
17,0,weekends,7,8.571428571428571,False,Macau Peninsula,False
17,0,weekends,8,8.571428571428571,False,Macau Peninsula,False
17,0,weekends,9,8.571428571428571,False,Macau Peninsula,False
17,0,weekends,10,5.454545454545454,False,Macau Peninsula,False
17,0,weekends,11,5.454545454545454,False,Macau Peninsula,False
17,0,weekends,12,5.454545454545454,False,Macau Peninsula,False
17,0,weekends,13,5.454545454545454,False,Macau Peninsula,False
17,0,weekends,14,5.454545454545454,False,Macau Peninsula,False
17,0,weekends,15,8.571428571428571,False,Macau Peninsula,False
17,0,weekends,16,8.571428571428571,False,Macau Peninsula,False
17,0,weekends,17,8.571428571428571,False,Macau Peninsula,False
17,0,weekends,18,8.571428571428571,False,Macau Peninsula,False
17,0,weekends,19,8.571428571428571,False,Macau Peninsula,False
17,0,weekends,20,5.454545454545454,False,Macau Peninsula,False
17,0,weekends,21,5.454545454545454,False,Macau Peninsula,False
17,0,weekends,22,5.454545454545454,False,Macau Peninsula,False
17,0,weekends,23,5.454545454545454,False,Macau Peninsula,False
17S,0,weekdays,0,0.0,False,Macau Peninsula,False
17S,0,weekdays,1,0.0,False,Macau Peninsula,False
17S,0,weekdays,2,0.0,False,Macau Peninsula,False
17S,0,weekdays,3,0.0,False,Macau Peninsula,False
17S,0,weekdays,4,0.0,False,Macau Peninsula,False
17S,0,weekdays,5,0.0,False,Macau Peninsula,False
17S,0,weekdays,6,1.2,False,Macau Peninsula,False
17S,0,weekdays,7,4.8,False,Macau Peninsula,False
17S,0,weekdays,8,4.8,False,Macau Peninsula,False
17S,0,weekdays,9,2.4,False,Macau Peninsula,False
17S,0,weekdays,10,0.0,False,Macau Peninsula,False
17S,0,weekdays,11,0.0,False,Macau Peninsula,False
17S,0,weekdays,12,0.0,False,Macau Peninsula,False
17S,0,weekdays,13,0.0,False,Macau Peninsula,False
17S,0,weekdays,14,0.0,False,Macau Peninsula,False
17S,0,weekdays,15,2.4,False,Macau Peninsula,False
17S,0,weekdays,16,4.8,False,Macau Peninsula,False
17S,0,weekdays,17,4.8,False,Macau Peninsula,False
17S,0,weekdays,18,4.8,False,Macau Peninsula,False
17S,0,weekdays,19,4.8,False,Macau Peninsula,False
17S,0,weekdays,20,0.0,False,Macau Peninsula,False
17S,0,weekdays,21,0.0,False,Macau Peninsula,False
17S,0,weekdays,22,0.0,False,Macau Peninsula,False
17S,0,weekdays,23,0.0,False,Macau Peninsula,False
17S,0,weekends,0,0.0,False,Macau Peninsula,False
17S,0,weekends,1,0.0,False,Macau Peninsula,False
17S,0,weekends,2,0.0,False,Macau Peninsula,False
17S,0,weekends,3,0.0,False,Macau Peninsula,False
17S,0,weekends,4,0.0,False,Macau Peninsula,False
17S,0,weekends,5,0.0,False,Macau Peninsula,False
17S,0,weekends,6,1.2,False,Macau Peninsula,False
17S,0,weekends,7,4.8,False,Macau Peninsula,False
17S,0,weekends,8,4.8,False,Macau Peninsula,False
17S,0,weekends,9,2.4,False,Macau Peninsula,False
17S,0,weekends,10,0.0,False,Macau Peninsula,False
17S,0,weekends,11,0.0,False,Macau Peninsula,False
17S,0,weekends,12,0.0,False,Macau Peninsula,False
17S,0,weekends,13,0.0,False,Macau Peninsula,False
17S,0,weekends,14,0.0,False,Macau Peninsula,False
17S,0,weekends,15,2.4,False,Macau Peninsula,False
17S,0,weekends,16,4.8,False,Macau Peninsula,False
17S,0,weekends,17,4.8,False,Macau Peninsula,False
17S,0,weekends,18,4.8,False,Macau Peninsula,False
17S,0,weekends,19,4.8,False,Macau Peninsula,False
17S,0,weekends,20,0.0,False,Macau Peninsula,False
17S,0,weekends,21,0.0,False,Macau Peninsula,False
17S,0,weekends,22,0.0,False,Macau Peninsula,False
17S,0,weekends,23,0.0,False,Macau Peninsula,False
17S,1,weekdays,0,0.0,False,Macau Peninsula,False
17S,1,weekdays,1,0.0,False,Macau Peninsula,False
17S,1,weekdays,2,0.0,False,Macau Peninsula,False
17S,1,weekdays,3,0.0,False,Macau Peninsula,False
17S,1,weekdays,4,0.0,False,Macau Peninsula,False
17S,1,weekdays,5,0.0,False,Macau Peninsula,False
17S,1,weekdays,6,1.2,False,Macau Peninsula,False
17S,1,weekdays,7,4.8,False,Macau Peninsula,False
17S,1,weekdays,8,4.8,False,Macau Peninsula,False
17S,1,weekdays,9,2.4,False,Macau Peninsula,False
17S,1,weekdays,10,0.0,False,Macau Peninsula,False
17S,1,weekdays,11,0.0,False,Macau Peninsula,False
17S,1,weekdays,12,0.0,False,Macau Peninsula,False
17S,1,weekdays,13,0.0,False,Macau Peninsula,False
17S,1,weekdays,14,0.0,False,Macau Peninsula,False
17S,1,weekdays,15,2.4,False,Macau Peninsula,False
17S,1,weekdays,16,4.8,False,Macau Peninsula,False
17S,1,weekdays,17,4.8,False,Macau Peninsula,False
17S,1,weekdays,18,4.8,False,Macau Peninsula,False
17S,1,weekdays,19,4.8,False,Macau Peninsula,False
17S,1,weekdays,20,0.0,False,Macau Peninsula,False
17S,1,weekdays,21,0.0,False,Macau Peninsula,False
17S,1,weekdays,22,0.0,False,Macau Peninsula,False
17S,1,weekdays,23,0.0,False,Macau Peninsula,False
17S,1,weekends,0,0.0,False,Macau Peninsula,False
17S,1,weekends,1,0.0,False,Macau Peninsula,False
17S,1,weekends,2,0.0,False,Macau Peninsula,False
17S,1,weekends,3,0.0,False,Macau Peninsula,False
17S,1,weekends,4,0.0,False,Macau Peninsula,False
17S,1,weekends,5,0.0,False,Macau Peninsula,False
17S,1,weekends,6,1.2,False,Macau Peninsula,False
17S,1,weekends,7,4.8,False,Macau Peninsula,False
17S,1,weekends,8,4.8,False,Macau Peninsula,False
17S,1,weekends,9,2.4,False,Macau Peninsula,False
17S,1,weekends,10,0.0,False,Macau Peninsula,False
17S,1,weekends,11,0.0,False,Macau Peninsula,False
17S,1,weekends,12,0.0,False,Macau Peninsula,False
17S,1,weekends,13,0.0,False,Macau Peninsula,False
17S,1,weekends,14,0.0,False,Macau Peninsula,False
17S,1,weekends,15,2.4,False,Macau Peninsula,False
17S,1,weekends,16,4.8,False,Macau Peninsula,False
17S,1,weekends,17,4.8,False,Macau Peninsula,False
17S,1,weekends,18,4.8,False,Macau Peninsula,False
17S,1,weekends,19,4.8,False,Macau Peninsula,False
17S,1,weekends,20,0.0,False,Macau Peninsula,False
17S,1,weekends,21,0.0,False,Macau Peninsula,False
17S,1,weekends,22,0.0,False,Macau Peninsula,False
17S,1,weekends,23,0.0,False,Macau Peninsula,False
18,0,holidays,0,0.0,False,Macau Peninsula,False
18,0,holidays,1,0.0,False,Macau Peninsula,False
18,0,holidays,2,0.0,False,Macau Peninsula,False
18,0,holidays,3,0.0,False,Macau Peninsula,False
18,0,holidays,4,0.0,False,Macau Peninsula,False
18,0,holidays,5,0.0,False,Macau Peninsula,False
18,0,holidays,6,3.0,False,Macau Peninsula,False
18,0,holidays,7,3.0,False,Macau Peninsula,False
18,0,holidays,8,3.0,False,Macau Peninsula,False
18,0,holidays,9,3.0,False,Macau Peninsula,False
18,0,holidays,10,3.0,False,Macau Peninsula,False
18,0,holidays,11,3.0,False,Macau Peninsula,False
18,0,holidays,12,3.0,False,Macau Peninsula,False
18,0,holidays,13,3.0,False,Macau Peninsula,False
18,0,holidays,14,3.0,False,Macau Peninsula,False
18,0,holidays,15,3.0,False,Macau Peninsula,False
18,0,holidays,16,3.0,False,Macau Peninsula,False
18,0,holidays,17,3.0,False,Macau Peninsula,False
18,0,holidays,18,3.0,False,Macau Peninsula,False
18,0,holidays,19,3.0,False,Macau Peninsula,False
18,0,holidays,20,2.727272727272727,False,Macau Peninsula,False
18,0,holidays,21,2.727272727272727,False,Macau Peninsula,False
18,0,holidays,22,2.727272727272727,False,Macau Peninsula,False
18,0,holidays,23,2.727272727272727,False,Macau Peninsula,False
18,0,weekdays,0,0.0,False,Macau Peninsula,False
18,0,weekdays,1,0.0,False,Macau Peninsula,False
18,0,weekdays,2,0.0,False,Macau Peninsula,False
18,0,weekdays,3,0.0,False,Macau Peninsula,False
18,0,weekdays,4,0.0,False,Macau Peninsula,False
18,0,weekdays,5,0.0,False,Macau Peninsula,False
18,0,weekdays,6,3.75,False,Macau Peninsula,False
18,0,weekdays,7,3.75,False,Macau Peninsula,False
18,0,weekdays,8,3.75,False,Macau Peninsula,False
18,0,weekdays,9,3.75,False,Macau Peninsula,False
18,0,weekdays,10,3.0,False,Macau Peninsula,False
18,0,weekdays,11,3.0,False,Macau Peninsula,False
18,0,weekdays,12,3.0,False,Macau Peninsula,False
18,0,weekdays,13,3.0,False,Macau Peninsula,False
18,0,weekdays,14,3.0,False,Macau Peninsula,False
18,0,weekdays,15,3.75,False,Macau Peninsula,False
18,0,weekdays,16,3.75,False,Macau Peninsula,False
18,0,weekdays,17,3.75,False,Macau Peninsula,False
18,0,weekdays,18,3.75,False,Macau Peninsula,False
18,0,weekdays,19,3.75,False,Macau Peninsula,False
18,0,weekdays,20,3.0,False,Macau Peninsula,False
18,0,weekdays,21,3.0,False,Macau Peninsula,False
18,0,weekdays,22,3.0,False,Macau Peninsula,False
18,0,weekdays,23,3.0,False,Macau Peninsula,False
18,0,weekends,0,0.0,False,Macau Peninsula,False
18,0,weekends,1,0.0,False,Macau Peninsula,False
18,0,weekends,2,0.0,False,Macau Peninsula,False
18,0,weekends,3,0.0,False,Macau Peninsula,False
18,0,weekends,4,0.0,False,Macau Peninsula,False
18,0,weekends,5,0.0,False,Macau Peninsula,False
18,0,weekends,6,3.75,False,Macau Peninsula,False
18,0,weekends,7,3.75,False,Macau Peninsula,False
18,0,weekends,8,3.75,False,Macau Peninsula,False
18,0,weekends,9,3.75,False,Macau Peninsula,False
18,0,weekends,10,3.0,False,Macau Peninsula,False
18,0,weekends,11,3.0,False,Macau Peninsula,False
18,0,weekends,12,3.0,False,Macau Peninsula,False
18,0,weekends,13,3.0,False,Macau Peninsula,False
18,0,weekends,14,3.0,False,Macau Peninsula,False
18,0,weekends,15,3.75,False,Macau Peninsula,False
18,0,weekends,16,3.75,False,Macau Peninsula,False
18,0,weekends,17,3.75,False,Macau Peninsula,False
18,0,weekends,18,3.75,False,Macau Peninsula,False
18,0,weekends,19,3.75,False,Macau Peninsula,False
18,0,weekends,20,3.0,False,Macau Peninsula,False
18,0,weekends,21,3.0,False,Macau Peninsula,False
18,0,weekends,22,3.0,False,Macau Peninsula,False
18,0,weekends,23,3.0,False,Macau Peninsula,False
18,1,holidays,0,0.0,False,Macau Peninsula,False
18,1,holidays,1,0.0,False,Macau Peninsula,False
18,1,holidays,2,0.0,False,Macau Peninsula,False
18,1,holidays,3,0.0,False,Macau Peninsula,False
18,1,holidays,4,0.0,False,Macau Peninsula,False
18,1,holidays,5,0.75,False,Macau Peninsula,False
18,1,holidays,6,3.0,False,Macau Peninsula,False
18,1,holidays,7,3.0,False,Macau Peninsula,False
18,1,holidays,8,3.0,False,Macau Peninsula,False
18,1,holidays,9,3.0,False,Macau Peninsula,False
18,1,holidays,10,3.0,False,Macau Peninsula,False
18,1,holidays,11,3.0,False,Macau Peninsula,False
18,1,holidays,12,3.0,False,Macau Peninsula,False
18,1,holidays,13,3.0,False,Macau Peninsula,False
18,1,holidays,14,3.0,False,Macau Peninsula,False
18,1,holidays,15,3.0,False,Macau Peninsula,False
18,1,holidays,16,3.0,False,Macau Peninsula,False
18,1,holidays,17,3.0,False,Macau Peninsula,False
18,1,holidays,18,3.0,False,Macau Peninsula,False
18,1,holidays,19,3.0,False,Macau Peninsula,False
18,1,holidays,20,2.727272727272727,False,Macau Peninsula,False
18,1,holidays,21,2.727272727272727,False,Macau Peninsula,False
18,1,holidays,22,2.727272727272727,False,Macau Peninsula,False
18,1,holidays,23,2.727272727272727,False,Macau Peninsula,False
18,1,weekdays,0,0.0,False,Macau Peninsula,False
18,1,weekdays,1,0.0,False,Macau Peninsula,False
18,1,weekdays,2,0.0,False,Macau Peninsula,False
18,1,weekdays,3,0.0,False,Macau Peninsula,False
18,1,weekdays,4,0.0,False,Macau Peninsula,False
18,1,weekdays,5,0.9375,False,Macau Peninsula,False
18,1,weekdays,6,3.75,False,Macau Peninsula,False
18,1,weekdays,7,3.75,False,Macau Peninsula,False
18,1,weekdays,8,3.75,False,Macau Peninsula,False
18,1,weekdays,9,3.75,False,Macau Peninsula,False
18,1,weekdays,10,3.0,False,Macau Peninsula,False
18,1,weekdays,11,3.0,False,Macau Peninsula,False
18,1,weekdays,12,3.0,False,Macau Peninsula,False
18,1,weekdays,13,3.0,False,Macau Peninsula,False
18,1,weekdays,14,3.0,False,Macau Peninsula,False
18,1,weekdays,15,3.75,False,Macau Peninsula,False
18,1,weekdays,16,3.75,False,Macau Peninsula,False
18,1,weekdays,17,3.75,False,Macau Peninsula,False
18,1,weekdays,18,3.75,False,Macau Peninsula,False
18,1,weekdays,19,3.75,False,Macau Peninsula,False
18,1,weekdays,20,3.0,False,Macau Peninsula,False
18,1,weekdays,21,3.0,False,Macau Peninsula,False
18,1,weekdays,22,3.0,False,Macau Peninsula,False
18,1,weekdays,23,3.0,False,Macau Peninsula,False
18,1,weekends,0,0.0,False,Macau Peninsula,False
18,1,weekends,1,0.0,False,Macau Peninsula,False
18,1,weekends,2,0.0,False,Macau Peninsula,False
18,1,weekends,3,0.0,False,Macau Peninsula,False
18,1,weekends,4,0.0,False,Macau Peninsula,False
18,1,weekends,5,0.9375,False,Macau Peninsula,False
18,1,weekends,6,3.75,False,Macau Peninsula,False
18,1,weekends,7,3.75,False,Macau Peninsula,False
18,1,weekends,8,3.75,False,Macau Peninsula,False
18,1,weekends,9,3.75,False,Macau Peninsula,False
18,1,weekends,10,3.0,False,Macau Peninsula,False
18,1,weekends,11,3.0,False,Macau Peninsula,False
18,1,weekends,12,3.0,False,Macau Peninsula,False
18,1,weekends,13,3.0,False,Macau Peninsula,False
18,1,weekends,14,3.0,False,Macau Peninsula,False
18,1,weekends,15,3.75,False,Macau Peninsula,False
18,1,weekends,16,3.75,False,Macau Peninsula,False
18,1,weekends,17,3.75,False,Macau Peninsula,False
18,1,weekends,18,3.75,False,Macau Peninsula,False
18,1,weekends,19,3.75,False,Macau Peninsula,False
18,1,weekends,20,3.0,False,Macau Peninsula,False
18,1,weekends,21,3.0,False,Macau Peninsula,False
18,1,weekends,22,3.0,False,Macau Peninsula,False
18,1,weekends,23,3.0,False,Macau Peninsula,False
18A,0,holidays,0,0.0,False,Macau Peninsula,False
18A,0,holidays,1,0.0,False,Macau Peninsula,False
18A,0,holidays,2,0.0,False,Macau Peninsula,False
18A,0,holidays,3,0.0,False,Macau Peninsula,False
18A,0,holidays,4,0.0,False,Macau Peninsula,False
18A,0,holidays,5,0.0,False,Macau Peninsula,False
18A,0,holidays,6,3.6363636363636376,False,Macau Peninsula,False
18A,0,holidays,7,5.454545454545454,False,Macau Peninsula,False
18A,0,holidays,8,5.454545454545454,False,Macau Peninsula,False
18A,0,holidays,9,5.454545454545454,False,Macau Peninsula,False
18A,0,holidays,10,6.0,False,Macau Peninsula,False
18A,0,holidays,11,6.0,False,Macau Peninsula,False
18A,0,holidays,12,6.0,False,Macau Peninsula,False
18A,0,holidays,13,6.0,False,Macau Peninsula,False
18A,0,holidays,14,6.0,False,Macau Peninsula,False
18A,0,holidays,15,6.0,False,Macau Peninsula,False
18A,0,holidays,16,6.0,False,Macau Peninsula,False
18A,0,holidays,17,6.0,False,Macau Peninsula,False
18A,0,holidays,18,6.0,False,Macau Peninsula,False
18A,0,holidays,19,6.0,False,Macau Peninsula,False
18A,0,holidays,20,5.454545454545454,False,Macau Peninsula,False
18A,0,holidays,21,5.454545454545454,False,Macau Peninsula,False
18A,0,holidays,22,5.454545454545454,False,Macau Peninsula,False
18A,0,holidays,23,3.636363636363643,False,Macau Peninsula,False
18A,0,weekdays,0,0.0,False,Macau Peninsula,False
18A,0,weekdays,1,0.0,False,Macau Peninsula,False
18A,0,weekdays,2,0.0,False,Macau Peninsula,False
18A,0,weekdays,3,0.0,False,Macau Peninsula,False
18A,0,weekdays,4,0.0,False,Macau Peninsula,False
18A,0,weekdays,5,0.0,False,Macau Peninsula,False
18A,0,weekdays,6,5.714285714285716,False,Macau Peninsula,False
18A,0,weekdays,7,8.571428571428571,False,Macau Peninsula,False
18A,0,weekdays,8,8.571428571428571,False,Macau Peninsula,False
18A,0,weekdays,9,8.571428571428571,False,Macau Peninsula,False
18A,0,weekdays,10,6.0,False,Macau Peninsula,False
18A,0,weekdays,11,6.0,False,Macau Peninsula,False
18A,0,weekdays,12,6.0,False,Macau Peninsula,False
18A,0,weekdays,13,6.0,False,Macau Peninsula,False
18A,0,weekdays,14,6.0,False,Macau Peninsula,False
18A,0,weekdays,15,7.5,False,Macau Peninsula,False
18A,0,weekdays,16,7.5,False,Macau Peninsula,False
18A,0,weekdays,17,7.5,False,Macau Peninsula,False
18A,0,weekdays,18,7.5,False,Macau Peninsula,False
18A,0,weekdays,19,7.5,False,Macau Peninsula,False
18A,0,weekdays,20,5.454545454545454,False,Macau Peninsula,False
18A,0,weekdays,21,5.454545454545454,False,Macau Peninsula,False
18A,0,weekdays,22,5.454545454545454,False,Macau Peninsula,False
18A,0,weekdays,23,3.636363636363643,False,Macau Peninsula,False
18A,0,weekends,0,0.0,False,Macau Peninsula,False
18A,0,weekends,1,0.0,False,Macau Peninsula,False
18A,0,weekends,2,0.0,False,Macau Peninsula,False
18A,0,weekends,3,0.0,False,Macau Peninsula,False
18A,0,weekends,4,0.0,False,Macau Peninsula,False
18A,0,weekends,5,0.0,False,Macau Peninsula,False
18A,0,weekends,6,5.714285714285716,False,Macau Peninsula,False
18A,0,weekends,7,8.571428571428571,False,Macau Peninsula,False
18A,0,weekends,8,8.571428571428571,False,Macau Peninsula,False
18A,0,weekends,9,8.571428571428571,False,Macau Peninsula,False
18A,0,weekends,10,6.0,False,Macau Peninsula,False
18A,0,weekends,11,6.0,False,Macau Peninsula,False
18A,0,weekends,12,6.0,False,Macau Peninsula,False
18A,0,weekends,13,6.0,False,Macau Peninsula,False
18A,0,weekends,14,6.0,False,Macau Peninsula,False
18A,0,weekends,15,7.5,False,Macau Peninsula,False
18A,0,weekends,16,7.5,False,Macau Peninsula,False
18A,0,weekends,17,7.5,False,Macau Peninsula,False
18A,0,weekends,18,7.5,False,Macau Peninsula,False
18A,0,weekends,19,7.5,False,Macau Peninsula,False
18A,0,weekends,20,5.454545454545454,False,Macau Peninsula,False
18A,0,weekends,21,5.454545454545454,False,Macau Peninsula,False
18A,0,weekends,22,5.454545454545454,False,Macau Peninsula,False
18A,0,weekends,23,3.636363636363643,False,Macau Peninsula,False
18B,0,holidays,0,0.0,False,Macau Peninsula,False
18B,0,holidays,1,0.0,False,Macau Peninsula,False
18B,0,holidays,2,0.0,False,Macau Peninsula,False
18B,0,holidays,3,0.0,False,Macau Peninsula,False
18B,0,holidays,4,0.0,False,Macau Peninsula,False
18B,0,holidays,5,0.0,False,Macau Peninsula,False
18B,0,holidays,6,0.0,False,Macau Peninsula,False
18B,0,holidays,7,5.454545454545454,False,Macau Peninsula,False
18B,0,holidays,8,5.454545454545454,False,Macau Peninsula,False
18B,0,holidays,9,5.454545454545454,False,Macau Peninsula,False
18B,0,holidays,10,5.454545454545454,False,Macau Peninsula,False
18B,0,holidays,11,5.454545454545454,False,Macau Peninsula,False
18B,0,holidays,12,5.454545454545454,False,Macau Peninsula,False
18B,0,holidays,13,5.454545454545454,False,Macau Peninsula,False
18B,0,holidays,14,5.454545454545454,False,Macau Peninsula,False
18B,0,holidays,15,5.454545454545454,False,Macau Peninsula,False
18B,0,holidays,16,6.0,False,Macau Peninsula,False
18B,0,holidays,17,6.0,False,Macau Peninsula,False
18B,0,holidays,18,6.0,False,Macau Peninsula,False
18B,0,holidays,19,6.0,False,Macau Peninsula,False
18B,0,holidays,20,4.444444444444445,False,Macau Peninsula,False
18B,0,holidays,21,4.444444444444445,False,Macau Peninsula,False
18B,0,holidays,22,0.0,False,Macau Peninsula,False
18B,0,holidays,23,0.0,False,Macau Peninsula,False
18B,0,weekdays,0,0.0,False,Macau Peninsula,False
18B,0,weekdays,1,0.0,False,Macau Peninsula,False
18B,0,weekdays,2,0.0,False,Macau Peninsula,False
18B,0,weekdays,3,0.0,False,Macau Peninsula,False
18B,0,weekdays,4,0.0,False,Macau Peninsula,False
18B,0,weekdays,5,0.0,False,Macau Peninsula,False
18B,0,weekdays,6,0.0,False,Macau Peninsula,False
18B,0,weekdays,7,7.5,False,Macau Peninsula,False
18B,0,weekdays,8,7.5,False,Macau Peninsula,False
18B,0,weekdays,9,7.5,False,Macau Peninsula,False
18B,0,weekdays,10,4.8,False,Macau Peninsula,False
18B,0,weekdays,11,4.8,False,Macau Peninsula,False
18B,0,weekdays,12,4.8,False,Macau Peninsula,False
18B,0,weekdays,13,4.8,False,Macau Peninsula,False
18B,0,weekdays,14,4.8,False,Macau Peninsula,False
18B,0,weekdays,15,4.8,False,Macau Peninsula,False
18B,0,weekdays,16,7.5,False,Macau Peninsula,False
18B,0,weekdays,17,7.5,False,Macau Peninsula,False
18B,0,weekdays,18,7.5,False,Macau Peninsula,False
18B,0,weekdays,19,7.5,False,Macau Peninsula,False
18B,0,weekdays,20,4.444444444444445,False,Macau Peninsula,False
18B,0,weekdays,21,4.444444444444445,False,Macau Peninsula,False
18B,0,weekdays,22,0.0,False,Macau Peninsula,False
18B,0,weekdays,23,0.0,False,Macau Peninsula,False
18B,0,weekends,0,0.0,False,Macau Peninsula,False
18B,0,weekends,1,0.0,False,Macau Peninsula,False
18B,0,weekends,2,0.0,False,Macau Peninsula,False
18B,0,weekends,3,0.0,False,Macau Peninsula,False
18B,0,weekends,4,0.0,False,Macau Peninsula,False
18B,0,weekends,5,0.0,False,Macau Peninsula,False
18B,0,weekends,6,0.0,False,Macau Peninsula,False
18B,0,weekends,7,6.666666666666667,False,Macau Peninsula,False
18B,0,weekends,8,6.666666666666667,False,Macau Peninsula,False
18B,0,weekends,9,6.666666666666667,False,Macau Peninsula,False
18B,0,weekends,10,4.8,False,Macau Peninsula,False
18B,0,weekends,11,4.8,False,Macau Peninsula,False
18B,0,weekends,12,4.8,False,Macau Peninsula,False
18B,0,weekends,13,4.8,False,Macau Peninsula,False
18B,0,weekends,14,4.8,False,Macau Peninsula,False
18B,0,weekends,15,4.8,False,Macau Peninsula,False
18B,0,weekends,16,6.666666666666667,False,Macau Peninsula,False
18B,0,weekends,17,6.666666666666667,False,Macau Peninsula,False
18B,0,weekends,18,6.666666666666667,False,Macau Peninsula,False
18B,0,weekends,19,6.666666666666667,False,Macau Peninsula,False
18B,0,weekends,20,4.444444444444445,False,Macau Peninsula,False
18B,0,weekends,21,4.444444444444445,False,Macau Peninsula,False
18B,0,weekends,22,0.0,False,Macau Peninsula,False
18B,0,weekends,23,0.0,False,Macau Peninsula,False
18B,1,holidays,0,0.0,False,Macau Peninsula,False
18B,1,holidays,1,0.0,False,Macau Peninsula,False
18B,1,holidays,2,0.0,False,Macau Peninsula,False
18B,1,holidays,3,0.0,False,Macau Peninsula,False
18B,1,holidays,4,0.0,False,Macau Peninsula,False
18B,1,holidays,5,0.0,False,Macau Peninsula,False
18B,1,holidays,6,0.0,False,Macau Peninsula,False
18B,1,holidays,7,5.454545454545454,False,Macau Peninsula,False
18B,1,holidays,8,5.454545454545454,False,Macau Peninsula,False
18B,1,holidays,9,5.454545454545454,False,Macau Peninsula,False
18B,1,holidays,10,5.454545454545454,False,Macau Peninsula,False
18B,1,holidays,11,5.454545454545454,False,Macau Peninsula,False
18B,1,holidays,12,5.454545454545454,False,Macau Peninsula,False
18B,1,holidays,13,5.454545454545454,False,Macau Peninsula,False
18B,1,holidays,14,5.454545454545454,False,Macau Peninsula,False
18B,1,holidays,15,5.454545454545454,False,Macau Peninsula,False
18B,1,holidays,16,6.0,False,Macau Peninsula,False
18B,1,holidays,17,6.0,False,Macau Peninsula,False
18B,1,holidays,18,6.0,False,Macau Peninsula,False
18B,1,holidays,19,6.0,False,Macau Peninsula,False
18B,1,holidays,20,4.444444444444445,False,Macau Peninsula,False
18B,1,holidays,21,4.444444444444445,False,Macau Peninsula,False
18B,1,holidays,22,0.0,False,Macau Peninsula,False
18B,1,holidays,23,0.0,False,Macau Peninsula,False
18B,1,weekdays,0,0.0,False,Macau Peninsula,False
18B,1,weekdays,1,0.0,False,Macau Peninsula,False
18B,1,weekdays,2,0.0,False,Macau Peninsula,False
18B,1,weekdays,3,0.0,False,Macau Peninsula,False
18B,1,weekdays,4,0.0,False,Macau Peninsula,False
18B,1,weekdays,5,0.0,False,Macau Peninsula,False
18B,1,weekdays,6,0.0,False,Macau Peninsula,False
18B,1,weekdays,7,7.5,False,Macau Peninsula,False
18B,1,weekdays,8,7.5,False,Macau Peninsula,False
18B,1,weekdays,9,7.5,False,Macau Peninsula,False
18B,1,weekdays,10,4.8,False,Macau Peninsula,False
18B,1,weekdays,11,4.8,False,Macau Peninsula,False
18B,1,weekdays,12,4.8,False,Macau Peninsula,False
18B,1,weekdays,13,4.8,False,Macau Peninsula,False
18B,1,weekdays,14,4.8,False,Macau Peninsula,False
18B,1,weekdays,15,4.8,False,Macau Peninsula,False
18B,1,weekdays,16,7.5,False,Macau Peninsula,False
18B,1,weekdays,17,7.5,False,Macau Peninsula,False
18B,1,weekdays,18,7.5,False,Macau Peninsula,False
18B,1,weekdays,19,7.5,False,Macau Peninsula,False
18B,1,weekdays,20,4.444444444444445,False,Macau Peninsula,False
18B,1,weekdays,21,4.444444444444445,False,Macau Peninsula,False
18B,1,weekdays,22,0.0,False,Macau Peninsula,False
18B,1,weekdays,23,0.0,False,Macau Peninsula,False
18B,1,weekends,0,0.0,False,Macau Peninsula,False
18B,1,weekends,1,0.0,False,Macau Peninsula,False
18B,1,weekends,2,0.0,False,Macau Peninsula,False
18B,1,weekends,3,0.0,False,Macau Peninsula,False
18B,1,weekends,4,0.0,False,Macau Peninsula,False
18B,1,weekends,5,0.0,False,Macau Peninsula,False
18B,1,weekends,6,0.0,False,Macau Peninsula,False
18B,1,weekends,7,6.666666666666667,False,Macau Peninsula,False
18B,1,weekends,8,6.666666666666667,False,Macau Peninsula,False
18B,1,weekends,9,6.666666666666667,False,Macau Peninsula,False
18B,1,weekends,10,4.8,False,Macau Peninsula,False
18B,1,weekends,11,4.8,False,Macau Peninsula,False
18B,1,weekends,12,4.8,False,Macau Peninsula,False
18B,1,weekends,13,4.8,False,Macau Peninsula,False
18B,1,weekends,14,4.8,False,Macau Peninsula,False
18B,1,weekends,15,4.8,False,Macau Peninsula,False
18B,1,weekends,16,6.666666666666667,False,Macau Peninsula,False
18B,1,weekends,17,6.666666666666667,False,Macau Peninsula,False
18B,1,weekends,18,6.666666666666667,False,Macau Peninsula,False
18B,1,weekends,19,6.666666666666667,False,Macau Peninsula,False
18B,1,weekends,20,4.444444444444445,False,Macau Peninsula,False
18B,1,weekends,21,4.444444444444445,False,Macau Peninsula,False
18B,1,weekends,22,0.0,False,Macau Peninsula,False
18B,1,weekends,23,0.0,False,Macau Peninsula,False
19,0,holidays,0,0.0,False,Macau Peninsula,False
19,0,holidays,1,0.0,False,Macau Peninsula,False
19,0,holidays,2,0.0,False,Macau Peninsula,False
19,0,holidays,3,0.0,False,Macau Peninsula,False
19,0,holidays,4,0.0,False,Macau Peninsula,False
19,0,holidays,5,0.0,False,Macau Peninsula,False
19,0,holidays,6,4.5,False,Macau Peninsula,False
19,0,holidays,7,6.0,False,Macau Peninsula,False
19,0,holidays,8,6.0,False,Macau Peninsula,False
19,0,holidays,9,6.0,False,Macau Peninsula,False
19,0,holidays,10,6.0,False,Macau Peninsula,False
19,0,holidays,11,6.0,False,Macau Peninsula,False
19,0,holidays,12,6.0,False,Macau Peninsula,False
19,0,holidays,13,6.0,False,Macau Peninsula,False
19,0,holidays,14,6.0,False,Macau Peninsula,False
19,0,holidays,15,6.0,False,Macau Peninsula,False
19,0,holidays,16,6.0,False,Macau Peninsula,False
19,0,holidays,17,6.0,False,Macau Peninsula,False
19,0,holidays,18,6.0,False,Macau Peninsula,False
19,0,holidays,19,6.0,False,Macau Peninsula,False
19,0,holidays,20,6.0,False,Macau Peninsula,False
19,0,holidays,21,6.0,False,Macau Peninsula,False
19,0,holidays,22,6.0,False,Macau Peninsula,False
19,0,holidays,23,6.0,False,Macau Peninsula,False
19,0,weekdays,0,0.0,False,Macau Peninsula,False
19,0,weekdays,1,0.0,False,Macau Peninsula,False
19,0,weekdays,2,0.0,False,Macau Peninsula,False
19,0,weekdays,3,0.0,False,Macau Peninsula,False
19,0,weekdays,4,0.0,False,Macau Peninsula,False
19,0,weekdays,5,0.0,False,Macau Peninsula,False
19,0,weekdays,6,6.428571428571429,False,Macau Peninsula,False
19,0,weekdays,7,8.571428571428571,False,Macau Peninsula,False
19,0,weekdays,8,8.571428571428571,False,Macau Peninsula,False
19,0,weekdays,9,8.571428571428571,False,Macau Peninsula,False
19,0,weekdays,10,6.0,False,Macau Peninsula,False
19,0,weekdays,11,6.0,False,Macau Peninsula,False
19,0,weekdays,12,6.0,False,Macau Peninsula,False
19,0,weekdays,13,6.0,False,Macau Peninsula,False
19,0,weekdays,14,6.0,False,Macau Peninsula,False
19,0,weekdays,15,7.5,False,Macau Peninsula,False
19,0,weekdays,16,7.5,False,Macau Peninsula,False
19,0,weekdays,17,7.5,False,Macau Peninsula,False
19,0,weekdays,18,7.5,False,Macau Peninsula,False
19,0,weekdays,19,7.5,False,Macau Peninsula,False
19,0,weekdays,20,6.0,False,Macau Peninsula,False
19,0,weekdays,21,6.0,False,Macau Peninsula,False
19,0,weekdays,22,6.0,False,Macau Peninsula,False
19,0,weekdays,23,6.0,False,Macau Peninsula,False
19,0,weekends,0,0.0,False,Macau Peninsula,False
19,0,weekends,1,0.0,False,Macau Peninsula,False
19,0,weekends,2,0.0,False,Macau Peninsula,False
19,0,weekends,3,0.0,False,Macau Peninsula,False
19,0,weekends,4,0.0,False,Macau Peninsula,False
19,0,weekends,5,0.0,False,Macau Peninsula,False
19,0,weekends,6,6.428571428571429,False,Macau Peninsula,False
19,0,weekends,7,8.571428571428571,False,Macau Peninsula,False
19,0,weekends,8,8.571428571428571,False,Macau Peninsula,False
19,0,weekends,9,8.571428571428571,False,Macau Peninsula,False
19,0,weekends,10,6.0,False,Macau Peninsula,False
19,0,weekends,11,6.0,False,Macau Peninsula,False
19,0,weekends,12,6.0,False,Macau Peninsula,False
19,0,weekends,13,6.0,False,Macau Peninsula,False
19,0,weekends,14,6.0,False,Macau Peninsula,False
19,0,weekends,15,7.5,False,Macau Peninsula,False
19,0,weekends,16,7.5,False,Macau Peninsula,False
19,0,weekends,17,7.5,False,Macau Peninsula,False
19,0,weekends,18,7.5,False,Macau Peninsula,False
19,0,weekends,19,7.5,False,Macau Peninsula,False
19,0,weekends,20,5.217391304347826,False,Macau Peninsula,False
19,0,weekends,21,5.217391304347826,False,Macau Peninsula,False
19,0,weekends,22,5.217391304347826,False,Macau Peninsula,False
19,0,weekends,23,5.217391304347826,False,Macau Peninsula,False
1A,0,holidays,0,0.0,False,Macau Peninsula,False
1A,0,holidays,1,0.0,False,Macau Peninsula,False
1A,0,holidays,2,0.0,False,Macau Peninsula,False
1A,0,holidays,3,0.0,False,Macau Peninsula,False
1A,0,holidays,4,0.0,False,Macau Peninsula,False
1A,0,holidays,5,0.0,False,Macau Peninsula,False
1A,0,holidays,6,5.454545454545454,False,Macau Peninsula,False
1A,0,holidays,7,5.454545454545454,False,Macau Peninsula,False
1A,0,holidays,8,5.454545454545454,False,Macau Peninsula,False
1A,0,holidays,9,5.454545454545454,False,Macau Peninsula,False
1A,0,holidays,10,5.454545454545454,False,Macau Peninsula,False
1A,0,holidays,11,5.454545454545454,False,Macau Peninsula,False
1A,0,holidays,12,5.454545454545454,False,Macau Peninsula,False
1A,0,holidays,13,5.454545454545454,False,Macau Peninsula,False
1A,0,holidays,14,5.454545454545454,False,Macau Peninsula,False
1A,0,holidays,15,5.454545454545454,False,Macau Peninsula,False
1A,0,holidays,16,5.454545454545454,False,Macau Peninsula,False
1A,0,holidays,17,5.454545454545454,False,Macau Peninsula,False
1A,0,holidays,18,5.454545454545454,False,Macau Peninsula,False
1A,0,holidays,19,5.454545454545454,False,Macau Peninsula,False
1A,0,holidays,20,4.444444444444445,False,Macau Peninsula,False
1A,0,holidays,21,4.444444444444445,False,Macau Peninsula,False
1A,0,holidays,22,4.444444444444445,False,Macau Peninsula,False
1A,0,holidays,23,4.444444444444445,False,Macau Peninsula,False
1A,0,weekdays,0,0.0,False,Macau Peninsula,False
1A,0,weekdays,1,0.0,False,Macau Peninsula,False
1A,0,weekdays,2,0.0,False,Macau Peninsula,False
1A,0,weekdays,3,0.0,False,Macau Peninsula,False
1A,0,weekdays,4,0.0,False,Macau Peninsula,False
1A,0,weekdays,5,0.0,False,Macau Peninsula,False
1A,0,weekdays,6,7.5,False,Macau Peninsula,False
1A,0,weekdays,7,7.5,False,Macau Peninsula,False
1A,0,weekdays,8,7.5,False,Macau Peninsula,False
1A,0,weekdays,9,7.5,False,Macau Peninsula,False
1A,0,weekdays,10,5.454545454545454,False,Macau Peninsula,False
1A,0,weekdays,11,5.454545454545454,False,Macau Peninsula,False
1A,0,weekdays,12,5.454545454545454,False,Macau Peninsula,False
1A,0,weekdays,13,5.454545454545454,False,Macau Peninsula,False
1A,0,weekdays,14,5.454545454545454,False,Macau Peninsula,False
1A,0,weekdays,15,7.5,False,Macau Peninsula,False
1A,0,weekdays,16,7.5,False,Macau Peninsula,False
1A,0,weekdays,17,7.5,False,Macau Peninsula,False
1A,0,weekdays,18,7.5,False,Macau Peninsula,False
1A,0,weekdays,19,7.5,False,Macau Peninsula,False
1A,0,weekdays,20,4.444444444444445,False,Macau Peninsula,False
1A,0,weekdays,21,4.444444444444445,False,Macau Peninsula,False
1A,0,weekdays,22,4.444444444444445,False,Macau Peninsula,False
1A,0,weekdays,23,4.444444444444445,False,Macau Peninsula,False
1A,0,weekends,0,0.0,False,Macau Peninsula,False
1A,0,weekends,1,0.0,False,Macau Peninsula,False
1A,0,weekends,2,0.0,False,Macau Peninsula,False
1A,0,weekends,3,0.0,False,Macau Peninsula,False
1A,0,weekends,4,0.0,False,Macau Peninsula,False
1A,0,weekends,5,0.0,False,Macau Peninsula,False
1A,0,weekends,6,7.5,False,Macau Peninsula,False
1A,0,weekends,7,7.5,False,Macau Peninsula,False
1A,0,weekends,8,7.5,False,Macau Peninsula,False
1A,0,weekends,9,7.5,False,Macau Peninsula,False
1A,0,weekends,10,5.454545454545454,False,Macau Peninsula,False
1A,0,weekends,11,5.454545454545454,False,Macau Peninsula,False
1A,0,weekends,12,5.454545454545454,False,Macau Peninsula,False
1A,0,weekends,13,5.454545454545454,False,Macau Peninsula,False
1A,0,weekends,14,5.454545454545454,False,Macau Peninsula,False
1A,0,weekends,15,7.5,False,Macau Peninsula,False
1A,0,weekends,16,7.5,False,Macau Peninsula,False
1A,0,weekends,17,7.5,False,Macau Peninsula,False
1A,0,weekends,18,7.5,False,Macau Peninsula,False
1A,0,weekends,19,7.5,False,Macau Peninsula,False
1A,0,weekends,20,4.444444444444445,False,Macau Peninsula,False
1A,0,weekends,21,4.444444444444445,False,Macau Peninsula,False
1A,0,weekends,22,4.444444444444445,False,Macau Peninsula,False
1A,0,weekends,23,4.444444444444445,False,Macau Peninsula,False
1A,1,holidays,0,0.0,False,Macau Peninsula,False
1A,1,holidays,1,0.0,False,Macau Peninsula,False
1A,1,holidays,2,0.0,False,Macau Peninsula,False
1A,1,holidays,3,0.0,False,Macau Peninsula,False
1A,1,holidays,4,0.0,False,Macau Peninsula,False
1A,1,holidays,5,0.0,False,Macau Peninsula,False
1A,1,holidays,6,5.454545454545454,False,Macau Peninsula,False
1A,1,holidays,7,5.454545454545454,False,Macau Peninsula,False
1A,1,holidays,8,5.454545454545454,False,Macau Peninsula,False
1A,1,holidays,9,5.454545454545454,False,Macau Peninsula,False
1A,1,holidays,10,5.454545454545454,False,Macau Peninsula,False
1A,1,holidays,11,5.454545454545454,False,Macau Peninsula,False
1A,1,holidays,12,5.454545454545454,False,Macau Peninsula,False
1A,1,holidays,13,5.454545454545454,False,Macau Peninsula,False
1A,1,holidays,14,5.454545454545454,False,Macau Peninsula,False
1A,1,holidays,15,5.454545454545454,False,Macau Peninsula,False
1A,1,holidays,16,5.454545454545454,False,Macau Peninsula,False
1A,1,holidays,17,5.454545454545454,False,Macau Peninsula,False
1A,1,holidays,18,5.454545454545454,False,Macau Peninsula,False
1A,1,holidays,19,5.454545454545454,False,Macau Peninsula,False
1A,1,holidays,20,4.444444444444445,False,Macau Peninsula,False
1A,1,holidays,21,4.444444444444445,False,Macau Peninsula,False
1A,1,holidays,22,4.444444444444445,False,Macau Peninsula,False
1A,1,holidays,23,4.444444444444445,False,Macau Peninsula,False
1A,1,weekdays,0,0.0,False,Macau Peninsula,False
1A,1,weekdays,1,0.0,False,Macau Peninsula,False
1A,1,weekdays,2,0.0,False,Macau Peninsula,False
1A,1,weekdays,3,0.0,False,Macau Peninsula,False
1A,1,weekdays,4,0.0,False,Macau Peninsula,False
1A,1,weekdays,5,0.0,False,Macau Peninsula,False
1A,1,weekdays,6,7.5,False,Macau Peninsula,False
1A,1,weekdays,7,7.5,False,Macau Peninsula,False
1A,1,weekdays,8,7.5,False,Macau Peninsula,False
1A,1,weekdays,9,7.5,False,Macau Peninsula,False
1A,1,weekdays,10,5.454545454545454,False,Macau Peninsula,False
1A,1,weekdays,11,5.454545454545454,False,Macau Peninsula,False
1A,1,weekdays,12,5.454545454545454,False,Macau Peninsula,False
1A,1,weekdays,13,5.454545454545454,False,Macau Peninsula,False
1A,1,weekdays,14,5.454545454545454,False,Macau Peninsula,False
1A,1,weekdays,15,7.5,False,Macau Peninsula,False
1A,1,weekdays,16,7.5,False,Macau Peninsula,False
1A,1,weekdays,17,7.5,False,Macau Peninsula,False
1A,1,weekdays,18,7.5,False,Macau Peninsula,False
1A,1,weekdays,19,7.5,False,Macau Peninsula,False
1A,1,weekdays,20,4.444444444444445,False,Macau Peninsula,False
1A,1,weekdays,21,4.444444444444445,False,Macau Peninsula,False
1A,1,weekdays,22,4.444444444444445,False,Macau Peninsula,False
1A,1,weekdays,23,4.444444444444445,False,Macau Peninsula,False
1A,1,weekends,0,0.0,False,Macau Peninsula,False
1A,1,weekends,1,0.0,False,Macau Peninsula,False
1A,1,weekends,2,0.0,False,Macau Peninsula,False
1A,1,weekends,3,0.0,False,Macau Peninsula,False
1A,1,weekends,4,0.0,False,Macau Peninsula,False
1A,1,weekends,5,0.0,False,Macau Peninsula,False
1A,1,weekends,6,7.5,False,Macau Peninsula,False
1A,1,weekends,7,7.5,False,Macau Peninsula,False
1A,1,weekends,8,7.5,False,Macau Peninsula,False
1A,1,weekends,9,7.5,False,Macau Peninsula,False
1A,1,weekends,10,5.454545454545454,False,Macau Peninsula,False
1A,1,weekends,11,5.454545454545454,False,Macau Peninsula,False
1A,1,weekends,12,5.454545454545454,False,Macau Peninsula,False
1A,1,weekends,13,5.454545454545454,False,Macau Peninsula,False
1A,1,weekends,14,5.454545454545454,False,Macau Peninsula,False
1A,1,weekends,15,7.5,False,Macau Peninsula,False
1A,1,weekends,16,7.5,False,Macau Peninsula,False
1A,1,weekends,17,7.5,False,Macau Peninsula,False
1A,1,weekends,18,7.5,False,Macau Peninsula,False
1A,1,weekends,19,7.5,False,Macau Peninsula,False
1A,1,weekends,20,4.444444444444445,False,Macau Peninsula,False
1A,1,weekends,21,4.444444444444445,False,Macau Peninsula,False
1A,1,weekends,22,4.444444444444445,False,Macau Peninsula,False
1A,1,weekends,23,4.444444444444445,False,Macau Peninsula,False
2,0,holidays,0,0.0,False,Macau Peninsula,False
2,0,holidays,1,0.0,False,Macau Peninsula,False
2,0,holidays,2,0.0,False,Macau Peninsula,False
2,0,holidays,3,0.0,False,Macau Peninsula,False
2,0,holidays,4,0.0,False,Macau Peninsula,False
2,0,holidays,5,0.0,False,Macau Peninsula,False
2,0,holidays,6,6.428571428571429,False,Macau Peninsula,False
2,0,holidays,7,8.571428571428571,False,Macau Peninsula,False
2,0,holidays,8,8.571428571428571,False,Macau Peninsula,False
2,0,holidays,9,8.571428571428571,False,Macau Peninsula,False
2,0,holidays,10,8.571428571428571,False,Macau Peninsula,False
2,0,holidays,11,8.571428571428571,False,Macau Peninsula,False
2,0,holidays,12,8.571428571428571,False,Macau Peninsula,False
2,0,holidays,13,8.571428571428571,False,Macau Peninsula,False
2,0,holidays,14,8.571428571428571,False,Macau Peninsula,False
2,0,holidays,15,8.571428571428571,False,Macau Peninsula,False
2,0,holidays,16,8.571428571428571,False,Macau Peninsula,False
2,0,holidays,17,8.571428571428571,False,Macau Peninsula,False
2,0,holidays,18,8.571428571428571,False,Macau Peninsula,False
2,0,holidays,19,8.571428571428571,False,Macau Peninsula,False
2,0,holidays,20,5.714285714285714,False,Macau Peninsula,False
2,0,holidays,21,5.714285714285714,False,Macau Peninsula,False
2,0,holidays,22,5.714285714285714,False,Macau Peninsula,False
2,0,holidays,23,5.714285714285714,False,Macau Peninsula,False
2,0,weekdays,0,0.0,False,Macau Peninsula,False
2,0,weekdays,1,0.0,False,Macau Peninsula,False
2,0,weekdays,2,0.0,False,Macau Peninsula,False
2,0,weekdays,3,0.0,False,Macau Peninsula,False
2,0,weekdays,4,0.0,False,Macau Peninsula,False
2,0,weekdays,5,0.0,False,Macau Peninsula,False
2,0,weekdays,6,7.5,False,Macau Peninsula,False
2,0,weekdays,7,10.0,False,Macau Peninsula,False
2,0,weekdays,8,10.0,False,Macau Peninsula,False
2,0,weekdays,9,10.0,False,Macau Peninsula,False
2,0,weekdays,10,8.571428571428571,False,Macau Peninsula,False
2,0,weekdays,11,8.571428571428571,False,Macau Peninsula,False
2,0,weekdays,12,8.571428571428571,False,Macau Peninsula,False
2,0,weekdays,13,8.571428571428571,False,Macau Peninsula,False
2,0,weekdays,14,8.571428571428571,False,Macau Peninsula,False
2,0,weekdays,15,10.0,False,Macau Peninsula,False
2,0,weekdays,16,10.0,False,Macau Peninsula,False
2,0,weekdays,17,10.0,False,Macau Peninsula,False
2,0,weekdays,18,10.0,False,Macau Peninsula,False
2,0,weekdays,19,10.0,False,Macau Peninsula,False
2,0,weekdays,20,5.714285714285714,False,Macau Peninsula,False
2,0,weekdays,21,5.714285714285714,False,Macau Peninsula,False
2,0,weekdays,22,5.714285714285714,False,Macau Peninsula,False
2,0,weekdays,23,5.714285714285714,False,Macau Peninsula,False
2,0,weekends,0,0.0,False,Macau Peninsula,False
2,0,weekends,1,0.0,False,Macau Peninsula,False
2,0,weekends,2,0.0,False,Macau Peninsula,False
2,0,weekends,3,0.0,False,Macau Peninsula,False
2,0,weekends,4,0.0,False,Macau Peninsula,False
2,0,weekends,5,0.0,False,Macau Peninsula,False
2,0,weekends,6,7.5,False,Macau Peninsula,False
2,0,weekends,7,10.0,False,Macau Peninsula,False
2,0,weekends,8,10.0,False,Macau Peninsula,False
2,0,weekends,9,10.0,False,Macau Peninsula,False
2,0,weekends,10,8.571428571428571,False,Macau Peninsula,False
2,0,weekends,11,8.571428571428571,False,Macau Peninsula,False
2,0,weekends,12,8.571428571428571,False,Macau Peninsula,False
2,0,weekends,13,8.571428571428571,False,Macau Peninsula,False
2,0,weekends,14,8.571428571428571,False,Macau Peninsula,False
2,0,weekends,15,10.0,False,Macau Peninsula,False
2,0,weekends,16,10.0,False,Macau Peninsula,False
2,0,weekends,17,10.0,False,Macau Peninsula,False
2,0,weekends,18,10.0,False,Macau Peninsula,False
2,0,weekends,19,10.0,False,Macau Peninsula,False
2,0,weekends,20,5.714285714285714,False,Macau Peninsula,False
2,0,weekends,21,5.714285714285714,False,Macau Peninsula,False
2,0,weekends,22,5.714285714285714,False,Macau Peninsula,False
2,0,weekends,23,5.714285714285714,False,Macau Peninsula,False
2,1,holidays,0,0.0,False,Macau Peninsula,False
2,1,holidays,1,0.0,False,Macau Peninsula,False
2,1,holidays,2,0.0,False,Macau Peninsula,False
2,1,holidays,3,0.0,False,Macau Peninsula,False
2,1,holidays,4,0.0,False,Macau Peninsula,False
2,1,holidays,5,0.0,False,Macau Peninsula,False
2,1,holidays,6,4.285714285714286,False,Macau Peninsula,False
2,1,holidays,7,8.571428571428571,False,Macau Peninsula,False
2,1,holidays,8,8.571428571428571,False,Macau Peninsula,False
2,1,holidays,9,8.571428571428571,False,Macau Peninsula,False
2,1,holidays,10,8.571428571428571,False,Macau Peninsula,False
2,1,holidays,11,8.571428571428571,False,Macau Peninsula,False
2,1,holidays,12,8.571428571428571,False,Macau Peninsula,False
2,1,holidays,13,8.571428571428571,False,Macau Peninsula,False
2,1,holidays,14,8.571428571428571,False,Macau Peninsula,False
2,1,holidays,15,8.571428571428571,False,Macau Peninsula,False
2,1,holidays,16,8.571428571428571,False,Macau Peninsula,False
2,1,holidays,17,8.571428571428571,False,Macau Peninsula,False
2,1,holidays,18,8.571428571428571,False,Macau Peninsula,False
2,1,holidays,19,8.571428571428571,False,Macau Peninsula,False
2,1,holidays,20,5.714285714285714,False,Macau Peninsula,False
2,1,holidays,21,5.714285714285714,False,Macau Peninsula,False
2,1,holidays,22,5.714285714285714,False,Macau Peninsula,False
2,1,holidays,23,5.714285714285714,False,Macau Peninsula,False
2,1,weekdays,0,0.0,False,Macau Peninsula,False
2,1,weekdays,1,0.0,False,Macau Peninsula,False
2,1,weekdays,2,0.0,False,Macau Peninsula,False
2,1,weekdays,3,0.0,False,Macau Peninsula,False
2,1,weekdays,4,0.0,False,Macau Peninsula,False
2,1,weekdays,5,0.0,False,Macau Peninsula,False
2,1,weekdays,6,5.0,False,Macau Peninsula,False
2,1,weekdays,7,10.0,False,Macau Peninsula,False
2,1,weekdays,8,10.0,False,Macau Peninsula,False
2,1,weekdays,9,10.0,False,Macau Peninsula,False
2,1,weekdays,10,8.571428571428571,False,Macau Peninsula,False
2,1,weekdays,11,8.571428571428571,False,Macau Peninsula,False
2,1,weekdays,12,8.571428571428571,False,Macau Peninsula,False
2,1,weekdays,13,8.571428571428571,False,Macau Peninsula,False
2,1,weekdays,14,8.571428571428571,False,Macau Peninsula,False
2,1,weekdays,15,10.0,False,Macau Peninsula,False
2,1,weekdays,16,10.0,False,Macau Peninsula,False
2,1,weekdays,17,10.0,False,Macau Peninsula,False
2,1,weekdays,18,10.0,False,Macau Peninsula,False
2,1,weekdays,19,10.0,False,Macau Peninsula,False
2,1,weekdays,20,5.714285714285714,False,Macau Peninsula,False
2,1,weekdays,21,5.714285714285714,False,Macau Peninsula,False
2,1,weekdays,22,5.714285714285714,False,Macau Peninsula,False
2,1,weekdays,23,5.714285714285714,False,Macau Peninsula,False
2,1,weekends,0,0.0,False,Macau Peninsula,False
2,1,weekends,1,0.0,False,Macau Peninsula,False
2,1,weekends,2,0.0,False,Macau Peninsula,False
2,1,weekends,3,0.0,False,Macau Peninsula,False
2,1,weekends,4,0.0,False,Macau Peninsula,False
2,1,weekends,5,0.0,False,Macau Peninsula,False
2,1,weekends,6,5.0,False,Macau Peninsula,False
2,1,weekends,7,10.0,False,Macau Peninsula,False
2,1,weekends,8,10.0,False,Macau Peninsula,False
2,1,weekends,9,10.0,False,Macau Peninsula,False
2,1,weekends,10,8.571428571428571,False,Macau Peninsula,False
2,1,weekends,11,8.571428571428571,False,Macau Peninsula,False
2,1,weekends,12,8.571428571428571,False,Macau Peninsula,False
2,1,weekends,13,8.571428571428571,False,Macau Peninsula,False
2,1,weekends,14,8.571428571428571,False,Macau Peninsula,False
2,1,weekends,15,10.0,False,Macau Peninsula,False
2,1,weekends,16,10.0,False,Macau Peninsula,False
2,1,weekends,17,10.0,False,Macau Peninsula,False
2,1,weekends,18,10.0,False,Macau Peninsula,False
2,1,weekends,19,10.0,False,Macau Peninsula,False
2,1,weekends,20,5.714285714285714,False,Macau Peninsula,False
2,1,weekends,21,5.714285714285714,False,Macau Peninsula,False
2,1,weekends,22,5.714285714285714,False,Macau Peninsula,False
2,1,weekends,23,5.714285714285714,False,Macau Peninsula,False
21A,0,holidays,0,0.0,True,Coloane + Macau Peninsula + Taipa & Cotai,True
21A,0,holidays,1,0.0,True,Coloane + Macau Peninsula + Taipa & Cotai,True
21A,0,holidays,2,0.0,True,Coloane + Macau Peninsula + Taipa & Cotai,True
21A,0,holidays,3,0.0,True,Coloane + Macau Peninsula + Taipa & Cotai,True
21A,0,holidays,4,0.0,True,Coloane + Macau Peninsula + Taipa & Cotai,True
21A,0,holidays,5,0.0,True,Coloane + Macau Peninsula + Taipa & Cotai,True
21A,0,holidays,6,1.8181818181818188,True,Coloane + Macau Peninsula + Taipa & Cotai,True
21A,0,holidays,7,2.727272727272727,True,Coloane + Macau Peninsula + Taipa & Cotai,True
21A,0,holidays,8,2.727272727272727,True,Coloane + Macau Peninsula + Taipa & Cotai,True
21A,0,holidays,9,2.727272727272727,True,Coloane + Macau Peninsula + Taipa & Cotai,True
21A,0,holidays,10,3.1578947368421053,True,Coloane + Macau Peninsula + Taipa & Cotai,True
21A,0,holidays,11,3.1578947368421053,True,Coloane + Macau Peninsula + Taipa & Cotai,True
21A,0,holidays,12,3.1578947368421053,True,Coloane + Macau Peninsula + Taipa & Cotai,True
21A,0,holidays,13,3.1578947368421053,True,Coloane + Macau Peninsula + Taipa & Cotai,True
21A,0,holidays,14,3.1578947368421053,True,Coloane + Macau Peninsula + Taipa & Cotai,True
21A,0,holidays,15,3.3333333333333335,True,Coloane + Macau Peninsula + Taipa & Cotai,True
21A,0,holidays,16,3.3333333333333335,True,Coloane + Macau Peninsula + Taipa & Cotai,True
21A,0,holidays,17,3.3333333333333335,True,Coloane + Macau Peninsula + Taipa & Cotai,True
21A,0,holidays,18,3.3333333333333335,True,Coloane + Macau Peninsula + Taipa & Cotai,True
21A,0,holidays,19,3.3333333333333335,True,Coloane + Macau Peninsula + Taipa & Cotai,True
21A,0,holidays,20,2.142857142857143,True,Coloane + Macau Peninsula + Taipa & Cotai,True
21A,0,holidays,21,2.142857142857143,True,Coloane + Macau Peninsula + Taipa & Cotai,True
21A,0,holidays,22,2.142857142857143,True,Coloane + Macau Peninsula + Taipa & Cotai,True
21A,0,holidays,23,1.0714285714285714,True,Coloane + Macau Peninsula + Taipa & Cotai,True
21A,0,weekdays,0,0.0,True,Coloane + Macau Peninsula + Taipa & Cotai,True
21A,0,weekdays,1,0.0,True,Coloane + Macau Peninsula + Taipa & Cotai,True
21A,0,weekdays,2,0.0,True,Coloane + Macau Peninsula + Taipa & Cotai,True
21A,0,weekdays,3,0.0,True,Coloane + Macau Peninsula + Taipa & Cotai,True
21A,0,weekdays,4,0.0,True,Coloane + Macau Peninsula + Taipa & Cotai,True
21A,0,weekdays,5,0.0,True,Coloane + Macau Peninsula + Taipa & Cotai,True
21A,0,weekdays,6,1.8181818181818188,True,Coloane + Macau Peninsula + Taipa & Cotai,True
21A,0,weekdays,7,2.727272727272727,True,Coloane + Macau Peninsula + Taipa & Cotai,True
21A,0,weekdays,8,2.727272727272727,True,Coloane + Macau Peninsula + Taipa & Cotai,True
21A,0,weekdays,9,2.727272727272727,True,Coloane + Macau Peninsula + Taipa & Cotai,True
21A,0,weekdays,10,2.142857142857143,True,Coloane + Macau Peninsula + Taipa & Cotai,True
21A,0,weekdays,11,2.142857142857143,True,Coloane + Macau Peninsula + Taipa & Cotai,True
21A,0,weekdays,12,2.142857142857143,True,Coloane + Macau Peninsula + Taipa & Cotai,True
21A,0,weekdays,13,2.142857142857143,True,Coloane + Macau Peninsula + Taipa & Cotai,True
21A,0,weekdays,14,2.142857142857143,True,Coloane + Macau Peninsula + Taipa & Cotai,True
21A,0,weekdays,15,2.727272727272727,True,Coloane + Macau Peninsula + Taipa & Cotai,True
21A,0,weekdays,16,2.727272727272727,True,Coloane + Macau Peninsula + Taipa & Cotai,True
21A,0,weekdays,17,2.727272727272727,True,Coloane + Macau Peninsula + Taipa & Cotai,True
21A,0,weekdays,18,2.727272727272727,True,Coloane + Macau Peninsula + Taipa & Cotai,True
21A,0,weekdays,19,2.727272727272727,True,Coloane + Macau Peninsula + Taipa & Cotai,True
21A,0,weekdays,20,2.142857142857143,True,Coloane + Macau Peninsula + Taipa & Cotai,True
21A,0,weekdays,21,2.142857142857143,True,Coloane + Macau Peninsula + Taipa & Cotai,True
21A,0,weekdays,22,2.142857142857143,True,Coloane + Macau Peninsula + Taipa & Cotai,True
21A,0,weekdays,23,1.0714285714285714,True,Coloane + Macau Peninsula + Taipa & Cotai,True
21A,0,weekends,0,0.0,True,Coloane + Macau Peninsula + Taipa & Cotai,True
21A,0,weekends,1,0.0,True,Coloane + Macau Peninsula + Taipa & Cotai,True
21A,0,weekends,2,0.0,True,Coloane + Macau Peninsula + Taipa & Cotai,True
21A,0,weekends,3,0.0,True,Coloane + Macau Peninsula + Taipa & Cotai,True
21A,0,weekends,4,0.0,True,Coloane + Macau Peninsula + Taipa & Cotai,True
21A,0,weekends,5,0.0,True,Coloane + Macau Peninsula + Taipa & Cotai,True
21A,0,weekends,6,1.8181818181818188,True,Coloane + Macau Peninsula + Taipa & Cotai,True
21A,0,weekends,7,2.727272727272727,True,Coloane + Macau Peninsula + Taipa & Cotai,True
21A,0,weekends,8,2.727272727272727,True,Coloane + Macau Peninsula + Taipa & Cotai,True
21A,0,weekends,9,2.727272727272727,True,Coloane + Macau Peninsula + Taipa & Cotai,True
21A,0,weekends,10,1.9672131147540983,True,Coloane + Macau Peninsula + Taipa & Cotai,True
21A,0,weekends,11,1.9672131147540983,True,Coloane + Macau Peninsula + Taipa & Cotai,True
21A,0,weekends,12,1.9672131147540983,True,Coloane + Macau Peninsula + Taipa & Cotai,True
21A,0,weekends,13,1.9672131147540983,True,Coloane + Macau Peninsula + Taipa & Cotai,True
21A,0,weekends,14,1.9672131147540983,True,Coloane + Macau Peninsula + Taipa & Cotai,True
21A,0,weekends,15,2.727272727272727,True,Coloane + Macau Peninsula + Taipa & Cotai,True
21A,0,weekends,16,2.727272727272727,True,Coloane + Macau Peninsula + Taipa & Cotai,True
21A,0,weekends,17,2.727272727272727,True,Coloane + Macau Peninsula + Taipa & Cotai,True
21A,0,weekends,18,2.727272727272727,True,Coloane + Macau Peninsula + Taipa & Cotai,True
21A,0,weekends,19,2.727272727272727,True,Coloane + Macau Peninsula + Taipa & Cotai,True
21A,0,weekends,20,2.142857142857143,True,Coloane + Macau Peninsula + Taipa & Cotai,True
21A,0,weekends,21,2.142857142857143,True,Coloane + Macau Peninsula + Taipa & Cotai,True
21A,0,weekends,22,2.142857142857143,True,Coloane + Macau Peninsula + Taipa & Cotai,True
21A,0,weekends,23,1.0714285714285714,True,Coloane + Macau Peninsula + Taipa & Cotai,True
21A,1,holidays,0,0.0,True,Coloane + Macau Peninsula + Taipa & Cotai,True
21A,1,holidays,1,0.0,True,Coloane + Macau Peninsula + Taipa & Cotai,True
21A,1,holidays,2,0.0,True,Coloane + Macau Peninsula + Taipa & Cotai,True
21A,1,holidays,3,0.0,True,Coloane + Macau Peninsula + Taipa & Cotai,True
21A,1,holidays,4,0.0,True,Coloane + Macau Peninsula + Taipa & Cotai,True
21A,1,holidays,5,0.0,True,Coloane + Macau Peninsula + Taipa & Cotai,True
21A,1,holidays,6,0.0,True,Coloane + Macau Peninsula + Taipa & Cotai,True
21A,1,holidays,7,1.8181818181818188,True,Coloane + Macau Peninsula + Taipa & Cotai,True
21A,1,holidays,8,2.727272727272727,True,Coloane + Macau Peninsula + Taipa & Cotai,True
21A,1,holidays,9,2.727272727272727,True,Coloane + Macau Peninsula + Taipa & Cotai,True
21A,1,holidays,10,3.1578947368421053,True,Coloane + Macau Peninsula + Taipa & Cotai,True
21A,1,holidays,11,3.1578947368421053,True,Coloane + Macau Peninsula + Taipa & Cotai,True
21A,1,holidays,12,3.1578947368421053,True,Coloane + Macau Peninsula + Taipa & Cotai,True
21A,1,holidays,13,3.1578947368421053,True,Coloane + Macau Peninsula + Taipa & Cotai,True
21A,1,holidays,14,3.1578947368421053,True,Coloane + Macau Peninsula + Taipa & Cotai,True
21A,1,holidays,15,3.3333333333333335,True,Coloane + Macau Peninsula + Taipa & Cotai,True
21A,1,holidays,16,3.3333333333333335,True,Coloane + Macau Peninsula + Taipa & Cotai,True
21A,1,holidays,17,3.3333333333333335,True,Coloane + Macau Peninsula + Taipa & Cotai,True
21A,1,holidays,18,3.3333333333333335,True,Coloane + Macau Peninsula + Taipa & Cotai,True
21A,1,holidays,19,3.3333333333333335,True,Coloane + Macau Peninsula + Taipa & Cotai,True
21A,1,holidays,20,2.142857142857143,True,Coloane + Macau Peninsula + Taipa & Cotai,True
21A,1,holidays,21,2.142857142857143,True,Coloane + Macau Peninsula + Taipa & Cotai,True
21A,1,holidays,22,2.142857142857143,True,Coloane + Macau Peninsula + Taipa & Cotai,True
21A,1,holidays,23,2.142857142857143,True,Coloane + Macau Peninsula + Taipa & Cotai,True
21A,1,weekdays,0,0.0,True,Coloane + Macau Peninsula + Taipa & Cotai,True
21A,1,weekdays,1,0.0,True,Coloane + Macau Peninsula + Taipa & Cotai,True
21A,1,weekdays,2,0.0,True,Coloane + Macau Peninsula + Taipa & Cotai,True
21A,1,weekdays,3,0.0,True,Coloane + Macau Peninsula + Taipa & Cotai,True
21A,1,weekdays,4,0.0,True,Coloane + Macau Peninsula + Taipa & Cotai,True
21A,1,weekdays,5,0.0,True,Coloane + Macau Peninsula + Taipa & Cotai,True
21A,1,weekdays,6,0.0,True,Coloane + Macau Peninsula + Taipa & Cotai,True
21A,1,weekdays,7,1.8181818181818188,True,Coloane + Macau Peninsula + Taipa & Cotai,True
21A,1,weekdays,8,2.727272727272727,True,Coloane + Macau Peninsula + Taipa & Cotai,True
21A,1,weekdays,9,2.727272727272727,True,Coloane + Macau Peninsula + Taipa & Cotai,True
21A,1,weekdays,10,2.142857142857143,True,Coloane + Macau Peninsula + Taipa & Cotai,True
21A,1,weekdays,11,2.142857142857143,True,Coloane + Macau Peninsula + Taipa & Cotai,True
21A,1,weekdays,12,2.142857142857143,True,Coloane + Macau Peninsula + Taipa & Cotai,True
21A,1,weekdays,13,2.142857142857143,True,Coloane + Macau Peninsula + Taipa & Cotai,True
21A,1,weekdays,14,2.142857142857143,True,Coloane + Macau Peninsula + Taipa & Cotai,True
21A,1,weekdays,15,2.727272727272727,True,Coloane + Macau Peninsula + Taipa & Cotai,True
21A,1,weekdays,16,2.727272727272727,True,Coloane + Macau Peninsula + Taipa & Cotai,True
21A,1,weekdays,17,2.727272727272727,True,Coloane + Macau Peninsula + Taipa & Cotai,True
21A,1,weekdays,18,2.727272727272727,True,Coloane + Macau Peninsula + Taipa & Cotai,True
21A,1,weekdays,19,2.727272727272727,True,Coloane + Macau Peninsula + Taipa & Cotai,True
21A,1,weekdays,20,2.142857142857143,True,Coloane + Macau Peninsula + Taipa & Cotai,True
21A,1,weekdays,21,2.142857142857143,True,Coloane + Macau Peninsula + Taipa & Cotai,True
21A,1,weekdays,22,2.142857142857143,True,Coloane + Macau Peninsula + Taipa & Cotai,True
21A,1,weekdays,23,2.142857142857143,True,Coloane + Macau Peninsula + Taipa & Cotai,True
21A,1,weekends,0,0.0,True,Coloane + Macau Peninsula + Taipa & Cotai,True
21A,1,weekends,1,0.0,True,Coloane + Macau Peninsula + Taipa & Cotai,True
21A,1,weekends,2,0.0,True,Coloane + Macau Peninsula + Taipa & Cotai,True
21A,1,weekends,3,0.0,True,Coloane + Macau Peninsula + Taipa & Cotai,True
21A,1,weekends,4,0.0,True,Coloane + Macau Peninsula + Taipa & Cotai,True
21A,1,weekends,5,0.0,True,Coloane + Macau Peninsula + Taipa & Cotai,True
21A,1,weekends,6,0.0,True,Coloane + Macau Peninsula + Taipa & Cotai,True
21A,1,weekends,7,1.8181818181818188,True,Coloane + Macau Peninsula + Taipa & Cotai,True
21A,1,weekends,8,2.727272727272727,True,Coloane + Macau Peninsula + Taipa & Cotai,True
21A,1,weekends,9,2.727272727272727,True,Coloane + Macau Peninsula + Taipa & Cotai,True
21A,1,weekends,10,2.142857142857143,True,Coloane + Macau Peninsula + Taipa & Cotai,True
21A,1,weekends,11,2.142857142857143,True,Coloane + Macau Peninsula + Taipa & Cotai,True
21A,1,weekends,12,2.142857142857143,True,Coloane + Macau Peninsula + Taipa & Cotai,True
21A,1,weekends,13,2.142857142857143,True,Coloane + Macau Peninsula + Taipa & Cotai,True
21A,1,weekends,14,2.142857142857143,True,Coloane + Macau Peninsula + Taipa & Cotai,True
21A,1,weekends,15,2.727272727272727,True,Coloane + Macau Peninsula + Taipa & Cotai,True
21A,1,weekends,16,2.727272727272727,True,Coloane + Macau Peninsula + Taipa & Cotai,True
21A,1,weekends,17,2.727272727272727,True,Coloane + Macau Peninsula + Taipa & Cotai,True
21A,1,weekends,18,2.727272727272727,True,Coloane + Macau Peninsula + Taipa & Cotai,True
21A,1,weekends,19,2.727272727272727,True,Coloane + Macau Peninsula + Taipa & Cotai,True
21A,1,weekends,20,2.142857142857143,True,Coloane + Macau Peninsula + Taipa & Cotai,True
21A,1,weekends,21,2.142857142857143,True,Coloane + Macau Peninsula + Taipa & Cotai,True
21A,1,weekends,22,2.142857142857143,True,Coloane + Macau Peninsula + Taipa & Cotai,True
21A,1,weekends,23,2.142857142857143,True,Coloane + Macau Peninsula + Taipa & Cotai,True
22,0,holidays,0,0.0,True,Macau Peninsula + Taipa & Cotai,False
22,0,holidays,1,0.0,True,Macau Peninsula + Taipa & Cotai,False
22,0,holidays,2,0.0,True,Macau Peninsula + Taipa & Cotai,False
22,0,holidays,3,0.0,True,Macau Peninsula + Taipa & Cotai,False
22,0,holidays,4,0.0,True,Macau Peninsula + Taipa & Cotai,False
22,0,holidays,5,0.0,True,Macau Peninsula + Taipa & Cotai,False
22,0,holidays,6,5.0,True,Macau Peninsula + Taipa & Cotai,False
22,0,holidays,7,6.666666666666667,True,Macau Peninsula + Taipa & Cotai,False
22,0,holidays,8,6.666666666666667,True,Macau Peninsula + Taipa & Cotai,False
22,0,holidays,9,6.666666666666667,True,Macau Peninsula + Taipa & Cotai,False
22,0,holidays,10,6.666666666666667,True,Macau Peninsula + Taipa & Cotai,False
22,0,holidays,11,6.666666666666667,True,Macau Peninsula + Taipa & Cotai,False
22,0,holidays,12,6.666666666666667,True,Macau Peninsula + Taipa & Cotai,False
22,0,holidays,13,6.666666666666667,True,Macau Peninsula + Taipa & Cotai,False
22,0,holidays,14,6.666666666666667,True,Macau Peninsula + Taipa & Cotai,False
22,0,holidays,15,6.666666666666667,True,Macau Peninsula + Taipa & Cotai,False
22,0,holidays,16,6.666666666666667,True,Macau Peninsula + Taipa & Cotai,False
22,0,holidays,17,6.666666666666667,True,Macau Peninsula + Taipa & Cotai,False
22,0,holidays,18,6.666666666666667,True,Macau Peninsula + Taipa & Cotai,False
22,0,holidays,19,6.666666666666667,True,Macau Peninsula + Taipa & Cotai,False
22,0,holidays,20,6.666666666666667,True,Macau Peninsula + Taipa & Cotai,False
22,0,holidays,21,6.666666666666667,True,Macau Peninsula + Taipa & Cotai,False
22,0,holidays,22,6.666666666666667,True,Macau Peninsula + Taipa & Cotai,False
22,0,holidays,23,6.666666666666667,True,Macau Peninsula + Taipa & Cotai,False
22,0,weekdays,0,0.0,True,Macau Peninsula + Taipa & Cotai,False
22,0,weekdays,1,0.0,True,Macau Peninsula + Taipa & Cotai,False
22,0,weekdays,2,0.0,True,Macau Peninsula + Taipa & Cotai,False
22,0,weekdays,3,0.0,True,Macau Peninsula + Taipa & Cotai,False
22,0,weekdays,4,0.0,True,Macau Peninsula + Taipa & Cotai,False
22,0,weekdays,5,0.0,True,Macau Peninsula + Taipa & Cotai,False
22,0,weekdays,6,7.5,True,Macau Peninsula + Taipa & Cotai,False
22,0,weekdays,7,10.0,True,Macau Peninsula + Taipa & Cotai,False
22,0,weekdays,8,10.0,True,Macau Peninsula + Taipa & Cotai,False
22,0,weekdays,9,10.0,True,Macau Peninsula + Taipa & Cotai,False
22,0,weekdays,10,7.5,True,Macau Peninsula + Taipa & Cotai,False
22,0,weekdays,11,7.5,True,Macau Peninsula + Taipa & Cotai,False
22,0,weekdays,12,7.5,True,Macau Peninsula + Taipa & Cotai,False
22,0,weekdays,13,7.5,True,Macau Peninsula + Taipa & Cotai,False
22,0,weekdays,14,7.5,True,Macau Peninsula + Taipa & Cotai,False
22,0,weekdays,15,10.0,True,Macau Peninsula + Taipa & Cotai,False
22,0,weekdays,16,10.0,True,Macau Peninsula + Taipa & Cotai,False
22,0,weekdays,17,10.0,True,Macau Peninsula + Taipa & Cotai,False
22,0,weekdays,18,10.0,True,Macau Peninsula + Taipa & Cotai,False
22,0,weekdays,19,10.0,True,Macau Peninsula + Taipa & Cotai,False
22,0,weekdays,20,6.666666666666667,True,Macau Peninsula + Taipa & Cotai,False
22,0,weekdays,21,6.666666666666667,True,Macau Peninsula + Taipa & Cotai,False
22,0,weekdays,22,6.666666666666667,True,Macau Peninsula + Taipa & Cotai,False
22,0,weekdays,23,6.666666666666667,True,Macau Peninsula + Taipa & Cotai,False
22,0,weekends,0,0.0,True,Macau Peninsula + Taipa & Cotai,False
22,0,weekends,1,0.0,True,Macau Peninsula + Taipa & Cotai,False
22,0,weekends,2,0.0,True,Macau Peninsula + Taipa & Cotai,False
22,0,weekends,3,0.0,True,Macau Peninsula + Taipa & Cotai,False
22,0,weekends,4,0.0,True,Macau Peninsula + Taipa & Cotai,False
22,0,weekends,5,0.0,True,Macau Peninsula + Taipa & Cotai,False
22,0,weekends,6,7.5,True,Macau Peninsula + Taipa & Cotai,False
22,0,weekends,7,10.0,True,Macau Peninsula + Taipa & Cotai,False
22,0,weekends,8,10.0,True,Macau Peninsula + Taipa & Cotai,False
22,0,weekends,9,10.0,True,Macau Peninsula + Taipa & Cotai,False
22,0,weekends,10,7.5,True,Macau Peninsula + Taipa & Cotai,False
22,0,weekends,11,7.5,True,Macau Peninsula + Taipa & Cotai,False
22,0,weekends,12,7.5,True,Macau Peninsula + Taipa & Cotai,False
22,0,weekends,13,7.5,True,Macau Peninsula + Taipa & Cotai,False
22,0,weekends,14,7.5,True,Macau Peninsula + Taipa & Cotai,False
22,0,weekends,15,10.0,True,Macau Peninsula + Taipa & Cotai,False
22,0,weekends,16,10.0,True,Macau Peninsula + Taipa & Cotai,False
22,0,weekends,17,10.0,True,Macau Peninsula + Taipa & Cotai,False
22,0,weekends,18,10.0,True,Macau Peninsula + Taipa & Cotai,False
22,0,weekends,19,10.0,True,Macau Peninsula + Taipa & Cotai,False
22,0,weekends,20,6.666666666666667,True,Macau Peninsula + Taipa & Cotai,False
22,0,weekends,21,6.666666666666667,True,Macau Peninsula + Taipa & Cotai,False
22,0,weekends,22,6.666666666666667,True,Macau Peninsula + Taipa & Cotai,False
22,0,weekends,23,6.666666666666667,True,Macau Peninsula + Taipa & Cotai,False
23,0,holidays,0,0.0,False,Macau Peninsula,False
23,0,holidays,1,0.0,False,Macau Peninsula,False
23,0,holidays,2,0.0,False,Macau Peninsula,False
23,0,holidays,3,0.0,False,Macau Peninsula,False
23,0,holidays,4,0.0,False,Macau Peninsula,False
23,0,holidays,5,0.0,False,Macau Peninsula,False
23,0,holidays,6,2.2222222222222223,False,Macau Peninsula,False
23,0,holidays,7,4.444444444444445,False,Macau Peninsula,False
23,0,holidays,8,4.444444444444445,False,Macau Peninsula,False
23,0,holidays,9,4.444444444444445,False,Macau Peninsula,False
23,0,holidays,10,4.444444444444445,False,Macau Peninsula,False
23,0,holidays,11,4.444444444444445,False,Macau Peninsula,False
23,0,holidays,12,4.444444444444445,False,Macau Peninsula,False
23,0,holidays,13,4.444444444444445,False,Macau Peninsula,False
23,0,holidays,14,4.444444444444445,False,Macau Peninsula,False
23,0,holidays,15,4.444444444444445,False,Macau Peninsula,False
23,0,holidays,16,4.444444444444445,False,Macau Peninsula,False
23,0,holidays,17,4.444444444444445,False,Macau Peninsula,False
23,0,holidays,18,4.444444444444445,False,Macau Peninsula,False
23,0,holidays,19,4.444444444444445,False,Macau Peninsula,False
23,0,holidays,20,4.444444444444445,False,Macau Peninsula,False
23,0,holidays,21,4.444444444444445,False,Macau Peninsula,False
23,0,holidays,22,4.444444444444445,False,Macau Peninsula,False
23,0,holidays,23,2.2222222222222223,False,Macau Peninsula,False
23,0,weekdays,0,0.0,False,Macau Peninsula,False
23,0,weekdays,1,0.0,False,Macau Peninsula,False
23,0,weekdays,2,0.0,False,Macau Peninsula,False
23,0,weekdays,3,0.0,False,Macau Peninsula,False
23,0,weekdays,4,0.0,False,Macau Peninsula,False
23,0,weekdays,5,0.0,False,Macau Peninsula,False
23,0,weekdays,6,3.0,False,Macau Peninsula,False
23,0,weekdays,7,6.0,False,Macau Peninsula,False
23,0,weekdays,8,6.0,False,Macau Peninsula,False
23,0,weekdays,9,6.0,False,Macau Peninsula,False
23,0,weekdays,10,4.8,False,Macau Peninsula,False
23,0,weekdays,11,4.8,False,Macau Peninsula,False
23,0,weekdays,12,4.8,False,Macau Peninsula,False
23,0,weekdays,13,4.8,False,Macau Peninsula,False
23,0,weekdays,14,4.8,False,Macau Peninsula,False
23,0,weekdays,15,6.0,False,Macau Peninsula,False
23,0,weekdays,16,6.0,False,Macau Peninsula,False
23,0,weekdays,17,6.0,False,Macau Peninsula,False
23,0,weekdays,18,6.0,False,Macau Peninsula,False
23,0,weekdays,19,6.0,False,Macau Peninsula,False
23,0,weekdays,20,4.444444444444445,False,Macau Peninsula,False
23,0,weekdays,21,4.444444444444445,False,Macau Peninsula,False
23,0,weekdays,22,4.444444444444445,False,Macau Peninsula,False
23,0,weekdays,23,2.2222222222222223,False,Macau Peninsula,False
23,0,weekends,0,0.0,False,Macau Peninsula,False
23,0,weekends,1,0.0,False,Macau Peninsula,False
23,0,weekends,2,0.0,False,Macau Peninsula,False
23,0,weekends,3,0.0,False,Macau Peninsula,False
23,0,weekends,4,0.0,False,Macau Peninsula,False
23,0,weekends,5,0.0,False,Macau Peninsula,False
23,0,weekends,6,2.727272727272727,False,Macau Peninsula,False
23,0,weekends,7,5.454545454545454,False,Macau Peninsula,False
23,0,weekends,8,5.454545454545454,False,Macau Peninsula,False
23,0,weekends,9,5.454545454545454,False,Macau Peninsula,False
23,0,weekends,10,4.8,False,Macau Peninsula,False
23,0,weekends,11,4.8,False,Macau Peninsula,False
23,0,weekends,12,4.8,False,Macau Peninsula,False
23,0,weekends,13,4.8,False,Macau Peninsula,False
23,0,weekends,14,4.8,False,Macau Peninsula,False
23,0,weekends,15,5.454545454545454,False,Macau Peninsula,False
23,0,weekends,16,5.454545454545454,False,Macau Peninsula,False
23,0,weekends,17,5.454545454545454,False,Macau Peninsula,False
23,0,weekends,18,5.454545454545454,False,Macau Peninsula,False
23,0,weekends,19,5.454545454545454,False,Macau Peninsula,False
23,0,weekends,20,4.444444444444445,False,Macau Peninsula,False
23,0,weekends,21,4.444444444444445,False,Macau Peninsula,False
23,0,weekends,22,4.444444444444445,False,Macau Peninsula,False
23,0,weekends,23,2.2222222222222223,False,Macau Peninsula,False
25,0,holidays,0,0.0,True,Coloane + Macau Peninsula + Taipa & Cotai,True
25,0,holidays,1,0.0,True,Coloane + Macau Peninsula + Taipa & Cotai,True
25,0,holidays,2,0.0,True,Coloane + Macau Peninsula + Taipa & Cotai,True
25,0,holidays,3,0.0,True,Coloane + Macau Peninsula + Taipa & Cotai,True
25,0,holidays,4,0.0,True,Coloane + Macau Peninsula + Taipa & Cotai,True
25,0,holidays,5,0.0,True,Coloane + Macau Peninsula + Taipa & Cotai,True
25,0,holidays,6,5.217391304347826,True,Coloane + Macau Peninsula + Taipa & Cotai,True
25,0,holidays,7,5.217391304347826,True,Coloane + Macau Peninsula + Taipa & Cotai,True
25,0,holidays,8,5.217391304347826,True,Coloane + Macau Peninsula + Taipa & Cotai,True
25,0,holidays,9,5.217391304347826,True,Coloane + Macau Peninsula + Taipa & Cotai,True
25,0,holidays,10,5.454545454545454,True,Coloane + Macau Peninsula + Taipa & Cotai,True
25,0,holidays,11,5.454545454545454,True,Coloane + Macau Peninsula + Taipa & Cotai,True
25,0,holidays,12,5.454545454545454,True,Coloane + Macau Peninsula + Taipa & Cotai,True
25,0,holidays,13,5.454545454545454,True,Coloane + Macau Peninsula + Taipa & Cotai,True
25,0,holidays,14,5.454545454545454,True,Coloane + Macau Peninsula + Taipa & Cotai,True
25,0,holidays,15,6.0,True,Coloane + Macau Peninsula + Taipa & Cotai,True
25,0,holidays,16,6.0,True,Coloane + Macau Peninsula + Taipa & Cotai,True
25,0,holidays,17,6.0,True,Coloane + Macau Peninsula + Taipa & Cotai,True
25,0,holidays,18,6.0,True,Coloane + Macau Peninsula + Taipa & Cotai,True
25,0,holidays,19,6.0,True,Coloane + Macau Peninsula + Taipa & Cotai,True
25,0,holidays,20,3.6363636363636362,True,Coloane + Macau Peninsula + Taipa & Cotai,True
25,0,holidays,21,3.6363636363636362,True,Coloane + Macau Peninsula + Taipa & Cotai,True
25,0,holidays,22,3.6363636363636362,True,Coloane + Macau Peninsula + Taipa & Cotai,True
25,0,holidays,23,3.6363636363636362,True,Coloane + Macau Peninsula + Taipa & Cotai,True
25,0,weekdays,0,0.0,True,Coloane + Macau Peninsula + Taipa & Cotai,True
25,0,weekdays,1,0.0,True,Coloane + Macau Peninsula + Taipa & Cotai,True
25,0,weekdays,2,0.0,True,Coloane + Macau Peninsula + Taipa & Cotai,True
25,0,weekdays,3,0.0,True,Coloane + Macau Peninsula + Taipa & Cotai,True
25,0,weekdays,4,0.0,True,Coloane + Macau Peninsula + Taipa & Cotai,True
25,0,weekdays,5,0.0,True,Coloane + Macau Peninsula + Taipa & Cotai,True
25,0,weekdays,6,8.571428571428571,True,Coloane + Macau Peninsula + Taipa & Cotai,True
25,0,weekdays,7,8.571428571428571,True,Coloane + Macau Peninsula + Taipa & Cotai,True
25,0,weekdays,8,8.571428571428571,True,Coloane + Macau Peninsula + Taipa & Cotai,True
25,0,weekdays,9,8.571428571428571,True,Coloane + Macau Peninsula + Taipa & Cotai,True
25,0,weekdays,10,6.0,True,Coloane + Macau Peninsula + Taipa & Cotai,True
25,0,weekdays,11,6.0,True,Coloane + Macau Peninsula + Taipa & Cotai,True
25,0,weekdays,12,6.0,True,Coloane + Macau Peninsula + Taipa & Cotai,True
25,0,weekdays,13,6.0,True,Coloane + Macau Peninsula + Taipa & Cotai,True
25,0,weekdays,14,6.0,True,Coloane + Macau Peninsula + Taipa & Cotai,True
25,0,weekdays,15,8.571428571428571,True,Coloane + Macau Peninsula + Taipa & Cotai,True
25,0,weekdays,16,8.571428571428571,True,Coloane + Macau Peninsula + Taipa & Cotai,True
25,0,weekdays,17,8.571428571428571,True,Coloane + Macau Peninsula + Taipa & Cotai,True
25,0,weekdays,18,8.571428571428571,True,Coloane + Macau Peninsula + Taipa & Cotai,True
25,0,weekdays,19,8.571428571428571,True,Coloane + Macau Peninsula + Taipa & Cotai,True
25,0,weekdays,20,4.444444444444445,True,Coloane + Macau Peninsula + Taipa & Cotai,True
25,0,weekdays,21,4.444444444444445,True,Coloane + Macau Peninsula + Taipa & Cotai,True
25,0,weekdays,22,4.444444444444445,True,Coloane + Macau Peninsula + Taipa & Cotai,True
25,0,weekdays,23,4.444444444444445,True,Coloane + Macau Peninsula + Taipa & Cotai,True
25,0,weekends,0,0.0,True,Coloane + Macau Peninsula + Taipa & Cotai,True
25,0,weekends,1,0.0,True,Coloane + Macau Peninsula + Taipa & Cotai,True
25,0,weekends,2,0.0,True,Coloane + Macau Peninsula + Taipa & Cotai,True
25,0,weekends,3,0.0,True,Coloane + Macau Peninsula + Taipa & Cotai,True
25,0,weekends,4,0.0,True,Coloane + Macau Peninsula + Taipa & Cotai,True
25,0,weekends,5,0.0,True,Coloane + Macau Peninsula + Taipa & Cotai,True
25,0,weekends,6,6.666666666666667,True,Coloane + Macau Peninsula + Taipa & Cotai,True
25,0,weekends,7,6.666666666666667,True,Coloane + Macau Peninsula + Taipa & Cotai,True
25,0,weekends,8,6.666666666666667,True,Coloane + Macau Peninsula + Taipa & Cotai,True
25,0,weekends,9,6.666666666666667,True,Coloane + Macau Peninsula + Taipa & Cotai,True
25,0,weekends,10,4.8,True,Coloane + Macau Peninsula + Taipa & Cotai,True
25,0,weekends,11,4.8,True,Coloane + Macau Peninsula + Taipa & Cotai,True
25,0,weekends,12,4.8,True,Coloane + Macau Peninsula + Taipa & Cotai,True
25,0,weekends,13,4.8,True,Coloane + Macau Peninsula + Taipa & Cotai,True
25,0,weekends,14,4.8,True,Coloane + Macau Peninsula + Taipa & Cotai,True
25,0,weekends,15,8.0,True,Coloane + Macau Peninsula + Taipa & Cotai,True
25,0,weekends,16,8.0,True,Coloane + Macau Peninsula + Taipa & Cotai,True
25,0,weekends,17,8.0,True,Coloane + Macau Peninsula + Taipa & Cotai,True
25,0,weekends,18,8.0,True,Coloane + Macau Peninsula + Taipa & Cotai,True
25,0,weekends,19,8.0,True,Coloane + Macau Peninsula + Taipa & Cotai,True
25,0,weekends,20,3.6363636363636362,True,Coloane + Macau Peninsula + Taipa & Cotai,True
25,0,weekends,21,3.6363636363636362,True,Coloane + Macau Peninsula + Taipa & Cotai,True
25,0,weekends,22,3.6363636363636362,True,Coloane + Macau Peninsula + Taipa & Cotai,True
25,0,weekends,23,3.6363636363636362,True,Coloane + Macau Peninsula + Taipa & Cotai,True
25AX,0,weekdays,0,0.0,True,Coloane + Macau Peninsula + Taipa & Cotai,True
25AX,0,weekdays,1,0.0,True,Coloane + Macau Peninsula + Taipa & Cotai,True
25AX,0,weekdays,2,0.0,True,Coloane + Macau Peninsula + Taipa & Cotai,True
25AX,0,weekdays,3,0.0,True,Coloane + Macau Peninsula + Taipa & Cotai,True
25AX,0,weekdays,4,0.0,True,Coloane + Macau Peninsula + Taipa & Cotai,True
25AX,0,weekdays,5,0.0,True,Coloane + Macau Peninsula + Taipa & Cotai,True
25AX,0,weekdays,6,6.0,True,Coloane + Macau Peninsula + Taipa & Cotai,True
25AX,0,weekdays,7,6.0,True,Coloane + Macau Peninsula + Taipa & Cotai,True
25AX,0,weekdays,8,6.0,True,Coloane + Macau Peninsula + Taipa & Cotai,True
25AX,0,weekdays,9,0.0,True,Coloane + Macau Peninsula + Taipa & Cotai,True
25AX,0,weekdays,10,0.0,True,Coloane + Macau Peninsula + Taipa & Cotai,True
25AX,0,weekdays,11,0.0,True,Coloane + Macau Peninsula + Taipa & Cotai,True
25AX,0,weekdays,12,0.0,True,Coloane + Macau Peninsula + Taipa & Cotai,True
25AX,0,weekdays,13,0.0,True,Coloane + Macau Peninsula + Taipa & Cotai,True
25AX,0,weekdays,14,0.0,True,Coloane + Macau Peninsula + Taipa & Cotai,True
25AX,0,weekdays,15,0.0,True,Coloane + Macau Peninsula + Taipa & Cotai,True
25AX,0,weekdays,16,4.8,True,Coloane + Macau Peninsula + Taipa & Cotai,True
25AX,0,weekdays,17,4.8,True,Coloane + Macau Peninsula + Taipa & Cotai,True
25AX,0,weekdays,18,4.8,True,Coloane + Macau Peninsula + Taipa & Cotai,True
25AX,0,weekdays,19,0.0,True,Coloane + Macau Peninsula + Taipa & Cotai,True
25AX,0,weekdays,20,0.0,True,Coloane + Macau Peninsula + Taipa & Cotai,True
25AX,0,weekdays,21,0.0,True,Coloane + Macau Peninsula + Taipa & Cotai,True
25AX,0,weekdays,22,0.0,True,Coloane + Macau Peninsula + Taipa & Cotai,True
25AX,0,weekdays,23,0.0,True,Coloane + Macau Peninsula + Taipa & Cotai,True
25AX,1,weekdays,0,0.0,True,Coloane + Macau Peninsula + Taipa & Cotai,True
25AX,1,weekdays,1,0.0,True,Coloane + Macau Peninsula + Taipa & Cotai,True
25AX,1,weekdays,2,0.0,True,Coloane + Macau Peninsula + Taipa & Cotai,True
25AX,1,weekdays,3,0.0,True,Coloane + Macau Peninsula + Taipa & Cotai,True
25AX,1,weekdays,4,0.0,True,Coloane + Macau Peninsula + Taipa & Cotai,True
25AX,1,weekdays,5,0.0,True,Coloane + Macau Peninsula + Taipa & Cotai,True
25AX,1,weekdays,6,6.0,True,Coloane + Macau Peninsula + Taipa & Cotai,True
25AX,1,weekdays,7,6.0,True,Coloane + Macau Peninsula + Taipa & Cotai,True
25AX,1,weekdays,8,6.0,True,Coloane + Macau Peninsula + Taipa & Cotai,True
25AX,1,weekdays,9,0.0,True,Coloane + Macau Peninsula + Taipa & Cotai,True
25AX,1,weekdays,10,0.0,True,Coloane + Macau Peninsula + Taipa & Cotai,True
25AX,1,weekdays,11,0.0,True,Coloane + Macau Peninsula + Taipa & Cotai,True
25AX,1,weekdays,12,0.0,True,Coloane + Macau Peninsula + Taipa & Cotai,True
25AX,1,weekdays,13,0.0,True,Coloane + Macau Peninsula + Taipa & Cotai,True
25AX,1,weekdays,14,0.0,True,Coloane + Macau Peninsula + Taipa & Cotai,True
25AX,1,weekdays,15,0.0,True,Coloane + Macau Peninsula + Taipa & Cotai,True
25AX,1,weekdays,16,4.8,True,Coloane + Macau Peninsula + Taipa & Cotai,True
25AX,1,weekdays,17,4.8,True,Coloane + Macau Peninsula + Taipa & Cotai,True
25AX,1,weekdays,18,4.8,True,Coloane + Macau Peninsula + Taipa & Cotai,True
25AX,1,weekdays,19,0.0,True,Coloane + Macau Peninsula + Taipa & Cotai,True
25AX,1,weekdays,20,0.0,True,Coloane + Macau Peninsula + Taipa & Cotai,True
25AX,1,weekdays,21,0.0,True,Coloane + Macau Peninsula + Taipa & Cotai,True
25AX,1,weekdays,22,0.0,True,Coloane + Macau Peninsula + Taipa & Cotai,True
25AX,1,weekdays,23,0.0,True,Coloane + Macau Peninsula + Taipa & Cotai,True
25B,0,holidays,0,0.0,True,Macau Peninsula + Taipa & Cotai,False
25B,0,holidays,1,0.0,True,Macau Peninsula + Taipa & Cotai,False
25B,0,holidays,2,0.0,True,Macau Peninsula + Taipa & Cotai,False
25B,0,holidays,3,0.0,True,Macau Peninsula + Taipa & Cotai,False
25B,0,holidays,4,0.0,True,Macau Peninsula + Taipa & Cotai,False
25B,0,holidays,5,0.0,True,Macau Peninsula + Taipa & Cotai,False
25B,0,holidays,6,6.0,True,Macau Peninsula + Taipa & Cotai,False
25B,0,holidays,7,6.0,True,Macau Peninsula + Taipa & Cotai,False
25B,0,holidays,8,6.0,True,Macau Peninsula + Taipa & Cotai,False
25B,0,holidays,9,6.0,True,Macau Peninsula + Taipa & Cotai,False
25B,0,holidays,10,6.0,True,Macau Peninsula + Taipa & Cotai,False
25B,0,holidays,11,6.0,True,Macau Peninsula + Taipa & Cotai,False
25B,0,holidays,12,6.0,True,Macau Peninsula + Taipa & Cotai,False
25B,0,holidays,13,6.0,True,Macau Peninsula + Taipa & Cotai,False
25B,0,holidays,14,6.0,True,Macau Peninsula + Taipa & Cotai,False
25B,0,holidays,15,6.0,True,Macau Peninsula + Taipa & Cotai,False
25B,0,holidays,16,6.0,True,Macau Peninsula + Taipa & Cotai,False
25B,0,holidays,17,6.0,True,Macau Peninsula + Taipa & Cotai,False
25B,0,holidays,18,6.0,True,Macau Peninsula + Taipa & Cotai,False
25B,0,holidays,19,6.0,True,Macau Peninsula + Taipa & Cotai,False
25B,0,holidays,20,4.8,True,Macau Peninsula + Taipa & Cotai,False
25B,0,holidays,21,4.8,True,Macau Peninsula + Taipa & Cotai,False
25B,0,holidays,22,4.8,True,Macau Peninsula + Taipa & Cotai,False
25B,0,holidays,23,4.8,True,Macau Peninsula + Taipa & Cotai,False
25B,0,weekdays,0,0.0,True,Macau Peninsula + Taipa & Cotai,False
25B,0,weekdays,1,0.0,True,Macau Peninsula + Taipa & Cotai,False
25B,0,weekdays,2,0.0,True,Macau Peninsula + Taipa & Cotai,False
25B,0,weekdays,3,0.0,True,Macau Peninsula + Taipa & Cotai,False
25B,0,weekdays,4,0.0,True,Macau Peninsula + Taipa & Cotai,False
25B,0,weekdays,5,0.0,True,Macau Peninsula + Taipa & Cotai,False
25B,0,weekdays,6,8.571428571428571,True,Macau Peninsula + Taipa & Cotai,False
25B,0,weekdays,7,8.571428571428571,True,Macau Peninsula + Taipa & Cotai,False
25B,0,weekdays,8,8.571428571428571,True,Macau Peninsula + Taipa & Cotai,False
25B,0,weekdays,9,8.571428571428571,True,Macau Peninsula + Taipa & Cotai,False
25B,0,weekdays,10,6.0,True,Macau Peninsula + Taipa & Cotai,False
25B,0,weekdays,11,6.0,True,Macau Peninsula + Taipa & Cotai,False
25B,0,weekdays,12,6.0,True,Macau Peninsula + Taipa & Cotai,False
25B,0,weekdays,13,6.0,True,Macau Peninsula + Taipa & Cotai,False
25B,0,weekdays,14,6.0,True,Macau Peninsula + Taipa & Cotai,False
25B,0,weekdays,15,8.571428571428571,True,Macau Peninsula + Taipa & Cotai,False
25B,0,weekdays,16,8.571428571428571,True,Macau Peninsula + Taipa & Cotai,False
25B,0,weekdays,17,8.571428571428571,True,Macau Peninsula + Taipa & Cotai,False
25B,0,weekdays,18,8.571428571428571,True,Macau Peninsula + Taipa & Cotai,False
25B,0,weekdays,19,8.571428571428571,True,Macau Peninsula + Taipa & Cotai,False
25B,0,weekdays,20,4.8,True,Macau Peninsula + Taipa & Cotai,False
25B,0,weekdays,21,4.8,True,Macau Peninsula + Taipa & Cotai,False
25B,0,weekdays,22,4.8,True,Macau Peninsula + Taipa & Cotai,False
25B,0,weekdays,23,4.8,True,Macau Peninsula + Taipa & Cotai,False
25B,0,weekends,0,0.0,True,Macau Peninsula + Taipa & Cotai,False
25B,0,weekends,1,0.0,True,Macau Peninsula + Taipa & Cotai,False
25B,0,weekends,2,0.0,True,Macau Peninsula + Taipa & Cotai,False
25B,0,weekends,3,0.0,True,Macau Peninsula + Taipa & Cotai,False
25B,0,weekends,4,0.0,True,Macau Peninsula + Taipa & Cotai,False
25B,0,weekends,5,0.0,True,Macau Peninsula + Taipa & Cotai,False
25B,0,weekends,6,8.571428571428571,True,Macau Peninsula + Taipa & Cotai,False
25B,0,weekends,7,8.571428571428571,True,Macau Peninsula + Taipa & Cotai,False
25B,0,weekends,8,8.571428571428571,True,Macau Peninsula + Taipa & Cotai,False
25B,0,weekends,9,8.571428571428571,True,Macau Peninsula + Taipa & Cotai,False
25B,0,weekends,10,6.0,True,Macau Peninsula + Taipa & Cotai,False
25B,0,weekends,11,6.0,True,Macau Peninsula + Taipa & Cotai,False
25B,0,weekends,12,6.0,True,Macau Peninsula + Taipa & Cotai,False
25B,0,weekends,13,6.0,True,Macau Peninsula + Taipa & Cotai,False
25B,0,weekends,14,6.0,True,Macau Peninsula + Taipa & Cotai,False
25B,0,weekends,15,8.571428571428571,True,Macau Peninsula + Taipa & Cotai,False
25B,0,weekends,16,8.571428571428571,True,Macau Peninsula + Taipa & Cotai,False
25B,0,weekends,17,8.571428571428571,True,Macau Peninsula + Taipa & Cotai,False
25B,0,weekends,18,8.571428571428571,True,Macau Peninsula + Taipa & Cotai,False
25B,0,weekends,19,8.571428571428571,True,Macau Peninsula + Taipa & Cotai,False
25B,0,weekends,20,4.8,True,Macau Peninsula + Taipa & Cotai,False
25B,0,weekends,21,4.8,True,Macau Peninsula + Taipa & Cotai,False
25B,0,weekends,22,4.8,True,Macau Peninsula + Taipa & Cotai,False
25B,0,weekends,23,4.8,True,Macau Peninsula + Taipa & Cotai,False
25B,1,holidays,0,0.0,True,Macau Peninsula + Taipa & Cotai,False
25B,1,holidays,1,0.0,True,Macau Peninsula + Taipa & Cotai,False
25B,1,holidays,2,0.0,True,Macau Peninsula + Taipa & Cotai,False
25B,1,holidays,3,0.0,True,Macau Peninsula + Taipa & Cotai,False
25B,1,holidays,4,0.0,True,Macau Peninsula + Taipa & Cotai,False
25B,1,holidays,5,0.0,True,Macau Peninsula + Taipa & Cotai,False
25B,1,holidays,6,6.0,True,Macau Peninsula + Taipa & Cotai,False
25B,1,holidays,7,6.0,True,Macau Peninsula + Taipa & Cotai,False
25B,1,holidays,8,6.0,True,Macau Peninsula + Taipa & Cotai,False
25B,1,holidays,9,6.0,True,Macau Peninsula + Taipa & Cotai,False
25B,1,holidays,10,6.0,True,Macau Peninsula + Taipa & Cotai,False
25B,1,holidays,11,6.0,True,Macau Peninsula + Taipa & Cotai,False
25B,1,holidays,12,6.0,True,Macau Peninsula + Taipa & Cotai,False
25B,1,holidays,13,6.0,True,Macau Peninsula + Taipa & Cotai,False
25B,1,holidays,14,6.0,True,Macau Peninsula + Taipa & Cotai,False
25B,1,holidays,15,6.0,True,Macau Peninsula + Taipa & Cotai,False
25B,1,holidays,16,6.0,True,Macau Peninsula + Taipa & Cotai,False
25B,1,holidays,17,6.0,True,Macau Peninsula + Taipa & Cotai,False
25B,1,holidays,18,6.0,True,Macau Peninsula + Taipa & Cotai,False
25B,1,holidays,19,6.0,True,Macau Peninsula + Taipa & Cotai,False
25B,1,holidays,20,4.8,True,Macau Peninsula + Taipa & Cotai,False
25B,1,holidays,21,4.8,True,Macau Peninsula + Taipa & Cotai,False
25B,1,holidays,22,4.8,True,Macau Peninsula + Taipa & Cotai,False
25B,1,holidays,23,4.8,True,Macau Peninsula + Taipa & Cotai,False
25B,1,weekdays,0,0.0,True,Macau Peninsula + Taipa & Cotai,False
25B,1,weekdays,1,0.0,True,Macau Peninsula + Taipa & Cotai,False
25B,1,weekdays,2,0.0,True,Macau Peninsula + Taipa & Cotai,False
25B,1,weekdays,3,0.0,True,Macau Peninsula + Taipa & Cotai,False
25B,1,weekdays,4,0.0,True,Macau Peninsula + Taipa & Cotai,False
25B,1,weekdays,5,0.0,True,Macau Peninsula + Taipa & Cotai,False
25B,1,weekdays,6,8.571428571428571,True,Macau Peninsula + Taipa & Cotai,False
25B,1,weekdays,7,8.571428571428571,True,Macau Peninsula + Taipa & Cotai,False
25B,1,weekdays,8,8.571428571428571,True,Macau Peninsula + Taipa & Cotai,False
25B,1,weekdays,9,8.571428571428571,True,Macau Peninsula + Taipa & Cotai,False
25B,1,weekdays,10,6.0,True,Macau Peninsula + Taipa & Cotai,False
25B,1,weekdays,11,6.0,True,Macau Peninsula + Taipa & Cotai,False
25B,1,weekdays,12,6.0,True,Macau Peninsula + Taipa & Cotai,False
25B,1,weekdays,13,6.0,True,Macau Peninsula + Taipa & Cotai,False
25B,1,weekdays,14,6.0,True,Macau Peninsula + Taipa & Cotai,False
25B,1,weekdays,15,8.571428571428571,True,Macau Peninsula + Taipa & Cotai,False
25B,1,weekdays,16,8.571428571428571,True,Macau Peninsula + Taipa & Cotai,False
25B,1,weekdays,17,8.571428571428571,True,Macau Peninsula + Taipa & Cotai,False
25B,1,weekdays,18,8.571428571428571,True,Macau Peninsula + Taipa & Cotai,False
25B,1,weekdays,19,8.571428571428571,True,Macau Peninsula + Taipa & Cotai,False
25B,1,weekdays,20,4.8,True,Macau Peninsula + Taipa & Cotai,False
25B,1,weekdays,21,4.8,True,Macau Peninsula + Taipa & Cotai,False
25B,1,weekdays,22,4.8,True,Macau Peninsula + Taipa & Cotai,False
25B,1,weekdays,23,4.8,True,Macau Peninsula + Taipa & Cotai,False
25B,1,weekends,0,0.0,True,Macau Peninsula + Taipa & Cotai,False
25B,1,weekends,1,0.0,True,Macau Peninsula + Taipa & Cotai,False
25B,1,weekends,2,0.0,True,Macau Peninsula + Taipa & Cotai,False
25B,1,weekends,3,0.0,True,Macau Peninsula + Taipa & Cotai,False
25B,1,weekends,4,0.0,True,Macau Peninsula + Taipa & Cotai,False
25B,1,weekends,5,0.0,True,Macau Peninsula + Taipa & Cotai,False
25B,1,weekends,6,8.571428571428571,True,Macau Peninsula + Taipa & Cotai,False
25B,1,weekends,7,8.571428571428571,True,Macau Peninsula + Taipa & Cotai,False
25B,1,weekends,8,8.571428571428571,True,Macau Peninsula + Taipa & Cotai,False
25B,1,weekends,9,8.571428571428571,True,Macau Peninsula + Taipa & Cotai,False
25B,1,weekends,10,6.0,True,Macau Peninsula + Taipa & Cotai,False
25B,1,weekends,11,6.0,True,Macau Peninsula + Taipa & Cotai,False
25B,1,weekends,12,6.0,True,Macau Peninsula + Taipa & Cotai,False
25B,1,weekends,13,6.0,True,Macau Peninsula + Taipa & Cotai,False
25B,1,weekends,14,6.0,True,Macau Peninsula + Taipa & Cotai,False
25B,1,weekends,15,8.571428571428571,True,Macau Peninsula + Taipa & Cotai,False
25B,1,weekends,16,8.571428571428571,True,Macau Peninsula + Taipa & Cotai,False
25B,1,weekends,17,8.571428571428571,True,Macau Peninsula + Taipa & Cotai,False
25B,1,weekends,18,8.571428571428571,True,Macau Peninsula + Taipa & Cotai,False
25B,1,weekends,19,8.571428571428571,True,Macau Peninsula + Taipa & Cotai,False
25B,1,weekends,20,4.8,True,Macau Peninsula + Taipa & Cotai,False
25B,1,weekends,21,4.8,True,Macau Peninsula + Taipa & Cotai,False
25B,1,weekends,22,4.8,True,Macau Peninsula + Taipa & Cotai,False
25B,1,weekends,23,4.8,True,Macau Peninsula + Taipa & Cotai,False
25BS,0,weekdays,0,0.0,False,Taipa & Cotai,False
25BS,0,weekdays,1,0.0,False,Taipa & Cotai,False
25BS,0,weekdays,2,0.0,False,Taipa & Cotai,False
25BS,0,weekdays,3,0.0,False,Taipa & Cotai,False
25BS,0,weekdays,4,0.0,False,Taipa & Cotai,False
25BS,0,weekdays,5,0.0,False,Taipa & Cotai,False
25BS,0,weekdays,6,2.857142857142857,False,Taipa & Cotai,False
25BS,0,weekdays,7,5.714285714285714,False,Taipa & Cotai,False
25BS,0,weekdays,8,5.714285714285714,False,Taipa & Cotai,False
25BS,0,weekdays,9,0.0,False,Taipa & Cotai,False
25BS,0,weekdays,10,0.0,False,Taipa & Cotai,False
25BS,0,weekdays,11,0.0,False,Taipa & Cotai,False
25BS,0,weekdays,12,0.0,False,Taipa & Cotai,False
25BS,0,weekdays,13,0.0,False,Taipa & Cotai,False
25BS,0,weekdays,14,0.0,False,Taipa & Cotai,False
25BS,0,weekdays,15,0.0,False,Taipa & Cotai,False
25BS,0,weekdays,16,0.0,False,Taipa & Cotai,False
25BS,0,weekdays,17,5.714285714285714,False,Taipa & Cotai,False
25BS,0,weekdays,18,5.714285714285714,False,Taipa & Cotai,False
25BS,0,weekdays,19,0.0,False,Taipa & Cotai,False
25BS,0,weekdays,20,0.0,False,Taipa & Cotai,False
25BS,0,weekdays,21,0.0,False,Taipa & Cotai,False
25BS,0,weekdays,22,0.0,False,Taipa & Cotai,False
25BS,0,weekdays,23,0.0,False,Taipa & Cotai,False
25BS,0,weekends,0,0.0,False,Taipa & Cotai,False
25BS,0,weekends,1,0.0,False,Taipa & Cotai,False
25BS,0,weekends,2,0.0,False,Taipa & Cotai,False
25BS,0,weekends,3,0.0,False,Taipa & Cotai,False
25BS,0,weekends,4,0.0,False,Taipa & Cotai,False
25BS,0,weekends,5,0.0,False,Taipa & Cotai,False
25BS,0,weekends,6,2.857142857142857,False,Taipa & Cotai,False
25BS,0,weekends,7,5.714285714285714,False,Taipa & Cotai,False
25BS,0,weekends,8,5.714285714285714,False,Taipa & Cotai,False
25BS,0,weekends,9,0.0,False,Taipa & Cotai,False
25BS,0,weekends,10,0.0,False,Taipa & Cotai,False
25BS,0,weekends,11,0.0,False,Taipa & Cotai,False
25BS,0,weekends,12,0.0,False,Taipa & Cotai,False
25BS,0,weekends,13,0.0,False,Taipa & Cotai,False
25BS,0,weekends,14,0.0,False,Taipa & Cotai,False
25BS,0,weekends,15,0.0,False,Taipa & Cotai,False
25BS,0,weekends,16,0.0,False,Taipa & Cotai,False
25BS,0,weekends,17,5.714285714285714,False,Taipa & Cotai,False
25BS,0,weekends,18,5.714285714285714,False,Taipa & Cotai,False
25BS,0,weekends,19,0.0,False,Taipa & Cotai,False
25BS,0,weekends,20,0.0,False,Taipa & Cotai,False
25BS,0,weekends,21,0.0,False,Taipa & Cotai,False
25BS,0,weekends,22,0.0,False,Taipa & Cotai,False
25BS,0,weekends,23,0.0,False,Taipa & Cotai,False
26,0,holidays,0,0.0,True,Coloane + Macau Peninsula + Taipa & Cotai,True
26,0,holidays,1,0.0,True,Coloane + Macau Peninsula + Taipa & Cotai,True
26,0,holidays,2,0.0,True,Coloane + Macau Peninsula + Taipa & Cotai,True
26,0,holidays,3,0.0,True,Coloane + Macau Peninsula + Taipa & Cotai,True
26,0,holidays,4,0.0,True,Coloane + Macau Peninsula + Taipa & Cotai,True
26,0,holidays,5,0.0,True,Coloane + Macau Peninsula + Taipa & Cotai,True
26,0,holidays,6,2.7906976744186047,True,Coloane + Macau Peninsula + Taipa & Cotai,True
26,0,holidays,7,2.7906976744186047,True,Coloane + Macau Peninsula + Taipa & Cotai,True
26,0,holidays,8,2.7906976744186047,True,Coloane + Macau Peninsula + Taipa & Cotai,True
26,0,holidays,9,2.7906976744186047,True,Coloane + Macau Peninsula + Taipa & Cotai,True
26,0,holidays,10,2.7906976744186047,True,Coloane + Macau Peninsula + Taipa & Cotai,True
26,0,holidays,11,2.7906976744186047,True,Coloane + Macau Peninsula + Taipa & Cotai,True
26,0,holidays,12,2.7906976744186047,True,Coloane + Macau Peninsula + Taipa & Cotai,True
26,0,holidays,13,2.7906976744186047,True,Coloane + Macau Peninsula + Taipa & Cotai,True
26,0,holidays,14,2.7906976744186047,True,Coloane + Macau Peninsula + Taipa & Cotai,True
26,0,holidays,15,2.7906976744186047,True,Coloane + Macau Peninsula + Taipa & Cotai,True
26,0,holidays,16,2.7906976744186047,True,Coloane + Macau Peninsula + Taipa & Cotai,True
26,0,holidays,17,2.7906976744186047,True,Coloane + Macau Peninsula + Taipa & Cotai,True
26,0,holidays,18,2.7906976744186047,True,Coloane + Macau Peninsula + Taipa & Cotai,True
26,0,holidays,19,2.7906976744186047,True,Coloane + Macau Peninsula + Taipa & Cotai,True
26,0,holidays,20,2.5,True,Coloane + Macau Peninsula + Taipa & Cotai,True
26,0,holidays,21,2.5,True,Coloane + Macau Peninsula + Taipa & Cotai,True
26,0,holidays,22,2.5,True,Coloane + Macau Peninsula + Taipa & Cotai,True
26,0,holidays,23,1.25,True,Coloane + Macau Peninsula + Taipa & Cotai,True
26,0,weekdays,0,0.0,True,Coloane + Macau Peninsula + Taipa & Cotai,True
26,0,weekdays,1,0.0,True,Coloane + Macau Peninsula + Taipa & Cotai,True
26,0,weekdays,2,0.0,True,Coloane + Macau Peninsula + Taipa & Cotai,True
26,0,weekdays,3,0.0,True,Coloane + Macau Peninsula + Taipa & Cotai,True
26,0,weekdays,4,0.0,True,Coloane + Macau Peninsula + Taipa & Cotai,True
26,0,weekdays,5,0.0,True,Coloane + Macau Peninsula + Taipa & Cotai,True
26,0,weekdays,6,3.3333333333333335,True,Coloane + Macau Peninsula + Taipa & Cotai,True
26,0,weekdays,7,3.3333333333333335,True,Coloane + Macau Peninsula + Taipa & Cotai,True
26,0,weekdays,8,3.3333333333333335,True,Coloane + Macau Peninsula + Taipa & Cotai,True
26,0,weekdays,9,2.6666666666666665,True,Coloane + Macau Peninsula + Taipa & Cotai,True
26,0,weekdays,10,2.6666666666666665,True,Coloane + Macau Peninsula + Taipa & Cotai,True
26,0,weekdays,11,2.6666666666666665,True,Coloane + Macau Peninsula + Taipa & Cotai,True
26,0,weekdays,12,2.6666666666666665,True,Coloane + Macau Peninsula + Taipa & Cotai,True
26,0,weekdays,13,2.6666666666666665,True,Coloane + Macau Peninsula + Taipa & Cotai,True
26,0,weekdays,14,2.6666666666666665,True,Coloane + Macau Peninsula + Taipa & Cotai,True
26,0,weekdays,15,2.6666666666666665,True,Coloane + Macau Peninsula + Taipa & Cotai,True
26,0,weekdays,16,3.1578947368421053,True,Coloane + Macau Peninsula + Taipa & Cotai,True
26,0,weekdays,17,3.1578947368421053,True,Coloane + Macau Peninsula + Taipa & Cotai,True
26,0,weekdays,18,3.1578947368421053,True,Coloane + Macau Peninsula + Taipa & Cotai,True
26,0,weekdays,19,3.1578947368421053,True,Coloane + Macau Peninsula + Taipa & Cotai,True
26,0,weekdays,20,2.5,True,Coloane + Macau Peninsula + Taipa & Cotai,True
26,0,weekdays,21,2.5,True,Coloane + Macau Peninsula + Taipa & Cotai,True
26,0,weekdays,22,2.5,True,Coloane + Macau Peninsula + Taipa & Cotai,True
26,0,weekdays,23,1.25,True,Coloane + Macau Peninsula + Taipa & Cotai,True
26,0,weekends,0,0.0,True,Coloane + Macau Peninsula + Taipa & Cotai,True
26,0,weekends,1,0.0,True,Coloane + Macau Peninsula + Taipa & Cotai,True
26,0,weekends,2,0.0,True,Coloane + Macau Peninsula + Taipa & Cotai,True
26,0,weekends,3,0.0,True,Coloane + Macau Peninsula + Taipa & Cotai,True
26,0,weekends,4,0.0,True,Coloane + Macau Peninsula + Taipa & Cotai,True
26,0,weekends,5,0.0,True,Coloane + Macau Peninsula + Taipa & Cotai,True
26,0,weekends,6,3.3333333333333335,True,Coloane + Macau Peninsula + Taipa & Cotai,True
26,0,weekends,7,3.3333333333333335,True,Coloane + Macau Peninsula + Taipa & Cotai,True
26,0,weekends,8,3.3333333333333335,True,Coloane + Macau Peninsula + Taipa & Cotai,True
26,0,weekends,9,2.6666666666666665,True,Coloane + Macau Peninsula + Taipa & Cotai,True
26,0,weekends,10,2.6666666666666665,True,Coloane + Macau Peninsula + Taipa & Cotai,True
26,0,weekends,11,2.6666666666666665,True,Coloane + Macau Peninsula + Taipa & Cotai,True
26,0,weekends,12,2.6666666666666665,True,Coloane + Macau Peninsula + Taipa & Cotai,True
26,0,weekends,13,2.6666666666666665,True,Coloane + Macau Peninsula + Taipa & Cotai,True
26,0,weekends,14,2.6666666666666665,True,Coloane + Macau Peninsula + Taipa & Cotai,True
26,0,weekends,15,2.6666666666666665,True,Coloane + Macau Peninsula + Taipa & Cotai,True
26,0,weekends,16,3.1578947368421053,True,Coloane + Macau Peninsula + Taipa & Cotai,True
26,0,weekends,17,3.1578947368421053,True,Coloane + Macau Peninsula + Taipa & Cotai,True
26,0,weekends,18,3.1578947368421053,True,Coloane + Macau Peninsula + Taipa & Cotai,True
26,0,weekends,19,3.1578947368421053,True,Coloane + Macau Peninsula + Taipa & Cotai,True
26,0,weekends,20,2.5,True,Coloane + Macau Peninsula + Taipa & Cotai,True
26,0,weekends,21,2.5,True,Coloane + Macau Peninsula + Taipa & Cotai,True
26,0,weekends,22,2.5,True,Coloane + Macau Peninsula + Taipa & Cotai,True
26,0,weekends,23,1.25,True,Coloane + Macau Peninsula + Taipa & Cotai,True
26A,0,holidays,0,0.0,True,Coloane + Macau Peninsula + Taipa & Cotai,True
26A,0,holidays,1,0.0,True,Coloane + Macau Peninsula + Taipa & Cotai,True
26A,0,holidays,2,0.0,True,Coloane + Macau Peninsula + Taipa & Cotai,True
26A,0,holidays,3,0.0,True,Coloane + Macau Peninsula + Taipa & Cotai,True
26A,0,holidays,4,0.0,True,Coloane + Macau Peninsula + Taipa & Cotai,True
26A,0,holidays,5,0.0,True,Coloane + Macau Peninsula + Taipa & Cotai,True
26A,0,holidays,6,5.454545454545454,True,Coloane + Macau Peninsula + Taipa & Cotai,True
26A,0,holidays,7,5.454545454545454,True,Coloane + Macau Peninsula + Taipa & Cotai,True
26A,0,holidays,8,5.454545454545454,True,Coloane + Macau Peninsula + Taipa & Cotai,True
26A,0,holidays,9,5.454545454545454,True,Coloane + Macau Peninsula + Taipa & Cotai,True
26A,0,holidays,10,5.454545454545454,True,Coloane + Macau Peninsula + Taipa & Cotai,True
26A,0,holidays,11,5.454545454545454,True,Coloane + Macau Peninsula + Taipa & Cotai,True
26A,0,holidays,12,5.454545454545454,True,Coloane + Macau Peninsula + Taipa & Cotai,True
26A,0,holidays,13,5.454545454545454,True,Coloane + Macau Peninsula + Taipa & Cotai,True
26A,0,holidays,14,5.454545454545454,True,Coloane + Macau Peninsula + Taipa & Cotai,True
26A,0,holidays,15,5.454545454545454,True,Coloane + Macau Peninsula + Taipa & Cotai,True
26A,0,holidays,16,5.454545454545454,True,Coloane + Macau Peninsula + Taipa & Cotai,True
26A,0,holidays,17,5.454545454545454,True,Coloane + Macau Peninsula + Taipa & Cotai,True
26A,0,holidays,18,5.454545454545454,True,Coloane + Macau Peninsula + Taipa & Cotai,True
26A,0,holidays,19,5.454545454545454,True,Coloane + Macau Peninsula + Taipa & Cotai,True
26A,0,holidays,20,4.285714285714286,True,Coloane + Macau Peninsula + Taipa & Cotai,True
26A,0,holidays,21,4.285714285714286,True,Coloane + Macau Peninsula + Taipa & Cotai,True
26A,0,holidays,22,4.285714285714286,True,Coloane + Macau Peninsula + Taipa & Cotai,True
26A,0,holidays,23,4.285714285714286,True,Coloane + Macau Peninsula + Taipa & Cotai,True
26A,0,weekdays,0,0.0,True,Coloane + Macau Peninsula + Taipa & Cotai,True
26A,0,weekdays,1,0.0,True,Coloane + Macau Peninsula + Taipa & Cotai,True
26A,0,weekdays,2,0.0,True,Coloane + Macau Peninsula + Taipa & Cotai,True
26A,0,weekdays,3,0.0,True,Coloane + Macau Peninsula + Taipa & Cotai,True
26A,0,weekdays,4,0.0,True,Coloane + Macau Peninsula + Taipa & Cotai,True
26A,0,weekdays,5,0.0,True,Coloane + Macau Peninsula + Taipa & Cotai,True
26A,0,weekdays,6,6.666666666666667,True,Coloane + Macau Peninsula + Taipa & Cotai,True
26A,0,weekdays,7,6.666666666666667,True,Coloane + Macau Peninsula + Taipa & Cotai,True
26A,0,weekdays,8,6.666666666666667,True,Coloane + Macau Peninsula + Taipa & Cotai,True
26A,0,weekdays,9,6.666666666666667,True,Coloane + Macau Peninsula + Taipa & Cotai,True
26A,0,weekdays,10,4.8,True,Coloane + Macau Peninsula + Taipa & Cotai,True
26A,0,weekdays,11,4.8,True,Coloane + Macau Peninsula + Taipa & Cotai,True
26A,0,weekdays,12,4.8,True,Coloane + Macau Peninsula + Taipa & Cotai,True
26A,0,weekdays,13,4.8,True,Coloane + Macau Peninsula + Taipa & Cotai,True
26A,0,weekdays,14,4.8,True,Coloane + Macau Peninsula + Taipa & Cotai,True
26A,0,weekdays,15,6.666666666666667,True,Coloane + Macau Peninsula + Taipa & Cotai,True
26A,0,weekdays,16,6.666666666666667,True,Coloane + Macau Peninsula + Taipa & Cotai,True
26A,0,weekdays,17,6.666666666666667,True,Coloane + Macau Peninsula + Taipa & Cotai,True
26A,0,weekdays,18,6.666666666666667,True,Coloane + Macau Peninsula + Taipa & Cotai,True
26A,0,weekdays,19,6.666666666666667,True,Coloane + Macau Peninsula + Taipa & Cotai,True
26A,0,weekdays,20,4.444444444444445,True,Coloane + Macau Peninsula + Taipa & Cotai,True
26A,0,weekdays,21,4.444444444444445,True,Coloane + Macau Peninsula + Taipa & Cotai,True
26A,0,weekdays,22,4.444444444444445,True,Coloane + Macau Peninsula + Taipa & Cotai,True
26A,0,weekdays,23,4.444444444444445,True,Coloane + Macau Peninsula + Taipa & Cotai,True
26A,0,weekends,0,0.0,True,Coloane + Macau Peninsula + Taipa & Cotai,True
26A,0,weekends,1,0.0,True,Coloane + Macau Peninsula + Taipa & Cotai,True
26A,0,weekends,2,0.0,True,Coloane + Macau Peninsula + Taipa & Cotai,True
26A,0,weekends,3,0.0,True,Coloane + Macau Peninsula + Taipa & Cotai,True
26A,0,weekends,4,0.0,True,Coloane + Macau Peninsula + Taipa & Cotai,True
26A,0,weekends,5,0.0,True,Coloane + Macau Peninsula + Taipa & Cotai,True
26A,0,weekends,6,6.666666666666667,True,Coloane + Macau Peninsula + Taipa & Cotai,True
26A,0,weekends,7,6.666666666666667,True,Coloane + Macau Peninsula + Taipa & Cotai,True
26A,0,weekends,8,6.666666666666667,True,Coloane + Macau Peninsula + Taipa & Cotai,True
26A,0,weekends,9,6.666666666666667,True,Coloane + Macau Peninsula + Taipa & Cotai,True
26A,0,weekends,10,4.8,True,Coloane + Macau Peninsula + Taipa & Cotai,True
26A,0,weekends,11,4.8,True,Coloane + Macau Peninsula + Taipa & Cotai,True
26A,0,weekends,12,4.8,True,Coloane + Macau Peninsula + Taipa & Cotai,True
26A,0,weekends,13,4.8,True,Coloane + Macau Peninsula + Taipa & Cotai,True
26A,0,weekends,14,4.8,True,Coloane + Macau Peninsula + Taipa & Cotai,True
26A,0,weekends,15,6.666666666666667,True,Coloane + Macau Peninsula + Taipa & Cotai,True
26A,0,weekends,16,6.666666666666667,True,Coloane + Macau Peninsula + Taipa & Cotai,True
26A,0,weekends,17,6.666666666666667,True,Coloane + Macau Peninsula + Taipa & Cotai,True
26A,0,weekends,18,6.666666666666667,True,Coloane + Macau Peninsula + Taipa & Cotai,True
26A,0,weekends,19,6.666666666666667,True,Coloane + Macau Peninsula + Taipa & Cotai,True
26A,0,weekends,20,4.444444444444445,True,Coloane + Macau Peninsula + Taipa & Cotai,True
26A,0,weekends,21,4.444444444444445,True,Coloane + Macau Peninsula + Taipa & Cotai,True
26A,0,weekends,22,4.444444444444445,True,Coloane + Macau Peninsula + Taipa & Cotai,True
26A,0,weekends,23,4.444444444444445,True,Coloane + Macau Peninsula + Taipa & Cotai,True
26A,1,holidays,0,0.0,True,Coloane + Macau Peninsula + Taipa & Cotai,True
26A,1,holidays,1,0.0,True,Coloane + Macau Peninsula + Taipa & Cotai,True
26A,1,holidays,2,0.0,True,Coloane + Macau Peninsula + Taipa & Cotai,True
26A,1,holidays,3,0.0,True,Coloane + Macau Peninsula + Taipa & Cotai,True
26A,1,holidays,4,0.0,True,Coloane + Macau Peninsula + Taipa & Cotai,True
26A,1,holidays,5,0.0,True,Coloane + Macau Peninsula + Taipa & Cotai,True
26A,1,holidays,6,5.454545454545454,True,Coloane + Macau Peninsula + Taipa & Cotai,True
26A,1,holidays,7,5.454545454545454,True,Coloane + Macau Peninsula + Taipa & Cotai,True
26A,1,holidays,8,5.454545454545454,True,Coloane + Macau Peninsula + Taipa & Cotai,True
26A,1,holidays,9,5.454545454545454,True,Coloane + Macau Peninsula + Taipa & Cotai,True
26A,1,holidays,10,5.454545454545454,True,Coloane + Macau Peninsula + Taipa & Cotai,True
26A,1,holidays,11,5.454545454545454,True,Coloane + Macau Peninsula + Taipa & Cotai,True
26A,1,holidays,12,5.454545454545454,True,Coloane + Macau Peninsula + Taipa & Cotai,True
26A,1,holidays,13,5.454545454545454,True,Coloane + Macau Peninsula + Taipa & Cotai,True
26A,1,holidays,14,5.454545454545454,True,Coloane + Macau Peninsula + Taipa & Cotai,True
26A,1,holidays,15,5.454545454545454,True,Coloane + Macau Peninsula + Taipa & Cotai,True
26A,1,holidays,16,5.454545454545454,True,Coloane + Macau Peninsula + Taipa & Cotai,True
26A,1,holidays,17,5.454545454545454,True,Coloane + Macau Peninsula + Taipa & Cotai,True
26A,1,holidays,18,5.454545454545454,True,Coloane + Macau Peninsula + Taipa & Cotai,True
26A,1,holidays,19,5.454545454545454,True,Coloane + Macau Peninsula + Taipa & Cotai,True
26A,1,holidays,20,4.285714285714286,True,Coloane + Macau Peninsula + Taipa & Cotai,True
26A,1,holidays,21,4.285714285714286,True,Coloane + Macau Peninsula + Taipa & Cotai,True
26A,1,holidays,22,4.285714285714286,True,Coloane + Macau Peninsula + Taipa & Cotai,True
26A,1,holidays,23,4.285714285714286,True,Coloane + Macau Peninsula + Taipa & Cotai,True
26A,1,weekdays,0,0.0,True,Coloane + Macau Peninsula + Taipa & Cotai,True
26A,1,weekdays,1,0.0,True,Coloane + Macau Peninsula + Taipa & Cotai,True
26A,1,weekdays,2,0.0,True,Coloane + Macau Peninsula + Taipa & Cotai,True
26A,1,weekdays,3,0.0,True,Coloane + Macau Peninsula + Taipa & Cotai,True
26A,1,weekdays,4,0.0,True,Coloane + Macau Peninsula + Taipa & Cotai,True
26A,1,weekdays,5,0.0,True,Coloane + Macau Peninsula + Taipa & Cotai,True
26A,1,weekdays,6,6.666666666666667,True,Coloane + Macau Peninsula + Taipa & Cotai,True
26A,1,weekdays,7,6.666666666666667,True,Coloane + Macau Peninsula + Taipa & Cotai,True
26A,1,weekdays,8,6.666666666666667,True,Coloane + Macau Peninsula + Taipa & Cotai,True
26A,1,weekdays,9,6.666666666666667,True,Coloane + Macau Peninsula + Taipa & Cotai,True
26A,1,weekdays,10,4.8,True,Coloane + Macau Peninsula + Taipa & Cotai,True
26A,1,weekdays,11,4.8,True,Coloane + Macau Peninsula + Taipa & Cotai,True
26A,1,weekdays,12,4.8,True,Coloane + Macau Peninsula + Taipa & Cotai,True
26A,1,weekdays,13,4.8,True,Coloane + Macau Peninsula + Taipa & Cotai,True
26A,1,weekdays,14,4.8,True,Coloane + Macau Peninsula + Taipa & Cotai,True
26A,1,weekdays,15,6.666666666666667,True,Coloane + Macau Peninsula + Taipa & Cotai,True
26A,1,weekdays,16,6.666666666666667,True,Coloane + Macau Peninsula + Taipa & Cotai,True
26A,1,weekdays,17,6.666666666666667,True,Coloane + Macau Peninsula + Taipa & Cotai,True
26A,1,weekdays,18,6.666666666666667,True,Coloane + Macau Peninsula + Taipa & Cotai,True
26A,1,weekdays,19,6.666666666666667,True,Coloane + Macau Peninsula + Taipa & Cotai,True
26A,1,weekdays,20,4.444444444444445,True,Coloane + Macau Peninsula + Taipa & Cotai,True
26A,1,weekdays,21,4.444444444444445,True,Coloane + Macau Peninsula + Taipa & Cotai,True
26A,1,weekdays,22,4.444444444444445,True,Coloane + Macau Peninsula + Taipa & Cotai,True
26A,1,weekdays,23,4.444444444444445,True,Coloane + Macau Peninsula + Taipa & Cotai,True
26A,1,weekends,0,0.0,True,Coloane + Macau Peninsula + Taipa & Cotai,True
26A,1,weekends,1,0.0,True,Coloane + Macau Peninsula + Taipa & Cotai,True
26A,1,weekends,2,0.0,True,Coloane + Macau Peninsula + Taipa & Cotai,True
26A,1,weekends,3,0.0,True,Coloane + Macau Peninsula + Taipa & Cotai,True
26A,1,weekends,4,0.0,True,Coloane + Macau Peninsula + Taipa & Cotai,True
26A,1,weekends,5,0.0,True,Coloane + Macau Peninsula + Taipa & Cotai,True
26A,1,weekends,6,6.666666666666667,True,Coloane + Macau Peninsula + Taipa & Cotai,True
26A,1,weekends,7,6.666666666666667,True,Coloane + Macau Peninsula + Taipa & Cotai,True
26A,1,weekends,8,6.666666666666667,True,Coloane + Macau Peninsula + Taipa & Cotai,True
26A,1,weekends,9,6.666666666666667,True,Coloane + Macau Peninsula + Taipa & Cotai,True
26A,1,weekends,10,4.8,True,Coloane + Macau Peninsula + Taipa & Cotai,True
26A,1,weekends,11,4.8,True,Coloane + Macau Peninsula + Taipa & Cotai,True
26A,1,weekends,12,4.8,True,Coloane + Macau Peninsula + Taipa & Cotai,True
26A,1,weekends,13,4.8,True,Coloane + Macau Peninsula + Taipa & Cotai,True
26A,1,weekends,14,4.8,True,Coloane + Macau Peninsula + Taipa & Cotai,True
26A,1,weekends,15,6.666666666666667,True,Coloane + Macau Peninsula + Taipa & Cotai,True
26A,1,weekends,16,6.666666666666667,True,Coloane + Macau Peninsula + Taipa & Cotai,True
26A,1,weekends,17,6.666666666666667,True,Coloane + Macau Peninsula + Taipa & Cotai,True
26A,1,weekends,18,6.666666666666667,True,Coloane + Macau Peninsula + Taipa & Cotai,True
26A,1,weekends,19,6.666666666666667,True,Coloane + Macau Peninsula + Taipa & Cotai,True
26A,1,weekends,20,4.444444444444445,True,Coloane + Macau Peninsula + Taipa & Cotai,True
26A,1,weekends,21,4.444444444444445,True,Coloane + Macau Peninsula + Taipa & Cotai,True
26A,1,weekends,22,4.444444444444445,True,Coloane + Macau Peninsula + Taipa & Cotai,True
26A,1,weekends,23,4.444444444444445,True,Coloane + Macau Peninsula + Taipa & Cotai,True
27,0,holidays,0,0.0,False,Macau Peninsula,False
27,0,holidays,1,0.0,False,Macau Peninsula,False
27,0,holidays,2,0.0,False,Macau Peninsula,False
27,0,holidays,3,0.0,False,Macau Peninsula,False
27,0,holidays,4,0.0,False,Macau Peninsula,False
27,0,holidays,5,0.0,False,Macau Peninsula,False
27,0,holidays,6,4.8,False,Macau Peninsula,False
27,0,holidays,7,4.8,False,Macau Peninsula,False
27,0,holidays,8,4.8,False,Macau Peninsula,False
27,0,holidays,9,4.8,False,Macau Peninsula,False
27,0,holidays,10,4.8,False,Macau Peninsula,False
27,0,holidays,11,4.8,False,Macau Peninsula,False
27,0,holidays,12,4.8,False,Macau Peninsula,False
27,0,holidays,13,4.8,False,Macau Peninsula,False
27,0,holidays,14,4.8,False,Macau Peninsula,False
27,0,holidays,15,4.8,False,Macau Peninsula,False
27,0,holidays,16,4.8,False,Macau Peninsula,False
27,0,holidays,17,4.8,False,Macau Peninsula,False
27,0,holidays,18,4.8,False,Macau Peninsula,False
27,0,holidays,19,4.8,False,Macau Peninsula,False
27,0,holidays,20,4.444444444444445,False,Macau Peninsula,False
27,0,holidays,21,4.444444444444445,False,Macau Peninsula,False
27,0,holidays,22,4.444444444444445,False,Macau Peninsula,False
27,0,holidays,23,4.444444444444445,False,Macau Peninsula,False
27,0,weekdays,0,0.0,False,Macau Peninsula,False
27,0,weekdays,1,0.0,False,Macau Peninsula,False
27,0,weekdays,2,0.0,False,Macau Peninsula,False
27,0,weekdays,3,0.0,False,Macau Peninsula,False
27,0,weekdays,4,0.0,False,Macau Peninsula,False
27,0,weekdays,5,0.0,False,Macau Peninsula,False
27,0,weekdays,6,4.8,False,Macau Peninsula,False
27,0,weekdays,7,4.8,False,Macau Peninsula,False
27,0,weekdays,8,4.8,False,Macau Peninsula,False
27,0,weekdays,9,4.8,False,Macau Peninsula,False
27,0,weekdays,10,4.8,False,Macau Peninsula,False
27,0,weekdays,11,4.8,False,Macau Peninsula,False
27,0,weekdays,12,4.8,False,Macau Peninsula,False
27,0,weekdays,13,4.8,False,Macau Peninsula,False
27,0,weekdays,14,4.8,False,Macau Peninsula,False
27,0,weekdays,15,4.8,False,Macau Peninsula,False
27,0,weekdays,16,4.8,False,Macau Peninsula,False
27,0,weekdays,17,4.8,False,Macau Peninsula,False
27,0,weekdays,18,4.8,False,Macau Peninsula,False
27,0,weekdays,19,4.8,False,Macau Peninsula,False
27,0,weekdays,20,4.444444444444445,False,Macau Peninsula,False
27,0,weekdays,21,4.444444444444445,False,Macau Peninsula,False
27,0,weekdays,22,4.444444444444445,False,Macau Peninsula,False
27,0,weekdays,23,4.444444444444445,False,Macau Peninsula,False
27,0,weekends,0,0.0,False,Macau Peninsula,False
27,0,weekends,1,0.0,False,Macau Peninsula,False
27,0,weekends,2,0.0,False,Macau Peninsula,False
27,0,weekends,3,0.0,False,Macau Peninsula,False
27,0,weekends,4,0.0,False,Macau Peninsula,False
27,0,weekends,5,0.0,False,Macau Peninsula,False
27,0,weekends,6,4.8,False,Macau Peninsula,False
27,0,weekends,7,4.8,False,Macau Peninsula,False
27,0,weekends,8,4.8,False,Macau Peninsula,False
27,0,weekends,9,4.8,False,Macau Peninsula,False
27,0,weekends,10,4.8,False,Macau Peninsula,False
27,0,weekends,11,4.8,False,Macau Peninsula,False
27,0,weekends,12,4.8,False,Macau Peninsula,False
27,0,weekends,13,4.8,False,Macau Peninsula,False
27,0,weekends,14,4.8,False,Macau Peninsula,False
27,0,weekends,15,4.8,False,Macau Peninsula,False
27,0,weekends,16,4.8,False,Macau Peninsula,False
27,0,weekends,17,4.8,False,Macau Peninsula,False
27,0,weekends,18,4.8,False,Macau Peninsula,False
27,0,weekends,19,4.8,False,Macau Peninsula,False
27,0,weekends,20,4.444444444444445,False,Macau Peninsula,False
27,0,weekends,21,4.444444444444445,False,Macau Peninsula,False
27,0,weekends,22,4.444444444444445,False,Macau Peninsula,False
27,0,weekends,23,4.444444444444445,False,Macau Peninsula,False
28A,0,holidays,0,0.0,True,Macau Peninsula + Taipa & Cotai,False
28A,0,holidays,1,0.0,True,Macau Peninsula + Taipa & Cotai,False
28A,0,holidays,2,0.0,True,Macau Peninsula + Taipa & Cotai,False
28A,0,holidays,3,0.0,True,Macau Peninsula + Taipa & Cotai,False
28A,0,holidays,4,0.0,True,Macau Peninsula + Taipa & Cotai,False
28A,0,holidays,5,0.0,True,Macau Peninsula + Taipa & Cotai,False
28A,0,holidays,6,2.2222222222222223,True,Macau Peninsula + Taipa & Cotai,False
28A,0,holidays,7,4.444444444444445,True,Macau Peninsula + Taipa & Cotai,False
28A,0,holidays,8,4.444444444444445,True,Macau Peninsula + Taipa & Cotai,False
28A,0,holidays,9,4.444444444444445,True,Macau Peninsula + Taipa & Cotai,False
28A,0,holidays,10,3.6363636363636362,True,Macau Peninsula + Taipa & Cotai,False
28A,0,holidays,11,3.6363636363636362,True,Macau Peninsula + Taipa & Cotai,False
28A,0,holidays,12,3.6363636363636362,True,Macau Peninsula + Taipa & Cotai,False
28A,0,holidays,13,3.6363636363636362,True,Macau Peninsula + Taipa & Cotai,False
28A,0,holidays,14,3.6363636363636362,True,Macau Peninsula + Taipa & Cotai,False
28A,0,holidays,15,4.444444444444445,True,Macau Peninsula + Taipa & Cotai,False
28A,0,holidays,16,4.444444444444445,True,Macau Peninsula + Taipa & Cotai,False
28A,0,holidays,17,4.444444444444445,True,Macau Peninsula + Taipa & Cotai,False
28A,0,holidays,18,4.444444444444445,True,Macau Peninsula + Taipa & Cotai,False
28A,0,holidays,19,4.444444444444445,True,Macau Peninsula + Taipa & Cotai,False
28A,0,holidays,20,3.6363636363636362,True,Macau Peninsula + Taipa & Cotai,False
28A,0,holidays,21,3.6363636363636362,True,Macau Peninsula + Taipa & Cotai,False
28A,0,holidays,22,3.6363636363636362,True,Macau Peninsula + Taipa & Cotai,False
28A,0,holidays,23,3.6363636363636362,True,Macau Peninsula + Taipa & Cotai,False
28A,0,weekdays,0,0.0,True,Macau Peninsula + Taipa & Cotai,False
28A,0,weekdays,1,0.0,True,Macau Peninsula + Taipa & Cotai,False
28A,0,weekdays,2,0.0,True,Macau Peninsula + Taipa & Cotai,False
28A,0,weekdays,3,0.0,True,Macau Peninsula + Taipa & Cotai,False
28A,0,weekdays,4,0.0,True,Macau Peninsula + Taipa & Cotai,False
28A,0,weekdays,5,0.0,True,Macau Peninsula + Taipa & Cotai,False
28A,0,weekdays,6,2.4,True,Macau Peninsula + Taipa & Cotai,False
28A,0,weekdays,7,4.8,True,Macau Peninsula + Taipa & Cotai,False
28A,0,weekdays,8,4.8,True,Macau Peninsula + Taipa & Cotai,False
28A,0,weekdays,9,4.8,True,Macau Peninsula + Taipa & Cotai,False
28A,0,weekdays,10,4.0,True,Macau Peninsula + Taipa & Cotai,False
28A,0,weekdays,11,4.0,True,Macau Peninsula + Taipa & Cotai,False
28A,0,weekdays,12,4.0,True,Macau Peninsula + Taipa & Cotai,False
28A,0,weekdays,13,4.0,True,Macau Peninsula + Taipa & Cotai,False
28A,0,weekdays,14,4.0,True,Macau Peninsula + Taipa & Cotai,False
28A,0,weekdays,15,4.8,True,Macau Peninsula + Taipa & Cotai,False
28A,0,weekdays,16,4.8,True,Macau Peninsula + Taipa & Cotai,False
28A,0,weekdays,17,4.8,True,Macau Peninsula + Taipa & Cotai,False
28A,0,weekdays,18,4.8,True,Macau Peninsula + Taipa & Cotai,False
28A,0,weekdays,19,4.8,True,Macau Peninsula + Taipa & Cotai,False
28A,0,weekdays,20,4.0,True,Macau Peninsula + Taipa & Cotai,False
28A,0,weekdays,21,4.0,True,Macau Peninsula + Taipa & Cotai,False
28A,0,weekdays,22,4.0,True,Macau Peninsula + Taipa & Cotai,False
28A,0,weekdays,23,4.0,True,Macau Peninsula + Taipa & Cotai,False
28A,0,weekends,0,0.0,True,Macau Peninsula + Taipa & Cotai,False
28A,0,weekends,1,0.0,True,Macau Peninsula + Taipa & Cotai,False
28A,0,weekends,2,0.0,True,Macau Peninsula + Taipa & Cotai,False
28A,0,weekends,3,0.0,True,Macau Peninsula + Taipa & Cotai,False
28A,0,weekends,4,0.0,True,Macau Peninsula + Taipa & Cotai,False
28A,0,weekends,5,0.0,True,Macau Peninsula + Taipa & Cotai,False
28A,0,weekends,6,2.2222222222222223,True,Macau Peninsula + Taipa & Cotai,False
28A,0,weekends,7,4.444444444444445,True,Macau Peninsula + Taipa & Cotai,False
28A,0,weekends,8,4.444444444444445,True,Macau Peninsula + Taipa & Cotai,False
28A,0,weekends,9,4.444444444444445,True,Macau Peninsula + Taipa & Cotai,False
28A,0,weekends,10,3.6363636363636362,True,Macau Peninsula + Taipa & Cotai,False
28A,0,weekends,11,3.6363636363636362,True,Macau Peninsula + Taipa & Cotai,False
28A,0,weekends,12,3.6363636363636362,True,Macau Peninsula + Taipa & Cotai,False
28A,0,weekends,13,3.6363636363636362,True,Macau Peninsula + Taipa & Cotai,False
28A,0,weekends,14,3.6363636363636362,True,Macau Peninsula + Taipa & Cotai,False
28A,0,weekends,15,4.444444444444445,True,Macau Peninsula + Taipa & Cotai,False
28A,0,weekends,16,4.444444444444445,True,Macau Peninsula + Taipa & Cotai,False
28A,0,weekends,17,4.444444444444445,True,Macau Peninsula + Taipa & Cotai,False
28A,0,weekends,18,4.444444444444445,True,Macau Peninsula + Taipa & Cotai,False
28A,0,weekends,19,4.444444444444445,True,Macau Peninsula + Taipa & Cotai,False
28A,0,weekends,20,3.6363636363636362,True,Macau Peninsula + Taipa & Cotai,False
28A,0,weekends,21,3.6363636363636362,True,Macau Peninsula + Taipa & Cotai,False
28A,0,weekends,22,3.6363636363636362,True,Macau Peninsula + Taipa & Cotai,False
28A,0,weekends,23,3.6363636363636362,True,Macau Peninsula + Taipa & Cotai,False
28B,0,holidays,0,0.0,False,Macau Peninsula,False
28B,0,holidays,1,0.0,False,Macau Peninsula,False
28B,0,holidays,2,0.0,False,Macau Peninsula,False
28B,0,holidays,3,0.0,False,Macau Peninsula,False
28B,0,holidays,4,0.0,False,Macau Peninsula,False
28B,0,holidays,5,0.0,False,Macau Peninsula,False
28B,0,holidays,6,4.090909090909091,False,Macau Peninsula,False
28B,0,holidays,7,5.454545454545454,False,Macau Peninsula,False
28B,0,holidays,8,5.454545454545454,False,Macau Peninsula,False
28B,0,holidays,9,5.454545454545454,False,Macau Peninsula,False
28B,0,holidays,10,5.454545454545454,False,Macau Peninsula,False
28B,0,holidays,11,5.454545454545454,False,Macau Peninsula,False
28B,0,holidays,12,5.454545454545454,False,Macau Peninsula,False
28B,0,holidays,13,5.454545454545454,False,Macau Peninsula,False
28B,0,holidays,14,5.454545454545454,False,Macau Peninsula,False
28B,0,holidays,15,5.454545454545454,False,Macau Peninsula,False
28B,0,holidays,16,5.454545454545454,False,Macau Peninsula,False
28B,0,holidays,17,5.454545454545454,False,Macau Peninsula,False
28B,0,holidays,18,5.454545454545454,False,Macau Peninsula,False
28B,0,holidays,19,5.454545454545454,False,Macau Peninsula,False
28B,0,holidays,20,5.454545454545454,False,Macau Peninsula,False
28B,0,holidays,21,5.454545454545454,False,Macau Peninsula,False
28B,0,holidays,22,5.454545454545454,False,Macau Peninsula,False
28B,0,holidays,23,4.090909090909091,False,Macau Peninsula,False
28B,0,weekdays,0,0.0,False,Macau Peninsula,False
28B,0,weekdays,1,0.0,False,Macau Peninsula,False
28B,0,weekdays,2,0.0,False,Macau Peninsula,False
28B,0,weekdays,3,0.0,False,Macau Peninsula,False
28B,0,weekdays,4,0.0,False,Macau Peninsula,False
28B,0,weekdays,5,0.0,False,Macau Peninsula,False
28B,0,weekdays,6,4.5,False,Macau Peninsula,False
28B,0,weekdays,7,6.0,False,Macau Peninsula,False
28B,0,weekdays,8,6.0,False,Macau Peninsula,False
28B,0,weekdays,9,6.0,False,Macau Peninsula,False
28B,0,weekdays,10,5.454545454545454,False,Macau Peninsula,False
28B,0,weekdays,11,5.454545454545454,False,Macau Peninsula,False
28B,0,weekdays,12,5.454545454545454,False,Macau Peninsula,False
28B,0,weekdays,13,5.454545454545454,False,Macau Peninsula,False
28B,0,weekdays,14,5.454545454545454,False,Macau Peninsula,False
28B,0,weekdays,15,6.0,False,Macau Peninsula,False
28B,0,weekdays,16,6.0,False,Macau Peninsula,False
28B,0,weekdays,17,6.0,False,Macau Peninsula,False
28B,0,weekdays,18,6.0,False,Macau Peninsula,False
28B,0,weekdays,19,6.0,False,Macau Peninsula,False
28B,0,weekdays,20,5.454545454545454,False,Macau Peninsula,False
28B,0,weekdays,21,5.454545454545454,False,Macau Peninsula,False
28B,0,weekdays,22,5.454545454545454,False,Macau Peninsula,False
28B,0,weekdays,23,4.090909090909091,False,Macau Peninsula,False
28B,0,weekends,0,0.0,False,Macau Peninsula,False
28B,0,weekends,1,0.0,False,Macau Peninsula,False
28B,0,weekends,2,0.0,False,Macau Peninsula,False
28B,0,weekends,3,0.0,False,Macau Peninsula,False
28B,0,weekends,4,0.0,False,Macau Peninsula,False
28B,0,weekends,5,0.0,False,Macau Peninsula,False
28B,0,weekends,6,4.5,False,Macau Peninsula,False
28B,0,weekends,7,6.0,False,Macau Peninsula,False
28B,0,weekends,8,6.0,False,Macau Peninsula,False
28B,0,weekends,9,6.0,False,Macau Peninsula,False
28B,0,weekends,10,5.454545454545454,False,Macau Peninsula,False
28B,0,weekends,11,5.454545454545454,False,Macau Peninsula,False
28B,0,weekends,12,5.454545454545454,False,Macau Peninsula,False
28B,0,weekends,13,5.454545454545454,False,Macau Peninsula,False
28B,0,weekends,14,5.454545454545454,False,Macau Peninsula,False
28B,0,weekends,15,6.0,False,Macau Peninsula,False
28B,0,weekends,16,6.0,False,Macau Peninsula,False
28B,0,weekends,17,6.0,False,Macau Peninsula,False
28B,0,weekends,18,6.0,False,Macau Peninsula,False
28B,0,weekends,19,6.0,False,Macau Peninsula,False
28B,0,weekends,20,4.285714285714286,False,Macau Peninsula,False
28B,0,weekends,21,4.285714285714286,False,Macau Peninsula,False
28B,0,weekends,22,4.285714285714286,False,Macau Peninsula,False
28B,0,weekends,23,3.2142857142857144,False,Macau Peninsula,False
28C,0,holidays,0,0.0,False,Macau Peninsula,False
28C,0,holidays,1,0.0,False,Macau Peninsula,False
28C,0,holidays,2,0.0,False,Macau Peninsula,False
28C,0,holidays,3,0.0,False,Macau Peninsula,False
28C,0,holidays,4,0.0,False,Macau Peninsula,False
28C,0,holidays,5,1.48148148148148,False,Macau Peninsula,False
28C,0,holidays,6,4.444444444444445,False,Macau Peninsula,False
28C,0,holidays,7,4.444444444444445,False,Macau Peninsula,False
28C,0,holidays,8,4.444444444444445,False,Macau Peninsula,False
28C,0,holidays,9,4.444444444444445,False,Macau Peninsula,False
28C,0,holidays,10,4.8,False,Macau Peninsula,False
28C,0,holidays,11,4.8,False,Macau Peninsula,False
28C,0,holidays,12,4.8,False,Macau Peninsula,False
28C,0,holidays,13,4.8,False,Macau Peninsula,False
28C,0,holidays,14,4.8,False,Macau Peninsula,False
28C,0,holidays,15,4.8,False,Macau Peninsula,False
28C,0,holidays,16,4.8,False,Macau Peninsula,False
28C,0,holidays,17,4.8,False,Macau Peninsula,False
28C,0,holidays,18,4.8,False,Macau Peninsula,False
28C,0,holidays,19,4.8,False,Macau Peninsula,False
28C,0,holidays,20,3.6363636363636362,False,Macau Peninsula,False
28C,0,holidays,21,3.6363636363636362,False,Macau Peninsula,False
28C,0,holidays,22,3.6363636363636362,False,Macau Peninsula,False
28C,0,holidays,23,3.6363636363636362,False,Macau Peninsula,False
28C,0,weekdays,0,0.0,False,Macau Peninsula,False
28C,0,weekdays,1,0.0,False,Macau Peninsula,False
28C,0,weekdays,2,0.0,False,Macau Peninsula,False
28C,0,weekdays,3,0.0,False,Macau Peninsula,False
28C,0,weekdays,4,0.0,False,Macau Peninsula,False
28C,0,weekdays,5,1.8181818181818166,False,Macau Peninsula,False
28C,0,weekdays,6,5.454545454545454,False,Macau Peninsula,False
28C,0,weekdays,7,5.454545454545454,False,Macau Peninsula,False
28C,0,weekdays,8,5.454545454545454,False,Macau Peninsula,False
28C,0,weekdays,9,5.454545454545454,False,Macau Peninsula,False
28C,0,weekdays,10,4.285714285714286,False,Macau Peninsula,False
28C,0,weekdays,11,4.285714285714286,False,Macau Peninsula,False
28C,0,weekdays,12,4.285714285714286,False,Macau Peninsula,False
28C,0,weekdays,13,4.285714285714286,False,Macau Peninsula,False
28C,0,weekdays,14,4.285714285714286,False,Macau Peninsula,False
28C,0,weekdays,15,5.454545454545454,False,Macau Peninsula,False
28C,0,weekdays,16,5.454545454545454,False,Macau Peninsula,False
28C,0,weekdays,17,5.454545454545454,False,Macau Peninsula,False
28C,0,weekdays,18,5.454545454545454,False,Macau Peninsula,False
28C,0,weekdays,19,5.454545454545454,False,Macau Peninsula,False
28C,0,weekdays,20,3.6363636363636362,False,Macau Peninsula,False
28C,0,weekdays,21,3.6363636363636362,False,Macau Peninsula,False
28C,0,weekdays,22,3.6363636363636362,False,Macau Peninsula,False
28C,0,weekdays,23,3.6363636363636362,False,Macau Peninsula,False
28C,0,weekends,0,0.0,False,Macau Peninsula,False
28C,0,weekends,1,0.0,False,Macau Peninsula,False
28C,0,weekends,2,0.0,False,Macau Peninsula,False
28C,0,weekends,3,0.0,False,Macau Peninsula,False
28C,0,weekends,4,0.0,False,Macau Peninsula,False
28C,0,weekends,5,1.8181818181818166,False,Macau Peninsula,False
28C,0,weekends,6,5.454545454545454,False,Macau Peninsula,False
28C,0,weekends,7,5.454545454545454,False,Macau Peninsula,False
28C,0,weekends,8,5.454545454545454,False,Macau Peninsula,False
28C,0,weekends,9,5.454545454545454,False,Macau Peninsula,False
28C,0,weekends,10,4.285714285714286,False,Macau Peninsula,False
28C,0,weekends,11,4.285714285714286,False,Macau Peninsula,False
28C,0,weekends,12,4.285714285714286,False,Macau Peninsula,False
28C,0,weekends,13,4.285714285714286,False,Macau Peninsula,False
28C,0,weekends,14,4.285714285714286,False,Macau Peninsula,False
28C,0,weekends,15,5.454545454545454,False,Macau Peninsula,False
28C,0,weekends,16,5.454545454545454,False,Macau Peninsula,False
28C,0,weekends,17,5.454545454545454,False,Macau Peninsula,False
28C,0,weekends,18,5.454545454545454,False,Macau Peninsula,False
28C,0,weekends,19,5.454545454545454,False,Macau Peninsula,False
28C,0,weekends,20,3.6363636363636362,False,Macau Peninsula,False
28C,0,weekends,21,3.6363636363636362,False,Macau Peninsula,False
28C,0,weekends,22,3.6363636363636362,False,Macau Peninsula,False
28C,0,weekends,23,3.6363636363636362,False,Macau Peninsula,False
29,0,holidays,0,0.0,False,Macau Peninsula,False
29,0,holidays,1,0.0,False,Macau Peninsula,False
29,0,holidays,2,0.0,False,Macau Peninsula,False
29,0,holidays,3,0.0,False,Macau Peninsula,False
29,0,holidays,4,0.0,False,Macau Peninsula,False
29,0,holidays,5,0.0,False,Macau Peninsula,False
29,0,holidays,6,0.0,False,Macau Peninsula,False
29,0,holidays,7,1.8181818181818181,False,Macau Peninsula,False
29,0,holidays,8,3.6363636363636362,False,Macau Peninsula,False
29,0,holidays,9,3.6363636363636362,False,Macau Peninsula,False
29,0,holidays,10,3.6363636363636362,False,Macau Peninsula,False
29,0,holidays,11,3.6363636363636362,False,Macau Peninsula,False
29,0,holidays,12,3.6363636363636362,False,Macau Peninsula,False
29,0,holidays,13,3.6363636363636362,False,Macau Peninsula,False
29,0,holidays,14,3.6363636363636362,False,Macau Peninsula,False
29,0,holidays,15,3.6363636363636362,False,Macau Peninsula,False
29,0,holidays,16,3.6363636363636362,False,Macau Peninsula,False
29,0,holidays,17,3.6363636363636362,False,Macau Peninsula,False
29,0,holidays,18,3.6363636363636362,False,Macau Peninsula,False
29,0,holidays,19,0.9090909090909091,False,Macau Peninsula,False
29,0,holidays,20,0.0,False,Macau Peninsula,False
29,0,holidays,21,0.0,False,Macau Peninsula,False
29,0,holidays,22,0.0,False,Macau Peninsula,False
29,0,holidays,23,0.0,False,Macau Peninsula,False
29,0,weekdays,0,0.0,False,Macau Peninsula,False
29,0,weekdays,1,0.0,False,Macau Peninsula,False
29,0,weekdays,2,0.0,False,Macau Peninsula,False
29,0,weekdays,3,0.0,False,Macau Peninsula,False
29,0,weekdays,4,0.0,False,Macau Peninsula,False
29,0,weekdays,5,0.0,False,Macau Peninsula,False
29,0,weekdays,6,0.0,False,Macau Peninsula,False
29,0,weekdays,7,2.2222222222222223,False,Macau Peninsula,False
29,0,weekdays,8,4.444444444444445,False,Macau Peninsula,False
29,0,weekdays,9,3.6363636363636362,False,Macau Peninsula,False
29,0,weekdays,10,3.6363636363636362,False,Macau Peninsula,False
29,0,weekdays,11,3.6363636363636362,False,Macau Peninsula,False
29,0,weekdays,12,3.6363636363636362,False,Macau Peninsula,False
29,0,weekdays,13,3.6363636363636362,False,Macau Peninsula,False
29,0,weekdays,14,3.6363636363636362,False,Macau Peninsula,False
29,0,weekdays,15,3.6363636363636362,False,Macau Peninsula,False
29,0,weekdays,16,3.6363636363636362,False,Macau Peninsula,False
29,0,weekdays,17,4.444444444444445,False,Macau Peninsula,False
29,0,weekdays,18,4.444444444444445,False,Macau Peninsula,False
29,0,weekdays,19,1.1111111111111112,False,Macau Peninsula,False
29,0,weekdays,20,0.0,False,Macau Peninsula,False
29,0,weekdays,21,0.0,False,Macau Peninsula,False
29,0,weekdays,22,0.0,False,Macau Peninsula,False
29,0,weekdays,23,0.0,False,Macau Peninsula,False
29,0,weekends,0,0.0,False,Macau Peninsula,False
29,0,weekends,1,0.0,False,Macau Peninsula,False
29,0,weekends,2,0.0,False,Macau Peninsula,False
29,0,weekends,3,0.0,False,Macau Peninsula,False
29,0,weekends,4,0.0,False,Macau Peninsula,False
29,0,weekends,5,0.0,False,Macau Peninsula,False
29,0,weekends,6,0.0,False,Macau Peninsula,False
29,0,weekends,7,2.2222222222222223,False,Macau Peninsula,False
29,0,weekends,8,4.444444444444445,False,Macau Peninsula,False
29,0,weekends,9,3.6363636363636362,False,Macau Peninsula,False
29,0,weekends,10,3.6363636363636362,False,Macau Peninsula,False
29,0,weekends,11,3.6363636363636362,False,Macau Peninsula,False
29,0,weekends,12,3.6363636363636362,False,Macau Peninsula,False
29,0,weekends,13,3.6363636363636362,False,Macau Peninsula,False
29,0,weekends,14,3.6363636363636362,False,Macau Peninsula,False
29,0,weekends,15,3.6363636363636362,False,Macau Peninsula,False
29,0,weekends,16,3.6363636363636362,False,Macau Peninsula,False
29,0,weekends,17,4.444444444444445,False,Macau Peninsula,False
29,0,weekends,18,4.444444444444445,False,Macau Peninsula,False
29,0,weekends,19,1.1111111111111112,False,Macau Peninsula,False
29,0,weekends,20,0.0,False,Macau Peninsula,False
29,0,weekends,21,0.0,False,Macau Peninsula,False
29,0,weekends,22,0.0,False,Macau Peninsula,False
29,0,weekends,23,0.0,False,Macau Peninsula,False
2A,0,holidays,0,0.0,False,Macau Peninsula,False
2A,0,holidays,1,0.0,False,Macau Peninsula,False
2A,0,holidays,2,0.0,False,Macau Peninsula,False
2A,0,holidays,3,0.0,False,Macau Peninsula,False
2A,0,holidays,4,0.0,False,Macau Peninsula,False
2A,0,holidays,5,0.0,False,Macau Peninsula,False
2A,0,holidays,6,2.2222222222222223,False,Macau Peninsula,False
2A,0,holidays,7,4.444444444444445,False,Macau Peninsula,False
2A,0,holidays,8,4.444444444444445,False,Macau Peninsula,False
2A,0,holidays,9,4.444444444444445,False,Macau Peninsula,False
2A,0,holidays,10,5.454545454545454,False,Macau Peninsula,False
2A,0,holidays,11,5.454545454545454,False,Macau Peninsula,False
2A,0,holidays,12,5.454545454545454,False,Macau Peninsula,False
2A,0,holidays,13,5.454545454545454,False,Macau Peninsula,False
2A,0,holidays,14,5.454545454545454,False,Macau Peninsula,False
2A,0,holidays,15,5.454545454545454,False,Macau Peninsula,False
2A,0,holidays,16,5.454545454545454,False,Macau Peninsula,False
2A,0,holidays,17,5.454545454545454,False,Macau Peninsula,False
2A,0,holidays,18,5.454545454545454,False,Macau Peninsula,False
2A,0,holidays,19,5.454545454545454,False,Macau Peninsula,False
2A,0,holidays,20,4.444444444444445,False,Macau Peninsula,False
2A,0,holidays,21,4.444444444444445,False,Macau Peninsula,False
2A,0,holidays,22,4.444444444444445,False,Macau Peninsula,False
2A,0,holidays,23,1.8518518518518572,False,Macau Peninsula,False
2A,0,weekdays,0,0.0,False,Macau Peninsula,False
2A,0,weekdays,1,0.0,False,Macau Peninsula,False
2A,0,weekdays,2,0.0,False,Macau Peninsula,False
2A,0,weekdays,3,0.0,False,Macau Peninsula,False
2A,0,weekdays,4,0.0,False,Macau Peninsula,False
2A,0,weekdays,5,0.0,False,Macau Peninsula,False
2A,0,weekdays,6,3.0,False,Macau Peninsula,False
2A,0,weekdays,7,6.0,False,Macau Peninsula,False
2A,0,weekdays,8,6.0,False,Macau Peninsula,False
2A,0,weekdays,9,6.0,False,Macau Peninsula,False
2A,0,weekdays,10,4.444444444444445,False,Macau Peninsula,False
2A,0,weekdays,11,4.444444444444445,False,Macau Peninsula,False
2A,0,weekdays,12,4.444444444444445,False,Macau Peninsula,False
2A,0,weekdays,13,4.444444444444445,False,Macau Peninsula,False
2A,0,weekdays,14,4.444444444444445,False,Macau Peninsula,False
2A,0,weekdays,15,6.0,False,Macau Peninsula,False
2A,0,weekdays,16,6.0,False,Macau Peninsula,False
2A,0,weekdays,17,6.0,False,Macau Peninsula,False
2A,0,weekdays,18,6.0,False,Macau Peninsula,False
2A,0,weekdays,19,6.0,False,Macau Peninsula,False
2A,0,weekdays,20,4.444444444444445,False,Macau Peninsula,False
2A,0,weekdays,21,4.444444444444445,False,Macau Peninsula,False
2A,0,weekdays,22,2.2222222222222223,False,Macau Peninsula,False
2A,0,weekdays,23,0.0,False,Macau Peninsula,False
2A,0,weekends,0,0.0,False,Macau Peninsula,False
2A,0,weekends,1,0.0,False,Macau Peninsula,False
2A,0,weekends,2,0.0,False,Macau Peninsula,False
2A,0,weekends,3,0.0,False,Macau Peninsula,False
2A,0,weekends,4,0.0,False,Macau Peninsula,False
2A,0,weekends,5,0.0,False,Macau Peninsula,False
2A,0,weekends,6,3.0,False,Macau Peninsula,False
2A,0,weekends,7,6.0,False,Macau Peninsula,False
2A,0,weekends,8,6.0,False,Macau Peninsula,False
2A,0,weekends,9,6.0,False,Macau Peninsula,False
2A,0,weekends,10,4.444444444444445,False,Macau Peninsula,False
2A,0,weekends,11,4.444444444444445,False,Macau Peninsula,False
2A,0,weekends,12,4.444444444444445,False,Macau Peninsula,False
2A,0,weekends,13,4.444444444444445,False,Macau Peninsula,False
2A,0,weekends,14,4.444444444444445,False,Macau Peninsula,False
2A,0,weekends,15,6.0,False,Macau Peninsula,False
2A,0,weekends,16,6.0,False,Macau Peninsula,False
2A,0,weekends,17,6.0,False,Macau Peninsula,False
2A,0,weekends,18,6.0,False,Macau Peninsula,False
2A,0,weekends,19,6.0,False,Macau Peninsula,False
2A,0,weekends,20,4.444444444444445,False,Macau Peninsula,False
2A,0,weekends,21,4.444444444444445,False,Macau Peninsula,False
2A,0,weekends,22,2.2222222222222223,False,Macau Peninsula,False
2A,0,weekends,23,0.0,False,Macau Peninsula,False
3,0,holidays,0,0.0,False,Macau Peninsula,False
3,0,holidays,1,0.0,False,Macau Peninsula,False
3,0,holidays,2,0.0,False,Macau Peninsula,False
3,0,holidays,3,0.0,False,Macau Peninsula,False
3,0,holidays,4,0.0,False,Macau Peninsula,False
3,0,holidays,5,0.0,False,Macau Peninsula,False
3,0,holidays,6,9.23076923076923,False,Macau Peninsula,False
3,0,holidays,7,9.23076923076923,False,Macau Peninsula,False
3,0,holidays,8,9.23076923076923,False,Macau Peninsula,False
3,0,holidays,9,10.0,False,Macau Peninsula,False
3,0,holidays,10,10.0,False,Macau Peninsula,False
3,0,holidays,11,10.0,False,Macau Peninsula,False
3,0,holidays,12,10.0,False,Macau Peninsula,False
3,0,holidays,13,10.0,False,Macau Peninsula,False
3,0,holidays,14,10.0,False,Macau Peninsula,False
3,0,holidays,15,10.0,False,Macau Peninsula,False
3,0,holidays,16,10.0,False,Macau Peninsula,False
3,0,holidays,17,10.0,False,Macau Peninsula,False
3,0,holidays,18,10.0,False,Macau Peninsula,False
3,0,holidays,19,10.0,False,Macau Peninsula,False
3,0,holidays,20,10.0,False,Macau Peninsula,False
3,0,holidays,21,10.0,False,Macau Peninsula,False
3,0,holidays,22,10.0,False,Macau Peninsula,False
3,0,holidays,23,10.0,False,Macau Peninsula,False
3,0,weekdays,0,0.0,False,Macau Peninsula,False
3,0,weekdays,1,0.0,False,Macau Peninsula,False
3,0,weekdays,2,0.0,False,Macau Peninsula,False
3,0,weekdays,3,0.0,False,Macau Peninsula,False
3,0,weekdays,4,0.0,False,Macau Peninsula,False
3,0,weekdays,5,0.0,False,Macau Peninsula,False
3,0,weekdays,6,10.0,False,Macau Peninsula,False
3,0,weekdays,7,10.0,False,Macau Peninsula,False
3,0,weekdays,8,10.0,False,Macau Peninsula,False
3,0,weekdays,9,10.0,False,Macau Peninsula,False
3,0,weekdays,10,9.23076923076923,False,Macau Peninsula,False
3,0,weekdays,11,9.23076923076923,False,Macau Peninsula,False
3,0,weekdays,12,9.23076923076923,False,Macau Peninsula,False
3,0,weekdays,13,9.23076923076923,False,Macau Peninsula,False
3,0,weekdays,14,9.23076923076923,False,Macau Peninsula,False
3,0,weekdays,15,10.0,False,Macau Peninsula,False
3,0,weekdays,16,10.0,False,Macau Peninsula,False
3,0,weekdays,17,10.0,False,Macau Peninsula,False
3,0,weekdays,18,10.0,False,Macau Peninsula,False
3,0,weekdays,19,10.0,False,Macau Peninsula,False
3,0,weekdays,20,8.0,False,Macau Peninsula,False
3,0,weekdays,21,8.0,False,Macau Peninsula,False
3,0,weekdays,22,8.0,False,Macau Peninsula,False
3,0,weekdays,23,8.0,False,Macau Peninsula,False
3,0,weekends,0,0.0,False,Macau Peninsula,False
3,0,weekends,1,0.0,False,Macau Peninsula,False
3,0,weekends,2,0.0,False,Macau Peninsula,False
3,0,weekends,3,0.0,False,Macau Peninsula,False
3,0,weekends,4,0.0,False,Macau Peninsula,False
3,0,weekends,5,0.0,False,Macau Peninsula,False
3,0,weekends,6,10.0,False,Macau Peninsula,False
3,0,weekends,7,10.0,False,Macau Peninsula,False
3,0,weekends,8,10.0,False,Macau Peninsula,False
3,0,weekends,9,10.0,False,Macau Peninsula,False
3,0,weekends,10,9.23076923076923,False,Macau Peninsula,False
3,0,weekends,11,9.23076923076923,False,Macau Peninsula,False
3,0,weekends,12,9.23076923076923,False,Macau Peninsula,False
3,0,weekends,13,9.23076923076923,False,Macau Peninsula,False
3,0,weekends,14,9.23076923076923,False,Macau Peninsula,False
3,0,weekends,15,10.0,False,Macau Peninsula,False
3,0,weekends,16,10.0,False,Macau Peninsula,False
3,0,weekends,17,10.0,False,Macau Peninsula,False
3,0,weekends,18,10.0,False,Macau Peninsula,False
3,0,weekends,19,10.0,False,Macau Peninsula,False
3,0,weekends,20,8.0,False,Macau Peninsula,False
3,0,weekends,21,8.0,False,Macau Peninsula,False
3,0,weekends,22,8.0,False,Macau Peninsula,False
3,0,weekends,23,8.0,False,Macau Peninsula,False
3,1,holidays,0,0.0,False,Macau Peninsula,False
3,1,holidays,1,0.0,False,Macau Peninsula,False
3,1,holidays,2,0.0,False,Macau Peninsula,False
3,1,holidays,3,0.0,False,Macau Peninsula,False
3,1,holidays,4,0.0,False,Macau Peninsula,False
3,1,holidays,5,2.3076923076923075,False,Macau Peninsula,False
3,1,holidays,6,9.23076923076923,False,Macau Peninsula,False
3,1,holidays,7,9.23076923076923,False,Macau Peninsula,False
3,1,holidays,8,9.23076923076923,False,Macau Peninsula,False
3,1,holidays,9,10.0,False,Macau Peninsula,False
3,1,holidays,10,10.0,False,Macau Peninsula,False
3,1,holidays,11,10.0,False,Macau Peninsula,False
3,1,holidays,12,10.0,False,Macau Peninsula,False
3,1,holidays,13,10.0,False,Macau Peninsula,False
3,1,holidays,14,10.0,False,Macau Peninsula,False
3,1,holidays,15,10.0,False,Macau Peninsula,False
3,1,holidays,16,10.0,False,Macau Peninsula,False
3,1,holidays,17,10.0,False,Macau Peninsula,False
3,1,holidays,18,10.0,False,Macau Peninsula,False
3,1,holidays,19,10.0,False,Macau Peninsula,False
3,1,holidays,20,10.0,False,Macau Peninsula,False
3,1,holidays,21,10.0,False,Macau Peninsula,False
3,1,holidays,22,10.0,False,Macau Peninsula,False
3,1,holidays,23,10.0,False,Macau Peninsula,False
3,1,weekdays,0,0.0,False,Macau Peninsula,False
3,1,weekdays,1,0.0,False,Macau Peninsula,False
3,1,weekdays,2,0.0,False,Macau Peninsula,False
3,1,weekdays,3,0.0,False,Macau Peninsula,False
3,1,weekdays,4,0.0,False,Macau Peninsula,False
3,1,weekdays,5,3.3333333333333304,False,Macau Peninsula,False
3,1,weekdays,6,10.0,False,Macau Peninsula,False
3,1,weekdays,7,10.0,False,Macau Peninsula,False
3,1,weekdays,8,10.0,False,Macau Peninsula,False
3,1,weekdays,9,10.0,False,Macau Peninsula,False
3,1,weekdays,10,9.23076923076923,False,Macau Peninsula,False
3,1,weekdays,11,9.23076923076923,False,Macau Peninsula,False
3,1,weekdays,12,9.23076923076923,False,Macau Peninsula,False
3,1,weekdays,13,9.23076923076923,False,Macau Peninsula,False
3,1,weekdays,14,9.23076923076923,False,Macau Peninsula,False
3,1,weekdays,15,10.0,False,Macau Peninsula,False
3,1,weekdays,16,10.0,False,Macau Peninsula,False
3,1,weekdays,17,10.0,False,Macau Peninsula,False
3,1,weekdays,18,10.0,False,Macau Peninsula,False
3,1,weekdays,19,10.0,False,Macau Peninsula,False
3,1,weekdays,20,8.0,False,Macau Peninsula,False
3,1,weekdays,21,8.0,False,Macau Peninsula,False
3,1,weekdays,22,8.0,False,Macau Peninsula,False
3,1,weekdays,23,8.0,False,Macau Peninsula,False
3,1,weekends,0,0.0,False,Macau Peninsula,False
3,1,weekends,1,0.0,False,Macau Peninsula,False
3,1,weekends,2,0.0,False,Macau Peninsula,False
3,1,weekends,3,0.0,False,Macau Peninsula,False
3,1,weekends,4,0.0,False,Macau Peninsula,False
3,1,weekends,5,3.3333333333333304,False,Macau Peninsula,False
3,1,weekends,6,10.0,False,Macau Peninsula,False
3,1,weekends,7,10.0,False,Macau Peninsula,False
3,1,weekends,8,10.0,False,Macau Peninsula,False
3,1,weekends,9,10.0,False,Macau Peninsula,False
3,1,weekends,10,9.23076923076923,False,Macau Peninsula,False
3,1,weekends,11,9.23076923076923,False,Macau Peninsula,False
3,1,weekends,12,9.23076923076923,False,Macau Peninsula,False
3,1,weekends,13,9.23076923076923,False,Macau Peninsula,False
3,1,weekends,14,9.23076923076923,False,Macau Peninsula,False
3,1,weekends,15,10.0,False,Macau Peninsula,False
3,1,weekends,16,10.0,False,Macau Peninsula,False
3,1,weekends,17,10.0,False,Macau Peninsula,False
3,1,weekends,18,10.0,False,Macau Peninsula,False
3,1,weekends,19,10.0,False,Macau Peninsula,False
3,1,weekends,20,8.0,False,Macau Peninsula,False
3,1,weekends,21,8.0,False,Macau Peninsula,False
3,1,weekends,22,8.0,False,Macau Peninsula,False
3,1,weekends,23,8.0,False,Macau Peninsula,False
30,0,holidays,0,0.0,True,Macau Peninsula + Taipa & Cotai,False
30,0,holidays,1,0.0,True,Macau Peninsula + Taipa & Cotai,False
30,0,holidays,2,0.0,True,Macau Peninsula + Taipa & Cotai,False
30,0,holidays,3,0.0,True,Macau Peninsula + Taipa & Cotai,False
30,0,holidays,4,0.0,True,Macau Peninsula + Taipa & Cotai,False
30,0,holidays,5,0.0,True,Macau Peninsula + Taipa & Cotai,False
30,0,holidays,6,7.5,True,Macau Peninsula + Taipa & Cotai,False
30,0,holidays,7,7.5,True,Macau Peninsula + Taipa & Cotai,False
30,0,holidays,8,7.5,True,Macau Peninsula + Taipa & Cotai,False
30,0,holidays,9,7.5,True,Macau Peninsula + Taipa & Cotai,False
30,0,holidays,10,6.0,True,Macau Peninsula + Taipa & Cotai,False
30,0,holidays,11,6.0,True,Macau Peninsula + Taipa & Cotai,False
30,0,holidays,12,6.0,True,Macau Peninsula + Taipa & Cotai,False
30,0,holidays,13,6.0,True,Macau Peninsula + Taipa & Cotai,False
30,0,holidays,14,6.0,True,Macau Peninsula + Taipa & Cotai,False
30,0,holidays,15,6.0,True,Macau Peninsula + Taipa & Cotai,False
30,0,holidays,16,6.0,True,Macau Peninsula + Taipa & Cotai,False
30,0,holidays,17,6.0,True,Macau Peninsula + Taipa & Cotai,False
30,0,holidays,18,6.0,True,Macau Peninsula + Taipa & Cotai,False
30,0,holidays,19,6.0,True,Macau Peninsula + Taipa & Cotai,False
30,0,holidays,20,5.454545454545454,True,Macau Peninsula + Taipa & Cotai,False
30,0,holidays,21,5.454545454545454,True,Macau Peninsula + Taipa & Cotai,False
30,0,holidays,22,5.454545454545454,True,Macau Peninsula + Taipa & Cotai,False
30,0,holidays,23,5.454545454545454,True,Macau Peninsula + Taipa & Cotai,False
30,0,weekdays,0,0.0,True,Macau Peninsula + Taipa & Cotai,False
30,0,weekdays,1,0.0,True,Macau Peninsula + Taipa & Cotai,False
30,0,weekdays,2,0.0,True,Macau Peninsula + Taipa & Cotai,False
30,0,weekdays,3,0.0,True,Macau Peninsula + Taipa & Cotai,False
30,0,weekdays,4,0.0,True,Macau Peninsula + Taipa & Cotai,False
30,0,weekdays,5,0.0,True,Macau Peninsula + Taipa & Cotai,False
30,0,weekdays,6,7.5,True,Macau Peninsula + Taipa & Cotai,False
30,0,weekdays,7,7.5,True,Macau Peninsula + Taipa & Cotai,False
30,0,weekdays,8,7.5,True,Macau Peninsula + Taipa & Cotai,False
30,0,weekdays,9,7.5,True,Macau Peninsula + Taipa & Cotai,False
30,0,weekdays,10,6.0,True,Macau Peninsula + Taipa & Cotai,False
30,0,weekdays,11,6.0,True,Macau Peninsula + Taipa & Cotai,False
30,0,weekdays,12,6.0,True,Macau Peninsula + Taipa & Cotai,False
30,0,weekdays,13,6.0,True,Macau Peninsula + Taipa & Cotai,False
30,0,weekdays,14,6.0,True,Macau Peninsula + Taipa & Cotai,False
30,0,weekdays,15,7.5,True,Macau Peninsula + Taipa & Cotai,False
30,0,weekdays,16,7.5,True,Macau Peninsula + Taipa & Cotai,False
30,0,weekdays,17,7.5,True,Macau Peninsula + Taipa & Cotai,False
30,0,weekdays,18,7.5,True,Macau Peninsula + Taipa & Cotai,False
30,0,weekdays,19,7.5,True,Macau Peninsula + Taipa & Cotai,False
30,0,weekdays,20,6.0,True,Macau Peninsula + Taipa & Cotai,False
30,0,weekdays,21,6.0,True,Macau Peninsula + Taipa & Cotai,False
30,0,weekdays,22,6.0,True,Macau Peninsula + Taipa & Cotai,False
30,0,weekdays,23,6.0,True,Macau Peninsula + Taipa & Cotai,False
30,0,weekends,0,0.0,True,Macau Peninsula + Taipa & Cotai,False
30,0,weekends,1,0.0,True,Macau Peninsula + Taipa & Cotai,False
30,0,weekends,2,0.0,True,Macau Peninsula + Taipa & Cotai,False
30,0,weekends,3,0.0,True,Macau Peninsula + Taipa & Cotai,False
30,0,weekends,4,0.0,True,Macau Peninsula + Taipa & Cotai,False
30,0,weekends,5,0.0,True,Macau Peninsula + Taipa & Cotai,False
30,0,weekends,6,7.5,True,Macau Peninsula + Taipa & Cotai,False
30,0,weekends,7,7.5,True,Macau Peninsula + Taipa & Cotai,False
30,0,weekends,8,7.5,True,Macau Peninsula + Taipa & Cotai,False
30,0,weekends,9,7.5,True,Macau Peninsula + Taipa & Cotai,False
30,0,weekends,10,6.0,True,Macau Peninsula + Taipa & Cotai,False
30,0,weekends,11,6.0,True,Macau Peninsula + Taipa & Cotai,False
30,0,weekends,12,6.0,True,Macau Peninsula + Taipa & Cotai,False
30,0,weekends,13,6.0,True,Macau Peninsula + Taipa & Cotai,False
30,0,weekends,14,6.0,True,Macau Peninsula + Taipa & Cotai,False
30,0,weekends,15,7.5,True,Macau Peninsula + Taipa & Cotai,False
30,0,weekends,16,7.5,True,Macau Peninsula + Taipa & Cotai,False
30,0,weekends,17,7.5,True,Macau Peninsula + Taipa & Cotai,False
30,0,weekends,18,7.5,True,Macau Peninsula + Taipa & Cotai,False
30,0,weekends,19,7.5,True,Macau Peninsula + Taipa & Cotai,False
30,0,weekends,20,6.0,True,Macau Peninsula + Taipa & Cotai,False
30,0,weekends,21,6.0,True,Macau Peninsula + Taipa & Cotai,False
30,0,weekends,22,6.0,True,Macau Peninsula + Taipa & Cotai,False
30,0,weekends,23,6.0,True,Macau Peninsula + Taipa & Cotai,False
30X,0,weekdays,0,0.0,True,Macau Peninsula + Taipa & Cotai,False
30X,0,weekdays,1,0.0,True,Macau Peninsula + Taipa & Cotai,False
30X,0,weekdays,2,0.0,True,Macau Peninsula + Taipa & Cotai,False
30X,0,weekdays,3,0.0,True,Macau Peninsula + Taipa & Cotai,False
30X,0,weekdays,4,0.0,True,Macau Peninsula + Taipa & Cotai,False
30X,0,weekdays,5,0.0,True,Macau Peninsula + Taipa & Cotai,False
30X,0,weekdays,6,3.75,True,Macau Peninsula + Taipa & Cotai,False
30X,0,weekdays,7,7.5,True,Macau Peninsula + Taipa & Cotai,False
30X,0,weekdays,8,7.5,True,Macau Peninsula + Taipa & Cotai,False
30X,0,weekdays,9,7.5,True,Macau Peninsula + Taipa & Cotai,False
30X,0,weekdays,10,0.0,True,Macau Peninsula + Taipa & Cotai,False
30X,0,weekdays,11,0.0,True,Macau Peninsula + Taipa & Cotai,False
30X,0,weekdays,12,0.0,True,Macau Peninsula + Taipa & Cotai,False
30X,0,weekdays,13,0.0,True,Macau Peninsula + Taipa & Cotai,False
30X,0,weekdays,14,0.0,True,Macau Peninsula + Taipa & Cotai,False
30X,0,weekdays,15,7.5,True,Macau Peninsula + Taipa & Cotai,False
30X,0,weekdays,16,7.5,True,Macau Peninsula + Taipa & Cotai,False
30X,0,weekdays,17,7.5,True,Macau Peninsula + Taipa & Cotai,False
30X,0,weekdays,18,7.5,True,Macau Peninsula + Taipa & Cotai,False
30X,0,weekdays,19,7.5,True,Macau Peninsula + Taipa & Cotai,False
30X,0,weekdays,20,0.0,True,Macau Peninsula + Taipa & Cotai,False
30X,0,weekdays,21,0.0,True,Macau Peninsula + Taipa & Cotai,False
30X,0,weekdays,22,0.0,True,Macau Peninsula + Taipa & Cotai,False
30X,0,weekdays,23,0.0,True,Macau Peninsula + Taipa & Cotai,False
30X,0,weekends,0,0.0,True,Macau Peninsula + Taipa & Cotai,False
30X,0,weekends,1,0.0,True,Macau Peninsula + Taipa & Cotai,False
30X,0,weekends,2,0.0,True,Macau Peninsula + Taipa & Cotai,False
30X,0,weekends,3,0.0,True,Macau Peninsula + Taipa & Cotai,False
30X,0,weekends,4,0.0,True,Macau Peninsula + Taipa & Cotai,False
30X,0,weekends,5,0.0,True,Macau Peninsula + Taipa & Cotai,False
30X,0,weekends,6,3.75,True,Macau Peninsula + Taipa & Cotai,False
30X,0,weekends,7,7.5,True,Macau Peninsula + Taipa & Cotai,False
30X,0,weekends,8,7.5,True,Macau Peninsula + Taipa & Cotai,False
30X,0,weekends,9,7.5,True,Macau Peninsula + Taipa & Cotai,False
30X,0,weekends,10,0.0,True,Macau Peninsula + Taipa & Cotai,False
30X,0,weekends,11,0.0,True,Macau Peninsula + Taipa & Cotai,False
30X,0,weekends,12,0.0,True,Macau Peninsula + Taipa & Cotai,False
30X,0,weekends,13,0.0,True,Macau Peninsula + Taipa & Cotai,False
30X,0,weekends,14,0.0,True,Macau Peninsula + Taipa & Cotai,False
30X,0,weekends,15,7.5,True,Macau Peninsula + Taipa & Cotai,False
30X,0,weekends,16,7.5,True,Macau Peninsula + Taipa & Cotai,False
30X,0,weekends,17,7.5,True,Macau Peninsula + Taipa & Cotai,False
30X,0,weekends,18,7.5,True,Macau Peninsula + Taipa & Cotai,False
30X,0,weekends,19,7.5,True,Macau Peninsula + Taipa & Cotai,False
30X,0,weekends,20,0.0,True,Macau Peninsula + Taipa & Cotai,False
30X,0,weekends,21,0.0,True,Macau Peninsula + Taipa & Cotai,False
30X,0,weekends,22,0.0,True,Macau Peninsula + Taipa & Cotai,False
30X,0,weekends,23,0.0,True,Macau Peninsula + Taipa & Cotai,False
32,0,holidays,0,0.0,False,Macau Peninsula,False
32,0,holidays,1,0.0,False,Macau Peninsula,False
32,0,holidays,2,0.0,False,Macau Peninsula,False
32,0,holidays,3,0.0,False,Macau Peninsula,False
32,0,holidays,4,0.0,False,Macau Peninsula,False
32,0,holidays,5,0.0,False,Macau Peninsula,False
32,0,holidays,6,6.666666666666667,False,Macau Peninsula,False
32,0,holidays,7,6.666666666666667,False,Macau Peninsula,False
32,0,holidays,8,6.666666666666667,False,Macau Peninsula,False
32,0,holidays,9,6.666666666666667,False,Macau Peninsula,False
32,0,holidays,10,6.666666666666667,False,Macau Peninsula,False
32,0,holidays,11,6.666666666666667,False,Macau Peninsula,False
32,0,holidays,12,6.666666666666667,False,Macau Peninsula,False
32,0,holidays,13,6.666666666666667,False,Macau Peninsula,False
32,0,holidays,14,6.666666666666667,False,Macau Peninsula,False
32,0,holidays,15,6.666666666666667,False,Macau Peninsula,False
32,0,holidays,16,6.666666666666667,False,Macau Peninsula,False
32,0,holidays,17,6.666666666666667,False,Macau Peninsula,False
32,0,holidays,18,6.666666666666667,False,Macau Peninsula,False
32,0,holidays,19,6.666666666666667,False,Macau Peninsula,False
32,0,holidays,20,4.444444444444445,False,Macau Peninsula,False
32,0,holidays,21,4.444444444444445,False,Macau Peninsula,False
32,0,holidays,22,4.444444444444445,False,Macau Peninsula,False
32,0,holidays,23,4.444444444444445,False,Macau Peninsula,False
32,0,weekdays,0,0.0,False,Macau Peninsula,False
32,0,weekdays,1,0.0,False,Macau Peninsula,False
32,0,weekdays,2,0.0,False,Macau Peninsula,False
32,0,weekdays,3,0.0,False,Macau Peninsula,False
32,0,weekdays,4,0.0,False,Macau Peninsula,False
32,0,weekdays,5,0.0,False,Macau Peninsula,False
32,0,weekdays,6,6.666666666666667,False,Macau Peninsula,False
32,0,weekdays,7,6.666666666666667,False,Macau Peninsula,False
32,0,weekdays,8,6.666666666666667,False,Macau Peninsula,False
32,0,weekdays,9,6.666666666666667,False,Macau Peninsula,False
32,0,weekdays,10,5.454545454545454,False,Macau Peninsula,False
32,0,weekdays,11,5.454545454545454,False,Macau Peninsula,False
32,0,weekdays,12,5.454545454545454,False,Macau Peninsula,False
32,0,weekdays,13,5.454545454545454,False,Macau Peninsula,False
32,0,weekdays,14,5.454545454545454,False,Macau Peninsula,False
32,0,weekdays,15,7.5,False,Macau Peninsula,False
32,0,weekdays,16,7.5,False,Macau Peninsula,False
32,0,weekdays,17,7.5,False,Macau Peninsula,False
32,0,weekdays,18,7.5,False,Macau Peninsula,False
32,0,weekdays,19,7.5,False,Macau Peninsula,False
32,0,weekdays,20,4.444444444444445,False,Macau Peninsula,False
32,0,weekdays,21,4.444444444444445,False,Macau Peninsula,False
32,0,weekdays,22,4.444444444444445,False,Macau Peninsula,False
32,0,weekdays,23,4.444444444444445,False,Macau Peninsula,False
32,0,weekends,0,0.0,False,Macau Peninsula,False
32,0,weekends,1,0.0,False,Macau Peninsula,False
32,0,weekends,2,0.0,False,Macau Peninsula,False
32,0,weekends,3,0.0,False,Macau Peninsula,False
32,0,weekends,4,0.0,False,Macau Peninsula,False
32,0,weekends,5,0.0,False,Macau Peninsula,False
32,0,weekends,6,6.666666666666667,False,Macau Peninsula,False
32,0,weekends,7,6.666666666666667,False,Macau Peninsula,False
32,0,weekends,8,6.666666666666667,False,Macau Peninsula,False
32,0,weekends,9,6.666666666666667,False,Macau Peninsula,False
32,0,weekends,10,5.454545454545454,False,Macau Peninsula,False
32,0,weekends,11,5.454545454545454,False,Macau Peninsula,False
32,0,weekends,12,5.454545454545454,False,Macau Peninsula,False
32,0,weekends,13,5.454545454545454,False,Macau Peninsula,False
32,0,weekends,14,5.454545454545454,False,Macau Peninsula,False
32,0,weekends,15,7.5,False,Macau Peninsula,False
32,0,weekends,16,7.5,False,Macau Peninsula,False
32,0,weekends,17,7.5,False,Macau Peninsula,False
32,0,weekends,18,7.5,False,Macau Peninsula,False
32,0,weekends,19,7.5,False,Macau Peninsula,False
32,0,weekends,20,4.444444444444445,False,Macau Peninsula,False
32,0,weekends,21,4.444444444444445,False,Macau Peninsula,False
32,0,weekends,22,4.444444444444445,False,Macau Peninsula,False
32,0,weekends,23,4.444444444444445,False,Macau Peninsula,False
33,0,holidays,0,0.0,True,Macau Peninsula + Taipa & Cotai,False
33,0,holidays,1,0.0,True,Macau Peninsula + Taipa & Cotai,False
33,0,holidays,2,0.0,True,Macau Peninsula + Taipa & Cotai,False
33,0,holidays,3,0.0,True,Macau Peninsula + Taipa & Cotai,False
33,0,holidays,4,0.0,True,Macau Peninsula + Taipa & Cotai,False
33,0,holidays,5,4.615384615384615,True,Macau Peninsula + Taipa & Cotai,False
33,0,holidays,6,9.23076923076923,True,Macau Peninsula + Taipa & Cotai,False
33,0,holidays,7,9.23076923076923,True,Macau Peninsula + Taipa & Cotai,False
33,0,holidays,8,9.23076923076923,True,Macau Peninsula + Taipa & Cotai,False
33,0,holidays,9,9.23076923076923,True,Macau Peninsula + Taipa & Cotai,False
33,0,holidays,10,9.23076923076923,True,Macau Peninsula + Taipa & Cotai,False
33,0,holidays,11,9.23076923076923,True,Macau Peninsula + Taipa & Cotai,False
33,0,holidays,12,9.23076923076923,True,Macau Peninsula + Taipa & Cotai,False
33,0,holidays,13,9.23076923076923,True,Macau Peninsula + Taipa & Cotai,False
33,0,holidays,14,9.23076923076923,True,Macau Peninsula + Taipa & Cotai,False
33,0,holidays,15,9.23076923076923,True,Macau Peninsula + Taipa & Cotai,False
33,0,holidays,16,9.23076923076923,True,Macau Peninsula + Taipa & Cotai,False
33,0,holidays,17,9.23076923076923,True,Macau Peninsula + Taipa & Cotai,False
33,0,holidays,18,9.23076923076923,True,Macau Peninsula + Taipa & Cotai,False
33,0,holidays,19,9.23076923076923,True,Macau Peninsula + Taipa & Cotai,False
33,0,holidays,20,7.5,True,Macau Peninsula + Taipa & Cotai,False
33,0,holidays,21,7.5,True,Macau Peninsula + Taipa & Cotai,False
33,0,holidays,22,7.5,True,Macau Peninsula + Taipa & Cotai,False
33,0,holidays,23,7.5,True,Macau Peninsula + Taipa & Cotai,False
33,0,weekdays,0,0.0,True,Macau Peninsula + Taipa & Cotai,False
33,0,weekdays,1,0.0,True,Macau Peninsula + Taipa & Cotai,False
33,0,weekdays,2,0.0,True,Macau Peninsula + Taipa & Cotai,False
33,0,weekdays,3,0.0,True,Macau Peninsula + Taipa & Cotai,False
33,0,weekdays,4,0.0,True,Macau Peninsula + Taipa & Cotai,False
33,0,weekdays,5,6.0,True,Macau Peninsula + Taipa & Cotai,False
33,0,weekdays,6,12.0,True,Macau Peninsula + Taipa & Cotai,False
33,0,weekdays,7,12.0,True,Macau Peninsula + Taipa & Cotai,False
33,0,weekdays,8,12.0,True,Macau Peninsula + Taipa & Cotai,False
33,0,weekdays,9,12.0,True,Macau Peninsula + Taipa & Cotai,False
33,0,weekdays,10,8.0,True,Macau Peninsula + Taipa & Cotai,False
33,0,weekdays,11,8.0,True,Macau Peninsula + Taipa & Cotai,False
33,0,weekdays,12,8.0,True,Macau Peninsula + Taipa & Cotai,False
33,0,weekdays,13,8.0,True,Macau Peninsula + Taipa & Cotai,False
33,0,weekdays,14,8.0,True,Macau Peninsula + Taipa & Cotai,False
33,0,weekdays,15,10.0,True,Macau Peninsula + Taipa & Cotai,False
33,0,weekdays,16,10.0,True,Macau Peninsula + Taipa & Cotai,False
33,0,weekdays,17,10.0,True,Macau Peninsula + Taipa & Cotai,False
33,0,weekdays,18,10.0,True,Macau Peninsula + Taipa & Cotai,False
33,0,weekdays,19,10.0,True,Macau Peninsula + Taipa & Cotai,False
33,0,weekdays,20,7.5,True,Macau Peninsula + Taipa & Cotai,False
33,0,weekdays,21,7.5,True,Macau Peninsula + Taipa & Cotai,False
33,0,weekdays,22,7.5,True,Macau Peninsula + Taipa & Cotai,False
33,0,weekdays,23,7.5,True,Macau Peninsula + Taipa & Cotai,False
33,0,weekends,0,0.0,True,Macau Peninsula + Taipa & Cotai,False
33,0,weekends,1,0.0,True,Macau Peninsula + Taipa & Cotai,False
33,0,weekends,2,0.0,True,Macau Peninsula + Taipa & Cotai,False
33,0,weekends,3,0.0,True,Macau Peninsula + Taipa & Cotai,False
33,0,weekends,4,0.0,True,Macau Peninsula + Taipa & Cotai,False
33,0,weekends,5,6.0,True,Macau Peninsula + Taipa & Cotai,False
33,0,weekends,6,12.0,True,Macau Peninsula + Taipa & Cotai,False
33,0,weekends,7,12.0,True,Macau Peninsula + Taipa & Cotai,False
33,0,weekends,8,12.0,True,Macau Peninsula + Taipa & Cotai,False
33,0,weekends,9,12.0,True,Macau Peninsula + Taipa & Cotai,False
33,0,weekends,10,8.0,True,Macau Peninsula + Taipa & Cotai,False
33,0,weekends,11,8.0,True,Macau Peninsula + Taipa & Cotai,False
33,0,weekends,12,8.0,True,Macau Peninsula + Taipa & Cotai,False
33,0,weekends,13,8.0,True,Macau Peninsula + Taipa & Cotai,False
33,0,weekends,14,8.0,True,Macau Peninsula + Taipa & Cotai,False
33,0,weekends,15,10.0,True,Macau Peninsula + Taipa & Cotai,False
33,0,weekends,16,10.0,True,Macau Peninsula + Taipa & Cotai,False
33,0,weekends,17,10.0,True,Macau Peninsula + Taipa & Cotai,False
33,0,weekends,18,10.0,True,Macau Peninsula + Taipa & Cotai,False
33,0,weekends,19,10.0,True,Macau Peninsula + Taipa & Cotai,False
33,0,weekends,20,7.5,True,Macau Peninsula + Taipa & Cotai,False
33,0,weekends,21,7.5,True,Macau Peninsula + Taipa & Cotai,False
33,0,weekends,22,7.5,True,Macau Peninsula + Taipa & Cotai,False
33,0,weekends,23,7.5,True,Macau Peninsula + Taipa & Cotai,False
34,0,holidays,0,0.0,True,Macau Peninsula + Taipa & Cotai,False
34,0,holidays,1,0.0,True,Macau Peninsula + Taipa & Cotai,False
34,0,holidays,2,0.0,True,Macau Peninsula + Taipa & Cotai,False
34,0,holidays,3,0.0,True,Macau Peninsula + Taipa & Cotai,False
34,0,holidays,4,0.0,True,Macau Peninsula + Taipa & Cotai,False
34,0,holidays,5,0.0,True,Macau Peninsula + Taipa & Cotai,False
34,0,holidays,6,6.0,True,Macau Peninsula + Taipa & Cotai,False
34,0,holidays,7,6.0,True,Macau Peninsula + Taipa & Cotai,False
34,0,holidays,8,6.0,True,Macau Peninsula + Taipa & Cotai,False
34,0,holidays,9,6.0,True,Macau Peninsula + Taipa & Cotai,False
34,0,holidays,10,6.0,True,Macau Peninsula + Taipa & Cotai,False
34,0,holidays,11,6.0,True,Macau Peninsula + Taipa & Cotai,False
34,0,holidays,12,6.0,True,Macau Peninsula + Taipa & Cotai,False
34,0,holidays,13,6.0,True,Macau Peninsula + Taipa & Cotai,False
34,0,holidays,14,6.0,True,Macau Peninsula + Taipa & Cotai,False
34,0,holidays,15,6.0,True,Macau Peninsula + Taipa & Cotai,False
34,0,holidays,16,6.0,True,Macau Peninsula + Taipa & Cotai,False
34,0,holidays,17,6.0,True,Macau Peninsula + Taipa & Cotai,False
34,0,holidays,18,6.0,True,Macau Peninsula + Taipa & Cotai,False
34,0,holidays,19,6.0,True,Macau Peninsula + Taipa & Cotai,False
34,0,holidays,20,4.444444444444445,True,Macau Peninsula + Taipa & Cotai,False
34,0,holidays,21,4.444444444444445,True,Macau Peninsula + Taipa & Cotai,False
34,0,holidays,22,4.444444444444445,True,Macau Peninsula + Taipa & Cotai,False
34,0,holidays,23,4.444444444444445,True,Macau Peninsula + Taipa & Cotai,False
34,0,weekdays,0,0.0,True,Macau Peninsula + Taipa & Cotai,False
34,0,weekdays,1,0.0,True,Macau Peninsula + Taipa & Cotai,False
34,0,weekdays,2,0.0,True,Macau Peninsula + Taipa & Cotai,False
34,0,weekdays,3,0.0,True,Macau Peninsula + Taipa & Cotai,False
34,0,weekdays,4,0.0,True,Macau Peninsula + Taipa & Cotai,False
34,0,weekdays,5,0.0,True,Macau Peninsula + Taipa & Cotai,False
34,0,weekdays,6,6.666666666666667,True,Macau Peninsula + Taipa & Cotai,False
34,0,weekdays,7,6.666666666666667,True,Macau Peninsula + Taipa & Cotai,False
34,0,weekdays,8,6.666666666666667,True,Macau Peninsula + Taipa & Cotai,False
34,0,weekdays,9,6.666666666666667,True,Macau Peninsula + Taipa & Cotai,False
34,0,weekdays,10,5.217391304347826,True,Macau Peninsula + Taipa & Cotai,False
34,0,weekdays,11,5.217391304347826,True,Macau Peninsula + Taipa & Cotai,False
34,0,weekdays,12,5.217391304347826,True,Macau Peninsula + Taipa & Cotai,False
34,0,weekdays,13,5.217391304347826,True,Macau Peninsula + Taipa & Cotai,False
34,0,weekdays,14,5.217391304347826,True,Macau Peninsula + Taipa & Cotai,False
34,0,weekdays,15,7.5,True,Macau Peninsula + Taipa & Cotai,False
34,0,weekdays,16,7.5,True,Macau Peninsula + Taipa & Cotai,False
34,0,weekdays,17,7.5,True,Macau Peninsula + Taipa & Cotai,False
34,0,weekdays,18,7.5,True,Macau Peninsula + Taipa & Cotai,False
34,0,weekdays,19,7.5,True,Macau Peninsula + Taipa & Cotai,False
34,0,weekdays,20,4.444444444444445,True,Macau Peninsula + Taipa & Cotai,False
34,0,weekdays,21,4.444444444444445,True,Macau Peninsula + Taipa & Cotai,False
34,0,weekdays,22,4.444444444444445,True,Macau Peninsula + Taipa & Cotai,False
34,0,weekdays,23,4.444444444444445,True,Macau Peninsula + Taipa & Cotai,False
34,0,weekends,0,0.0,True,Macau Peninsula + Taipa & Cotai,False
34,0,weekends,1,0.0,True,Macau Peninsula + Taipa & Cotai,False
34,0,weekends,2,0.0,True,Macau Peninsula + Taipa & Cotai,False
34,0,weekends,3,0.0,True,Macau Peninsula + Taipa & Cotai,False
34,0,weekends,4,0.0,True,Macau Peninsula + Taipa & Cotai,False
34,0,weekends,5,0.0,True,Macau Peninsula + Taipa & Cotai,False
34,0,weekends,6,6.666666666666667,True,Macau Peninsula + Taipa & Cotai,False
34,0,weekends,7,6.666666666666667,True,Macau Peninsula + Taipa & Cotai,False
34,0,weekends,8,6.666666666666667,True,Macau Peninsula + Taipa & Cotai,False
34,0,weekends,9,6.666666666666667,True,Macau Peninsula + Taipa & Cotai,False
34,0,weekends,10,5.217391304347826,True,Macau Peninsula + Taipa & Cotai,False
34,0,weekends,11,5.217391304347826,True,Macau Peninsula + Taipa & Cotai,False
34,0,weekends,12,5.217391304347826,True,Macau Peninsula + Taipa & Cotai,False
34,0,weekends,13,5.217391304347826,True,Macau Peninsula + Taipa & Cotai,False
34,0,weekends,14,5.217391304347826,True,Macau Peninsula + Taipa & Cotai,False
34,0,weekends,15,7.5,True,Macau Peninsula + Taipa & Cotai,False
34,0,weekends,16,7.5,True,Macau Peninsula + Taipa & Cotai,False
34,0,weekends,17,7.5,True,Macau Peninsula + Taipa & Cotai,False
34,0,weekends,18,7.5,True,Macau Peninsula + Taipa & Cotai,False
34,0,weekends,19,7.5,True,Macau Peninsula + Taipa & Cotai,False
34,0,weekends,20,4.444444444444445,True,Macau Peninsula + Taipa & Cotai,False
34,0,weekends,21,4.444444444444445,True,Macau Peninsula + Taipa & Cotai,False
34,0,weekends,22,4.444444444444445,True,Macau Peninsula + Taipa & Cotai,False
34,0,weekends,23,4.444444444444445,True,Macau Peninsula + Taipa & Cotai,False
34,1,holidays,0,0.0,True,Macau Peninsula + Taipa & Cotai,False
34,1,holidays,1,0.0,True,Macau Peninsula + Taipa & Cotai,False
34,1,holidays,2,0.0,True,Macau Peninsula + Taipa & Cotai,False
34,1,holidays,3,0.0,True,Macau Peninsula + Taipa & Cotai,False
34,1,holidays,4,0.0,True,Macau Peninsula + Taipa & Cotai,False
34,1,holidays,5,0.0,True,Macau Peninsula + Taipa & Cotai,False
34,1,holidays,6,6.0,True,Macau Peninsula + Taipa & Cotai,False
34,1,holidays,7,6.0,True,Macau Peninsula + Taipa & Cotai,False
34,1,holidays,8,6.0,True,Macau Peninsula + Taipa & Cotai,False
34,1,holidays,9,6.0,True,Macau Peninsula + Taipa & Cotai,False
34,1,holidays,10,6.0,True,Macau Peninsula + Taipa & Cotai,False
34,1,holidays,11,6.0,True,Macau Peninsula + Taipa & Cotai,False
34,1,holidays,12,6.0,True,Macau Peninsula + Taipa & Cotai,False
34,1,holidays,13,6.0,True,Macau Peninsula + Taipa & Cotai,False
34,1,holidays,14,6.0,True,Macau Peninsula + Taipa & Cotai,False
34,1,holidays,15,6.0,True,Macau Peninsula + Taipa & Cotai,False
34,1,holidays,16,6.0,True,Macau Peninsula + Taipa & Cotai,False
34,1,holidays,17,6.0,True,Macau Peninsula + Taipa & Cotai,False
34,1,holidays,18,6.0,True,Macau Peninsula + Taipa & Cotai,False
34,1,holidays,19,6.0,True,Macau Peninsula + Taipa & Cotai,False
34,1,holidays,20,4.444444444444445,True,Macau Peninsula + Taipa & Cotai,False
34,1,holidays,21,4.444444444444445,True,Macau Peninsula + Taipa & Cotai,False
34,1,holidays,22,4.444444444444445,True,Macau Peninsula + Taipa & Cotai,False
34,1,holidays,23,4.444444444444445,True,Macau Peninsula + Taipa & Cotai,False
34,1,weekdays,0,0.0,True,Macau Peninsula + Taipa & Cotai,False
34,1,weekdays,1,0.0,True,Macau Peninsula + Taipa & Cotai,False
34,1,weekdays,2,0.0,True,Macau Peninsula + Taipa & Cotai,False
34,1,weekdays,3,0.0,True,Macau Peninsula + Taipa & Cotai,False
34,1,weekdays,4,0.0,True,Macau Peninsula + Taipa & Cotai,False
34,1,weekdays,5,0.0,True,Macau Peninsula + Taipa & Cotai,False
34,1,weekdays,6,6.666666666666667,True,Macau Peninsula + Taipa & Cotai,False
34,1,weekdays,7,6.666666666666667,True,Macau Peninsula + Taipa & Cotai,False
34,1,weekdays,8,6.666666666666667,True,Macau Peninsula + Taipa & Cotai,False
34,1,weekdays,9,6.666666666666667,True,Macau Peninsula + Taipa & Cotai,False
34,1,weekdays,10,5.217391304347826,True,Macau Peninsula + Taipa & Cotai,False
34,1,weekdays,11,5.217391304347826,True,Macau Peninsula + Taipa & Cotai,False
34,1,weekdays,12,5.217391304347826,True,Macau Peninsula + Taipa & Cotai,False
34,1,weekdays,13,5.217391304347826,True,Macau Peninsula + Taipa & Cotai,False
34,1,weekdays,14,5.217391304347826,True,Macau Peninsula + Taipa & Cotai,False
34,1,weekdays,15,7.5,True,Macau Peninsula + Taipa & Cotai,False
34,1,weekdays,16,7.5,True,Macau Peninsula + Taipa & Cotai,False
34,1,weekdays,17,7.5,True,Macau Peninsula + Taipa & Cotai,False
34,1,weekdays,18,7.5,True,Macau Peninsula + Taipa & Cotai,False
34,1,weekdays,19,7.5,True,Macau Peninsula + Taipa & Cotai,False
34,1,weekdays,20,4.444444444444445,True,Macau Peninsula + Taipa & Cotai,False
34,1,weekdays,21,4.444444444444445,True,Macau Peninsula + Taipa & Cotai,False
34,1,weekdays,22,4.444444444444445,True,Macau Peninsula + Taipa & Cotai,False
34,1,weekdays,23,4.444444444444445,True,Macau Peninsula + Taipa & Cotai,False
34,1,weekends,0,0.0,True,Macau Peninsula + Taipa & Cotai,False
34,1,weekends,1,0.0,True,Macau Peninsula + Taipa & Cotai,False
34,1,weekends,2,0.0,True,Macau Peninsula + Taipa & Cotai,False
34,1,weekends,3,0.0,True,Macau Peninsula + Taipa & Cotai,False
34,1,weekends,4,0.0,True,Macau Peninsula + Taipa & Cotai,False
34,1,weekends,5,0.0,True,Macau Peninsula + Taipa & Cotai,False
34,1,weekends,6,6.666666666666667,True,Macau Peninsula + Taipa & Cotai,False
34,1,weekends,7,6.666666666666667,True,Macau Peninsula + Taipa & Cotai,False
34,1,weekends,8,6.666666666666667,True,Macau Peninsula + Taipa & Cotai,False
34,1,weekends,9,6.666666666666667,True,Macau Peninsula + Taipa & Cotai,False
34,1,weekends,10,5.217391304347826,True,Macau Peninsula + Taipa & Cotai,False
34,1,weekends,11,5.217391304347826,True,Macau Peninsula + Taipa & Cotai,False
34,1,weekends,12,5.217391304347826,True,Macau Peninsula + Taipa & Cotai,False
34,1,weekends,13,5.217391304347826,True,Macau Peninsula + Taipa & Cotai,False
34,1,weekends,14,5.217391304347826,True,Macau Peninsula + Taipa & Cotai,False
34,1,weekends,15,7.5,True,Macau Peninsula + Taipa & Cotai,False
34,1,weekends,16,7.5,True,Macau Peninsula + Taipa & Cotai,False
34,1,weekends,17,7.5,True,Macau Peninsula + Taipa & Cotai,False
34,1,weekends,18,7.5,True,Macau Peninsula + Taipa & Cotai,False
34,1,weekends,19,7.5,True,Macau Peninsula + Taipa & Cotai,False
34,1,weekends,20,4.444444444444445,True,Macau Peninsula + Taipa & Cotai,False
34,1,weekends,21,4.444444444444445,True,Macau Peninsula + Taipa & Cotai,False
34,1,weekends,22,4.444444444444445,True,Macau Peninsula + Taipa & Cotai,False
34,1,weekends,23,4.444444444444445,True,Macau Peninsula + Taipa & Cotai,False
35,0,holidays,0,0.0,False,Taipa & Cotai,False
35,0,holidays,1,0.0,False,Taipa & Cotai,False
35,0,holidays,2,0.0,False,Taipa & Cotai,False
35,0,holidays,3,0.0,False,Taipa & Cotai,False
35,0,holidays,4,0.0,False,Taipa & Cotai,False
35,0,holidays,5,0.0,False,Taipa & Cotai,False
35,0,holidays,6,0.0,False,Taipa & Cotai,False
35,0,holidays,7,4.0,False,Taipa & Cotai,False
35,0,holidays,8,4.0,False,Taipa & Cotai,False
35,0,holidays,9,4.0,False,Taipa & Cotai,False
35,0,holidays,10,3.4285714285714284,False,Taipa & Cotai,False
35,0,holidays,11,3.4285714285714284,False,Taipa & Cotai,False
35,0,holidays,12,3.4285714285714284,False,Taipa & Cotai,False
35,0,holidays,13,3.4285714285714284,False,Taipa & Cotai,False
35,0,holidays,14,3.4285714285714284,False,Taipa & Cotai,False
35,0,holidays,15,4.0,False,Taipa & Cotai,False
35,0,holidays,16,4.0,False,Taipa & Cotai,False
35,0,holidays,17,4.0,False,Taipa & Cotai,False
35,0,holidays,18,4.0,False,Taipa & Cotai,False
35,0,holidays,19,4.0,False,Taipa & Cotai,False
35,0,holidays,20,3.4285714285714284,False,Taipa & Cotai,False
35,0,holidays,21,3.4285714285714284,False,Taipa & Cotai,False
35,0,holidays,22,3.4285714285714284,False,Taipa & Cotai,False
35,0,holidays,23,0.0,False,Taipa & Cotai,False
35,0,weekdays,0,0.0,False,Taipa & Cotai,False
35,0,weekdays,1,0.0,False,Taipa & Cotai,False
35,0,weekdays,2,0.0,False,Taipa & Cotai,False
35,0,weekdays,3,0.0,False,Taipa & Cotai,False
35,0,weekdays,4,0.0,False,Taipa & Cotai,False
35,0,weekdays,5,0.0,False,Taipa & Cotai,False
35,0,weekdays,6,0.0,False,Taipa & Cotai,False
35,0,weekdays,7,4.0,False,Taipa & Cotai,False
35,0,weekdays,8,4.0,False,Taipa & Cotai,False
35,0,weekdays,9,4.0,False,Taipa & Cotai,False
35,0,weekdays,10,3.4285714285714284,False,Taipa & Cotai,False
35,0,weekdays,11,3.4285714285714284,False,Taipa & Cotai,False
35,0,weekdays,12,3.4285714285714284,False,Taipa & Cotai,False
35,0,weekdays,13,3.4285714285714284,False,Taipa & Cotai,False
35,0,weekdays,14,3.4285714285714284,False,Taipa & Cotai,False
35,0,weekdays,15,4.0,False,Taipa & Cotai,False
35,0,weekdays,16,4.0,False,Taipa & Cotai,False
35,0,weekdays,17,4.0,False,Taipa & Cotai,False
35,0,weekdays,18,4.0,False,Taipa & Cotai,False
35,0,weekdays,19,4.0,False,Taipa & Cotai,False
35,0,weekdays,20,3.4285714285714284,False,Taipa & Cotai,False
35,0,weekdays,21,3.4285714285714284,False,Taipa & Cotai,False
35,0,weekdays,22,3.4285714285714284,False,Taipa & Cotai,False
35,0,weekdays,23,0.0,False,Taipa & Cotai,False
35,0,weekends,0,0.0,False,Taipa & Cotai,False
35,0,weekends,1,0.0,False,Taipa & Cotai,False
35,0,weekends,2,0.0,False,Taipa & Cotai,False
35,0,weekends,3,0.0,False,Taipa & Cotai,False
35,0,weekends,4,0.0,False,Taipa & Cotai,False
35,0,weekends,5,0.0,False,Taipa & Cotai,False
35,0,weekends,6,0.0,False,Taipa & Cotai,False
35,0,weekends,7,4.0,False,Taipa & Cotai,False
35,0,weekends,8,4.0,False,Taipa & Cotai,False
35,0,weekends,9,4.0,False,Taipa & Cotai,False
35,0,weekends,10,3.4285714285714284,False,Taipa & Cotai,False
35,0,weekends,11,3.4285714285714284,False,Taipa & Cotai,False
35,0,weekends,12,3.4285714285714284,False,Taipa & Cotai,False
35,0,weekends,13,3.4285714285714284,False,Taipa & Cotai,False
35,0,weekends,14,3.4285714285714284,False,Taipa & Cotai,False
35,0,weekends,15,4.0,False,Taipa & Cotai,False
35,0,weekends,16,4.0,False,Taipa & Cotai,False
35,0,weekends,17,4.0,False,Taipa & Cotai,False
35,0,weekends,18,4.0,False,Taipa & Cotai,False
35,0,weekends,19,4.0,False,Taipa & Cotai,False
35,0,weekends,20,3.4285714285714284,False,Taipa & Cotai,False
35,0,weekends,21,3.4285714285714284,False,Taipa & Cotai,False
35,0,weekends,22,3.4285714285714284,False,Taipa & Cotai,False
35,0,weekends,23,0.0,False,Taipa & Cotai,False
35S,0,weekdays,0,0.0,False,Taipa & Cotai,False
35S,0,weekdays,1,0.0,False,Taipa & Cotai,False
35S,0,weekdays,2,0.0,False,Taipa & Cotai,False
35S,0,weekdays,3,0.0,False,Taipa & Cotai,False
35S,0,weekdays,4,0.0,False,Taipa & Cotai,False
35S,0,weekdays,5,0.0,False,Taipa & Cotai,False
35S,0,weekdays,6,0.0,False,Taipa & Cotai,False
35S,0,weekdays,7,3.4285714285714284,False,Taipa & Cotai,False
35S,0,weekdays,8,3.4285714285714284,False,Taipa & Cotai,False
35S,0,weekdays,9,3.4285714285714284,False,Taipa & Cotai,False
35S,0,weekdays,10,0.0,False,Taipa & Cotai,False
35S,0,weekdays,11,0.0,False,Taipa & Cotai,False
35S,0,weekdays,12,0.0,False,Taipa & Cotai,False
35S,0,weekdays,13,0.0,False,Taipa & Cotai,False
35S,0,weekdays,14,0.0,False,Taipa & Cotai,False
35S,0,weekdays,15,3.4285714285714284,False,Taipa & Cotai,False
35S,0,weekdays,16,3.4285714285714284,False,Taipa & Cotai,False
35S,0,weekdays,17,3.4285714285714284,False,Taipa & Cotai,False
35S,0,weekdays,18,3.4285714285714284,False,Taipa & Cotai,False
35S,0,weekdays,19,3.4285714285714284,False,Taipa & Cotai,False
35S,0,weekdays,20,2.1818181818181817,False,Taipa & Cotai,False
35S,0,weekdays,21,2.1818181818181817,False,Taipa & Cotai,False
35S,0,weekdays,22,1.0909090909090908,False,Taipa & Cotai,False
35S,0,weekdays,23,0.0,False,Taipa & Cotai,False
36,0,holidays,0,0.0,False,Taipa & Cotai,False
36,0,holidays,1,0.0,False,Taipa & Cotai,False
36,0,holidays,2,0.0,False,Taipa & Cotai,False
36,0,holidays,3,0.0,False,Taipa & Cotai,False
36,0,holidays,4,0.0,False,Taipa & Cotai,False
36,0,holidays,5,0.0,False,Taipa & Cotai,False
36,0,holidays,6,0.0,False,Taipa & Cotai,False
36,0,holidays,7,3.4285714285714284,False,Taipa & Cotai,False
36,0,holidays,8,3.4285714285714284,False,Taipa & Cotai,False
36,0,holidays,9,3.4285714285714284,False,Taipa & Cotai,False
36,0,holidays,10,3.4285714285714284,False,Taipa & Cotai,False
36,0,holidays,11,3.4285714285714284,False,Taipa & Cotai,False
36,0,holidays,12,3.4285714285714284,False,Taipa & Cotai,False
36,0,holidays,13,3.4285714285714284,False,Taipa & Cotai,False
36,0,holidays,14,3.4285714285714284,False,Taipa & Cotai,False
36,0,holidays,15,3.4285714285714284,False,Taipa & Cotai,False
36,0,holidays,16,3.4285714285714284,False,Taipa & Cotai,False
36,0,holidays,17,3.4285714285714284,False,Taipa & Cotai,False
36,0,holidays,18,3.4285714285714284,False,Taipa & Cotai,False
36,0,holidays,19,3.4285714285714284,False,Taipa & Cotai,False
36,0,holidays,20,3.4285714285714284,False,Taipa & Cotai,False
36,0,holidays,21,3.4285714285714284,False,Taipa & Cotai,False
36,0,holidays,22,3.4285714285714284,False,Taipa & Cotai,False
36,0,holidays,23,2.857142857142853,False,Taipa & Cotai,False
36,0,weekdays,0,0.0,False,Taipa & Cotai,False
36,0,weekdays,1,0.0,False,Taipa & Cotai,False
36,0,weekdays,2,0.0,False,Taipa & Cotai,False
36,0,weekdays,3,0.0,False,Taipa & Cotai,False
36,0,weekdays,4,0.0,False,Taipa & Cotai,False
36,0,weekdays,5,0.0,False,Taipa & Cotai,False
36,0,weekdays,6,0.0,False,Taipa & Cotai,False
36,0,weekdays,7,4.0,False,Taipa & Cotai,False
36,0,weekdays,8,4.0,False,Taipa & Cotai,False
36,0,weekdays,9,4.0,False,Taipa & Cotai,False
36,0,weekdays,10,4.0,False,Taipa & Cotai,False
36,0,weekdays,11,4.0,False,Taipa & Cotai,False
36,0,weekdays,12,4.0,False,Taipa & Cotai,False
36,0,weekdays,13,4.0,False,Taipa & Cotai,False
36,0,weekdays,14,4.0,False,Taipa & Cotai,False
36,0,weekdays,15,4.0,False,Taipa & Cotai,False
36,0,weekdays,16,4.0,False,Taipa & Cotai,False
36,0,weekdays,17,4.0,False,Taipa & Cotai,False
36,0,weekdays,18,4.0,False,Taipa & Cotai,False
36,0,weekdays,19,4.0,False,Taipa & Cotai,False
36,0,weekdays,20,3.6363636363636362,False,Taipa & Cotai,False
36,0,weekdays,21,3.6363636363636362,False,Taipa & Cotai,False
36,0,weekdays,22,3.6363636363636362,False,Taipa & Cotai,False
36,0,weekdays,23,3.030303030303026,False,Taipa & Cotai,False
36,0,weekends,0,0.0,False,Taipa & Cotai,False
36,0,weekends,1,0.0,False,Taipa & Cotai,False
36,0,weekends,2,0.0,False,Taipa & Cotai,False
36,0,weekends,3,0.0,False,Taipa & Cotai,False
36,0,weekends,4,0.0,False,Taipa & Cotai,False
36,0,weekends,5,0.0,False,Taipa & Cotai,False
36,0,weekends,6,0.0,False,Taipa & Cotai,False
36,0,weekends,7,4.0,False,Taipa & Cotai,False
36,0,weekends,8,4.0,False,Taipa & Cotai,False
36,0,weekends,9,4.0,False,Taipa & Cotai,False
36,0,weekends,10,4.0,False,Taipa & Cotai,False
36,0,weekends,11,4.0,False,Taipa & Cotai,False
36,0,weekends,12,4.0,False,Taipa & Cotai,False
36,0,weekends,13,4.0,False,Taipa & Cotai,False
36,0,weekends,14,4.0,False,Taipa & Cotai,False
36,0,weekends,15,4.0,False,Taipa & Cotai,False
36,0,weekends,16,4.0,False,Taipa & Cotai,False
36,0,weekends,17,4.0,False,Taipa & Cotai,False
36,0,weekends,18,4.0,False,Taipa & Cotai,False
36,0,weekends,19,4.0,False,Taipa & Cotai,False
36,0,weekends,20,3.6363636363636362,False,Taipa & Cotai,False
36,0,weekends,21,3.6363636363636362,False,Taipa & Cotai,False
36,0,weekends,22,3.6363636363636362,False,Taipa & Cotai,False
36,0,weekends,23,3.030303030303026,False,Taipa & Cotai,False
37,0,holidays,0,0.0,False,Taipa & Cotai,False
37,0,holidays,1,0.0,False,Taipa & Cotai,False
37,0,holidays,2,0.0,False,Taipa & Cotai,False
37,0,holidays,3,0.0,False,Taipa & Cotai,False
37,0,holidays,4,0.0,False,Taipa & Cotai,False
37,0,holidays,5,0.0,False,Taipa & Cotai,False
37,0,holidays,6,1.7142857142857142,False,Taipa & Cotai,False
37,0,holidays,7,3.4285714285714284,False,Taipa & Cotai,False
37,0,holidays,8,3.4285714285714284,False,Taipa & Cotai,False
37,0,holidays,9,3.4285714285714284,False,Taipa & Cotai,False
37,0,holidays,10,3.4285714285714284,False,Taipa & Cotai,False
37,0,holidays,11,3.4285714285714284,False,Taipa & Cotai,False
37,0,holidays,12,3.4285714285714284,False,Taipa & Cotai,False
37,0,holidays,13,3.4285714285714284,False,Taipa & Cotai,False
37,0,holidays,14,3.4285714285714284,False,Taipa & Cotai,False
37,0,holidays,15,3.4285714285714284,False,Taipa & Cotai,False
37,0,holidays,16,3.4285714285714284,False,Taipa & Cotai,False
37,0,holidays,17,3.4285714285714284,False,Taipa & Cotai,False
37,0,holidays,18,3.4285714285714284,False,Taipa & Cotai,False
37,0,holidays,19,3.4285714285714284,False,Taipa & Cotai,False
37,0,holidays,20,3.4285714285714284,False,Taipa & Cotai,False
37,0,holidays,21,3.4285714285714284,False,Taipa & Cotai,False
37,0,holidays,22,3.4285714285714284,False,Taipa & Cotai,False
37,0,holidays,23,1.7142857142857142,False,Taipa & Cotai,False
37,0,weekdays,0,0.0,False,Taipa & Cotai,False
37,0,weekdays,1,0.0,False,Taipa & Cotai,False
37,0,weekdays,2,0.0,False,Taipa & Cotai,False
37,0,weekdays,3,0.0,False,Taipa & Cotai,False
37,0,weekdays,4,0.0,False,Taipa & Cotai,False
37,0,weekdays,5,0.0,False,Taipa & Cotai,False
37,0,weekdays,6,1.7142857142857142,False,Taipa & Cotai,False
37,0,weekdays,7,3.4285714285714284,False,Taipa & Cotai,False
37,0,weekdays,8,3.4285714285714284,False,Taipa & Cotai,False
37,0,weekdays,9,3.4285714285714284,False,Taipa & Cotai,False
37,0,weekdays,10,3.4285714285714284,False,Taipa & Cotai,False
37,0,weekdays,11,3.4285714285714284,False,Taipa & Cotai,False
37,0,weekdays,12,3.4285714285714284,False,Taipa & Cotai,False
37,0,weekdays,13,3.4285714285714284,False,Taipa & Cotai,False
37,0,weekdays,14,3.4285714285714284,False,Taipa & Cotai,False
37,0,weekdays,15,3.4285714285714284,False,Taipa & Cotai,False
37,0,weekdays,16,3.4285714285714284,False,Taipa & Cotai,False
37,0,weekdays,17,3.4285714285714284,False,Taipa & Cotai,False
37,0,weekdays,18,3.4285714285714284,False,Taipa & Cotai,False
37,0,weekdays,19,3.4285714285714284,False,Taipa & Cotai,False
37,0,weekdays,20,3.4285714285714284,False,Taipa & Cotai,False
37,0,weekdays,21,3.4285714285714284,False,Taipa & Cotai,False
37,0,weekdays,22,3.4285714285714284,False,Taipa & Cotai,False
37,0,weekdays,23,1.7142857142857142,False,Taipa & Cotai,False
37,0,weekends,0,0.0,False,Taipa & Cotai,False
37,0,weekends,1,0.0,False,Taipa & Cotai,False
37,0,weekends,2,0.0,False,Taipa & Cotai,False
37,0,weekends,3,0.0,False,Taipa & Cotai,False
37,0,weekends,4,0.0,False,Taipa & Cotai,False
37,0,weekends,5,0.0,False,Taipa & Cotai,False
37,0,weekends,6,1.7142857142857142,False,Taipa & Cotai,False
37,0,weekends,7,3.4285714285714284,False,Taipa & Cotai,False
37,0,weekends,8,3.4285714285714284,False,Taipa & Cotai,False
37,0,weekends,9,3.4285714285714284,False,Taipa & Cotai,False
37,0,weekends,10,3.4285714285714284,False,Taipa & Cotai,False
37,0,weekends,11,3.4285714285714284,False,Taipa & Cotai,False
37,0,weekends,12,3.4285714285714284,False,Taipa & Cotai,False
37,0,weekends,13,3.4285714285714284,False,Taipa & Cotai,False
37,0,weekends,14,3.4285714285714284,False,Taipa & Cotai,False
37,0,weekends,15,3.4285714285714284,False,Taipa & Cotai,False
37,0,weekends,16,3.4285714285714284,False,Taipa & Cotai,False
37,0,weekends,17,3.4285714285714284,False,Taipa & Cotai,False
37,0,weekends,18,3.4285714285714284,False,Taipa & Cotai,False
37,0,weekends,19,3.4285714285714284,False,Taipa & Cotai,False
37,0,weekends,20,3.4285714285714284,False,Taipa & Cotai,False
37,0,weekends,21,3.4285714285714284,False,Taipa & Cotai,False
37,0,weekends,22,3.4285714285714284,False,Taipa & Cotai,False
37,0,weekends,23,1.7142857142857142,False,Taipa & Cotai,False
39,0,holidays,0,0.0,True,Macau Peninsula + Taipa & Cotai,False
39,0,holidays,1,0.0,True,Macau Peninsula + Taipa & Cotai,False
39,0,holidays,2,0.0,True,Macau Peninsula + Taipa & Cotai,False
39,0,holidays,3,0.0,True,Macau Peninsula + Taipa & Cotai,False
39,0,holidays,4,0.0,True,Macau Peninsula + Taipa & Cotai,False
39,0,holidays,5,0.0,True,Macau Peninsula + Taipa & Cotai,False
39,0,holidays,6,4.0,True,Macau Peninsula + Taipa & Cotai,False
39,0,holidays,7,4.0,True,Macau Peninsula + Taipa & Cotai,False
39,0,holidays,8,4.0,True,Macau Peninsula + Taipa & Cotai,False
39,0,holidays,9,4.0,True,Macau Peninsula + Taipa & Cotai,False
39,0,holidays,10,4.0,True,Macau Peninsula + Taipa & Cotai,False
39,0,holidays,11,4.0,True,Macau Peninsula + Taipa & Cotai,False
39,0,holidays,12,4.0,True,Macau Peninsula + Taipa & Cotai,False
39,0,holidays,13,4.0,True,Macau Peninsula + Taipa & Cotai,False
39,0,holidays,14,4.0,True,Macau Peninsula + Taipa & Cotai,False
39,0,holidays,15,4.0,True,Macau Peninsula + Taipa & Cotai,False
39,0,holidays,16,4.0,True,Macau Peninsula + Taipa & Cotai,False
39,0,holidays,17,4.0,True,Macau Peninsula + Taipa & Cotai,False
39,0,holidays,18,4.0,True,Macau Peninsula + Taipa & Cotai,False
39,0,holidays,19,4.0,True,Macau Peninsula + Taipa & Cotai,False
39,0,holidays,20,4.0,True,Macau Peninsula + Taipa & Cotai,False
39,0,holidays,21,4.0,True,Macau Peninsula + Taipa & Cotai,False
39,0,holidays,22,4.0,True,Macau Peninsula + Taipa & Cotai,False
39,0,holidays,23,4.0,True,Macau Peninsula + Taipa & Cotai,False
39,0,weekdays,0,0.0,True,Macau Peninsula + Taipa & Cotai,False
39,0,weekdays,1,0.0,True,Macau Peninsula + Taipa & Cotai,False
39,0,weekdays,2,0.0,True,Macau Peninsula + Taipa & Cotai,False
39,0,weekdays,3,0.0,True,Macau Peninsula + Taipa & Cotai,False
39,0,weekdays,4,0.0,True,Macau Peninsula + Taipa & Cotai,False
39,0,weekdays,5,0.0,True,Macau Peninsula + Taipa & Cotai,False
39,0,weekdays,6,5.454545454545454,True,Macau Peninsula + Taipa & Cotai,False
39,0,weekdays,7,5.454545454545454,True,Macau Peninsula + Taipa & Cotai,False
39,0,weekdays,8,5.454545454545454,True,Macau Peninsula + Taipa & Cotai,False
39,0,weekdays,9,5.454545454545454,True,Macau Peninsula + Taipa & Cotai,False
39,0,weekdays,10,4.0,True,Macau Peninsula + Taipa & Cotai,False
39,0,weekdays,11,4.0,True,Macau Peninsula + Taipa & Cotai,False
39,0,weekdays,12,4.0,True,Macau Peninsula + Taipa & Cotai,False
39,0,weekdays,13,4.0,True,Macau Peninsula + Taipa & Cotai,False
39,0,weekdays,14,4.0,True,Macau Peninsula + Taipa & Cotai,False
39,0,weekdays,15,5.454545454545454,True,Macau Peninsula + Taipa & Cotai,False
39,0,weekdays,16,5.454545454545454,True,Macau Peninsula + Taipa & Cotai,False
39,0,weekdays,17,5.454545454545454,True,Macau Peninsula + Taipa & Cotai,False
39,0,weekdays,18,5.454545454545454,True,Macau Peninsula + Taipa & Cotai,False
39,0,weekdays,19,5.454545454545454,True,Macau Peninsula + Taipa & Cotai,False
39,0,weekdays,20,2.6666666666666665,True,Macau Peninsula + Taipa & Cotai,False
39,0,weekdays,21,2.6666666666666665,True,Macau Peninsula + Taipa & Cotai,False
39,0,weekdays,22,2.6666666666666665,True,Macau Peninsula + Taipa & Cotai,False
39,0,weekdays,23,2.6666666666666665,True,Macau Peninsula + Taipa & Cotai,False
39,0,weekends,0,0.0,True,Macau Peninsula + Taipa & Cotai,False
39,0,weekends,1,0.0,True,Macau Peninsula + Taipa & Cotai,False
39,0,weekends,2,0.0,True,Macau Peninsula + Taipa & Cotai,False
39,0,weekends,3,0.0,True,Macau Peninsula + Taipa & Cotai,False
39,0,weekends,4,0.0,True,Macau Peninsula + Taipa & Cotai,False
39,0,weekends,5,0.0,True,Macau Peninsula + Taipa & Cotai,False
39,0,weekends,6,5.454545454545454,True,Macau Peninsula + Taipa & Cotai,False
39,0,weekends,7,5.454545454545454,True,Macau Peninsula + Taipa & Cotai,False
39,0,weekends,8,5.454545454545454,True,Macau Peninsula + Taipa & Cotai,False
39,0,weekends,9,5.454545454545454,True,Macau Peninsula + Taipa & Cotai,False
39,0,weekends,10,4.0,True,Macau Peninsula + Taipa & Cotai,False
39,0,weekends,11,4.0,True,Macau Peninsula + Taipa & Cotai,False
39,0,weekends,12,4.0,True,Macau Peninsula + Taipa & Cotai,False
39,0,weekends,13,4.0,True,Macau Peninsula + Taipa & Cotai,False
39,0,weekends,14,4.0,True,Macau Peninsula + Taipa & Cotai,False
39,0,weekends,15,5.454545454545454,True,Macau Peninsula + Taipa & Cotai,False
39,0,weekends,16,5.454545454545454,True,Macau Peninsula + Taipa & Cotai,False
39,0,weekends,17,5.454545454545454,True,Macau Peninsula + Taipa & Cotai,False
39,0,weekends,18,5.454545454545454,True,Macau Peninsula + Taipa & Cotai,False
39,0,weekends,19,5.454545454545454,True,Macau Peninsula + Taipa & Cotai,False
39,0,weekends,20,2.6666666666666665,True,Macau Peninsula + Taipa & Cotai,False
39,0,weekends,21,2.6666666666666665,True,Macau Peninsula + Taipa & Cotai,False
39,0,weekends,22,2.6666666666666665,True,Macau Peninsula + Taipa & Cotai,False
39,0,weekends,23,2.6666666666666665,True,Macau Peninsula + Taipa & Cotai,False
3A,0,holidays,0,0.0,False,Macau Peninsula,False
3A,0,holidays,1,0.0,False,Macau Peninsula,False
3A,0,holidays,2,0.0,False,Macau Peninsula,False
3A,0,holidays,3,0.0,False,Macau Peninsula,False
3A,0,holidays,4,0.0,False,Macau Peninsula,False
3A,0,holidays,5,1.6666666666666652,False,Macau Peninsula,False
3A,0,holidays,6,5.0,False,Macau Peninsula,False
3A,0,holidays,7,5.0,False,Macau Peninsula,False
3A,0,holidays,8,6.0,False,Macau Peninsula,False
3A,0,holidays,9,6.0,False,Macau Peninsula,False
3A,0,holidays,10,6.0,False,Macau Peninsula,False
3A,0,holidays,11,6.0,False,Macau Peninsula,False
3A,0,holidays,12,6.0,False,Macau Peninsula,False
3A,0,holidays,13,6.0,False,Macau Peninsula,False
3A,0,holidays,14,6.0,False,Macau Peninsula,False
3A,0,holidays,15,6.0,False,Macau Peninsula,False
3A,0,holidays,16,6.0,False,Macau Peninsula,False
3A,0,holidays,17,6.0,False,Macau Peninsula,False
3A,0,holidays,18,6.0,False,Macau Peninsula,False
3A,0,holidays,19,6.0,False,Macau Peninsula,False
3A,0,holidays,20,5.0,False,Macau Peninsula,False
3A,0,holidays,21,5.0,False,Macau Peninsula,False
3A,0,holidays,22,5.0,False,Macau Peninsula,False
3A,0,holidays,23,5.0,False,Macau Peninsula,False
3A,0,weekdays,0,0.0,False,Macau Peninsula,False
3A,0,weekdays,1,0.0,False,Macau Peninsula,False
3A,0,weekdays,2,0.0,False,Macau Peninsula,False
3A,0,weekdays,3,0.0,False,Macau Peninsula,False
3A,0,weekdays,4,0.0,False,Macau Peninsula,False
3A,0,weekdays,5,2.499999999999998,False,Macau Peninsula,False
3A,0,weekdays,6,7.5,False,Macau Peninsula,False
3A,0,weekdays,7,7.5,False,Macau Peninsula,False
3A,0,weekdays,8,7.5,False,Macau Peninsula,False
3A,0,weekdays,9,7.5,False,Macau Peninsula,False
3A,0,weekdays,10,6.0,False,Macau Peninsula,False
3A,0,weekdays,11,6.0,False,Macau Peninsula,False
3A,0,weekdays,12,6.0,False,Macau Peninsula,False
3A,0,weekdays,13,6.0,False,Macau Peninsula,False
3A,0,weekdays,14,6.0,False,Macau Peninsula,False
3A,0,weekdays,15,7.0588235294117645,False,Macau Peninsula,False
3A,0,weekdays,16,7.0588235294117645,False,Macau Peninsula,False
3A,0,weekdays,17,7.0588235294117645,False,Macau Peninsula,False
3A,0,weekdays,18,7.0588235294117645,False,Macau Peninsula,False
3A,0,weekdays,19,7.0588235294117645,False,Macau Peninsula,False
3A,0,weekdays,20,5.0,False,Macau Peninsula,False
3A,0,weekdays,21,5.0,False,Macau Peninsula,False
3A,0,weekdays,22,5.0,False,Macau Peninsula,False
3A,0,weekdays,23,5.0,False,Macau Peninsula,False
3A,0,weekends,0,0.0,False,Macau Peninsula,False
3A,0,weekends,1,0.0,False,Macau Peninsula,False
3A,0,weekends,2,0.0,False,Macau Peninsula,False
3A,0,weekends,3,0.0,False,Macau Peninsula,False
3A,0,weekends,4,0.0,False,Macau Peninsula,False
3A,0,weekends,5,2.499999999999998,False,Macau Peninsula,False
3A,0,weekends,6,7.5,False,Macau Peninsula,False
3A,0,weekends,7,7.5,False,Macau Peninsula,False
3A,0,weekends,8,7.5,False,Macau Peninsula,False
3A,0,weekends,9,7.5,False,Macau Peninsula,False
3A,0,weekends,10,6.0,False,Macau Peninsula,False
3A,0,weekends,11,6.0,False,Macau Peninsula,False
3A,0,weekends,12,6.0,False,Macau Peninsula,False
3A,0,weekends,13,6.0,False,Macau Peninsula,False
3A,0,weekends,14,6.0,False,Macau Peninsula,False
3A,0,weekends,15,7.0588235294117645,False,Macau Peninsula,False
3A,0,weekends,16,7.0588235294117645,False,Macau Peninsula,False
3A,0,weekends,17,7.0588235294117645,False,Macau Peninsula,False
3A,0,weekends,18,7.0588235294117645,False,Macau Peninsula,False
3A,0,weekends,19,7.0588235294117645,False,Macau Peninsula,False
3A,0,weekends,20,5.0,False,Macau Peninsula,False
3A,0,weekends,21,5.0,False,Macau Peninsula,False
3A,0,weekends,22,5.0,False,Macau Peninsula,False
3A,0,weekends,23,5.0,False,Macau Peninsula,False
3AX,0,weekdays,0,0.0,False,Macau Peninsula,False
3AX,0,weekdays,1,0.0,False,Macau Peninsula,False
3AX,0,weekdays,2,0.0,False,Macau Peninsula,False
3AX,0,weekdays,3,0.0,False,Macau Peninsula,False
3AX,0,weekdays,4,0.0,False,Macau Peninsula,False
3AX,0,weekdays,5,0.0,False,Macau Peninsula,False
3AX,0,weekdays,6,0.0,False,Macau Peninsula,False
3AX,0,weekdays,7,6.0,False,Macau Peninsula,False
3AX,0,weekdays,8,6.0,False,Macau Peninsula,False
3AX,0,weekdays,9,3.0,False,Macau Peninsula,False
3AX,0,weekdays,10,0.0,False,Macau Peninsula,False
3AX,0,weekdays,11,0.0,False,Macau Peninsula,False
3AX,0,weekdays,12,0.0,False,Macau Peninsula,False
3AX,0,weekdays,13,0.0,False,Macau Peninsula,False
3AX,0,weekdays,14,0.0,False,Macau Peninsula,False
3AX,0,weekdays,15,6.0,False,Macau Peninsula,False
3AX,0,weekdays,16,6.0,False,Macau Peninsula,False
3AX,0,weekdays,17,6.0,False,Macau Peninsula,False
3AX,0,weekdays,18,6.0,False,Macau Peninsula,False
3AX,0,weekdays,19,6.0,False,Macau Peninsula,False
3AX,0,weekdays,20,0.0,False,Macau Peninsula,False
3AX,0,weekdays,21,0.0,False,Macau Peninsula,False
3AX,0,weekdays,22,0.0,False,Macau Peninsula,False
3AX,0,weekdays,23,0.0,False,Macau Peninsula,False
3AX,0,weekends,0,0.0,False,Macau Peninsula,False
3AX,0,weekends,1,0.0,False,Macau Peninsula,False
3AX,0,weekends,2,0.0,False,Macau Peninsula,False
3AX,0,weekends,3,0.0,False,Macau Peninsula,False
3AX,0,weekends,4,0.0,False,Macau Peninsula,False
3AX,0,weekends,5,0.0,False,Macau Peninsula,False
3AX,0,weekends,6,0.0,False,Macau Peninsula,False
3AX,0,weekends,7,6.0,False,Macau Peninsula,False
3AX,0,weekends,8,6.0,False,Macau Peninsula,False
3AX,0,weekends,9,3.0,False,Macau Peninsula,False
3AX,0,weekends,10,0.0,False,Macau Peninsula,False
3AX,0,weekends,11,0.0,False,Macau Peninsula,False
3AX,0,weekends,12,0.0,False,Macau Peninsula,False
3AX,0,weekends,13,0.0,False,Macau Peninsula,False
3AX,0,weekends,14,0.0,False,Macau Peninsula,False
3AX,0,weekends,15,6.0,False,Macau Peninsula,False
3AX,0,weekends,16,6.0,False,Macau Peninsula,False
3AX,0,weekends,17,6.0,False,Macau Peninsula,False
3AX,0,weekends,18,6.0,False,Macau Peninsula,False
3AX,0,weekends,19,6.0,False,Macau Peninsula,False
3AX,0,weekends,20,0.0,False,Macau Peninsula,False
3AX,0,weekends,21,0.0,False,Macau Peninsula,False
3AX,0,weekends,22,0.0,False,Macau Peninsula,False
3AX,0,weekends,23,0.0,False,Macau Peninsula,False
3X,0,holidays,0,0.0,False,Macau Peninsula,False
3X,0,holidays,1,0.0,False,Macau Peninsula,False
3X,0,holidays,2,0.0,False,Macau Peninsula,False
3X,0,holidays,3,0.0,False,Macau Peninsula,False
3X,0,holidays,4,0.0,False,Macau Peninsula,False
3X,0,holidays,5,0.0,False,Macau Peninsula,False
3X,0,holidays,6,0.0,False,Macau Peninsula,False
3X,0,holidays,7,8.571428571428571,False,Macau Peninsula,False
3X,0,holidays,8,8.571428571428571,False,Macau Peninsula,False
3X,0,holidays,9,8.571428571428571,False,Macau Peninsula,False
3X,0,holidays,10,7.5,False,Macau Peninsula,False
3X,0,holidays,11,7.5,False,Macau Peninsula,False
3X,0,holidays,12,7.5,False,Macau Peninsula,False
3X,0,holidays,13,7.5,False,Macau Peninsula,False
3X,0,holidays,14,7.5,False,Macau Peninsula,False
3X,0,holidays,15,7.5,False,Macau Peninsula,False
3X,0,holidays,16,8.571428571428571,False,Macau Peninsula,False
3X,0,holidays,17,8.571428571428571,False,Macau Peninsula,False
3X,0,holidays,18,8.571428571428571,False,Macau Peninsula,False
3X,0,holidays,19,8.571428571428571,False,Macau Peninsula,False
3X,0,holidays,20,7.5,False,Macau Peninsula,False
3X,0,holidays,21,7.5,False,Macau Peninsula,False
3X,0,holidays,22,7.5,False,Macau Peninsula,False
3X,0,holidays,23,0.0,False,Macau Peninsula,False
3X,0,weekdays,0,0.0,False,Macau Peninsula,False
3X,0,weekdays,1,0.0,False,Macau Peninsula,False
3X,0,weekdays,2,0.0,False,Macau Peninsula,False
3X,0,weekdays,3,0.0,False,Macau Peninsula,False
3X,0,weekdays,4,0.0,False,Macau Peninsula,False
3X,0,weekdays,5,0.0,False,Macau Peninsula,False
3X,0,weekdays,6,0.0,False,Macau Peninsula,False
3X,0,weekdays,7,9.23076923076923,False,Macau Peninsula,False
3X,0,weekdays,8,9.23076923076923,False,Macau Peninsula,False
3X,0,weekdays,9,9.23076923076923,False,Macau Peninsula,False
3X,0,weekdays,10,7.5,False,Macau Peninsula,False
3X,0,weekdays,11,7.5,False,Macau Peninsula,False
3X,0,weekdays,12,7.5,False,Macau Peninsula,False
3X,0,weekdays,13,7.5,False,Macau Peninsula,False
3X,0,weekdays,14,7.5,False,Macau Peninsula,False
3X,0,weekdays,15,7.5,False,Macau Peninsula,False
3X,0,weekdays,16,9.23076923076923,False,Macau Peninsula,False
3X,0,weekdays,17,9.23076923076923,False,Macau Peninsula,False
3X,0,weekdays,18,9.23076923076923,False,Macau Peninsula,False
3X,0,weekdays,19,9.23076923076923,False,Macau Peninsula,False
3X,0,weekdays,20,6.666666666666667,False,Macau Peninsula,False
3X,0,weekdays,21,6.666666666666667,False,Macau Peninsula,False
3X,0,weekdays,22,6.666666666666667,False,Macau Peninsula,False
3X,0,weekdays,23,0.0,False,Macau Peninsula,False
3X,0,weekends,0,0.0,False,Macau Peninsula,False
3X,0,weekends,1,0.0,False,Macau Peninsula,False
3X,0,weekends,2,0.0,False,Macau Peninsula,False
3X,0,weekends,3,0.0,False,Macau Peninsula,False
3X,0,weekends,4,0.0,False,Macau Peninsula,False
3X,0,weekends,5,0.0,False,Macau Peninsula,False
3X,0,weekends,6,0.0,False,Macau Peninsula,False
3X,0,weekends,7,9.23076923076923,False,Macau Peninsula,False
3X,0,weekends,8,9.23076923076923,False,Macau Peninsula,False
3X,0,weekends,9,9.23076923076923,False,Macau Peninsula,False
3X,0,weekends,10,7.5,False,Macau Peninsula,False
3X,0,weekends,11,7.5,False,Macau Peninsula,False
3X,0,weekends,12,7.5,False,Macau Peninsula,False
3X,0,weekends,13,7.5,False,Macau Peninsula,False
3X,0,weekends,14,7.5,False,Macau Peninsula,False
3X,0,weekends,15,7.5,False,Macau Peninsula,False
3X,0,weekends,16,9.23076923076923,False,Macau Peninsula,False
3X,0,weekends,17,9.23076923076923,False,Macau Peninsula,False
3X,0,weekends,18,9.23076923076923,False,Macau Peninsula,False
3X,0,weekends,19,9.23076923076923,False,Macau Peninsula,False
3X,0,weekends,20,6.666666666666667,False,Macau Peninsula,False
3X,0,weekends,21,6.666666666666667,False,Macau Peninsula,False
3X,0,weekends,22,6.666666666666667,False,Macau Peninsula,False
3X,0,weekends,23,0.0,False,Macau Peninsula,False
4,0,holidays,0,0.0,False,Macau Peninsula,False
4,0,holidays,1,0.0,False,Macau Peninsula,False
4,0,holidays,2,0.0,False,Macau Peninsula,False
4,0,holidays,3,0.0,False,Macau Peninsula,False
4,0,holidays,4,0.0,False,Macau Peninsula,False
4,0,holidays,5,0.0,False,Macau Peninsula,False
4,0,holidays,6,4.444444444444445,False,Macau Peninsula,False
4,0,holidays,7,4.444444444444445,False,Macau Peninsula,False
4,0,holidays,8,4.444444444444445,False,Macau Peninsula,False
4,0,holidays,9,4.444444444444445,False,Macau Peninsula,False
4,0,holidays,10,4.444444444444445,False,Macau Peninsula,False
4,0,holidays,11,4.444444444444445,False,Macau Peninsula,False
4,0,holidays,12,4.444444444444445,False,Macau Peninsula,False
4,0,holidays,13,4.444444444444445,False,Macau Peninsula,False
4,0,holidays,14,4.444444444444445,False,Macau Peninsula,False
4,0,holidays,15,4.444444444444445,False,Macau Peninsula,False
4,0,holidays,16,4.444444444444445,False,Macau Peninsula,False
4,0,holidays,17,4.444444444444445,False,Macau Peninsula,False
4,0,holidays,18,4.444444444444445,False,Macau Peninsula,False
4,0,holidays,19,4.444444444444445,False,Macau Peninsula,False
4,0,holidays,20,3.6363636363636362,False,Macau Peninsula,False
4,0,holidays,21,3.6363636363636362,False,Macau Peninsula,False
4,0,holidays,22,3.6363636363636362,False,Macau Peninsula,False
4,0,holidays,23,3.6363636363636362,False,Macau Peninsula,False
4,0,weekdays,0,0.0,False,Macau Peninsula,False
4,0,weekdays,1,0.0,False,Macau Peninsula,False
4,0,weekdays,2,0.0,False,Macau Peninsula,False
4,0,weekdays,3,0.0,False,Macau Peninsula,False
4,0,weekdays,4,0.0,False,Macau Peninsula,False
4,0,weekdays,5,0.0,False,Macau Peninsula,False
4,0,weekdays,6,6.666666666666667,False,Macau Peninsula,False
4,0,weekdays,7,6.666666666666667,False,Macau Peninsula,False
4,0,weekdays,8,6.666666666666667,False,Macau Peninsula,False
4,0,weekdays,9,6.666666666666667,False,Macau Peninsula,False
4,0,weekdays,10,4.444444444444445,False,Macau Peninsula,False
4,0,weekdays,11,4.444444444444445,False,Macau Peninsula,False
4,0,weekdays,12,4.444444444444445,False,Macau Peninsula,False
4,0,weekdays,13,4.444444444444445,False,Macau Peninsula,False
4,0,weekdays,14,4.444444444444445,False,Macau Peninsula,False
4,0,weekdays,15,6.666666666666667,False,Macau Peninsula,False
4,0,weekdays,16,6.666666666666667,False,Macau Peninsula,False
4,0,weekdays,17,6.666666666666667,False,Macau Peninsula,False
4,0,weekdays,18,6.666666666666667,False,Macau Peninsula,False
4,0,weekdays,19,6.666666666666667,False,Macau Peninsula,False
4,0,weekdays,20,3.6363636363636362,False,Macau Peninsula,False
4,0,weekdays,21,3.6363636363636362,False,Macau Peninsula,False
4,0,weekdays,22,3.6363636363636362,False,Macau Peninsula,False
4,0,weekdays,23,3.6363636363636362,False,Macau Peninsula,False
4,0,weekends,0,0.0,False,Macau Peninsula,False
4,0,weekends,1,0.0,False,Macau Peninsula,False
4,0,weekends,2,0.0,False,Macau Peninsula,False
4,0,weekends,3,0.0,False,Macau Peninsula,False
4,0,weekends,4,0.0,False,Macau Peninsula,False
4,0,weekends,5,0.0,False,Macau Peninsula,False
4,0,weekends,6,6.666666666666667,False,Macau Peninsula,False
4,0,weekends,7,6.666666666666667,False,Macau Peninsula,False
4,0,weekends,8,6.666666666666667,False,Macau Peninsula,False
4,0,weekends,9,6.666666666666667,False,Macau Peninsula,False
4,0,weekends,10,5.454545454545454,False,Macau Peninsula,False
4,0,weekends,11,5.454545454545454,False,Macau Peninsula,False
4,0,weekends,12,5.454545454545454,False,Macau Peninsula,False
4,0,weekends,13,5.454545454545454,False,Macau Peninsula,False
4,0,weekends,14,5.454545454545454,False,Macau Peninsula,False
4,0,weekends,15,5.454545454545454,False,Macau Peninsula,False
4,0,weekends,16,5.454545454545454,False,Macau Peninsula,False
4,0,weekends,17,5.454545454545454,False,Macau Peninsula,False
4,0,weekends,18,5.454545454545454,False,Macau Peninsula,False
4,0,weekends,19,5.454545454545454,False,Macau Peninsula,False
4,0,weekends,20,3.6363636363636362,False,Macau Peninsula,False
4,0,weekends,21,3.6363636363636362,False,Macau Peninsula,False
4,0,weekends,22,3.6363636363636362,False,Macau Peninsula,False
4,0,weekends,23,3.6363636363636362,False,Macau Peninsula,False
5,0,holidays,0,0.0,False,Macau Peninsula,False
5,0,holidays,1,0.0,False,Macau Peninsula,False
5,0,holidays,2,0.0,False,Macau Peninsula,False
5,0,holidays,3,0.0,False,Macau Peninsula,False
5,0,holidays,4,0.0,False,Macau Peninsula,False
5,0,holidays,5,2.499999999999998,False,Macau Peninsula,False
5,0,holidays,6,7.5,False,Macau Peninsula,False
5,0,holidays,7,7.5,False,Macau Peninsula,False
5,0,holidays,8,7.5,False,Macau Peninsula,False
5,0,holidays,9,7.5,False,Macau Peninsula,False
5,0,holidays,10,7.5,False,Macau Peninsula,False
5,0,holidays,11,7.5,False,Macau Peninsula,False
5,0,holidays,12,7.5,False,Macau Peninsula,False
5,0,holidays,13,7.5,False,Macau Peninsula,False
5,0,holidays,14,7.5,False,Macau Peninsula,False
5,0,holidays,15,7.5,False,Macau Peninsula,False
5,0,holidays,16,7.5,False,Macau Peninsula,False
5,0,holidays,17,7.5,False,Macau Peninsula,False
5,0,holidays,18,7.5,False,Macau Peninsula,False
5,0,holidays,19,7.5,False,Macau Peninsula,False
5,0,holidays,20,5.454545454545454,False,Macau Peninsula,False
5,0,holidays,21,5.454545454545454,False,Macau Peninsula,False
5,0,holidays,22,4.94949494949495,False,Macau Peninsula,False
5,0,holidays,23,4.444444444444445,False,Macau Peninsula,False
5,0,weekdays,0,0.0,False,Macau Peninsula,False
5,0,weekdays,1,0.0,False,Macau Peninsula,False
5,0,weekdays,2,0.0,False,Macau Peninsula,False
5,0,weekdays,3,0.0,False,Macau Peninsula,False
5,0,weekdays,4,0.0,False,Macau Peninsula,False
5,0,weekdays,5,2.8571428571428545,False,Macau Peninsula,False
5,0,weekdays,6,8.571428571428571,False,Macau Peninsula,False
5,0,weekdays,7,8.571428571428571,False,Macau Peninsula,False
5,0,weekdays,8,8.571428571428571,False,Macau Peninsula,False
5,0,weekdays,9,8.571428571428571,False,Macau Peninsula,False
5,0,weekdays,10,8.571428571428571,False,Macau Peninsula,False
5,0,weekdays,11,8.571428571428571,False,Macau Peninsula,False
5,0,weekdays,12,8.571428571428571,False,Macau Peninsula,False
5,0,weekdays,13,8.571428571428571,False,Macau Peninsula,False
5,0,weekdays,14,8.571428571428571,False,Macau Peninsula,False
5,0,weekdays,15,8.571428571428571,False,Macau Peninsula,False
5,0,weekdays,16,8.571428571428571,False,Macau Peninsula,False
5,0,weekdays,17,8.571428571428571,False,Macau Peninsula,False
5,0,weekdays,18,8.571428571428571,False,Macau Peninsula,False
5,0,weekdays,19,8.571428571428571,False,Macau Peninsula,False
5,0,weekdays,20,5.714285714285714,False,Macau Peninsula,False
5,0,weekdays,21,5.714285714285714,False,Macau Peninsula,False
5,0,weekdays,22,5.079365079365079,False,Macau Peninsula,False
5,0,weekdays,23,4.444444444444445,False,Macau Peninsula,False
5,0,weekends,0,0.0,False,Macau Peninsula,False
5,0,weekends,1,0.0,False,Macau Peninsula,False
5,0,weekends,2,0.0,False,Macau Peninsula,False
5,0,weekends,3,0.0,False,Macau Peninsula,False
5,0,weekends,4,0.0,False,Macau Peninsula,False
5,0,weekends,5,2.8571428571428545,False,Macau Peninsula,False
5,0,weekends,6,8.571428571428571,False,Macau Peninsula,False
5,0,weekends,7,8.571428571428571,False,Macau Peninsula,False
5,0,weekends,8,8.571428571428571,False,Macau Peninsula,False
5,0,weekends,9,8.571428571428571,False,Macau Peninsula,False
5,0,weekends,10,8.571428571428571,False,Macau Peninsula,False
5,0,weekends,11,8.571428571428571,False,Macau Peninsula,False
5,0,weekends,12,8.571428571428571,False,Macau Peninsula,False
5,0,weekends,13,8.571428571428571,False,Macau Peninsula,False
5,0,weekends,14,8.571428571428571,False,Macau Peninsula,False
5,0,weekends,15,8.571428571428571,False,Macau Peninsula,False
5,0,weekends,16,8.571428571428571,False,Macau Peninsula,False
5,0,weekends,17,8.571428571428571,False,Macau Peninsula,False
5,0,weekends,18,8.571428571428571,False,Macau Peninsula,False
5,0,weekends,19,8.571428571428571,False,Macau Peninsula,False
5,0,weekends,20,5.714285714285714,False,Macau Peninsula,False
5,0,weekends,21,5.714285714285714,False,Macau Peninsula,False
5,0,weekends,22,5.079365079365079,False,Macau Peninsula,False
5,0,weekends,23,4.444444444444445,False,Macau Peninsula,False
50,0,holidays,0,0.0,True,Coloane + Macau Peninsula + Taipa & Cotai,True
50,0,holidays,1,0.0,True,Coloane + Macau Peninsula + Taipa & Cotai,True
50,0,holidays,2,0.0,True,Coloane + Macau Peninsula + Taipa & Cotai,True
50,0,holidays,3,0.0,True,Coloane + Macau Peninsula + Taipa & Cotai,True
50,0,holidays,4,0.0,True,Coloane + Macau Peninsula + Taipa & Cotai,True
50,0,holidays,5,0.0,True,Coloane + Macau Peninsula + Taipa & Cotai,True
50,0,holidays,6,0.0,True,Coloane + Macau Peninsula + Taipa & Cotai,True
50,0,holidays,7,4.0,True,Coloane + Macau Peninsula + Taipa & Cotai,True
50,0,holidays,8,4.0,True,Coloane + Macau Peninsula + Taipa & Cotai,True
50,0,holidays,9,4.0,True,Coloane + Macau Peninsula + Taipa & Cotai,True
50,0,holidays,10,3.4285714285714284,True,Coloane + Macau Peninsula + Taipa & Cotai,True
50,0,holidays,11,3.4285714285714284,True,Coloane + Macau Peninsula + Taipa & Cotai,True
50,0,holidays,12,3.4285714285714284,True,Coloane + Macau Peninsula + Taipa & Cotai,True
50,0,holidays,13,3.4285714285714284,True,Coloane + Macau Peninsula + Taipa & Cotai,True
50,0,holidays,14,3.4285714285714284,True,Coloane + Macau Peninsula + Taipa & Cotai,True
50,0,holidays,15,4.0,True,Coloane + Macau Peninsula + Taipa & Cotai,True
50,0,holidays,16,4.0,True,Coloane + Macau Peninsula + Taipa & Cotai,True
50,0,holidays,17,4.0,True,Coloane + Macau Peninsula + Taipa & Cotai,True
50,0,holidays,18,4.0,True,Coloane + Macau Peninsula + Taipa & Cotai,True
50,0,holidays,19,4.0,True,Coloane + Macau Peninsula + Taipa & Cotai,True
50,0,holidays,20,3.4285714285714284,True,Coloane + Macau Peninsula + Taipa & Cotai,True
50,0,holidays,21,2.5714285714285716,True,Coloane + Macau Peninsula + Taipa & Cotai,True
50,0,holidays,22,0.0,True,Coloane + Macau Peninsula + Taipa & Cotai,True
50,0,holidays,23,0.0,True,Coloane + Macau Peninsula + Taipa & Cotai,True
50,0,weekdays,0,0.0,True,Coloane + Macau Peninsula + Taipa & Cotai,True
50,0,weekdays,1,0.0,True,Coloane + Macau Peninsula + Taipa & Cotai,True
50,0,weekdays,2,0.0,True,Coloane + Macau Peninsula + Taipa & Cotai,True
50,0,weekdays,3,0.0,True,Coloane + Macau Peninsula + Taipa & Cotai,True
50,0,weekdays,4,0.0,True,Coloane + Macau Peninsula + Taipa & Cotai,True
50,0,weekdays,5,0.0,True,Coloane + Macau Peninsula + Taipa & Cotai,True
50,0,weekdays,6,0.0,True,Coloane + Macau Peninsula + Taipa & Cotai,True
50,0,weekdays,7,4.0,True,Coloane + Macau Peninsula + Taipa & Cotai,True
50,0,weekdays,8,4.0,True,Coloane + Macau Peninsula + Taipa & Cotai,True
50,0,weekdays,9,4.0,True,Coloane + Macau Peninsula + Taipa & Cotai,True
50,0,weekdays,10,3.4285714285714284,True,Coloane + Macau Peninsula + Taipa & Cotai,True
50,0,weekdays,11,3.4285714285714284,True,Coloane + Macau Peninsula + Taipa & Cotai,True
50,0,weekdays,12,3.4285714285714284,True,Coloane + Macau Peninsula + Taipa & Cotai,True
50,0,weekdays,13,3.4285714285714284,True,Coloane + Macau Peninsula + Taipa & Cotai,True
50,0,weekdays,14,3.4285714285714284,True,Coloane + Macau Peninsula + Taipa & Cotai,True
50,0,weekdays,15,4.0,True,Coloane + Macau Peninsula + Taipa & Cotai,True
50,0,weekdays,16,4.0,True,Coloane + Macau Peninsula + Taipa & Cotai,True
50,0,weekdays,17,4.0,True,Coloane + Macau Peninsula + Taipa & Cotai,True
50,0,weekdays,18,4.0,True,Coloane + Macau Peninsula + Taipa & Cotai,True
50,0,weekdays,19,4.0,True,Coloane + Macau Peninsula + Taipa & Cotai,True
50,0,weekdays,20,3.4285714285714284,True,Coloane + Macau Peninsula + Taipa & Cotai,True
50,0,weekdays,21,2.5714285714285716,True,Coloane + Macau Peninsula + Taipa & Cotai,True
50,0,weekdays,22,0.0,True,Coloane + Macau Peninsula + Taipa & Cotai,True
50,0,weekdays,23,0.0,True,Coloane + Macau Peninsula + Taipa & Cotai,True
50,0,weekends,0,0.0,True,Coloane + Macau Peninsula + Taipa & Cotai,True
50,0,weekends,1,0.0,True,Coloane + Macau Peninsula + Taipa & Cotai,True
50,0,weekends,2,0.0,True,Coloane + Macau Peninsula + Taipa & Cotai,True
50,0,weekends,3,0.0,True,Coloane + Macau Peninsula + Taipa & Cotai,True
50,0,weekends,4,0.0,True,Coloane + Macau Peninsula + Taipa & Cotai,True
50,0,weekends,5,0.0,True,Coloane + Macau Peninsula + Taipa & Cotai,True
50,0,weekends,6,0.0,True,Coloane + Macau Peninsula + Taipa & Cotai,True
50,0,weekends,7,4.0,True,Coloane + Macau Peninsula + Taipa & Cotai,True
50,0,weekends,8,4.0,True,Coloane + Macau Peninsula + Taipa & Cotai,True
50,0,weekends,9,4.0,True,Coloane + Macau Peninsula + Taipa & Cotai,True
50,0,weekends,10,3.4285714285714284,True,Coloane + Macau Peninsula + Taipa & Cotai,True
50,0,weekends,11,3.4285714285714284,True,Coloane + Macau Peninsula + Taipa & Cotai,True
50,0,weekends,12,3.4285714285714284,True,Coloane + Macau Peninsula + Taipa & Cotai,True
50,0,weekends,13,3.4285714285714284,True,Coloane + Macau Peninsula + Taipa & Cotai,True
50,0,weekends,14,3.4285714285714284,True,Coloane + Macau Peninsula + Taipa & Cotai,True
50,0,weekends,15,4.0,True,Coloane + Macau Peninsula + Taipa & Cotai,True
50,0,weekends,16,4.0,True,Coloane + Macau Peninsula + Taipa & Cotai,True
50,0,weekends,17,4.0,True,Coloane + Macau Peninsula + Taipa & Cotai,True
50,0,weekends,18,4.0,True,Coloane + Macau Peninsula + Taipa & Cotai,True
50,0,weekends,19,4.0,True,Coloane + Macau Peninsula + Taipa & Cotai,True
50,0,weekends,20,3.4285714285714284,True,Coloane + Macau Peninsula + Taipa & Cotai,True
50,0,weekends,21,2.5714285714285716,True,Coloane + Macau Peninsula + Taipa & Cotai,True
50,0,weekends,22,0.0,True,Coloane + Macau Peninsula + Taipa & Cotai,True
50,0,weekends,23,0.0,True,Coloane + Macau Peninsula + Taipa & Cotai,True
50B,0,holidays,0,0.0,True,Macau Peninsula + Taipa & Cotai,False
50B,0,holidays,1,0.0,True,Macau Peninsula + Taipa & Cotai,False
50B,0,holidays,2,0.0,True,Macau Peninsula + Taipa & Cotai,False
50B,0,holidays,3,0.0,True,Macau Peninsula + Taipa & Cotai,False
50B,0,holidays,4,0.0,True,Macau Peninsula + Taipa & Cotai,False
50B,0,holidays,5,0.0,True,Macau Peninsula + Taipa & Cotai,False
50B,0,holidays,6,1.8181818181818181,True,Macau Peninsula + Taipa & Cotai,False
50B,0,holidays,7,3.6363636363636362,True,Macau Peninsula + Taipa & Cotai,False
50B,0,holidays,8,3.6363636363636362,True,Macau Peninsula + Taipa & Cotai,False
50B,0,holidays,9,3.6363636363636362,True,Macau Peninsula + Taipa & Cotai,False
50B,0,holidays,10,3.6363636363636362,True,Macau Peninsula + Taipa & Cotai,False
50B,0,holidays,11,3.6363636363636362,True,Macau Peninsula + Taipa & Cotai,False
50B,0,holidays,12,3.6363636363636362,True,Macau Peninsula + Taipa & Cotai,False
50B,0,holidays,13,3.6363636363636362,True,Macau Peninsula + Taipa & Cotai,False
50B,0,holidays,14,3.6363636363636362,True,Macau Peninsula + Taipa & Cotai,False
50B,0,holidays,15,3.6363636363636362,True,Macau Peninsula + Taipa & Cotai,False
50B,0,holidays,16,3.6363636363636362,True,Macau Peninsula + Taipa & Cotai,False
50B,0,holidays,17,3.6363636363636362,True,Macau Peninsula + Taipa & Cotai,False
50B,0,holidays,18,3.6363636363636362,True,Macau Peninsula + Taipa & Cotai,False
50B,0,holidays,19,3.6363636363636362,True,Macau Peninsula + Taipa & Cotai,False
50B,0,holidays,20,1.8181818181818181,True,Macau Peninsula + Taipa & Cotai,False
50B,0,holidays,21,0.0,True,Macau Peninsula + Taipa & Cotai,False
50B,0,holidays,22,0.0,True,Macau Peninsula + Taipa & Cotai,False
50B,0,holidays,23,0.0,True,Macau Peninsula + Taipa & Cotai,False
50B,0,weekdays,0,0.0,True,Macau Peninsula + Taipa & Cotai,False
50B,0,weekdays,1,0.0,True,Macau Peninsula + Taipa & Cotai,False
50B,0,weekdays,2,0.0,True,Macau Peninsula + Taipa & Cotai,False
50B,0,weekdays,3,0.0,True,Macau Peninsula + Taipa & Cotai,False
50B,0,weekdays,4,0.0,True,Macau Peninsula + Taipa & Cotai,False
50B,0,weekdays,5,0.0,True,Macau Peninsula + Taipa & Cotai,False
50B,0,weekdays,6,2.0,True,Macau Peninsula + Taipa & Cotai,False
50B,0,weekdays,7,4.0,True,Macau Peninsula + Taipa & Cotai,False
50B,0,weekdays,8,4.0,True,Macau Peninsula + Taipa & Cotai,False
50B,0,weekdays,9,4.0,True,Macau Peninsula + Taipa & Cotai,False
50B,0,weekdays,10,3.6363636363636362,True,Macau Peninsula + Taipa & Cotai,False
50B,0,weekdays,11,3.6363636363636362,True,Macau Peninsula + Taipa & Cotai,False
50B,0,weekdays,12,3.6363636363636362,True,Macau Peninsula + Taipa & Cotai,False
50B,0,weekdays,13,3.6363636363636362,True,Macau Peninsula + Taipa & Cotai,False
50B,0,weekdays,14,3.6363636363636362,True,Macau Peninsula + Taipa & Cotai,False
50B,0,weekdays,15,4.0,True,Macau Peninsula + Taipa & Cotai,False
50B,0,weekdays,16,4.0,True,Macau Peninsula + Taipa & Cotai,False
50B,0,weekdays,17,4.0,True,Macau Peninsula + Taipa & Cotai,False
50B,0,weekdays,18,4.0,True,Macau Peninsula + Taipa & Cotai,False
50B,0,weekdays,19,4.0,True,Macau Peninsula + Taipa & Cotai,False
50B,0,weekdays,20,2.0,True,Macau Peninsula + Taipa & Cotai,False
50B,0,weekdays,21,0.0,True,Macau Peninsula + Taipa & Cotai,False
50B,0,weekdays,22,0.0,True,Macau Peninsula + Taipa & Cotai,False
50B,0,weekdays,23,0.0,True,Macau Peninsula + Taipa & Cotai,False
50B,0,weekends,0,0.0,True,Macau Peninsula + Taipa & Cotai,False
50B,0,weekends,1,0.0,True,Macau Peninsula + Taipa & Cotai,False
50B,0,weekends,2,0.0,True,Macau Peninsula + Taipa & Cotai,False
50B,0,weekends,3,0.0,True,Macau Peninsula + Taipa & Cotai,False
50B,0,weekends,4,0.0,True,Macau Peninsula + Taipa & Cotai,False
50B,0,weekends,5,0.0,True,Macau Peninsula + Taipa & Cotai,False
50B,0,weekends,6,1.8181818181818181,True,Macau Peninsula + Taipa & Cotai,False
50B,0,weekends,7,3.6363636363636362,True,Macau Peninsula + Taipa & Cotai,False
50B,0,weekends,8,3.6363636363636362,True,Macau Peninsula + Taipa & Cotai,False
50B,0,weekends,9,3.6363636363636362,True,Macau Peninsula + Taipa & Cotai,False
50B,0,weekends,10,3.6363636363636362,True,Macau Peninsula + Taipa & Cotai,False
50B,0,weekends,11,3.6363636363636362,True,Macau Peninsula + Taipa & Cotai,False
50B,0,weekends,12,3.6363636363636362,True,Macau Peninsula + Taipa & Cotai,False
50B,0,weekends,13,3.6363636363636362,True,Macau Peninsula + Taipa & Cotai,False
50B,0,weekends,14,3.6363636363636362,True,Macau Peninsula + Taipa & Cotai,False
50B,0,weekends,15,3.6363636363636362,True,Macau Peninsula + Taipa & Cotai,False
50B,0,weekends,16,3.6363636363636362,True,Macau Peninsula + Taipa & Cotai,False
50B,0,weekends,17,3.6363636363636362,True,Macau Peninsula + Taipa & Cotai,False
50B,0,weekends,18,3.6363636363636362,True,Macau Peninsula + Taipa & Cotai,False
50B,0,weekends,19,3.6363636363636362,True,Macau Peninsula + Taipa & Cotai,False
50B,0,weekends,20,1.8181818181818181,True,Macau Peninsula + Taipa & Cotai,False
50B,0,weekends,21,0.0,True,Macau Peninsula + Taipa & Cotai,False
50B,0,weekends,22,0.0,True,Macau Peninsula + Taipa & Cotai,False
50B,0,weekends,23,0.0,True,Macau Peninsula + Taipa & Cotai,False
51,0,holidays,0,0.0,True,Coloane + Macau Peninsula + Taipa & Cotai,True
51,0,holidays,1,0.0,True,Coloane + Macau Peninsula + Taipa & Cotai,True
51,0,holidays,2,0.0,True,Coloane + Macau Peninsula + Taipa & Cotai,True
51,0,holidays,3,0.0,True,Coloane + Macau Peninsula + Taipa & Cotai,True
51,0,holidays,4,0.0,True,Coloane + Macau Peninsula + Taipa & Cotai,True
51,0,holidays,5,3.75,True,Coloane + Macau Peninsula + Taipa & Cotai,True
51,0,holidays,6,7.5,True,Coloane + Macau Peninsula + Taipa & Cotai,True
51,0,holidays,7,7.5,True,Coloane + Macau Peninsula + Taipa & Cotai,True
51,0,holidays,8,7.5,True,Coloane + Macau Peninsula + Taipa & Cotai,True
51,0,holidays,9,7.5,True,Coloane + Macau Peninsula + Taipa & Cotai,True
51,0,holidays,10,4.444444444444445,True,Coloane + Macau Peninsula + Taipa & Cotai,True
51,0,holidays,11,4.444444444444445,True,Coloane + Macau Peninsula + Taipa & Cotai,True
51,0,holidays,12,4.444444444444445,True,Coloane + Macau Peninsula + Taipa & Cotai,True
51,0,holidays,13,4.444444444444445,True,Coloane + Macau Peninsula + Taipa & Cotai,True
51,0,holidays,14,4.444444444444445,True,Coloane + Macau Peninsula + Taipa & Cotai,True
51,0,holidays,15,8.571428571428571,True,Coloane + Macau Peninsula + Taipa & Cotai,True
51,0,holidays,16,8.571428571428571,True,Coloane + Macau Peninsula + Taipa & Cotai,True
51,0,holidays,17,8.571428571428571,True,Coloane + Macau Peninsula + Taipa & Cotai,True
51,0,holidays,18,8.571428571428571,True,Coloane + Macau Peninsula + Taipa & Cotai,True
51,0,holidays,19,8.571428571428571,True,Coloane + Macau Peninsula + Taipa & Cotai,True
51,0,holidays,20,4.444444444444445,True,Coloane + Macau Peninsula + Taipa & Cotai,True
51,0,holidays,21,4.444444444444445,True,Coloane + Macau Peninsula + Taipa & Cotai,True
51,0,holidays,22,4.444444444444445,True,Coloane + Macau Peninsula + Taipa & Cotai,True
51,0,holidays,23,4.444444444444445,True,Coloane + Macau Peninsula + Taipa & Cotai,True
51,0,weekdays,0,0.0,True,Coloane + Macau Peninsula + Taipa & Cotai,True
51,0,weekdays,1,0.0,True,Coloane + Macau Peninsula + Taipa & Cotai,True
51,0,weekdays,2,0.0,True,Coloane + Macau Peninsula + Taipa & Cotai,True
51,0,weekdays,3,0.0,True,Coloane + Macau Peninsula + Taipa & Cotai,True
51,0,weekdays,4,0.0,True,Coloane + Macau Peninsula + Taipa & Cotai,True
51,0,weekdays,5,5.0,True,Coloane + Macau Peninsula + Taipa & Cotai,True
51,0,weekdays,6,10.0,True,Coloane + Macau Peninsula + Taipa & Cotai,True
51,0,weekdays,7,10.0,True,Coloane + Macau Peninsula + Taipa & Cotai,True
51,0,weekdays,8,10.0,True,Coloane + Macau Peninsula + Taipa & Cotai,True
51,0,weekdays,9,10.0,True,Coloane + Macau Peninsula + Taipa & Cotai,True
51,0,weekdays,10,4.8,True,Coloane + Macau Peninsula + Taipa & Cotai,True
51,0,weekdays,11,4.8,True,Coloane + Macau Peninsula + Taipa & Cotai,True
51,0,weekdays,12,4.8,True,Coloane + Macau Peninsula + Taipa & Cotai,True
51,0,weekdays,13,4.8,True,Coloane + Macau Peninsula + Taipa & Cotai,True
51,0,weekdays,14,4.8,True,Coloane + Macau Peninsula + Taipa & Cotai,True
51,0,weekdays,15,12.0,True,Coloane + Macau Peninsula + Taipa & Cotai,True
51,0,weekdays,16,12.0,True,Coloane + Macau Peninsula + Taipa & Cotai,True
51,0,weekdays,17,12.0,True,Coloane + Macau Peninsula + Taipa & Cotai,True
51,0,weekdays,18,12.0,True,Coloane + Macau Peninsula + Taipa & Cotai,True
51,0,weekdays,19,12.0,True,Coloane + Macau Peninsula + Taipa & Cotai,True
51,0,weekdays,20,4.8,True,Coloane + Macau Peninsula + Taipa & Cotai,True
51,0,weekdays,21,4.8,True,Coloane + Macau Peninsula + Taipa & Cotai,True
51,0,weekdays,22,4.8,True,Coloane + Macau Peninsula + Taipa & Cotai,True
51,0,weekdays,23,4.8,True,Coloane + Macau Peninsula + Taipa & Cotai,True
51,0,weekends,0,0.0,True,Coloane + Macau Peninsula + Taipa & Cotai,True
51,0,weekends,1,0.0,True,Coloane + Macau Peninsula + Taipa & Cotai,True
51,0,weekends,2,0.0,True,Coloane + Macau Peninsula + Taipa & Cotai,True
51,0,weekends,3,0.0,True,Coloane + Macau Peninsula + Taipa & Cotai,True
51,0,weekends,4,0.0,True,Coloane + Macau Peninsula + Taipa & Cotai,True
51,0,weekends,5,5.0,True,Coloane + Macau Peninsula + Taipa & Cotai,True
51,0,weekends,6,10.0,True,Coloane + Macau Peninsula + Taipa & Cotai,True
51,0,weekends,7,10.0,True,Coloane + Macau Peninsula + Taipa & Cotai,True
51,0,weekends,8,10.0,True,Coloane + Macau Peninsula + Taipa & Cotai,True
51,0,weekends,9,10.0,True,Coloane + Macau Peninsula + Taipa & Cotai,True
51,0,weekends,10,4.8,True,Coloane + Macau Peninsula + Taipa & Cotai,True
51,0,weekends,11,4.8,True,Coloane + Macau Peninsula + Taipa & Cotai,True
51,0,weekends,12,4.8,True,Coloane + Macau Peninsula + Taipa & Cotai,True
51,0,weekends,13,4.8,True,Coloane + Macau Peninsula + Taipa & Cotai,True
51,0,weekends,14,4.8,True,Coloane + Macau Peninsula + Taipa & Cotai,True
51,0,weekends,15,12.0,True,Coloane + Macau Peninsula + Taipa & Cotai,True
51,0,weekends,16,12.0,True,Coloane + Macau Peninsula + Taipa & Cotai,True
51,0,weekends,17,12.0,True,Coloane + Macau Peninsula + Taipa & Cotai,True
51,0,weekends,18,12.0,True,Coloane + Macau Peninsula + Taipa & Cotai,True
51,0,weekends,19,12.0,True,Coloane + Macau Peninsula + Taipa & Cotai,True
51,0,weekends,20,4.8,True,Coloane + Macau Peninsula + Taipa & Cotai,True
51,0,weekends,21,4.8,True,Coloane + Macau Peninsula + Taipa & Cotai,True
51,0,weekends,22,4.8,True,Coloane + Macau Peninsula + Taipa & Cotai,True
51,0,weekends,23,4.8,True,Coloane + Macau Peninsula + Taipa & Cotai,True
51A,0,holidays,0,0.0,True,Coloane + Macau Peninsula + Taipa & Cotai,True
51A,0,holidays,1,0.0,True,Coloane + Macau Peninsula + Taipa & Cotai,True
51A,0,holidays,2,0.0,True,Coloane + Macau Peninsula + Taipa & Cotai,True
51A,0,holidays,3,0.0,True,Coloane + Macau Peninsula + Taipa & Cotai,True
51A,0,holidays,4,0.0,True,Coloane + Macau Peninsula + Taipa & Cotai,True
51A,0,holidays,5,0.0,True,Coloane + Macau Peninsula + Taipa & Cotai,True
51A,0,holidays,6,6.0,True,Coloane + Macau Peninsula + Taipa & Cotai,True
51A,0,holidays,7,6.0,True,Coloane + Macau Peninsula + Taipa & Cotai,True
51A,0,holidays,8,6.0,True,Coloane + Macau Peninsula + Taipa & Cotai,True
51A,0,holidays,9,3.6363636363636362,True,Coloane + Macau Peninsula + Taipa & Cotai,True
51A,0,holidays,10,3.6363636363636362,True,Coloane + Macau Peninsula + Taipa & Cotai,True
51A,0,holidays,11,3.6363636363636362,True,Coloane + Macau Peninsula + Taipa & Cotai,True
51A,0,holidays,12,3.6363636363636362,True,Coloane + Macau Peninsula + Taipa & Cotai,True
51A,0,holidays,13,3.6363636363636362,True,Coloane + Macau Peninsula + Taipa & Cotai,True
51A,0,holidays,14,3.6363636363636362,True,Coloane + Macau Peninsula + Taipa & Cotai,True
51A,0,holidays,15,3.6363636363636362,True,Coloane + Macau Peninsula + Taipa & Cotai,True
51A,0,holidays,16,5.454545454545454,True,Coloane + Macau Peninsula + Taipa & Cotai,True
51A,0,holidays,17,5.454545454545454,True,Coloane + Macau Peninsula + Taipa & Cotai,True
51A,0,holidays,18,5.454545454545454,True,Coloane + Macau Peninsula + Taipa & Cotai,True
51A,0,holidays,19,3.1578947368421053,True,Coloane + Macau Peninsula + Taipa & Cotai,True
51A,0,holidays,20,3.1578947368421053,True,Coloane + Macau Peninsula + Taipa & Cotai,True
51A,0,holidays,21,3.1578947368421053,True,Coloane + Macau Peninsula + Taipa & Cotai,True
51A,0,holidays,22,3.1578947368421053,True,Coloane + Macau Peninsula + Taipa & Cotai,True
51A,0,holidays,23,3.1578947368421053,True,Coloane + Macau Peninsula + Taipa & Cotai,True
51A,0,weekdays,0,0.0,True,Coloane + Macau Peninsula + Taipa & Cotai,True
51A,0,weekdays,1,0.0,True,Coloane + Macau Peninsula + Taipa & Cotai,True
51A,0,weekdays,2,0.0,True,Coloane + Macau Peninsula + Taipa & Cotai,True
51A,0,weekdays,3,0.0,True,Coloane + Macau Peninsula + Taipa & Cotai,True
51A,0,weekdays,4,0.0,True,Coloane + Macau Peninsula + Taipa & Cotai,True
51A,0,weekdays,5,0.0,True,Coloane + Macau Peninsula + Taipa & Cotai,True
51A,0,weekdays,6,7.5,True,Coloane + Macau Peninsula + Taipa & Cotai,True
51A,0,weekdays,7,7.5,True,Coloane + Macau Peninsula + Taipa & Cotai,True
51A,0,weekdays,8,7.5,True,Coloane + Macau Peninsula + Taipa & Cotai,True
51A,0,weekdays,9,4.444444444444445,True,Coloane + Macau Peninsula + Taipa & Cotai,True
51A,0,weekdays,10,4.444444444444445,True,Coloane + Macau Peninsula + Taipa & Cotai,True
51A,0,weekdays,11,4.444444444444445,True,Coloane + Macau Peninsula + Taipa & Cotai,True
51A,0,weekdays,12,4.444444444444445,True,Coloane + Macau Peninsula + Taipa & Cotai,True
51A,0,weekdays,13,4.444444444444445,True,Coloane + Macau Peninsula + Taipa & Cotai,True
51A,0,weekdays,14,4.444444444444445,True,Coloane + Macau Peninsula + Taipa & Cotai,True
51A,0,weekdays,15,4.444444444444445,True,Coloane + Macau Peninsula + Taipa & Cotai,True
51A,0,weekdays,16,7.5,True,Coloane + Macau Peninsula + Taipa & Cotai,True
51A,0,weekdays,17,7.5,True,Coloane + Macau Peninsula + Taipa & Cotai,True
51A,0,weekdays,18,7.5,True,Coloane + Macau Peninsula + Taipa & Cotai,True
51A,0,weekdays,19,4.0,True,Coloane + Macau Peninsula + Taipa & Cotai,True
51A,0,weekdays,20,4.0,True,Coloane + Macau Peninsula + Taipa & Cotai,True
51A,0,weekdays,21,4.0,True,Coloane + Macau Peninsula + Taipa & Cotai,True
51A,0,weekdays,22,4.0,True,Coloane + Macau Peninsula + Taipa & Cotai,True
51A,0,weekdays,23,4.0,True,Coloane + Macau Peninsula + Taipa & Cotai,True
51A,0,weekends,0,0.0,True,Coloane + Macau Peninsula + Taipa & Cotai,True
51A,0,weekends,1,0.0,True,Coloane + Macau Peninsula + Taipa & Cotai,True
51A,0,weekends,2,0.0,True,Coloane + Macau Peninsula + Taipa & Cotai,True
51A,0,weekends,3,0.0,True,Coloane + Macau Peninsula + Taipa & Cotai,True
51A,0,weekends,4,0.0,True,Coloane + Macau Peninsula + Taipa & Cotai,True
51A,0,weekends,5,0.0,True,Coloane + Macau Peninsula + Taipa & Cotai,True
51A,0,weekends,6,7.5,True,Coloane + Macau Peninsula + Taipa & Cotai,True
51A,0,weekends,7,7.5,True,Coloane + Macau Peninsula + Taipa & Cotai,True
51A,0,weekends,8,7.5,True,Coloane + Macau Peninsula + Taipa & Cotai,True
51A,0,weekends,9,4.444444444444445,True,Coloane + Macau Peninsula + Taipa & Cotai,True
51A,0,weekends,10,4.444444444444445,True,Coloane + Macau Peninsula + Taipa & Cotai,True
51A,0,weekends,11,4.444444444444445,True,Coloane + Macau Peninsula + Taipa & Cotai,True
51A,0,weekends,12,4.444444444444445,True,Coloane + Macau Peninsula + Taipa & Cotai,True
51A,0,weekends,13,4.444444444444445,True,Coloane + Macau Peninsula + Taipa & Cotai,True
51A,0,weekends,14,4.444444444444445,True,Coloane + Macau Peninsula + Taipa & Cotai,True
51A,0,weekends,15,4.444444444444445,True,Coloane + Macau Peninsula + Taipa & Cotai,True
51A,0,weekends,16,7.5,True,Coloane + Macau Peninsula + Taipa & Cotai,True
51A,0,weekends,17,7.5,True,Coloane + Macau Peninsula + Taipa & Cotai,True
51A,0,weekends,18,7.5,True,Coloane + Macau Peninsula + Taipa & Cotai,True
51A,0,weekends,19,4.0,True,Coloane + Macau Peninsula + Taipa & Cotai,True
51A,0,weekends,20,4.0,True,Coloane + Macau Peninsula + Taipa & Cotai,True
51A,0,weekends,21,4.0,True,Coloane + Macau Peninsula + Taipa & Cotai,True
51A,0,weekends,22,4.0,True,Coloane + Macau Peninsula + Taipa & Cotai,True
51A,0,weekends,23,4.0,True,Coloane + Macau Peninsula + Taipa & Cotai,True
51A,1,holidays,0,0.0,True,Coloane + Macau Peninsula + Taipa & Cotai,True
51A,1,holidays,1,0.0,True,Coloane + Macau Peninsula + Taipa & Cotai,True
51A,1,holidays,2,0.0,True,Coloane + Macau Peninsula + Taipa & Cotai,True
51A,1,holidays,3,0.0,True,Coloane + Macau Peninsula + Taipa & Cotai,True
51A,1,holidays,4,0.0,True,Coloane + Macau Peninsula + Taipa & Cotai,True
51A,1,holidays,5,0.0,True,Coloane + Macau Peninsula + Taipa & Cotai,True
51A,1,holidays,6,6.0,True,Coloane + Macau Peninsula + Taipa & Cotai,True
51A,1,holidays,7,6.0,True,Coloane + Macau Peninsula + Taipa & Cotai,True
51A,1,holidays,8,6.0,True,Coloane + Macau Peninsula + Taipa & Cotai,True
51A,1,holidays,9,3.6363636363636362,True,Coloane + Macau Peninsula + Taipa & Cotai,True
51A,1,holidays,10,3.6363636363636362,True,Coloane + Macau Peninsula + Taipa & Cotai,True
51A,1,holidays,11,3.6363636363636362,True,Coloane + Macau Peninsula + Taipa & Cotai,True
51A,1,holidays,12,3.6363636363636362,True,Coloane + Macau Peninsula + Taipa & Cotai,True
51A,1,holidays,13,3.6363636363636362,True,Coloane + Macau Peninsula + Taipa & Cotai,True
51A,1,holidays,14,3.6363636363636362,True,Coloane + Macau Peninsula + Taipa & Cotai,True
51A,1,holidays,15,3.6363636363636362,True,Coloane + Macau Peninsula + Taipa & Cotai,True
51A,1,holidays,16,5.454545454545454,True,Coloane + Macau Peninsula + Taipa & Cotai,True
51A,1,holidays,17,5.454545454545454,True,Coloane + Macau Peninsula + Taipa & Cotai,True
51A,1,holidays,18,5.454545454545454,True,Coloane + Macau Peninsula + Taipa & Cotai,True
51A,1,holidays,19,3.1578947368421053,True,Coloane + Macau Peninsula + Taipa & Cotai,True
51A,1,holidays,20,3.1578947368421053,True,Coloane + Macau Peninsula + Taipa & Cotai,True
51A,1,holidays,21,3.1578947368421053,True,Coloane + Macau Peninsula + Taipa & Cotai,True
51A,1,holidays,22,3.1578947368421053,True,Coloane + Macau Peninsula + Taipa & Cotai,True
51A,1,holidays,23,3.1578947368421053,True,Coloane + Macau Peninsula + Taipa & Cotai,True
51A,1,weekdays,0,0.0,True,Coloane + Macau Peninsula + Taipa & Cotai,True
51A,1,weekdays,1,0.0,True,Coloane + Macau Peninsula + Taipa & Cotai,True
51A,1,weekdays,2,0.0,True,Coloane + Macau Peninsula + Taipa & Cotai,True
51A,1,weekdays,3,0.0,True,Coloane + Macau Peninsula + Taipa & Cotai,True
51A,1,weekdays,4,0.0,True,Coloane + Macau Peninsula + Taipa & Cotai,True
51A,1,weekdays,5,0.0,True,Coloane + Macau Peninsula + Taipa & Cotai,True
51A,1,weekdays,6,7.5,True,Coloane + Macau Peninsula + Taipa & Cotai,True
51A,1,weekdays,7,7.5,True,Coloane + Macau Peninsula + Taipa & Cotai,True
51A,1,weekdays,8,7.5,True,Coloane + Macau Peninsula + Taipa & Cotai,True
51A,1,weekdays,9,4.444444444444445,True,Coloane + Macau Peninsula + Taipa & Cotai,True
51A,1,weekdays,10,4.444444444444445,True,Coloane + Macau Peninsula + Taipa & Cotai,True
51A,1,weekdays,11,4.444444444444445,True,Coloane + Macau Peninsula + Taipa & Cotai,True
51A,1,weekdays,12,4.444444444444445,True,Coloane + Macau Peninsula + Taipa & Cotai,True
51A,1,weekdays,13,4.444444444444445,True,Coloane + Macau Peninsula + Taipa & Cotai,True
51A,1,weekdays,14,4.444444444444445,True,Coloane + Macau Peninsula + Taipa & Cotai,True
51A,1,weekdays,15,4.444444444444445,True,Coloane + Macau Peninsula + Taipa & Cotai,True
51A,1,weekdays,16,7.5,True,Coloane + Macau Peninsula + Taipa & Cotai,True
51A,1,weekdays,17,7.5,True,Coloane + Macau Peninsula + Taipa & Cotai,True
51A,1,weekdays,18,7.5,True,Coloane + Macau Peninsula + Taipa & Cotai,True
51A,1,weekdays,19,4.0,True,Coloane + Macau Peninsula + Taipa & Cotai,True
51A,1,weekdays,20,4.0,True,Coloane + Macau Peninsula + Taipa & Cotai,True
51A,1,weekdays,21,4.0,True,Coloane + Macau Peninsula + Taipa & Cotai,True
51A,1,weekdays,22,4.0,True,Coloane + Macau Peninsula + Taipa & Cotai,True
51A,1,weekdays,23,4.0,True,Coloane + Macau Peninsula + Taipa & Cotai,True
51A,1,weekends,0,0.0,True,Coloane + Macau Peninsula + Taipa & Cotai,True
51A,1,weekends,1,0.0,True,Coloane + Macau Peninsula + Taipa & Cotai,True
51A,1,weekends,2,0.0,True,Coloane + Macau Peninsula + Taipa & Cotai,True
51A,1,weekends,3,0.0,True,Coloane + Macau Peninsula + Taipa & Cotai,True
51A,1,weekends,4,0.0,True,Coloane + Macau Peninsula + Taipa & Cotai,True
51A,1,weekends,5,0.0,True,Coloane + Macau Peninsula + Taipa & Cotai,True
51A,1,weekends,6,7.5,True,Coloane + Macau Peninsula + Taipa & Cotai,True
51A,1,weekends,7,7.5,True,Coloane + Macau Peninsula + Taipa & Cotai,True
51A,1,weekends,8,7.5,True,Coloane + Macau Peninsula + Taipa & Cotai,True
51A,1,weekends,9,4.444444444444445,True,Coloane + Macau Peninsula + Taipa & Cotai,True
51A,1,weekends,10,4.444444444444445,True,Coloane + Macau Peninsula + Taipa & Cotai,True
51A,1,weekends,11,4.444444444444445,True,Coloane + Macau Peninsula + Taipa & Cotai,True
51A,1,weekends,12,4.444444444444445,True,Coloane + Macau Peninsula + Taipa & Cotai,True
51A,1,weekends,13,4.444444444444445,True,Coloane + Macau Peninsula + Taipa & Cotai,True
51A,1,weekends,14,4.444444444444445,True,Coloane + Macau Peninsula + Taipa & Cotai,True
51A,1,weekends,15,4.444444444444445,True,Coloane + Macau Peninsula + Taipa & Cotai,True
51A,1,weekends,16,7.5,True,Coloane + Macau Peninsula + Taipa & Cotai,True
51A,1,weekends,17,7.5,True,Coloane + Macau Peninsula + Taipa & Cotai,True
51A,1,weekends,18,7.5,True,Coloane + Macau Peninsula + Taipa & Cotai,True
51A,1,weekends,19,4.0,True,Coloane + Macau Peninsula + Taipa & Cotai,True
51A,1,weekends,20,4.0,True,Coloane + Macau Peninsula + Taipa & Cotai,True
51A,1,weekends,21,4.0,True,Coloane + Macau Peninsula + Taipa & Cotai,True
51A,1,weekends,22,4.0,True,Coloane + Macau Peninsula + Taipa & Cotai,True
51A,1,weekends,23,4.0,True,Coloane + Macau Peninsula + Taipa & Cotai,True
51X,0,weekdays,0,0.0,True,Coloane + Macau Peninsula + Taipa & Cotai,True
51X,0,weekdays,1,0.0,True,Coloane + Macau Peninsula + Taipa & Cotai,True
51X,0,weekdays,2,0.0,True,Coloane + Macau Peninsula + Taipa & Cotai,True
51X,0,weekdays,3,0.0,True,Coloane + Macau Peninsula + Taipa & Cotai,True
51X,0,weekdays,4,0.0,True,Coloane + Macau Peninsula + Taipa & Cotai,True
51X,0,weekdays,5,0.0,True,Coloane + Macau Peninsula + Taipa & Cotai,True
51X,0,weekdays,6,2.4,True,Coloane + Macau Peninsula + Taipa & Cotai,True
51X,0,weekdays,7,4.8,True,Coloane + Macau Peninsula + Taipa & Cotai,True
51X,0,weekdays,8,4.8,True,Coloane + Macau Peninsula + Taipa & Cotai,True
51X,0,weekdays,9,0.0,True,Coloane + Macau Peninsula + Taipa & Cotai,True
51X,0,weekdays,10,0.0,True,Coloane + Macau Peninsula + Taipa & Cotai,True
51X,0,weekdays,11,0.0,True,Coloane + Macau Peninsula + Taipa & Cotai,True
51X,0,weekdays,12,0.0,True,Coloane + Macau Peninsula + Taipa & Cotai,True
51X,0,weekdays,13,0.0,True,Coloane + Macau Peninsula + Taipa & Cotai,True
51X,0,weekdays,14,0.0,True,Coloane + Macau Peninsula + Taipa & Cotai,True
51X,0,weekdays,15,0.0,True,Coloane + Macau Peninsula + Taipa & Cotai,True
51X,0,weekdays,16,4.8,True,Coloane + Macau Peninsula + Taipa & Cotai,True
51X,0,weekdays,17,4.8,True,Coloane + Macau Peninsula + Taipa & Cotai,True
51X,0,weekdays,18,4.8,True,Coloane + Macau Peninsula + Taipa & Cotai,True
51X,0,weekdays,19,0.0,True,Coloane + Macau Peninsula + Taipa & Cotai,True
51X,0,weekdays,20,0.0,True,Coloane + Macau Peninsula + Taipa & Cotai,True
51X,0,weekdays,21,0.0,True,Coloane + Macau Peninsula + Taipa & Cotai,True
51X,0,weekdays,22,0.0,True,Coloane + Macau Peninsula + Taipa & Cotai,True
51X,0,weekdays,23,0.0,True,Coloane + Macau Peninsula + Taipa & Cotai,True
51X,0,weekends,0,0.0,True,Coloane + Macau Peninsula + Taipa & Cotai,True
51X,0,weekends,1,0.0,True,Coloane + Macau Peninsula + Taipa & Cotai,True
51X,0,weekends,2,0.0,True,Coloane + Macau Peninsula + Taipa & Cotai,True
51X,0,weekends,3,0.0,True,Coloane + Macau Peninsula + Taipa & Cotai,True
51X,0,weekends,4,0.0,True,Coloane + Macau Peninsula + Taipa & Cotai,True
51X,0,weekends,5,0.0,True,Coloane + Macau Peninsula + Taipa & Cotai,True
51X,0,weekends,6,2.4,True,Coloane + Macau Peninsula + Taipa & Cotai,True
51X,0,weekends,7,4.8,True,Coloane + Macau Peninsula + Taipa & Cotai,True
51X,0,weekends,8,4.8,True,Coloane + Macau Peninsula + Taipa & Cotai,True
51X,0,weekends,9,0.0,True,Coloane + Macau Peninsula + Taipa & Cotai,True
51X,0,weekends,10,0.0,True,Coloane + Macau Peninsula + Taipa & Cotai,True
51X,0,weekends,11,0.0,True,Coloane + Macau Peninsula + Taipa & Cotai,True
51X,0,weekends,12,0.0,True,Coloane + Macau Peninsula + Taipa & Cotai,True
51X,0,weekends,13,0.0,True,Coloane + Macau Peninsula + Taipa & Cotai,True
51X,0,weekends,14,0.0,True,Coloane + Macau Peninsula + Taipa & Cotai,True
51X,0,weekends,15,0.0,True,Coloane + Macau Peninsula + Taipa & Cotai,True
51X,0,weekends,16,4.8,True,Coloane + Macau Peninsula + Taipa & Cotai,True
51X,0,weekends,17,4.8,True,Coloane + Macau Peninsula + Taipa & Cotai,True
51X,0,weekends,18,4.8,True,Coloane + Macau Peninsula + Taipa & Cotai,True
51X,0,weekends,19,0.0,True,Coloane + Macau Peninsula + Taipa & Cotai,True
51X,0,weekends,20,0.0,True,Coloane + Macau Peninsula + Taipa & Cotai,True
51X,0,weekends,21,0.0,True,Coloane + Macau Peninsula + Taipa & Cotai,True
51X,0,weekends,22,0.0,True,Coloane + Macau Peninsula + Taipa & Cotai,True
51X,0,weekends,23,0.0,True,Coloane + Macau Peninsula + Taipa & Cotai,True
51X,1,weekdays,0,0.0,True,Coloane + Macau Peninsula + Taipa & Cotai,True
51X,1,weekdays,1,0.0,True,Coloane + Macau Peninsula + Taipa & Cotai,True
51X,1,weekdays,2,0.0,True,Coloane + Macau Peninsula + Taipa & Cotai,True
51X,1,weekdays,3,0.0,True,Coloane + Macau Peninsula + Taipa & Cotai,True
51X,1,weekdays,4,0.0,True,Coloane + Macau Peninsula + Taipa & Cotai,True
51X,1,weekdays,5,0.0,True,Coloane + Macau Peninsula + Taipa & Cotai,True
51X,1,weekdays,6,2.4,True,Coloane + Macau Peninsula + Taipa & Cotai,True
51X,1,weekdays,7,4.8,True,Coloane + Macau Peninsula + Taipa & Cotai,True
51X,1,weekdays,8,4.8,True,Coloane + Macau Peninsula + Taipa & Cotai,True
51X,1,weekdays,9,0.0,True,Coloane + Macau Peninsula + Taipa & Cotai,True
51X,1,weekdays,10,0.0,True,Coloane + Macau Peninsula + Taipa & Cotai,True
51X,1,weekdays,11,0.0,True,Coloane + Macau Peninsula + Taipa & Cotai,True
51X,1,weekdays,12,0.0,True,Coloane + Macau Peninsula + Taipa & Cotai,True
51X,1,weekdays,13,0.0,True,Coloane + Macau Peninsula + Taipa & Cotai,True
51X,1,weekdays,14,0.0,True,Coloane + Macau Peninsula + Taipa & Cotai,True
51X,1,weekdays,15,0.0,True,Coloane + Macau Peninsula + Taipa & Cotai,True
51X,1,weekdays,16,4.8,True,Coloane + Macau Peninsula + Taipa & Cotai,True
51X,1,weekdays,17,4.8,True,Coloane + Macau Peninsula + Taipa & Cotai,True
51X,1,weekdays,18,4.8,True,Coloane + Macau Peninsula + Taipa & Cotai,True
51X,1,weekdays,19,0.0,True,Coloane + Macau Peninsula + Taipa & Cotai,True
51X,1,weekdays,20,0.0,True,Coloane + Macau Peninsula + Taipa & Cotai,True
51X,1,weekdays,21,0.0,True,Coloane + Macau Peninsula + Taipa & Cotai,True
51X,1,weekdays,22,0.0,True,Coloane + Macau Peninsula + Taipa & Cotai,True
51X,1,weekdays,23,0.0,True,Coloane + Macau Peninsula + Taipa & Cotai,True
51X,1,weekends,0,0.0,True,Coloane + Macau Peninsula + Taipa & Cotai,True
51X,1,weekends,1,0.0,True,Coloane + Macau Peninsula + Taipa & Cotai,True
51X,1,weekends,2,0.0,True,Coloane + Macau Peninsula + Taipa & Cotai,True
51X,1,weekends,3,0.0,True,Coloane + Macau Peninsula + Taipa & Cotai,True
51X,1,weekends,4,0.0,True,Coloane + Macau Peninsula + Taipa & Cotai,True
51X,1,weekends,5,0.0,True,Coloane + Macau Peninsula + Taipa & Cotai,True
51X,1,weekends,6,2.4,True,Coloane + Macau Peninsula + Taipa & Cotai,True
51X,1,weekends,7,4.8,True,Coloane + Macau Peninsula + Taipa & Cotai,True
51X,1,weekends,8,4.8,True,Coloane + Macau Peninsula + Taipa & Cotai,True
51X,1,weekends,9,0.0,True,Coloane + Macau Peninsula + Taipa & Cotai,True
51X,1,weekends,10,0.0,True,Coloane + Macau Peninsula + Taipa & Cotai,True
51X,1,weekends,11,0.0,True,Coloane + Macau Peninsula + Taipa & Cotai,True
51X,1,weekends,12,0.0,True,Coloane + Macau Peninsula + Taipa & Cotai,True
51X,1,weekends,13,0.0,True,Coloane + Macau Peninsula + Taipa & Cotai,True
51X,1,weekends,14,0.0,True,Coloane + Macau Peninsula + Taipa & Cotai,True
51X,1,weekends,15,0.0,True,Coloane + Macau Peninsula + Taipa & Cotai,True
51X,1,weekends,16,4.8,True,Coloane + Macau Peninsula + Taipa & Cotai,True
51X,1,weekends,17,4.8,True,Coloane + Macau Peninsula + Taipa & Cotai,True
51X,1,weekends,18,4.8,True,Coloane + Macau Peninsula + Taipa & Cotai,True
51X,1,weekends,19,0.0,True,Coloane + Macau Peninsula + Taipa & Cotai,True
51X,1,weekends,20,0.0,True,Coloane + Macau Peninsula + Taipa & Cotai,True
51X,1,weekends,21,0.0,True,Coloane + Macau Peninsula + Taipa & Cotai,True
51X,1,weekends,22,0.0,True,Coloane + Macau Peninsula + Taipa & Cotai,True
51X,1,weekends,23,0.0,True,Coloane + Macau Peninsula + Taipa & Cotai,True
52,0,holidays,0,0.0,True,Coloane + Macau Peninsula + Taipa & Cotai,True
52,0,holidays,1,0.0,True,Coloane + Macau Peninsula + Taipa & Cotai,True
52,0,holidays,2,0.0,True,Coloane + Macau Peninsula + Taipa & Cotai,True
52,0,holidays,3,0.0,True,Coloane + Macau Peninsula + Taipa & Cotai,True
52,0,holidays,4,0.0,True,Coloane + Macau Peninsula + Taipa & Cotai,True
52,0,holidays,5,0.0,True,Coloane + Macau Peninsula + Taipa & Cotai,True
52,0,holidays,6,6.0,True,Coloane + Macau Peninsula + Taipa & Cotai,True
52,0,holidays,7,6.0,True,Coloane + Macau Peninsula + Taipa & Cotai,True
52,0,holidays,8,6.0,True,Coloane + Macau Peninsula + Taipa & Cotai,True
52,0,holidays,9,6.0,True,Coloane + Macau Peninsula + Taipa & Cotai,True
52,0,holidays,10,4.444444444444445,True,Coloane + Macau Peninsula + Taipa & Cotai,True
52,0,holidays,11,4.444444444444445,True,Coloane + Macau Peninsula + Taipa & Cotai,True
52,0,holidays,12,4.444444444444445,True,Coloane + Macau Peninsula + Taipa & Cotai,True
52,0,holidays,13,4.444444444444445,True,Coloane + Macau Peninsula + Taipa & Cotai,True
52,0,holidays,14,4.444444444444445,True,Coloane + Macau Peninsula + Taipa & Cotai,True
52,0,holidays,15,6.0,True,Coloane + Macau Peninsula + Taipa & Cotai,True
52,0,holidays,16,6.0,True,Coloane + Macau Peninsula + Taipa & Cotai,True
52,0,holidays,17,6.0,True,Coloane + Macau Peninsula + Taipa & Cotai,True
52,0,holidays,18,6.0,True,Coloane + Macau Peninsula + Taipa & Cotai,True
52,0,holidays,19,6.0,True,Coloane + Macau Peninsula + Taipa & Cotai,True
52,0,holidays,20,4.444444444444445,True,Coloane + Macau Peninsula + Taipa & Cotai,True
52,0,holidays,21,4.444444444444445,True,Coloane + Macau Peninsula + Taipa & Cotai,True
52,0,holidays,22,4.444444444444445,True,Coloane + Macau Peninsula + Taipa & Cotai,True
52,0,holidays,23,4.444444444444445,True,Coloane + Macau Peninsula + Taipa & Cotai,True
52,0,weekdays,0,0.0,True,Coloane + Macau Peninsula + Taipa & Cotai,True
52,0,weekdays,1,0.0,True,Coloane + Macau Peninsula + Taipa & Cotai,True
52,0,weekdays,2,0.0,True,Coloane + Macau Peninsula + Taipa & Cotai,True
52,0,weekdays,3,0.0,True,Coloane + Macau Peninsula + Taipa & Cotai,True
52,0,weekdays,4,0.0,True,Coloane + Macau Peninsula + Taipa & Cotai,True
52,0,weekdays,5,0.0,True,Coloane + Macau Peninsula + Taipa & Cotai,True
52,0,weekdays,6,8.571428571428571,True,Coloane + Macau Peninsula + Taipa & Cotai,True
52,0,weekdays,7,8.571428571428571,True,Coloane + Macau Peninsula + Taipa & Cotai,True
52,0,weekdays,8,8.571428571428571,True,Coloane + Macau Peninsula + Taipa & Cotai,True
52,0,weekdays,9,8.571428571428571,True,Coloane + Macau Peninsula + Taipa & Cotai,True
52,0,weekdays,10,4.8,True,Coloane + Macau Peninsula + Taipa & Cotai,True
52,0,weekdays,11,4.8,True,Coloane + Macau Peninsula + Taipa & Cotai,True
52,0,weekdays,12,4.8,True,Coloane + Macau Peninsula + Taipa & Cotai,True
52,0,weekdays,13,4.8,True,Coloane + Macau Peninsula + Taipa & Cotai,True
52,0,weekdays,14,4.8,True,Coloane + Macau Peninsula + Taipa & Cotai,True
52,0,weekdays,15,8.0,True,Coloane + Macau Peninsula + Taipa & Cotai,True
52,0,weekdays,16,8.0,True,Coloane + Macau Peninsula + Taipa & Cotai,True
52,0,weekdays,17,8.0,True,Coloane + Macau Peninsula + Taipa & Cotai,True
52,0,weekdays,18,8.0,True,Coloane + Macau Peninsula + Taipa & Cotai,True
52,0,weekdays,19,8.0,True,Coloane + Macau Peninsula + Taipa & Cotai,True
52,0,weekdays,20,4.444444444444445,True,Coloane + Macau Peninsula + Taipa & Cotai,True
52,0,weekdays,21,4.444444444444445,True,Coloane + Macau Peninsula + Taipa & Cotai,True
52,0,weekdays,22,4.444444444444445,True,Coloane + Macau Peninsula + Taipa & Cotai,True
52,0,weekdays,23,4.444444444444445,True,Coloane + Macau Peninsula + Taipa & Cotai,True
52,0,weekends,0,0.0,True,Coloane + Macau Peninsula + Taipa & Cotai,True
52,0,weekends,1,0.0,True,Coloane + Macau Peninsula + Taipa & Cotai,True
52,0,weekends,2,0.0,True,Coloane + Macau Peninsula + Taipa & Cotai,True
52,0,weekends,3,0.0,True,Coloane + Macau Peninsula + Taipa & Cotai,True
52,0,weekends,4,0.0,True,Coloane + Macau Peninsula + Taipa & Cotai,True
52,0,weekends,5,0.0,True,Coloane + Macau Peninsula + Taipa & Cotai,True
52,0,weekends,6,8.571428571428571,True,Coloane + Macau Peninsula + Taipa & Cotai,True
52,0,weekends,7,8.571428571428571,True,Coloane + Macau Peninsula + Taipa & Cotai,True
52,0,weekends,8,8.571428571428571,True,Coloane + Macau Peninsula + Taipa & Cotai,True
52,0,weekends,9,8.571428571428571,True,Coloane + Macau Peninsula + Taipa & Cotai,True
52,0,weekends,10,4.444444444444445,True,Coloane + Macau Peninsula + Taipa & Cotai,True
52,0,weekends,11,4.444444444444445,True,Coloane + Macau Peninsula + Taipa & Cotai,True
52,0,weekends,12,4.444444444444445,True,Coloane + Macau Peninsula + Taipa & Cotai,True
52,0,weekends,13,4.444444444444445,True,Coloane + Macau Peninsula + Taipa & Cotai,True
52,0,weekends,14,4.444444444444445,True,Coloane + Macau Peninsula + Taipa & Cotai,True
52,0,weekends,15,8.0,True,Coloane + Macau Peninsula + Taipa & Cotai,True
52,0,weekends,16,8.0,True,Coloane + Macau Peninsula + Taipa & Cotai,True
52,0,weekends,17,8.0,True,Coloane + Macau Peninsula + Taipa & Cotai,True
52,0,weekends,18,8.0,True,Coloane + Macau Peninsula + Taipa & Cotai,True
52,0,weekends,19,8.0,True,Coloane + Macau Peninsula + Taipa & Cotai,True
52,0,weekends,20,3.6363636363636362,True,Coloane + Macau Peninsula + Taipa & Cotai,True
52,0,weekends,21,3.6363636363636362,True,Coloane + Macau Peninsula + Taipa & Cotai,True
52,0,weekends,22,3.6363636363636362,True,Coloane + Macau Peninsula + Taipa & Cotai,True
52,0,weekends,23,3.6363636363636362,True,Coloane + Macau Peninsula + Taipa & Cotai,True
55,0,holidays,0,0.0,True,Coloane + Macau Peninsula + Taipa & Cotai,True
55,0,holidays,1,0.0,True,Coloane + Macau Peninsula + Taipa & Cotai,True
55,0,holidays,2,0.0,True,Coloane + Macau Peninsula + Taipa & Cotai,True
55,0,holidays,3,0.0,True,Coloane + Macau Peninsula + Taipa & Cotai,True
55,0,holidays,4,0.0,True,Coloane + Macau Peninsula + Taipa & Cotai,True
55,0,holidays,5,0.0,True,Coloane + Macau Peninsula + Taipa & Cotai,True
55,0,holidays,6,3.4285714285714284,True,Coloane + Macau Peninsula + Taipa & Cotai,True
55,0,holidays,7,3.4285714285714284,True,Coloane + Macau Peninsula + Taipa & Cotai,True
55,0,holidays,8,3.4285714285714284,True,Coloane + Macau Peninsula + Taipa & Cotai,True
55,0,holidays,9,3.4285714285714284,True,Coloane + Macau Peninsula + Taipa & Cotai,True
55,0,holidays,10,3.4285714285714284,True,Coloane + Macau Peninsula + Taipa & Cotai,True
55,0,holidays,11,3.4285714285714284,True,Coloane + Macau Peninsula + Taipa & Cotai,True
55,0,holidays,12,3.4285714285714284,True,Coloane + Macau Peninsula + Taipa & Cotai,True
55,0,holidays,13,3.4285714285714284,True,Coloane + Macau Peninsula + Taipa & Cotai,True
55,0,holidays,14,3.4285714285714284,True,Coloane + Macau Peninsula + Taipa & Cotai,True
55,0,holidays,15,3.4285714285714284,True,Coloane + Macau Peninsula + Taipa & Cotai,True
55,0,holidays,16,3.4285714285714284,True,Coloane + Macau Peninsula + Taipa & Cotai,True
55,0,holidays,17,3.4285714285714284,True,Coloane + Macau Peninsula + Taipa & Cotai,True
55,0,holidays,18,3.4285714285714284,True,Coloane + Macau Peninsula + Taipa & Cotai,True
55,0,holidays,19,3.4285714285714284,True,Coloane + Macau Peninsula + Taipa & Cotai,True
55,0,holidays,20,3.4285714285714284,True,Coloane + Macau Peninsula + Taipa & Cotai,True
55,0,holidays,21,3.4285714285714284,True,Coloane + Macau Peninsula + Taipa & Cotai,True
55,0,holidays,22,3.4285714285714284,True,Coloane + Macau Peninsula + Taipa & Cotai,True
55,0,holidays,23,3.4285714285714284,True,Coloane + Macau Peninsula + Taipa & Cotai,True
55,0,weekdays,0,0.0,True,Coloane + Macau Peninsula + Taipa & Cotai,True
55,0,weekdays,1,0.0,True,Coloane + Macau Peninsula + Taipa & Cotai,True
55,0,weekdays,2,0.0,True,Coloane + Macau Peninsula + Taipa & Cotai,True
55,0,weekdays,3,0.0,True,Coloane + Macau Peninsula + Taipa & Cotai,True
55,0,weekdays,4,0.0,True,Coloane + Macau Peninsula + Taipa & Cotai,True
55,0,weekdays,5,0.0,True,Coloane + Macau Peninsula + Taipa & Cotai,True
55,0,weekdays,6,4.8,True,Coloane + Macau Peninsula + Taipa & Cotai,True
55,0,weekdays,7,4.8,True,Coloane + Macau Peninsula + Taipa & Cotai,True
55,0,weekdays,8,4.8,True,Coloane + Macau Peninsula + Taipa & Cotai,True
55,0,weekdays,9,4.8,True,Coloane + Macau Peninsula + Taipa & Cotai,True
55,0,weekdays,10,3.4285714285714284,True,Coloane + Macau Peninsula + Taipa & Cotai,True
55,0,weekdays,11,3.4285714285714284,True,Coloane + Macau Peninsula + Taipa & Cotai,True
55,0,weekdays,12,3.4285714285714284,True,Coloane + Macau Peninsula + Taipa & Cotai,True
55,0,weekdays,13,3.4285714285714284,True,Coloane + Macau Peninsula + Taipa & Cotai,True
55,0,weekdays,14,3.4285714285714284,True,Coloane + Macau Peninsula + Taipa & Cotai,True
55,0,weekdays,15,3.4285714285714284,True,Coloane + Macau Peninsula + Taipa & Cotai,True
55,0,weekdays,16,5.0,True,Coloane + Macau Peninsula + Taipa & Cotai,True
55,0,weekdays,17,5.0,True,Coloane + Macau Peninsula + Taipa & Cotai,True
55,0,weekdays,18,5.0,True,Coloane + Macau Peninsula + Taipa & Cotai,True
55,0,weekdays,19,5.0,True,Coloane + Macau Peninsula + Taipa & Cotai,True
55,0,weekdays,20,3.4285714285714284,True,Coloane + Macau Peninsula + Taipa & Cotai,True
55,0,weekdays,21,3.4285714285714284,True,Coloane + Macau Peninsula + Taipa & Cotai,True
55,0,weekdays,22,3.4285714285714284,True,Coloane + Macau Peninsula + Taipa & Cotai,True
55,0,weekdays,23,3.4285714285714284,True,Coloane + Macau Peninsula + Taipa & Cotai,True
55,0,weekends,0,0.0,True,Coloane + Macau Peninsula + Taipa & Cotai,True
55,0,weekends,1,0.0,True,Coloane + Macau Peninsula + Taipa & Cotai,True
55,0,weekends,2,0.0,True,Coloane + Macau Peninsula + Taipa & Cotai,True
55,0,weekends,3,0.0,True,Coloane + Macau Peninsula + Taipa & Cotai,True
55,0,weekends,4,0.0,True,Coloane + Macau Peninsula + Taipa & Cotai,True
55,0,weekends,5,0.0,True,Coloane + Macau Peninsula + Taipa & Cotai,True
55,0,weekends,6,4.8,True,Coloane + Macau Peninsula + Taipa & Cotai,True
55,0,weekends,7,4.8,True,Coloane + Macau Peninsula + Taipa & Cotai,True
55,0,weekends,8,4.8,True,Coloane + Macau Peninsula + Taipa & Cotai,True
55,0,weekends,9,4.8,True,Coloane + Macau Peninsula + Taipa & Cotai,True
55,0,weekends,10,3.4285714285714284,True,Coloane + Macau Peninsula + Taipa & Cotai,True
55,0,weekends,11,3.4285714285714284,True,Coloane + Macau Peninsula + Taipa & Cotai,True
55,0,weekends,12,3.4285714285714284,True,Coloane + Macau Peninsula + Taipa & Cotai,True
55,0,weekends,13,3.4285714285714284,True,Coloane + Macau Peninsula + Taipa & Cotai,True
55,0,weekends,14,3.4285714285714284,True,Coloane + Macau Peninsula + Taipa & Cotai,True
55,0,weekends,15,3.4285714285714284,True,Coloane + Macau Peninsula + Taipa & Cotai,True
55,0,weekends,16,5.0,True,Coloane + Macau Peninsula + Taipa & Cotai,True
55,0,weekends,17,5.0,True,Coloane + Macau Peninsula + Taipa & Cotai,True
55,0,weekends,18,5.0,True,Coloane + Macau Peninsula + Taipa & Cotai,True
55,0,weekends,19,5.0,True,Coloane + Macau Peninsula + Taipa & Cotai,True
55,0,weekends,20,3.4285714285714284,True,Coloane + Macau Peninsula + Taipa & Cotai,True
55,0,weekends,21,3.4285714285714284,True,Coloane + Macau Peninsula + Taipa & Cotai,True
55,0,weekends,22,3.4285714285714284,True,Coloane + Macau Peninsula + Taipa & Cotai,True
55,0,weekends,23,3.4285714285714284,True,Coloane + Macau Peninsula + Taipa & Cotai,True
56,0,holidays,0,0.0,True,Coloane + Macau Peninsula + Taipa & Cotai,True
56,0,holidays,1,0.0,True,Coloane + Macau Peninsula + Taipa & Cotai,True
56,0,holidays,2,0.0,True,Coloane + Macau Peninsula + Taipa & Cotai,True
56,0,holidays,3,0.0,True,Coloane + Macau Peninsula + Taipa & Cotai,True
56,0,holidays,4,0.0,True,Coloane + Macau Peninsula + Taipa & Cotai,True
56,0,holidays,5,0.0,True,Coloane + Macau Peninsula + Taipa & Cotai,True
56,0,holidays,6,3.1578947368421053,True,Coloane + Macau Peninsula + Taipa & Cotai,True
56,0,holidays,7,3.1578947368421053,True,Coloane + Macau Peninsula + Taipa & Cotai,True
56,0,holidays,8,3.1578947368421053,True,Coloane + Macau Peninsula + Taipa & Cotai,True
56,0,holidays,9,3.1578947368421053,True,Coloane + Macau Peninsula + Taipa & Cotai,True
56,0,holidays,10,3.1578947368421053,True,Coloane + Macau Peninsula + Taipa & Cotai,True
56,0,holidays,11,3.1578947368421053,True,Coloane + Macau Peninsula + Taipa & Cotai,True
56,0,holidays,12,3.1578947368421053,True,Coloane + Macau Peninsula + Taipa & Cotai,True
56,0,holidays,13,3.1578947368421053,True,Coloane + Macau Peninsula + Taipa & Cotai,True
56,0,holidays,14,3.1578947368421053,True,Coloane + Macau Peninsula + Taipa & Cotai,True
56,0,holidays,15,3.1578947368421053,True,Coloane + Macau Peninsula + Taipa & Cotai,True
56,0,holidays,16,3.1578947368421053,True,Coloane + Macau Peninsula + Taipa & Cotai,True
56,0,holidays,17,3.1578947368421053,True,Coloane + Macau Peninsula + Taipa & Cotai,True
56,0,holidays,18,3.1578947368421053,True,Coloane + Macau Peninsula + Taipa & Cotai,True
56,0,holidays,19,3.1578947368421053,True,Coloane + Macau Peninsula + Taipa & Cotai,True
56,0,holidays,20,3.1578947368421053,True,Coloane + Macau Peninsula + Taipa & Cotai,True
56,0,holidays,21,3.1578947368421053,True,Coloane + Macau Peninsula + Taipa & Cotai,True
56,0,holidays,22,3.1578947368421053,True,Coloane + Macau Peninsula + Taipa & Cotai,True
56,0,holidays,23,3.1578947368421053,True,Coloane + Macau Peninsula + Taipa & Cotai,True
56,0,weekdays,0,0.0,True,Coloane + Macau Peninsula + Taipa & Cotai,True
56,0,weekdays,1,0.0,True,Coloane + Macau Peninsula + Taipa & Cotai,True
56,0,weekdays,2,0.0,True,Coloane + Macau Peninsula + Taipa & Cotai,True
56,0,weekdays,3,0.0,True,Coloane + Macau Peninsula + Taipa & Cotai,True
56,0,weekdays,4,0.0,True,Coloane + Macau Peninsula + Taipa & Cotai,True
56,0,weekdays,5,0.0,True,Coloane + Macau Peninsula + Taipa & Cotai,True
56,0,weekdays,6,4.444444444444445,True,Coloane + Macau Peninsula + Taipa & Cotai,True
56,0,weekdays,7,4.444444444444445,True,Coloane + Macau Peninsula + Taipa & Cotai,True
56,0,weekdays,8,4.444444444444445,True,Coloane + Macau Peninsula + Taipa & Cotai,True
56,0,weekdays,9,4.444444444444445,True,Coloane + Macau Peninsula + Taipa & Cotai,True
56,0,weekdays,10,3.6363636363636362,True,Coloane + Macau Peninsula + Taipa & Cotai,True
56,0,weekdays,11,3.6363636363636362,True,Coloane + Macau Peninsula + Taipa & Cotai,True
56,0,weekdays,12,3.6363636363636362,True,Coloane + Macau Peninsula + Taipa & Cotai,True
56,0,weekdays,13,3.6363636363636362,True,Coloane + Macau Peninsula + Taipa & Cotai,True
56,0,weekdays,14,3.6363636363636362,True,Coloane + Macau Peninsula + Taipa & Cotai,True
56,0,weekdays,15,4.0,True,Coloane + Macau Peninsula + Taipa & Cotai,True
56,0,weekdays,16,4.0,True,Coloane + Macau Peninsula + Taipa & Cotai,True
56,0,weekdays,17,4.0,True,Coloane + Macau Peninsula + Taipa & Cotai,True
56,0,weekdays,18,4.0,True,Coloane + Macau Peninsula + Taipa & Cotai,True
56,0,weekdays,19,4.0,True,Coloane + Macau Peninsula + Taipa & Cotai,True
56,0,weekdays,20,3.1578947368421053,True,Coloane + Macau Peninsula + Taipa & Cotai,True
56,0,weekdays,21,3.1578947368421053,True,Coloane + Macau Peninsula + Taipa & Cotai,True
56,0,weekdays,22,3.1578947368421053,True,Coloane + Macau Peninsula + Taipa & Cotai,True
56,0,weekdays,23,3.1578947368421053,True,Coloane + Macau Peninsula + Taipa & Cotai,True
56,0,weekends,0,0.0,True,Coloane + Macau Peninsula + Taipa & Cotai,True
56,0,weekends,1,0.0,True,Coloane + Macau Peninsula + Taipa & Cotai,True
56,0,weekends,2,0.0,True,Coloane + Macau Peninsula + Taipa & Cotai,True
56,0,weekends,3,0.0,True,Coloane + Macau Peninsula + Taipa & Cotai,True
56,0,weekends,4,0.0,True,Coloane + Macau Peninsula + Taipa & Cotai,True
56,0,weekends,5,0.0,True,Coloane + Macau Peninsula + Taipa & Cotai,True
56,0,weekends,6,4.444444444444445,True,Coloane + Macau Peninsula + Taipa & Cotai,True
56,0,weekends,7,4.444444444444445,True,Coloane + Macau Peninsula + Taipa & Cotai,True
56,0,weekends,8,4.444444444444445,True,Coloane + Macau Peninsula + Taipa & Cotai,True
56,0,weekends,9,4.444444444444445,True,Coloane + Macau Peninsula + Taipa & Cotai,True
56,0,weekends,10,3.6363636363636362,True,Coloane + Macau Peninsula + Taipa & Cotai,True
56,0,weekends,11,3.6363636363636362,True,Coloane + Macau Peninsula + Taipa & Cotai,True
56,0,weekends,12,3.6363636363636362,True,Coloane + Macau Peninsula + Taipa & Cotai,True
56,0,weekends,13,3.6363636363636362,True,Coloane + Macau Peninsula + Taipa & Cotai,True
56,0,weekends,14,3.6363636363636362,True,Coloane + Macau Peninsula + Taipa & Cotai,True
56,0,weekends,15,4.0,True,Coloane + Macau Peninsula + Taipa & Cotai,True
56,0,weekends,16,4.0,True,Coloane + Macau Peninsula + Taipa & Cotai,True
56,0,weekends,17,4.0,True,Coloane + Macau Peninsula + Taipa & Cotai,True
56,0,weekends,18,4.0,True,Coloane + Macau Peninsula + Taipa & Cotai,True
56,0,weekends,19,4.0,True,Coloane + Macau Peninsula + Taipa & Cotai,True
56,0,weekends,20,3.1578947368421053,True,Coloane + Macau Peninsula + Taipa & Cotai,True
56,0,weekends,21,3.1578947368421053,True,Coloane + Macau Peninsula + Taipa & Cotai,True
56,0,weekends,22,3.1578947368421053,True,Coloane + Macau Peninsula + Taipa & Cotai,True
56,0,weekends,23,3.1578947368421053,True,Coloane + Macau Peninsula + Taipa & Cotai,True
59,0,holidays,0,0.0,True,Coloane + Macau Peninsula + Taipa & Cotai,True
59,0,holidays,1,0.0,True,Coloane + Macau Peninsula + Taipa & Cotai,True
59,0,holidays,2,0.0,True,Coloane + Macau Peninsula + Taipa & Cotai,True
59,0,holidays,3,0.0,True,Coloane + Macau Peninsula + Taipa & Cotai,True
59,0,holidays,4,0.0,True,Coloane + Macau Peninsula + Taipa & Cotai,True
59,0,holidays,5,0.0,True,Coloane + Macau Peninsula + Taipa & Cotai,True
59,0,holidays,6,4.545454545454544,True,Coloane + Macau Peninsula + Taipa & Cotai,True
59,0,holidays,7,5.454545454545454,True,Coloane + Macau Peninsula + Taipa & Cotai,True
59,0,holidays,8,5.454545454545454,True,Coloane + Macau Peninsula + Taipa & Cotai,True
59,0,holidays,9,5.454545454545454,True,Coloane + Macau Peninsula + Taipa & Cotai,True
59,0,holidays,10,0.0,True,Coloane + Macau Peninsula + Taipa & Cotai,True
59,0,holidays,11,0.0,True,Coloane + Macau Peninsula + Taipa & Cotai,True
59,0,holidays,12,0.0,True,Coloane + Macau Peninsula + Taipa & Cotai,True
59,0,holidays,13,0.0,True,Coloane + Macau Peninsula + Taipa & Cotai,True
59,0,holidays,14,0.0,True,Coloane + Macau Peninsula + Taipa & Cotai,True
59,0,holidays,15,3.4285714285714284,True,Coloane + Macau Peninsula + Taipa & Cotai,True
59,0,holidays,16,3.4285714285714284,True,Coloane + Macau Peninsula + Taipa & Cotai,True
59,0,holidays,17,3.4285714285714284,True,Coloane + Macau Peninsula + Taipa & Cotai,True
59,0,holidays,18,3.4285714285714284,True,Coloane + Macau Peninsula + Taipa & Cotai,True
59,0,holidays,19,1.7142857142857142,True,Coloane + Macau Peninsula + Taipa & Cotai,True
59,0,holidays,20,0.0,True,Coloane + Macau Peninsula + Taipa & Cotai,True
59,0,holidays,21,0.0,True,Coloane + Macau Peninsula + Taipa & Cotai,True
59,0,holidays,22,0.0,True,Coloane + Macau Peninsula + Taipa & Cotai,True
59,0,holidays,23,0.0,True,Coloane + Macau Peninsula + Taipa & Cotai,True
59,0,weekdays,0,0.0,True,Coloane + Macau Peninsula + Taipa & Cotai,True
59,0,weekdays,1,0.0,True,Coloane + Macau Peninsula + Taipa & Cotai,True
59,0,weekdays,2,0.0,True,Coloane + Macau Peninsula + Taipa & Cotai,True
59,0,weekdays,3,0.0,True,Coloane + Macau Peninsula + Taipa & Cotai,True
59,0,weekdays,4,0.0,True,Coloane + Macau Peninsula + Taipa & Cotai,True
59,0,weekdays,5,0.0,True,Coloane + Macau Peninsula + Taipa & Cotai,True
59,0,weekdays,6,7.142857142857141,True,Coloane + Macau Peninsula + Taipa & Cotai,True
59,0,weekdays,7,8.571428571428571,True,Coloane + Macau Peninsula + Taipa & Cotai,True
59,0,weekdays,8,8.571428571428571,True,Coloane + Macau Peninsula + Taipa & Cotai,True
59,0,weekdays,9,8.571428571428571,True,Coloane + Macau Peninsula + Taipa & Cotai,True
59,0,weekdays,10,0.0,True,Coloane + Macau Peninsula + Taipa & Cotai,True
59,0,weekdays,11,0.0,True,Coloane + Macau Peninsula + Taipa & Cotai,True
59,0,weekdays,12,0.0,True,Coloane + Macau Peninsula + Taipa & Cotai,True
59,0,weekdays,13,0.0,True,Coloane + Macau Peninsula + Taipa & Cotai,True
59,0,weekdays,14,0.0,True,Coloane + Macau Peninsula + Taipa & Cotai,True
59,0,weekdays,15,7.5,True,Coloane + Macau Peninsula + Taipa & Cotai,True
59,0,weekdays,16,7.5,True,Coloane + Macau Peninsula + Taipa & Cotai,True
59,0,weekdays,17,7.5,True,Coloane + Macau Peninsula + Taipa & Cotai,True
59,0,weekdays,18,7.083333333333334,True,Coloane + Macau Peninsula + Taipa & Cotai,True
59,0,weekdays,19,3.3333333333333335,True,Coloane + Macau Peninsula + Taipa & Cotai,True
59,0,weekdays,20,0.0,True,Coloane + Macau Peninsula + Taipa & Cotai,True
59,0,weekdays,21,0.0,True,Coloane + Macau Peninsula + Taipa & Cotai,True
59,0,weekdays,22,0.0,True,Coloane + Macau Peninsula + Taipa & Cotai,True
59,0,weekdays,23,0.0,True,Coloane + Macau Peninsula + Taipa & Cotai,True
59,0,weekends,0,0.0,True,Coloane + Macau Peninsula + Taipa & Cotai,True
59,0,weekends,1,0.0,True,Coloane + Macau Peninsula + Taipa & Cotai,True
59,0,weekends,2,0.0,True,Coloane + Macau Peninsula + Taipa & Cotai,True
59,0,weekends,3,0.0,True,Coloane + Macau Peninsula + Taipa & Cotai,True
59,0,weekends,4,0.0,True,Coloane + Macau Peninsula + Taipa & Cotai,True
59,0,weekends,5,0.0,True,Coloane + Macau Peninsula + Taipa & Cotai,True
59,0,weekends,6,4.545454545454544,True,Coloane + Macau Peninsula + Taipa & Cotai,True
59,0,weekends,7,5.454545454545454,True,Coloane + Macau Peninsula + Taipa & Cotai,True
59,0,weekends,8,5.454545454545454,True,Coloane + Macau Peninsula + Taipa & Cotai,True
59,0,weekends,9,5.454545454545454,True,Coloane + Macau Peninsula + Taipa & Cotai,True
59,0,weekends,10,0.0,True,Coloane + Macau Peninsula + Taipa & Cotai,True
59,0,weekends,11,0.0,True,Coloane + Macau Peninsula + Taipa & Cotai,True
59,0,weekends,12,0.0,True,Coloane + Macau Peninsula + Taipa & Cotai,True
59,0,weekends,13,0.0,True,Coloane + Macau Peninsula + Taipa & Cotai,True
59,0,weekends,14,0.0,True,Coloane + Macau Peninsula + Taipa & Cotai,True
59,0,weekends,15,3.4285714285714284,True,Coloane + Macau Peninsula + Taipa & Cotai,True
59,0,weekends,16,3.4285714285714284,True,Coloane + Macau Peninsula + Taipa & Cotai,True
59,0,weekends,17,3.4285714285714284,True,Coloane + Macau Peninsula + Taipa & Cotai,True
59,0,weekends,18,3.4285714285714284,True,Coloane + Macau Peninsula + Taipa & Cotai,True
59,0,weekends,19,1.7142857142857142,True,Coloane + Macau Peninsula + Taipa & Cotai,True
59,0,weekends,20,0.0,True,Coloane + Macau Peninsula + Taipa & Cotai,True
59,0,weekends,21,0.0,True,Coloane + Macau Peninsula + Taipa & Cotai,True
59,0,weekends,22,0.0,True,Coloane + Macau Peninsula + Taipa & Cotai,True
59,0,weekends,23,0.0,True,Coloane + Macau Peninsula + Taipa & Cotai,True
59,1,holidays,0,0.0,True,Coloane + Macau Peninsula + Taipa & Cotai,True
59,1,holidays,1,0.0,True,Coloane + Macau Peninsula + Taipa & Cotai,True
59,1,holidays,2,0.0,True,Coloane + Macau Peninsula + Taipa & Cotai,True
59,1,holidays,3,0.0,True,Coloane + Macau Peninsula + Taipa & Cotai,True
59,1,holidays,4,0.0,True,Coloane + Macau Peninsula + Taipa & Cotai,True
59,1,holidays,5,0.0,True,Coloane + Macau Peninsula + Taipa & Cotai,True
59,1,holidays,6,0.9090909090909107,True,Coloane + Macau Peninsula + Taipa & Cotai,True
59,1,holidays,7,5.454545454545454,True,Coloane + Macau Peninsula + Taipa & Cotai,True
59,1,holidays,8,5.454545454545454,True,Coloane + Macau Peninsula + Taipa & Cotai,True
59,1,holidays,9,5.454545454545454,True,Coloane + Macau Peninsula + Taipa & Cotai,True
59,1,holidays,10,3.636363636363633,True,Coloane + Macau Peninsula + Taipa & Cotai,True
59,1,holidays,11,0.0,True,Coloane + Macau Peninsula + Taipa & Cotai,True
59,1,holidays,12,0.0,True,Coloane + Macau Peninsula + Taipa & Cotai,True
59,1,holidays,13,0.0,True,Coloane + Macau Peninsula + Taipa & Cotai,True
59,1,holidays,14,0.0,True,Coloane + Macau Peninsula + Taipa & Cotai,True
59,1,holidays,15,1.1428571428571448,True,Coloane + Macau Peninsula + Taipa & Cotai,True
59,1,holidays,16,3.4285714285714284,True,Coloane + Macau Peninsula + Taipa & Cotai,True
59,1,holidays,17,3.4285714285714284,True,Coloane + Macau Peninsula + Taipa & Cotai,True
59,1,holidays,18,3.4285714285714284,True,Coloane + Macau Peninsula + Taipa & Cotai,True
59,1,holidays,19,3.4285714285714284,True,Coloane + Macau Peninsula + Taipa & Cotai,True
59,1,holidays,20,0.5714285714285755,True,Coloane + Macau Peninsula + Taipa & Cotai,True
59,1,holidays,21,0.0,True,Coloane + Macau Peninsula + Taipa & Cotai,True
59,1,holidays,22,0.0,True,Coloane + Macau Peninsula + Taipa & Cotai,True
59,1,holidays,23,0.0,True,Coloane + Macau Peninsula + Taipa & Cotai,True
59,1,weekdays,0,0.0,True,Coloane + Macau Peninsula + Taipa & Cotai,True
59,1,weekdays,1,0.0,True,Coloane + Macau Peninsula + Taipa & Cotai,True
59,1,weekdays,2,0.0,True,Coloane + Macau Peninsula + Taipa & Cotai,True
59,1,weekdays,3,0.0,True,Coloane + Macau Peninsula + Taipa & Cotai,True
59,1,weekdays,4,0.0,True,Coloane + Macau Peninsula + Taipa & Cotai,True
59,1,weekdays,5,0.0,True,Coloane + Macau Peninsula + Taipa & Cotai,True
59,1,weekdays,6,1.428571428571431,True,Coloane + Macau Peninsula + Taipa & Cotai,True
59,1,weekdays,7,8.571428571428571,True,Coloane + Macau Peninsula + Taipa & Cotai,True
59,1,weekdays,8,8.571428571428571,True,Coloane + Macau Peninsula + Taipa & Cotai,True
59,1,weekdays,9,8.571428571428571,True,Coloane + Macau Peninsula + Taipa & Cotai,True
59,1,weekdays,10,5.714285714285709,True,Coloane + Macau Peninsula + Taipa & Cotai,True
59,1,weekdays,11,0.0,True,Coloane + Macau Peninsula + Taipa & Cotai,True
59,1,weekdays,12,0.0,True,Coloane + Macau Peninsula + Taipa & Cotai,True
59,1,weekdays,13,0.0,True,Coloane + Macau Peninsula + Taipa & Cotai,True
59,1,weekdays,14,0.0,True,Coloane + Macau Peninsula + Taipa & Cotai,True
59,1,weekdays,15,2.5000000000000044,True,Coloane + Macau Peninsula + Taipa & Cotai,True
59,1,weekdays,16,7.5,True,Coloane + Macau Peninsula + Taipa & Cotai,True
59,1,weekdays,17,7.5,True,Coloane + Macau Peninsula + Taipa & Cotai,True
59,1,weekdays,18,7.5,True,Coloane + Macau Peninsula + Taipa & Cotai,True
59,1,weekdays,19,6.666666666666667,True,Coloane + Macau Peninsula + Taipa & Cotai,True
59,1,weekdays,20,1.111111111111119,True,Coloane + Macau Peninsula + Taipa & Cotai,True
59,1,weekdays,21,0.0,True,Coloane + Macau Peninsula + Taipa & Cotai,True
59,1,weekdays,22,0.0,True,Coloane + Macau Peninsula + Taipa & Cotai,True
59,1,weekdays,23,0.0,True,Coloane + Macau Peninsula + Taipa & Cotai,True
59,1,weekends,0,0.0,True,Coloane + Macau Peninsula + Taipa & Cotai,True
59,1,weekends,1,0.0,True,Coloane + Macau Peninsula + Taipa & Cotai,True
59,1,weekends,2,0.0,True,Coloane + Macau Peninsula + Taipa & Cotai,True
59,1,weekends,3,0.0,True,Coloane + Macau Peninsula + Taipa & Cotai,True
59,1,weekends,4,0.0,True,Coloane + Macau Peninsula + Taipa & Cotai,True
59,1,weekends,5,0.0,True,Coloane + Macau Peninsula + Taipa & Cotai,True
59,1,weekends,6,0.9090909090909107,True,Coloane + Macau Peninsula + Taipa & Cotai,True
59,1,weekends,7,5.454545454545454,True,Coloane + Macau Peninsula + Taipa & Cotai,True
59,1,weekends,8,5.454545454545454,True,Coloane + Macau Peninsula + Taipa & Cotai,True
59,1,weekends,9,5.454545454545454,True,Coloane + Macau Peninsula + Taipa & Cotai,True
59,1,weekends,10,3.636363636363633,True,Coloane + Macau Peninsula + Taipa & Cotai,True
59,1,weekends,11,0.0,True,Coloane + Macau Peninsula + Taipa & Cotai,True
59,1,weekends,12,0.0,True,Coloane + Macau Peninsula + Taipa & Cotai,True
59,1,weekends,13,0.0,True,Coloane + Macau Peninsula + Taipa & Cotai,True
59,1,weekends,14,0.0,True,Coloane + Macau Peninsula + Taipa & Cotai,True
59,1,weekends,15,1.1428571428571448,True,Coloane + Macau Peninsula + Taipa & Cotai,True
59,1,weekends,16,3.4285714285714284,True,Coloane + Macau Peninsula + Taipa & Cotai,True
59,1,weekends,17,3.4285714285714284,True,Coloane + Macau Peninsula + Taipa & Cotai,True
59,1,weekends,18,3.4285714285714284,True,Coloane + Macau Peninsula + Taipa & Cotai,True
59,1,weekends,19,3.4285714285714284,True,Coloane + Macau Peninsula + Taipa & Cotai,True
59,1,weekends,20,0.5714285714285755,True,Coloane + Macau Peninsula + Taipa & Cotai,True
59,1,weekends,21,0.0,True,Coloane + Macau Peninsula + Taipa & Cotai,True
59,1,weekends,22,0.0,True,Coloane + Macau Peninsula + Taipa & Cotai,True
59,1,weekends,23,0.0,True,Coloane + Macau Peninsula + Taipa & Cotai,True
5AX,0,weekdays,0,0.0,False,Macau Peninsula,False
5AX,0,weekdays,1,0.0,False,Macau Peninsula,False
5AX,0,weekdays,2,0.0,False,Macau Peninsula,False
5AX,0,weekdays,3,0.0,False,Macau Peninsula,False
5AX,0,weekdays,4,0.0,False,Macau Peninsula,False
5AX,0,weekdays,5,0.0,False,Macau Peninsula,False
5AX,0,weekdays,6,2.4,False,Macau Peninsula,False
5AX,0,weekdays,7,4.8,False,Macau Peninsula,False
5AX,0,weekdays,8,4.8,False,Macau Peninsula,False
5AX,0,weekdays,9,4.8,False,Macau Peninsula,False
5AX,0,weekdays,10,0.0,False,Macau Peninsula,False
5AX,0,weekdays,11,0.0,False,Macau Peninsula,False
5AX,0,weekdays,12,0.0,False,Macau Peninsula,False
5AX,0,weekdays,13,0.0,False,Macau Peninsula,False
5AX,0,weekdays,14,0.0,False,Macau Peninsula,False
5AX,0,weekdays,15,0.0,False,Macau Peninsula,False
5AX,0,weekdays,16,0.0,False,Macau Peninsula,False
5AX,0,weekdays,17,0.0,False,Macau Peninsula,False
5AX,0,weekdays,18,0.0,False,Macau Peninsula,False
5AX,0,weekdays,19,0.0,False,Macau Peninsula,False
5AX,0,weekdays,20,0.0,False,Macau Peninsula,False
5AX,0,weekdays,21,0.0,False,Macau Peninsula,False
5AX,0,weekdays,22,0.0,False,Macau Peninsula,False
5AX,0,weekdays,23,0.0,False,Macau Peninsula,False
5X,0,weekdays,0,0.0,False,Macau Peninsula,False
5X,0,weekdays,1,0.0,False,Macau Peninsula,False
5X,0,weekdays,2,0.0,False,Macau Peninsula,False
5X,0,weekdays,3,0.0,False,Macau Peninsula,False
5X,0,weekdays,4,0.0,False,Macau Peninsula,False
5X,0,weekdays,5,0.0,False,Macau Peninsula,False
5X,0,weekdays,6,0.0,False,Macau Peninsula,False
5X,0,weekdays,7,8.0,False,Macau Peninsula,False
5X,0,weekdays,8,8.0,False,Macau Peninsula,False
5X,0,weekdays,9,4.0,False,Macau Peninsula,False
5X,0,weekdays,10,0.0,False,Macau Peninsula,False
5X,0,weekdays,11,0.0,False,Macau Peninsula,False
5X,0,weekdays,12,0.0,False,Macau Peninsula,False
5X,0,weekdays,13,0.0,False,Macau Peninsula,False
5X,0,weekdays,14,0.0,False,Macau Peninsula,False
5X,0,weekdays,15,0.0,False,Macau Peninsula,False
5X,0,weekdays,16,0.0,False,Macau Peninsula,False
5X,0,weekdays,17,8.0,False,Macau Peninsula,False
5X,0,weekdays,18,8.0,False,Macau Peninsula,False
5X,0,weekdays,19,4.0,False,Macau Peninsula,False
5X,0,weekdays,20,0.0,False,Macau Peninsula,False
5X,0,weekdays,21,0.0,False,Macau Peninsula,False
5X,0,weekdays,22,0.0,False,Macau Peninsula,False
5X,0,weekdays,23,0.0,False,Macau Peninsula,False
6A,0,holidays,0,0.0,False,Macau Peninsula,False
6A,0,holidays,1,0.0,False,Macau Peninsula,False
6A,0,holidays,2,0.0,False,Macau Peninsula,False
6A,0,holidays,3,0.0,False,Macau Peninsula,False
6A,0,holidays,4,0.0,False,Macau Peninsula,False
6A,0,holidays,5,0.0,False,Macau Peninsula,False
6A,0,holidays,6,3.3333333333333335,False,Macau Peninsula,False
6A,0,holidays,7,4.444444444444445,False,Macau Peninsula,False
6A,0,holidays,8,4.444444444444445,False,Macau Peninsula,False
6A,0,holidays,9,4.444444444444445,False,Macau Peninsula,False
6A,0,holidays,10,4.8,False,Macau Peninsula,False
6A,0,holidays,11,4.8,False,Macau Peninsula,False
6A,0,holidays,12,4.8,False,Macau Peninsula,False
6A,0,holidays,13,4.8,False,Macau Peninsula,False
6A,0,holidays,14,4.8,False,Macau Peninsula,False
6A,0,holidays,15,4.8,False,Macau Peninsula,False
6A,0,holidays,16,4.8,False,Macau Peninsula,False
6A,0,holidays,17,4.8,False,Macau Peninsula,False
6A,0,holidays,18,4.8,False,Macau Peninsula,False
6A,0,holidays,19,4.8,False,Macau Peninsula,False
6A,0,holidays,20,4.444444444444445,False,Macau Peninsula,False
6A,0,holidays,21,4.444444444444445,False,Macau Peninsula,False
6A,0,holidays,22,4.444444444444445,False,Macau Peninsula,False
6A,0,holidays,23,2.5925925925925872,False,Macau Peninsula,False
6A,0,weekdays,0,0.0,False,Macau Peninsula,False
6A,0,weekdays,1,0.0,False,Macau Peninsula,False
6A,0,weekdays,2,0.0,False,Macau Peninsula,False
6A,0,weekdays,3,0.0,False,Macau Peninsula,False
6A,0,weekdays,4,0.0,False,Macau Peninsula,False
6A,0,weekdays,5,0.0,False,Macau Peninsula,False
6A,0,weekdays,6,3.9130434782608696,False,Macau Peninsula,False
6A,0,weekdays,7,5.217391304347826,False,Macau Peninsula,False
6A,0,weekdays,8,5.217391304347826,False,Macau Peninsula,False
6A,0,weekdays,9,5.217391304347826,False,Macau Peninsula,False
6A,0,weekdays,10,4.444444444444445,False,Macau Peninsula,False
6A,0,weekdays,11,4.444444444444445,False,Macau Peninsula,False
6A,0,weekdays,12,4.444444444444445,False,Macau Peninsula,False
6A,0,weekdays,13,4.444444444444445,False,Macau Peninsula,False
6A,0,weekdays,14,4.444444444444445,False,Macau Peninsula,False
6A,0,weekdays,15,5.217391304347826,False,Macau Peninsula,False
6A,0,weekdays,16,5.217391304347826,False,Macau Peninsula,False
6A,0,weekdays,17,5.217391304347826,False,Macau Peninsula,False
6A,0,weekdays,18,5.217391304347826,False,Macau Peninsula,False
6A,0,weekdays,19,5.217391304347826,False,Macau Peninsula,False
6A,0,weekdays,20,4.444444444444445,False,Macau Peninsula,False
6A,0,weekdays,21,4.444444444444445,False,Macau Peninsula,False
6A,0,weekdays,22,4.444444444444445,False,Macau Peninsula,False
6A,0,weekdays,23,2.5925925925925872,False,Macau Peninsula,False
6A,0,weekends,0,0.0,False,Macau Peninsula,False
6A,0,weekends,1,0.0,False,Macau Peninsula,False
6A,0,weekends,2,0.0,False,Macau Peninsula,False
6A,0,weekends,3,0.0,False,Macau Peninsula,False
6A,0,weekends,4,0.0,False,Macau Peninsula,False
6A,0,weekends,5,0.0,False,Macau Peninsula,False
6A,0,weekends,6,3.9130434782608696,False,Macau Peninsula,False
6A,0,weekends,7,5.217391304347826,False,Macau Peninsula,False
6A,0,weekends,8,5.217391304347826,False,Macau Peninsula,False
6A,0,weekends,9,5.217391304347826,False,Macau Peninsula,False
6A,0,weekends,10,4.444444444444445,False,Macau Peninsula,False
6A,0,weekends,11,4.444444444444445,False,Macau Peninsula,False
6A,0,weekends,12,4.444444444444445,False,Macau Peninsula,False
6A,0,weekends,13,4.444444444444445,False,Macau Peninsula,False
6A,0,weekends,14,4.444444444444445,False,Macau Peninsula,False
6A,0,weekends,15,5.217391304347826,False,Macau Peninsula,False
6A,0,weekends,16,5.217391304347826,False,Macau Peninsula,False
6A,0,weekends,17,5.217391304347826,False,Macau Peninsula,False
6A,0,weekends,18,5.217391304347826,False,Macau Peninsula,False
6A,0,weekends,19,5.217391304347826,False,Macau Peninsula,False
6A,0,weekends,20,4.444444444444445,False,Macau Peninsula,False
6A,0,weekends,21,4.444444444444445,False,Macau Peninsula,False
6A,0,weekends,22,4.444444444444445,False,Macau Peninsula,False
6A,0,weekends,23,2.5925925925925872,False,Macau Peninsula,False
6B,0,weekdays,0,0.0,False,Macau Peninsula,False
6B,0,weekdays,1,0.0,False,Macau Peninsula,False
6B,0,weekdays,2,0.0,False,Macau Peninsula,False
6B,0,weekdays,3,0.0,False,Macau Peninsula,False
6B,0,weekdays,4,0.0,False,Macau Peninsula,False
6B,0,weekdays,5,0.0,False,Macau Peninsula,False
6B,0,weekdays,6,2.727272727272727,False,Macau Peninsula,False
6B,0,weekdays,7,3.6363636363636362,False,Macau Peninsula,False
6B,0,weekdays,8,3.6363636363636362,False,Macau Peninsula,False
6B,0,weekdays,9,3.6363636363636362,False,Macau Peninsula,False
6B,0,weekdays,10,3.6363636363636362,False,Macau Peninsula,False
6B,0,weekdays,11,3.6363636363636362,False,Macau Peninsula,False
6B,0,weekdays,12,3.6363636363636362,False,Macau Peninsula,False
6B,0,weekdays,13,3.6363636363636362,False,Macau Peninsula,False
6B,0,weekdays,14,3.6363636363636362,False,Macau Peninsula,False
6B,0,weekdays,15,3.6363636363636362,False,Macau Peninsula,False
6B,0,weekdays,16,3.6363636363636362,False,Macau Peninsula,False
6B,0,weekdays,17,3.6363636363636362,False,Macau Peninsula,False
6B,0,weekdays,18,3.6363636363636362,False,Macau Peninsula,False
6B,0,weekdays,19,3.6363636363636362,False,Macau Peninsula,False
6B,0,weekdays,20,3.6363636363636362,False,Macau Peninsula,False
6B,0,weekdays,21,3.6363636363636362,False,Macau Peninsula,False
6B,0,weekdays,22,3.6363636363636362,False,Macau Peninsula,False
6B,0,weekdays,23,1.8181818181818181,False,Macau Peninsula,False
6B,0,weekends,0,0.0,False,Macau Peninsula,False
6B,0,weekends,1,0.0,False,Macau Peninsula,False
6B,0,weekends,2,0.0,False,Macau Peninsula,False
6B,0,weekends,3,0.0,False,Macau Peninsula,False
6B,0,weekends,4,0.0,False,Macau Peninsula,False
6B,0,weekends,5,0.0,False,Macau Peninsula,False
6B,0,weekends,6,2.727272727272727,False,Macau Peninsula,False
6B,0,weekends,7,3.6363636363636362,False,Macau Peninsula,False
6B,0,weekends,8,3.6363636363636362,False,Macau Peninsula,False
6B,0,weekends,9,3.6363636363636362,False,Macau Peninsula,False
6B,0,weekends,10,3.6363636363636362,False,Macau Peninsula,False
6B,0,weekends,11,3.6363636363636362,False,Macau Peninsula,False
6B,0,weekends,12,3.6363636363636362,False,Macau Peninsula,False
6B,0,weekends,13,3.6363636363636362,False,Macau Peninsula,False
6B,0,weekends,14,3.6363636363636362,False,Macau Peninsula,False
6B,0,weekends,15,3.6363636363636362,False,Macau Peninsula,False
6B,0,weekends,16,3.6363636363636362,False,Macau Peninsula,False
6B,0,weekends,17,3.6363636363636362,False,Macau Peninsula,False
6B,0,weekends,18,3.6363636363636362,False,Macau Peninsula,False
6B,0,weekends,19,3.6363636363636362,False,Macau Peninsula,False
6B,0,weekends,20,3.6363636363636362,False,Macau Peninsula,False
6B,0,weekends,21,3.6363636363636362,False,Macau Peninsula,False
6B,0,weekends,22,3.6363636363636362,False,Macau Peninsula,False
6B,0,weekends,23,1.8181818181818181,False,Macau Peninsula,False
7,0,holidays,0,0.0,False,Macau Peninsula,False
7,0,holidays,1,0.0,False,Macau Peninsula,False
7,0,holidays,2,0.0,False,Macau Peninsula,False
7,0,holidays,3,0.0,False,Macau Peninsula,False
7,0,holidays,4,0.0,False,Macau Peninsula,False
7,0,holidays,5,0.0,False,Macau Peninsula,False
7,0,holidays,6,6.0,False,Macau Peninsula,False
7,0,holidays,7,8.0,False,Macau Peninsula,False
7,0,holidays,8,8.0,False,Macau Peninsula,False
7,0,holidays,9,8.0,False,Macau Peninsula,False
7,0,holidays,10,9.23076923076923,False,Macau Peninsula,False
7,0,holidays,11,9.23076923076923,False,Macau Peninsula,False
7,0,holidays,12,9.23076923076923,False,Macau Peninsula,False
7,0,holidays,13,9.23076923076923,False,Macau Peninsula,False
7,0,holidays,14,9.23076923076923,False,Macau Peninsula,False
7,0,holidays,15,9.23076923076923,False,Macau Peninsula,False
7,0,holidays,16,9.23076923076923,False,Macau Peninsula,False
7,0,holidays,17,9.23076923076923,False,Macau Peninsula,False
7,0,holidays,18,9.23076923076923,False,Macau Peninsula,False
7,0,holidays,19,9.23076923076923,False,Macau Peninsula,False
7,0,holidays,20,7.0588235294117645,False,Macau Peninsula,False
7,0,holidays,21,7.0588235294117645,False,Macau Peninsula,False
7,0,holidays,22,7.0588235294117645,False,Macau Peninsula,False
7,0,holidays,23,5.882352941176462,False,Macau Peninsula,False
7,0,weekdays,0,0.0,False,Macau Peninsula,False
7,0,weekdays,1,0.0,False,Macau Peninsula,False
7,0,weekdays,2,0.0,False,Macau Peninsula,False
7,0,weekdays,3,0.0,False,Macau Peninsula,False
7,0,weekdays,4,0.0,False,Macau Peninsula,False
7,0,weekdays,5,0.0,False,Macau Peninsula,False
7,0,weekdays,6,7.5,False,Macau Peninsula,False
7,0,weekdays,7,10.0,False,Macau Peninsula,False
7,0,weekdays,8,10.0,False,Macau Peninsula,False
7,0,weekdays,9,10.0,False,Macau Peninsula,False
7,0,weekdays,10,8.571428571428571,False,Macau Peninsula,False
7,0,weekdays,11,8.571428571428571,False,Macau Peninsula,False
7,0,weekdays,12,8.571428571428571,False,Macau Peninsula,False
7,0,weekdays,13,8.571428571428571,False,Macau Peninsula,False
7,0,weekdays,14,8.571428571428571,False,Macau Peninsula,False
7,0,weekdays,15,9.23076923076923,False,Macau Peninsula,False
7,0,weekdays,16,9.23076923076923,False,Macau Peninsula,False
7,0,weekdays,17,9.23076923076923,False,Macau Peninsula,False
7,0,weekdays,18,9.23076923076923,False,Macau Peninsula,False
7,0,weekdays,19,9.23076923076923,False,Macau Peninsula,False
7,0,weekdays,20,7.0588235294117645,False,Macau Peninsula,False
7,0,weekdays,21,7.0588235294117645,False,Macau Peninsula,False
7,0,weekdays,22,7.0588235294117645,False,Macau Peninsula,False
7,0,weekdays,23,5.882352941176462,False,Macau Peninsula,False
7,0,weekends,0,0.0,False,Macau Peninsula,False
7,0,weekends,1,0.0,False,Macau Peninsula,False
7,0,weekends,2,0.0,False,Macau Peninsula,False
7,0,weekends,3,0.0,False,Macau Peninsula,False
7,0,weekends,4,0.0,False,Macau Peninsula,False
7,0,weekends,5,0.0,False,Macau Peninsula,False
7,0,weekends,6,7.5,False,Macau Peninsula,False
7,0,weekends,7,10.0,False,Macau Peninsula,False
7,0,weekends,8,10.0,False,Macau Peninsula,False
7,0,weekends,9,10.0,False,Macau Peninsula,False
7,0,weekends,10,8.571428571428571,False,Macau Peninsula,False
7,0,weekends,11,8.571428571428571,False,Macau Peninsula,False
7,0,weekends,12,8.571428571428571,False,Macau Peninsula,False
7,0,weekends,13,8.571428571428571,False,Macau Peninsula,False
7,0,weekends,14,8.571428571428571,False,Macau Peninsula,False
7,0,weekends,15,9.23076923076923,False,Macau Peninsula,False
7,0,weekends,16,9.23076923076923,False,Macau Peninsula,False
7,0,weekends,17,9.23076923076923,False,Macau Peninsula,False
7,0,weekends,18,9.23076923076923,False,Macau Peninsula,False
7,0,weekends,19,9.23076923076923,False,Macau Peninsula,False
7,0,weekends,20,7.0588235294117645,False,Macau Peninsula,False
7,0,weekends,21,7.0588235294117645,False,Macau Peninsula,False
7,0,weekends,22,7.0588235294117645,False,Macau Peninsula,False
7,0,weekends,23,5.882352941176462,False,Macau Peninsula,False
7,1,holidays,0,0.0,False,Macau Peninsula,False
7,1,holidays,1,0.0,False,Macau Peninsula,False
7,1,holidays,2,0.0,False,Macau Peninsula,False
7,1,holidays,3,0.0,False,Macau Peninsula,False
7,1,holidays,4,0.0,False,Macau Peninsula,False
7,1,holidays,5,0.0,False,Macau Peninsula,False
7,1,holidays,6,4.666666666666665,False,Macau Peninsula,False
7,1,holidays,7,8.0,False,Macau Peninsula,False
7,1,holidays,8,8.0,False,Macau Peninsula,False
7,1,holidays,9,8.0,False,Macau Peninsula,False
7,1,holidays,10,9.23076923076923,False,Macau Peninsula,False
7,1,holidays,11,9.23076923076923,False,Macau Peninsula,False
7,1,holidays,12,9.23076923076923,False,Macau Peninsula,False
7,1,holidays,13,9.23076923076923,False,Macau Peninsula,False
7,1,holidays,14,9.23076923076923,False,Macau Peninsula,False
7,1,holidays,15,9.23076923076923,False,Macau Peninsula,False
7,1,holidays,16,9.23076923076923,False,Macau Peninsula,False
7,1,holidays,17,9.23076923076923,False,Macau Peninsula,False
7,1,holidays,18,9.23076923076923,False,Macau Peninsula,False
7,1,holidays,19,9.23076923076923,False,Macau Peninsula,False
7,1,holidays,20,7.0588235294117645,False,Macau Peninsula,False
7,1,holidays,21,7.0588235294117645,False,Macau Peninsula,False
7,1,holidays,22,7.0588235294117645,False,Macau Peninsula,False
7,1,holidays,23,7.0588235294117645,False,Macau Peninsula,False
7,1,weekdays,0,0.0,False,Macau Peninsula,False
7,1,weekdays,1,0.0,False,Macau Peninsula,False
7,1,weekdays,2,0.0,False,Macau Peninsula,False
7,1,weekdays,3,0.0,False,Macau Peninsula,False
7,1,weekdays,4,0.0,False,Macau Peninsula,False
7,1,weekdays,5,0.0,False,Macau Peninsula,False
7,1,weekdays,6,5.833333333333331,False,Macau Peninsula,False
7,1,weekdays,7,10.0,False,Macau Peninsula,False
7,1,weekdays,8,10.0,False,Macau Peninsula,False
7,1,weekdays,9,10.0,False,Macau Peninsula,False
7,1,weekdays,10,8.571428571428571,False,Macau Peninsula,False
7,1,weekdays,11,8.571428571428571,False,Macau Peninsula,False
7,1,weekdays,12,8.571428571428571,False,Macau Peninsula,False
7,1,weekdays,13,8.571428571428571,False,Macau Peninsula,False
7,1,weekdays,14,8.571428571428571,False,Macau Peninsula,False
7,1,weekdays,15,9.23076923076923,False,Macau Peninsula,False
7,1,weekdays,16,9.23076923076923,False,Macau Peninsula,False
7,1,weekdays,17,9.23076923076923,False,Macau Peninsula,False
7,1,weekdays,18,9.23076923076923,False,Macau Peninsula,False
7,1,weekdays,19,9.23076923076923,False,Macau Peninsula,False
7,1,weekdays,20,9.23076923076923,False,Macau Peninsula,False
7,1,weekdays,21,9.23076923076923,False,Macau Peninsula,False
7,1,weekdays,22,9.23076923076923,False,Macau Peninsula,False
7,1,weekdays,23,9.23076923076923,False,Macau Peninsula,False
7,1,weekends,0,0.0,False,Macau Peninsula,False
7,1,weekends,1,0.0,False,Macau Peninsula,False
7,1,weekends,2,0.0,False,Macau Peninsula,False
7,1,weekends,3,0.0,False,Macau Peninsula,False
7,1,weekends,4,0.0,False,Macau Peninsula,False
7,1,weekends,5,0.0,False,Macau Peninsula,False
7,1,weekends,6,5.833333333333331,False,Macau Peninsula,False
7,1,weekends,7,10.0,False,Macau Peninsula,False
7,1,weekends,8,10.0,False,Macau Peninsula,False
7,1,weekends,9,10.0,False,Macau Peninsula,False
7,1,weekends,10,8.571428571428571,False,Macau Peninsula,False
7,1,weekends,11,8.571428571428571,False,Macau Peninsula,False
7,1,weekends,12,8.571428571428571,False,Macau Peninsula,False
7,1,weekends,13,8.571428571428571,False,Macau Peninsula,False
7,1,weekends,14,8.571428571428571,False,Macau Peninsula,False
7,1,weekends,15,9.23076923076923,False,Macau Peninsula,False
7,1,weekends,16,9.23076923076923,False,Macau Peninsula,False
7,1,weekends,17,9.23076923076923,False,Macau Peninsula,False
7,1,weekends,18,9.23076923076923,False,Macau Peninsula,False
7,1,weekends,19,9.23076923076923,False,Macau Peninsula,False
7,1,weekends,20,9.23076923076923,False,Macau Peninsula,False
7,1,weekends,21,9.23076923076923,False,Macau Peninsula,False
7,1,weekends,22,9.23076923076923,False,Macau Peninsula,False
7,1,weekends,23,9.23076923076923,False,Macau Peninsula,False
701X,0,holidays,0,2.1818181818181817,False,Taipa & Cotai,False
701X,0,holidays,1,2.1818181818181817,False,Taipa & Cotai,False
701X,0,holidays,2,2.1818181818181817,False,Taipa & Cotai,False
701X,0,holidays,3,2.1818181818181817,False,Taipa & Cotai,False
701X,0,holidays,4,2.1818181818181817,False,Taipa & Cotai,False
701X,0,holidays,5,2.1818181818181817,False,Taipa & Cotai,False
701X,0,holidays,6,2.1818181818181817,False,Taipa & Cotai,False
701X,0,holidays,7,4.444444444444445,False,Taipa & Cotai,False
701X,0,holidays,8,4.444444444444445,False,Taipa & Cotai,False
701X,0,holidays,9,4.444444444444445,False,Taipa & Cotai,False
701X,0,holidays,10,2.1818181818181817,False,Taipa & Cotai,False
701X,0,holidays,11,2.1818181818181817,False,Taipa & Cotai,False
701X,0,holidays,12,2.1818181818181817,False,Taipa & Cotai,False
701X,0,holidays,13,2.1818181818181817,False,Taipa & Cotai,False
701X,0,holidays,14,2.1818181818181817,False,Taipa & Cotai,False
701X,0,holidays,15,4.444444444444445,False,Taipa & Cotai,False
701X,0,holidays,16,4.444444444444445,False,Taipa & Cotai,False
701X,0,holidays,17,4.444444444444445,False,Taipa & Cotai,False
701X,0,holidays,18,4.444444444444445,False,Taipa & Cotai,False
701X,0,holidays,19,4.444444444444445,False,Taipa & Cotai,False
701X,0,holidays,20,2.1818181818181817,False,Taipa & Cotai,False
701X,0,holidays,21,2.1818181818181817,False,Taipa & Cotai,False
701X,0,holidays,22,2.1818181818181817,False,Taipa & Cotai,False
701X,0,holidays,23,1.27272727272727,False,Taipa & Cotai,False
701X,0,weekdays,0,2.1818181818181817,False,Taipa & Cotai,False
701X,0,weekdays,1,2.1818181818181817,False,Taipa & Cotai,False
701X,0,weekdays,2,2.1818181818181817,False,Taipa & Cotai,False
701X,0,weekdays,3,2.1818181818181817,False,Taipa & Cotai,False
701X,0,weekdays,4,2.1818181818181817,False,Taipa & Cotai,False
701X,0,weekdays,5,2.1818181818181817,False,Taipa & Cotai,False
701X,0,weekdays,6,2.1818181818181817,False,Taipa & Cotai,False
701X,0,weekdays,7,4.444444444444445,False,Taipa & Cotai,False
701X,0,weekdays,8,4.444444444444445,False,Taipa & Cotai,False
701X,0,weekdays,9,4.444444444444445,False,Taipa & Cotai,False
701X,0,weekdays,10,2.1818181818181817,False,Taipa & Cotai,False
701X,0,weekdays,11,2.1818181818181817,False,Taipa & Cotai,False
701X,0,weekdays,12,2.1818181818181817,False,Taipa & Cotai,False
701X,0,weekdays,13,2.1818181818181817,False,Taipa & Cotai,False
701X,0,weekdays,14,2.1818181818181817,False,Taipa & Cotai,False
701X,0,weekdays,15,4.444444444444445,False,Taipa & Cotai,False
701X,0,weekdays,16,4.444444444444445,False,Taipa & Cotai,False
701X,0,weekdays,17,4.444444444444445,False,Taipa & Cotai,False
701X,0,weekdays,18,4.444444444444445,False,Taipa & Cotai,False
701X,0,weekdays,19,4.444444444444445,False,Taipa & Cotai,False
701X,0,weekdays,20,2.1818181818181817,False,Taipa & Cotai,False
701X,0,weekdays,21,2.1818181818181817,False,Taipa & Cotai,False
701X,0,weekdays,22,2.1818181818181817,False,Taipa & Cotai,False
701X,0,weekdays,23,1.27272727272727,False,Taipa & Cotai,False
701X,0,weekends,0,2.1818181818181817,False,Taipa & Cotai,False
701X,0,weekends,1,2.1818181818181817,False,Taipa & Cotai,False
701X,0,weekends,2,2.1818181818181817,False,Taipa & Cotai,False
701X,0,weekends,3,2.1818181818181817,False,Taipa & Cotai,False
701X,0,weekends,4,2.1818181818181817,False,Taipa & Cotai,False
701X,0,weekends,5,2.1818181818181817,False,Taipa & Cotai,False
701X,0,weekends,6,2.1818181818181817,False,Taipa & Cotai,False
701X,0,weekends,7,4.444444444444445,False,Taipa & Cotai,False
701X,0,weekends,8,4.444444444444445,False,Taipa & Cotai,False
701X,0,weekends,9,4.444444444444445,False,Taipa & Cotai,False
701X,0,weekends,10,2.1818181818181817,False,Taipa & Cotai,False
701X,0,weekends,11,2.1818181818181817,False,Taipa & Cotai,False
701X,0,weekends,12,2.1818181818181817,False,Taipa & Cotai,False
701X,0,weekends,13,2.1818181818181817,False,Taipa & Cotai,False
701X,0,weekends,14,2.1818181818181817,False,Taipa & Cotai,False
701X,0,weekends,15,4.444444444444445,False,Taipa & Cotai,False
701X,0,weekends,16,4.444444444444445,False,Taipa & Cotai,False
701X,0,weekends,17,4.444444444444445,False,Taipa & Cotai,False
701X,0,weekends,18,4.444444444444445,False,Taipa & Cotai,False
701X,0,weekends,19,4.444444444444445,False,Taipa & Cotai,False
701X,0,weekends,20,2.1818181818181817,False,Taipa & Cotai,False
701X,0,weekends,21,2.1818181818181817,False,Taipa & Cotai,False
701X,0,weekends,22,2.1818181818181817,False,Taipa & Cotai,False
701X,0,weekends,23,1.27272727272727,False,Taipa & Cotai,False
71,0,holidays,0,0.0,True,Macau Peninsula + Taipa & Cotai,False
71,0,holidays,1,0.0,True,Macau Peninsula + Taipa & Cotai,False
71,0,holidays,2,0.0,True,Macau Peninsula + Taipa & Cotai,False
71,0,holidays,3,0.0,True,Macau Peninsula + Taipa & Cotai,False
71,0,holidays,4,0.0,True,Macau Peninsula + Taipa & Cotai,False
71,0,holidays,5,0.0,True,Macau Peninsula + Taipa & Cotai,False
71,0,holidays,6,2.2222222222222223,True,Macau Peninsula + Taipa & Cotai,False
71,0,holidays,7,4.444444444444445,True,Macau Peninsula + Taipa & Cotai,False
71,0,holidays,8,4.444444444444445,True,Macau Peninsula + Taipa & Cotai,False
71,0,holidays,9,4.444444444444445,True,Macau Peninsula + Taipa & Cotai,False
71,0,holidays,10,4.444444444444445,True,Macau Peninsula + Taipa & Cotai,False
71,0,holidays,11,4.444444444444445,True,Macau Peninsula + Taipa & Cotai,False
71,0,holidays,12,4.444444444444445,True,Macau Peninsula + Taipa & Cotai,False
71,0,holidays,13,4.444444444444445,True,Macau Peninsula + Taipa & Cotai,False
71,0,holidays,14,4.444444444444445,True,Macau Peninsula + Taipa & Cotai,False
71,0,holidays,15,4.444444444444445,True,Macau Peninsula + Taipa & Cotai,False
71,0,holidays,16,4.444444444444445,True,Macau Peninsula + Taipa & Cotai,False
71,0,holidays,17,4.444444444444445,True,Macau Peninsula + Taipa & Cotai,False
71,0,holidays,18,4.444444444444445,True,Macau Peninsula + Taipa & Cotai,False
71,0,holidays,19,4.444444444444445,True,Macau Peninsula + Taipa & Cotai,False
71,0,holidays,20,4.444444444444445,True,Macau Peninsula + Taipa & Cotai,False
71,0,holidays,21,4.444444444444445,True,Macau Peninsula + Taipa & Cotai,False
71,0,holidays,22,4.444444444444445,True,Macau Peninsula + Taipa & Cotai,False
71,0,holidays,23,4.444444444444445,True,Macau Peninsula + Taipa & Cotai,False
71,0,weekdays,0,0.0,True,Macau Peninsula + Taipa & Cotai,False
71,0,weekdays,1,0.0,True,Macau Peninsula + Taipa & Cotai,False
71,0,weekdays,2,0.0,True,Macau Peninsula + Taipa & Cotai,False
71,0,weekdays,3,0.0,True,Macau Peninsula + Taipa & Cotai,False
71,0,weekdays,4,0.0,True,Macau Peninsula + Taipa & Cotai,False
71,0,weekdays,5,0.0,True,Macau Peninsula + Taipa & Cotai,False
71,0,weekdays,6,3.0,True,Macau Peninsula + Taipa & Cotai,False
71,0,weekdays,7,6.0,True,Macau Peninsula + Taipa & Cotai,False
71,0,weekdays,8,6.0,True,Macau Peninsula + Taipa & Cotai,False
71,0,weekdays,9,6.0,True,Macau Peninsula + Taipa & Cotai,False
71,0,weekdays,10,4.444444444444445,True,Macau Peninsula + Taipa & Cotai,False
71,0,weekdays,11,4.444444444444445,True,Macau Peninsula + Taipa & Cotai,False
71,0,weekdays,12,4.444444444444445,True,Macau Peninsula + Taipa & Cotai,False
71,0,weekdays,13,4.444444444444445,True,Macau Peninsula + Taipa & Cotai,False
71,0,weekdays,14,4.444444444444445,True,Macau Peninsula + Taipa & Cotai,False
71,0,weekdays,15,6.0,True,Macau Peninsula + Taipa & Cotai,False
71,0,weekdays,16,6.0,True,Macau Peninsula + Taipa & Cotai,False
71,0,weekdays,17,6.0,True,Macau Peninsula + Taipa & Cotai,False
71,0,weekdays,18,6.0,True,Macau Peninsula + Taipa & Cotai,False
71,0,weekdays,19,6.0,True,Macau Peninsula + Taipa & Cotai,False
71,0,weekdays,20,4.444444444444445,True,Macau Peninsula + Taipa & Cotai,False
71,0,weekdays,21,4.444444444444445,True,Macau Peninsula + Taipa & Cotai,False
71,0,weekdays,22,4.444444444444445,True,Macau Peninsula + Taipa & Cotai,False
71,0,weekdays,23,4.444444444444445,True,Macau Peninsula + Taipa & Cotai,False
71,0,weekends,0,0.0,True,Macau Peninsula + Taipa & Cotai,False
71,0,weekends,1,0.0,True,Macau Peninsula + Taipa & Cotai,False
71,0,weekends,2,0.0,True,Macau Peninsula + Taipa & Cotai,False
71,0,weekends,3,0.0,True,Macau Peninsula + Taipa & Cotai,False
71,0,weekends,4,0.0,True,Macau Peninsula + Taipa & Cotai,False
71,0,weekends,5,0.0,True,Macau Peninsula + Taipa & Cotai,False
71,0,weekends,6,3.0,True,Macau Peninsula + Taipa & Cotai,False
71,0,weekends,7,6.0,True,Macau Peninsula + Taipa & Cotai,False
71,0,weekends,8,6.0,True,Macau Peninsula + Taipa & Cotai,False
71,0,weekends,9,6.0,True,Macau Peninsula + Taipa & Cotai,False
71,0,weekends,10,4.444444444444445,True,Macau Peninsula + Taipa & Cotai,False
71,0,weekends,11,4.444444444444445,True,Macau Peninsula + Taipa & Cotai,False
71,0,weekends,12,4.444444444444445,True,Macau Peninsula + Taipa & Cotai,False
71,0,weekends,13,4.444444444444445,True,Macau Peninsula + Taipa & Cotai,False
71,0,weekends,14,4.444444444444445,True,Macau Peninsula + Taipa & Cotai,False
71,0,weekends,15,6.0,True,Macau Peninsula + Taipa & Cotai,False
71,0,weekends,16,6.0,True,Macau Peninsula + Taipa & Cotai,False
71,0,weekends,17,6.0,True,Macau Peninsula + Taipa & Cotai,False
71,0,weekends,18,6.0,True,Macau Peninsula + Taipa & Cotai,False
71,0,weekends,19,6.0,True,Macau Peninsula + Taipa & Cotai,False
71,0,weekends,20,4.444444444444445,True,Macau Peninsula + Taipa & Cotai,False
71,0,weekends,21,4.444444444444445,True,Macau Peninsula + Taipa & Cotai,False
71,0,weekends,22,4.444444444444445,True,Macau Peninsula + Taipa & Cotai,False
71,0,weekends,23,4.444444444444445,True,Macau Peninsula + Taipa & Cotai,False
71S,0,weekdays,0,0.0,True,Macau Peninsula + Taipa & Cotai,False
71S,0,weekdays,1,0.0,True,Macau Peninsula + Taipa & Cotai,False
71S,0,weekdays,2,0.0,True,Macau Peninsula + Taipa & Cotai,False
71S,0,weekdays,3,0.0,True,Macau Peninsula + Taipa & Cotai,False
71S,0,weekdays,4,0.0,True,Macau Peninsula + Taipa & Cotai,False
71S,0,weekdays,5,0.0,True,Macau Peninsula + Taipa & Cotai,False
71S,0,weekdays,6,0.0,True,Macau Peninsula + Taipa & Cotai,False
71S,0,weekdays,7,0.0,True,Macau Peninsula + Taipa & Cotai,False
71S,0,weekdays,8,1.0,True,Macau Peninsula + Taipa & Cotai,False
71S,0,weekdays,9,0.0,True,Macau Peninsula + Taipa & Cotai,False
71S,0,weekdays,10,0.0,True,Macau Peninsula + Taipa & Cotai,False
71S,0,weekdays,11,0.0,True,Macau Peninsula + Taipa & Cotai,False
71S,0,weekdays,12,0.0,True,Macau Peninsula + Taipa & Cotai,False
71S,0,weekdays,13,0.0,True,Macau Peninsula + Taipa & Cotai,False
71S,0,weekdays,14,0.0,True,Macau Peninsula + Taipa & Cotai,False
71S,0,weekdays,15,0.0,True,Macau Peninsula + Taipa & Cotai,False
71S,0,weekdays,16,0.0,True,Macau Peninsula + Taipa & Cotai,False
71S,0,weekdays,17,0.0,True,Macau Peninsula + Taipa & Cotai,False
71S,0,weekdays,18,0.0,True,Macau Peninsula + Taipa & Cotai,False
71S,0,weekdays,19,0.0,True,Macau Peninsula + Taipa & Cotai,False
71S,0,weekdays,20,0.0,True,Macau Peninsula + Taipa & Cotai,False
71S,0,weekdays,21,0.0,True,Macau Peninsula + Taipa & Cotai,False
71S,0,weekdays,22,0.0,True,Macau Peninsula + Taipa & Cotai,False
71S,0,weekdays,23,0.0,True,Macau Peninsula + Taipa & Cotai,False
71S,1,weekdays,0,0.0,True,Macau Peninsula + Taipa & Cotai,False
71S,1,weekdays,1,0.0,True,Macau Peninsula + Taipa & Cotai,False
71S,1,weekdays,2,0.0,True,Macau Peninsula + Taipa & Cotai,False
71S,1,weekdays,3,0.0,True,Macau Peninsula + Taipa & Cotai,False
71S,1,weekdays,4,0.0,True,Macau Peninsula + Taipa & Cotai,False
71S,1,weekdays,5,0.0,True,Macau Peninsula + Taipa & Cotai,False
71S,1,weekdays,6,0.0,True,Macau Peninsula + Taipa & Cotai,False
71S,1,weekdays,7,1.0,True,Macau Peninsula + Taipa & Cotai,False
71S,1,weekdays,8,4.0,True,Macau Peninsula + Taipa & Cotai,False
71S,1,weekdays,9,1.0,True,Macau Peninsula + Taipa & Cotai,False
71S,1,weekdays,10,0.0,True,Macau Peninsula + Taipa & Cotai,False
71S,1,weekdays,11,0.0,True,Macau Peninsula + Taipa & Cotai,False
71S,1,weekdays,12,0.0,True,Macau Peninsula + Taipa & Cotai,False
71S,1,weekdays,13,0.0,True,Macau Peninsula + Taipa & Cotai,False
71S,1,weekdays,14,0.0,True,Macau Peninsula + Taipa & Cotai,False
71S,1,weekdays,15,0.0,True,Macau Peninsula + Taipa & Cotai,False
71S,1,weekdays,16,0.0,True,Macau Peninsula + Taipa & Cotai,False
71S,1,weekdays,17,0.0,True,Macau Peninsula + Taipa & Cotai,False
71S,1,weekdays,18,0.0,True,Macau Peninsula + Taipa & Cotai,False
71S,1,weekdays,19,0.0,True,Macau Peninsula + Taipa & Cotai,False
71S,1,weekdays,20,0.0,True,Macau Peninsula + Taipa & Cotai,False
71S,1,weekdays,21,0.0,True,Macau Peninsula + Taipa & Cotai,False
71S,1,weekdays,22,0.0,True,Macau Peninsula + Taipa & Cotai,False
71S,1,weekdays,23,0.0,True,Macau Peninsula + Taipa & Cotai,False
72,0,holidays,0,0.0,False,Taipa & Cotai,False
72,0,holidays,1,0.0,False,Taipa & Cotai,False
72,0,holidays,2,0.0,False,Taipa & Cotai,False
72,0,holidays,3,0.0,False,Taipa & Cotai,False
72,0,holidays,4,0.0,False,Taipa & Cotai,False
72,0,holidays,5,0.0,False,Taipa & Cotai,False
72,0,holidays,6,3.75,False,Taipa & Cotai,False
72,0,holidays,7,3.75,False,Taipa & Cotai,False
72,0,holidays,8,3.75,False,Taipa & Cotai,False
72,0,holidays,9,3.75,False,Taipa & Cotai,False
72,0,holidays,10,3.75,False,Taipa & Cotai,False
72,0,holidays,11,3.75,False,Taipa & Cotai,False
72,0,holidays,12,3.75,False,Taipa & Cotai,False
72,0,holidays,13,3.75,False,Taipa & Cotai,False
72,0,holidays,14,3.75,False,Taipa & Cotai,False
72,0,holidays,15,3.75,False,Taipa & Cotai,False
72,0,holidays,16,3.75,False,Taipa & Cotai,False
72,0,holidays,17,3.75,False,Taipa & Cotai,False
72,0,holidays,18,3.75,False,Taipa & Cotai,False
72,0,holidays,19,3.75,False,Taipa & Cotai,False
72,0,holidays,20,3.75,False,Taipa & Cotai,False
72,0,holidays,21,3.75,False,Taipa & Cotai,False
72,0,holidays,22,3.75,False,Taipa & Cotai,False
72,0,holidays,23,3.75,False,Taipa & Cotai,False
72,0,weekdays,0,0.0,False,Taipa & Cotai,False
72,0,weekdays,1,0.0,False,Taipa & Cotai,False
72,0,weekdays,2,0.0,False,Taipa & Cotai,False
72,0,weekdays,3,0.0,False,Taipa & Cotai,False
72,0,weekdays,4,0.0,False,Taipa & Cotai,False
72,0,weekdays,5,0.0,False,Taipa & Cotai,False
72,0,weekdays,6,4.8,False,Taipa & Cotai,False
72,0,weekdays,7,4.8,False,Taipa & Cotai,False
72,0,weekdays,8,4.8,False,Taipa & Cotai,False
72,0,weekdays,9,4.8,False,Taipa & Cotai,False
72,0,weekdays,10,4.285714285714286,False,Taipa & Cotai,False
72,0,weekdays,11,4.285714285714286,False,Taipa & Cotai,False
72,0,weekdays,12,4.285714285714286,False,Taipa & Cotai,False
72,0,weekdays,13,4.285714285714286,False,Taipa & Cotai,False
72,0,weekdays,14,4.285714285714286,False,Taipa & Cotai,False
72,0,weekdays,15,4.8,False,Taipa & Cotai,False
72,0,weekdays,16,4.8,False,Taipa & Cotai,False
72,0,weekdays,17,4.8,False,Taipa & Cotai,False
72,0,weekdays,18,4.8,False,Taipa & Cotai,False
72,0,weekdays,19,4.8,False,Taipa & Cotai,False
72,0,weekdays,20,3.4285714285714284,False,Taipa & Cotai,False
72,0,weekdays,21,3.4285714285714284,False,Taipa & Cotai,False
72,0,weekdays,22,3.4285714285714284,False,Taipa & Cotai,False
72,0,weekdays,23,3.4285714285714284,False,Taipa & Cotai,False
72,0,weekends,0,0.0,False,Taipa & Cotai,False
72,0,weekends,1,0.0,False,Taipa & Cotai,False
72,0,weekends,2,0.0,False,Taipa & Cotai,False
72,0,weekends,3,0.0,False,Taipa & Cotai,False
72,0,weekends,4,0.0,False,Taipa & Cotai,False
72,0,weekends,5,0.0,False,Taipa & Cotai,False
72,0,weekends,6,4.8,False,Taipa & Cotai,False
72,0,weekends,7,4.8,False,Taipa & Cotai,False
72,0,weekends,8,4.8,False,Taipa & Cotai,False
72,0,weekends,9,4.8,False,Taipa & Cotai,False
72,0,weekends,10,4.285714285714286,False,Taipa & Cotai,False
72,0,weekends,11,4.285714285714286,False,Taipa & Cotai,False
72,0,weekends,12,4.285714285714286,False,Taipa & Cotai,False
72,0,weekends,13,4.285714285714286,False,Taipa & Cotai,False
72,0,weekends,14,4.285714285714286,False,Taipa & Cotai,False
72,0,weekends,15,4.8,False,Taipa & Cotai,False
72,0,weekends,16,4.8,False,Taipa & Cotai,False
72,0,weekends,17,4.8,False,Taipa & Cotai,False
72,0,weekends,18,4.8,False,Taipa & Cotai,False
72,0,weekends,19,4.8,False,Taipa & Cotai,False
72,0,weekends,20,3.4285714285714284,False,Taipa & Cotai,False
72,0,weekends,21,3.4285714285714284,False,Taipa & Cotai,False
72,0,weekends,22,3.4285714285714284,False,Taipa & Cotai,False
72,0,weekends,23,3.4285714285714284,False,Taipa & Cotai,False
73,0,holidays,0,0.0,True,Macau Peninsula + Taipa & Cotai,False
73,0,holidays,1,0.0,True,Macau Peninsula + Taipa & Cotai,False
73,0,holidays,2,0.0,True,Macau Peninsula + Taipa & Cotai,False
73,0,holidays,3,0.0,True,Macau Peninsula + Taipa & Cotai,False
73,0,holidays,4,0.0,True,Macau Peninsula + Taipa & Cotai,False
73,0,holidays,5,0.0,True,Macau Peninsula + Taipa & Cotai,False
73,0,holidays,6,2.0,True,Macau Peninsula + Taipa & Cotai,False
73,0,holidays,7,4.0,True,Macau Peninsula + Taipa & Cotai,False
73,0,holidays,8,4.0,True,Macau Peninsula + Taipa & Cotai,False
73,0,holidays,9,4.0,True,Macau Peninsula + Taipa & Cotai,False
73,0,holidays,10,4.0,True,Macau Peninsula + Taipa & Cotai,False
73,0,holidays,11,4.0,True,Macau Peninsula + Taipa & Cotai,False
73,0,holidays,12,4.0,True,Macau Peninsula + Taipa & Cotai,False
73,0,holidays,13,4.0,True,Macau Peninsula + Taipa & Cotai,False
73,0,holidays,14,4.0,True,Macau Peninsula + Taipa & Cotai,False
73,0,holidays,15,4.0,True,Macau Peninsula + Taipa & Cotai,False
73,0,holidays,16,4.0,True,Macau Peninsula + Taipa & Cotai,False
73,0,holidays,17,4.0,True,Macau Peninsula + Taipa & Cotai,False
73,0,holidays,18,4.0,True,Macau Peninsula + Taipa & Cotai,False
73,0,holidays,19,4.0,True,Macau Peninsula + Taipa & Cotai,False
73,0,holidays,20,4.0,True,Macau Peninsula + Taipa & Cotai,False
73,0,holidays,21,4.0,True,Macau Peninsula + Taipa & Cotai,False
73,0,holidays,22,4.0,True,Macau Peninsula + Taipa & Cotai,False
73,0,holidays,23,4.0,True,Macau Peninsula + Taipa & Cotai,False
73,0,weekdays,0,0.0,True,Macau Peninsula + Taipa & Cotai,False
73,0,weekdays,1,0.0,True,Macau Peninsula + Taipa & Cotai,False
73,0,weekdays,2,0.0,True,Macau Peninsula + Taipa & Cotai,False
73,0,weekdays,3,0.0,True,Macau Peninsula + Taipa & Cotai,False
73,0,weekdays,4,0.0,True,Macau Peninsula + Taipa & Cotai,False
73,0,weekdays,5,0.0,True,Macau Peninsula + Taipa & Cotai,False
73,0,weekdays,6,3.3333333333333335,True,Macau Peninsula + Taipa & Cotai,False
73,0,weekdays,7,6.666666666666667,True,Macau Peninsula + Taipa & Cotai,False
73,0,weekdays,8,6.666666666666667,True,Macau Peninsula + Taipa & Cotai,False
73,0,weekdays,9,6.666666666666667,True,Macau Peninsula + Taipa & Cotai,False
73,0,weekdays,10,4.0,True,Macau Peninsula + Taipa & Cotai,False
73,0,weekdays,11,4.0,True,Macau Peninsula + Taipa & Cotai,False
73,0,weekdays,12,4.0,True,Macau Peninsula + Taipa & Cotai,False
73,0,weekdays,13,4.0,True,Macau Peninsula + Taipa & Cotai,False
73,0,weekdays,14,4.0,True,Macau Peninsula + Taipa & Cotai,False
73,0,weekdays,15,6.666666666666667,True,Macau Peninsula + Taipa & Cotai,False
73,0,weekdays,16,6.666666666666667,True,Macau Peninsula + Taipa & Cotai,False
73,0,weekdays,17,6.666666666666667,True,Macau Peninsula + Taipa & Cotai,False
73,0,weekdays,18,6.666666666666667,True,Macau Peninsula + Taipa & Cotai,False
73,0,weekdays,19,6.666666666666667,True,Macau Peninsula + Taipa & Cotai,False
73,0,weekdays,20,4.0,True,Macau Peninsula + Taipa & Cotai,False
73,0,weekdays,21,4.0,True,Macau Peninsula + Taipa & Cotai,False
73,0,weekdays,22,4.0,True,Macau Peninsula + Taipa & Cotai,False
73,0,weekdays,23,4.0,True,Macau Peninsula + Taipa & Cotai,False
73,0,weekends,0,0.0,True,Macau Peninsula + Taipa & Cotai,False
73,0,weekends,1,0.0,True,Macau Peninsula + Taipa & Cotai,False
73,0,weekends,2,0.0,True,Macau Peninsula + Taipa & Cotai,False
73,0,weekends,3,0.0,True,Macau Peninsula + Taipa & Cotai,False
73,0,weekends,4,0.0,True,Macau Peninsula + Taipa & Cotai,False
73,0,weekends,5,0.0,True,Macau Peninsula + Taipa & Cotai,False
73,0,weekends,6,3.3333333333333335,True,Macau Peninsula + Taipa & Cotai,False
73,0,weekends,7,6.666666666666667,True,Macau Peninsula + Taipa & Cotai,False
73,0,weekends,8,6.666666666666667,True,Macau Peninsula + Taipa & Cotai,False
73,0,weekends,9,6.666666666666667,True,Macau Peninsula + Taipa & Cotai,False
73,0,weekends,10,4.0,True,Macau Peninsula + Taipa & Cotai,False
73,0,weekends,11,4.0,True,Macau Peninsula + Taipa & Cotai,False
73,0,weekends,12,4.0,True,Macau Peninsula + Taipa & Cotai,False
73,0,weekends,13,4.0,True,Macau Peninsula + Taipa & Cotai,False
73,0,weekends,14,4.0,True,Macau Peninsula + Taipa & Cotai,False
73,0,weekends,15,6.666666666666667,True,Macau Peninsula + Taipa & Cotai,False
73,0,weekends,16,6.666666666666667,True,Macau Peninsula + Taipa & Cotai,False
73,0,weekends,17,6.666666666666667,True,Macau Peninsula + Taipa & Cotai,False
73,0,weekends,18,6.666666666666667,True,Macau Peninsula + Taipa & Cotai,False
73,0,weekends,19,6.666666666666667,True,Macau Peninsula + Taipa & Cotai,False
73,0,weekends,20,4.0,True,Macau Peninsula + Taipa & Cotai,False
73,0,weekends,21,4.0,True,Macau Peninsula + Taipa & Cotai,False
73,0,weekends,22,4.0,True,Macau Peninsula + Taipa & Cotai,False
73,0,weekends,23,4.0,True,Macau Peninsula + Taipa & Cotai,False
73S,0,weekdays,0,0.0,True,Macau Peninsula + Taipa & Cotai,False
73S,0,weekdays,1,0.0,True,Macau Peninsula + Taipa & Cotai,False
73S,0,weekdays,2,0.0,True,Macau Peninsula + Taipa & Cotai,False
73S,0,weekdays,3,0.0,True,Macau Peninsula + Taipa & Cotai,False
73S,0,weekdays,4,0.0,True,Macau Peninsula + Taipa & Cotai,False
73S,0,weekdays,5,0.0,True,Macau Peninsula + Taipa & Cotai,False
73S,0,weekdays,6,0.0,True,Macau Peninsula + Taipa & Cotai,False
73S,0,weekdays,7,4.8,True,Macau Peninsula + Taipa & Cotai,False
73S,0,weekdays,8,4.8,True,Macau Peninsula + Taipa & Cotai,False
73S,0,weekdays,9,4.8,True,Macau Peninsula + Taipa & Cotai,False
73S,0,weekdays,10,0.0,True,Macau Peninsula + Taipa & Cotai,False
73S,0,weekdays,11,0.0,True,Macau Peninsula + Taipa & Cotai,False
73S,0,weekdays,12,0.0,True,Macau Peninsula + Taipa & Cotai,False
73S,0,weekdays,13,0.0,True,Macau Peninsula + Taipa & Cotai,False
73S,0,weekdays,14,0.0,True,Macau Peninsula + Taipa & Cotai,False
73S,0,weekdays,15,4.8,True,Macau Peninsula + Taipa & Cotai,False
73S,0,weekdays,16,4.8,True,Macau Peninsula + Taipa & Cotai,False
73S,0,weekdays,17,4.8,True,Macau Peninsula + Taipa & Cotai,False
73S,0,weekdays,18,4.8,True,Macau Peninsula + Taipa & Cotai,False
73S,0,weekdays,19,4.8,True,Macau Peninsula + Taipa & Cotai,False
73S,0,weekdays,20,0.0,True,Macau Peninsula + Taipa & Cotai,False
73S,0,weekdays,21,0.0,True,Macau Peninsula + Taipa & Cotai,False
73S,0,weekdays,22,0.0,True,Macau Peninsula + Taipa & Cotai,False
73S,0,weekdays,23,0.0,True,Macau Peninsula + Taipa & Cotai,False
73S,0,weekends,0,0.0,True,Macau Peninsula + Taipa & Cotai,False
73S,0,weekends,1,0.0,True,Macau Peninsula + Taipa & Cotai,False
73S,0,weekends,2,0.0,True,Macau Peninsula + Taipa & Cotai,False
73S,0,weekends,3,0.0,True,Macau Peninsula + Taipa & Cotai,False
73S,0,weekends,4,0.0,True,Macau Peninsula + Taipa & Cotai,False
73S,0,weekends,5,0.0,True,Macau Peninsula + Taipa & Cotai,False
73S,0,weekends,6,0.0,True,Macau Peninsula + Taipa & Cotai,False
73S,0,weekends,7,4.8,True,Macau Peninsula + Taipa & Cotai,False
73S,0,weekends,8,4.8,True,Macau Peninsula + Taipa & Cotai,False
73S,0,weekends,9,4.8,True,Macau Peninsula + Taipa & Cotai,False
73S,0,weekends,10,0.0,True,Macau Peninsula + Taipa & Cotai,False
73S,0,weekends,11,0.0,True,Macau Peninsula + Taipa & Cotai,False
73S,0,weekends,12,0.0,True,Macau Peninsula + Taipa & Cotai,False
73S,0,weekends,13,0.0,True,Macau Peninsula + Taipa & Cotai,False
73S,0,weekends,14,0.0,True,Macau Peninsula + Taipa & Cotai,False
73S,0,weekends,15,4.8,True,Macau Peninsula + Taipa & Cotai,False
73S,0,weekends,16,4.8,True,Macau Peninsula + Taipa & Cotai,False
73S,0,weekends,17,4.8,True,Macau Peninsula + Taipa & Cotai,False
73S,0,weekends,18,4.8,True,Macau Peninsula + Taipa & Cotai,False
73S,0,weekends,19,4.8,True,Macau Peninsula + Taipa & Cotai,False
73S,0,weekends,20,0.0,True,Macau Peninsula + Taipa & Cotai,False
73S,0,weekends,21,0.0,True,Macau Peninsula + Taipa & Cotai,False
73S,0,weekends,22,0.0,True,Macau Peninsula + Taipa & Cotai,False
73S,0,weekends,23,0.0,True,Macau Peninsula + Taipa & Cotai,False
8,0,holidays,0,0.0,False,Macau Peninsula,False
8,0,holidays,1,0.0,False,Macau Peninsula,False
8,0,holidays,2,0.0,False,Macau Peninsula,False
8,0,holidays,3,0.0,False,Macau Peninsula,False
8,0,holidays,4,0.0,False,Macau Peninsula,False
8,0,holidays,5,0.0,False,Macau Peninsula,False
8,0,holidays,6,4.545454545454544,False,Macau Peninsula,False
8,0,holidays,7,5.454545454545454,False,Macau Peninsula,False
8,0,holidays,8,5.454545454545454,False,Macau Peninsula,False
8,0,holidays,9,5.454545454545454,False,Macau Peninsula,False
8,0,holidays,10,5.217391304347826,False,Macau Peninsula,False
8,0,holidays,11,5.217391304347826,False,Macau Peninsula,False
8,0,holidays,12,5.217391304347826,False,Macau Peninsula,False
8,0,holidays,13,5.217391304347826,False,Macau Peninsula,False
8,0,holidays,14,5.217391304347826,False,Macau Peninsula,False
8,0,holidays,15,5.217391304347826,False,Macau Peninsula,False
8,0,holidays,16,5.217391304347826,False,Macau Peninsula,False
8,0,holidays,17,5.217391304347826,False,Macau Peninsula,False
8,0,holidays,18,5.217391304347826,False,Macau Peninsula,False
8,0,holidays,19,5.454545454545454,False,Macau Peninsula,False
8,0,holidays,20,5.454545454545454,False,Macau Peninsula,False
8,0,holidays,21,5.454545454545454,False,Macau Peninsula,False
8,0,holidays,22,5.454545454545454,False,Macau Peninsula,False
8,0,holidays,23,5.454545454545454,False,Macau Peninsula,False
8,0,weekdays,0,0.0,False,Macau Peninsula,False
8,0,weekdays,1,0.0,False,Macau Peninsula,False
8,0,weekdays,2,0.0,False,Macau Peninsula,False
8,0,weekdays,3,0.0,False,Macau Peninsula,False
8,0,weekdays,4,0.0,False,Macau Peninsula,False
8,0,weekdays,5,0.0,False,Macau Peninsula,False
8,0,weekdays,6,7.142857142857141,False,Macau Peninsula,False
8,0,weekdays,7,8.571428571428571,False,Macau Peninsula,False
8,0,weekdays,8,8.571428571428571,False,Macau Peninsula,False
8,0,weekdays,9,8.571428571428571,False,Macau Peninsula,False
8,0,weekdays,10,6.666666666666667,False,Macau Peninsula,False
8,0,weekdays,11,6.666666666666667,False,Macau Peninsula,False
8,0,weekdays,12,6.666666666666667,False,Macau Peninsula,False
8,0,weekdays,13,6.666666666666667,False,Macau Peninsula,False
8,0,weekdays,14,6.666666666666667,False,Macau Peninsula,False
8,0,weekdays,15,6.666666666666667,False,Macau Peninsula,False
8,0,weekdays,16,8.571428571428571,False,Macau Peninsula,False
8,0,weekdays,17,8.571428571428571,False,Macau Peninsula,False
8,0,weekdays,18,8.571428571428571,False,Macau Peninsula,False
8,0,weekdays,19,8.571428571428571,False,Macau Peninsula,False
8,0,weekdays,20,5.454545454545454,False,Macau Peninsula,False
8,0,weekdays,21,5.454545454545454,False,Macau Peninsula,False
8,0,weekdays,22,5.454545454545454,False,Macau Peninsula,False
8,0,weekdays,23,5.454545454545454,False,Macau Peninsula,False
8,0,weekends,0,0.0,False,Macau Peninsula,False
8,0,weekends,1,0.0,False,Macau Peninsula,False
8,0,weekends,2,0.0,False,Macau Peninsula,False
8,0,weekends,3,0.0,False,Macau Peninsula,False
8,0,weekends,4,0.0,False,Macau Peninsula,False
8,0,weekends,5,0.0,False,Macau Peninsula,False
8,0,weekends,6,7.142857142857141,False,Macau Peninsula,False
8,0,weekends,7,8.571428571428571,False,Macau Peninsula,False
8,0,weekends,8,8.571428571428571,False,Macau Peninsula,False
8,0,weekends,9,8.571428571428571,False,Macau Peninsula,False
8,0,weekends,10,6.666666666666667,False,Macau Peninsula,False
8,0,weekends,11,6.666666666666667,False,Macau Peninsula,False
8,0,weekends,12,6.666666666666667,False,Macau Peninsula,False
8,0,weekends,13,6.666666666666667,False,Macau Peninsula,False
8,0,weekends,14,6.666666666666667,False,Macau Peninsula,False
8,0,weekends,15,6.666666666666667,False,Macau Peninsula,False
8,0,weekends,16,8.571428571428571,False,Macau Peninsula,False
8,0,weekends,17,8.571428571428571,False,Macau Peninsula,False
8,0,weekends,18,8.571428571428571,False,Macau Peninsula,False
8,0,weekends,19,8.571428571428571,False,Macau Peninsula,False
8,0,weekends,20,5.454545454545454,False,Macau Peninsula,False
8,0,weekends,21,5.454545454545454,False,Macau Peninsula,False
8,0,weekends,22,5.454545454545454,False,Macau Peninsula,False
8,0,weekends,23,5.454545454545454,False,Macau Peninsula,False
8,1,holidays,0,0.0,False,Macau Peninsula,False
8,1,holidays,1,0.0,False,Macau Peninsula,False
8,1,holidays,2,0.0,False,Macau Peninsula,False
8,1,holidays,3,0.0,False,Macau Peninsula,False
8,1,holidays,4,0.0,False,Macau Peninsula,False
8,1,holidays,5,0.0,False,Macau Peninsula,False
8,1,holidays,6,2.727272727272727,False,Macau Peninsula,False
8,1,holidays,7,5.454545454545454,False,Macau Peninsula,False
8,1,holidays,8,5.454545454545454,False,Macau Peninsula,False
8,1,holidays,9,5.454545454545454,False,Macau Peninsula,False
8,1,holidays,10,6.0,False,Macau Peninsula,False
8,1,holidays,11,6.0,False,Macau Peninsula,False
8,1,holidays,12,6.0,False,Macau Peninsula,False
8,1,holidays,13,6.0,False,Macau Peninsula,False
8,1,holidays,14,6.0,False,Macau Peninsula,False
8,1,holidays,15,6.0,False,Macau Peninsula,False
8,1,holidays,16,6.0,False,Macau Peninsula,False
8,1,holidays,17,6.0,False,Macau Peninsula,False
8,1,holidays,18,6.0,False,Macau Peninsula,False
8,1,holidays,19,5.454545454545454,False,Macau Peninsula,False
8,1,holidays,20,5.454545454545454,False,Macau Peninsula,False
8,1,holidays,21,5.454545454545454,False,Macau Peninsula,False
8,1,holidays,22,5.454545454545454,False,Macau Peninsula,False
8,1,holidays,23,5.454545454545454,False,Macau Peninsula,False
8,1,weekdays,0,0.0,False,Macau Peninsula,False
8,1,weekdays,1,0.0,False,Macau Peninsula,False
8,1,weekdays,2,0.0,False,Macau Peninsula,False
8,1,weekdays,3,0.0,False,Macau Peninsula,False
8,1,weekdays,4,0.0,False,Macau Peninsula,False
8,1,weekdays,5,0.0,False,Macau Peninsula,False
8,1,weekdays,6,4.285714285714286,False,Macau Peninsula,False
8,1,weekdays,7,8.571428571428571,False,Macau Peninsula,False
8,1,weekdays,8,8.571428571428571,False,Macau Peninsula,False
8,1,weekdays,9,8.571428571428571,False,Macau Peninsula,False
8,1,weekdays,10,6.666666666666667,False,Macau Peninsula,False
8,1,weekdays,11,6.666666666666667,False,Macau Peninsula,False
8,1,weekdays,12,6.666666666666667,False,Macau Peninsula,False
8,1,weekdays,13,6.666666666666667,False,Macau Peninsula,False
8,1,weekdays,14,6.666666666666667,False,Macau Peninsula,False
8,1,weekdays,15,6.666666666666667,False,Macau Peninsula,False
8,1,weekdays,16,8.571428571428571,False,Macau Peninsula,False
8,1,weekdays,17,8.571428571428571,False,Macau Peninsula,False
8,1,weekdays,18,8.571428571428571,False,Macau Peninsula,False
8,1,weekdays,19,8.571428571428571,False,Macau Peninsula,False
8,1,weekdays,20,5.454545454545454,False,Macau Peninsula,False
8,1,weekdays,21,5.454545454545454,False,Macau Peninsula,False
8,1,weekdays,22,5.454545454545454,False,Macau Peninsula,False
8,1,weekdays,23,5.454545454545454,False,Macau Peninsula,False
8,1,weekends,0,0.0,False,Macau Peninsula,False
8,1,weekends,1,0.0,False,Macau Peninsula,False
8,1,weekends,2,0.0,False,Macau Peninsula,False
8,1,weekends,3,0.0,False,Macau Peninsula,False
8,1,weekends,4,0.0,False,Macau Peninsula,False
8,1,weekends,5,0.0,False,Macau Peninsula,False
8,1,weekends,6,4.285714285714286,False,Macau Peninsula,False
8,1,weekends,7,8.571428571428571,False,Macau Peninsula,False
8,1,weekends,8,8.571428571428571,False,Macau Peninsula,False
8,1,weekends,9,8.571428571428571,False,Macau Peninsula,False
8,1,weekends,10,6.666666666666667,False,Macau Peninsula,False
8,1,weekends,11,6.666666666666667,False,Macau Peninsula,False
8,1,weekends,12,6.666666666666667,False,Macau Peninsula,False
8,1,weekends,13,6.666666666666667,False,Macau Peninsula,False
8,1,weekends,14,6.666666666666667,False,Macau Peninsula,False
8,1,weekends,15,6.666666666666667,False,Macau Peninsula,False
8,1,weekends,16,8.571428571428571,False,Macau Peninsula,False
8,1,weekends,17,8.571428571428571,False,Macau Peninsula,False
8,1,weekends,18,8.571428571428571,False,Macau Peninsula,False
8,1,weekends,19,8.571428571428571,False,Macau Peninsula,False
8,1,weekends,20,5.454545454545454,False,Macau Peninsula,False
8,1,weekends,21,5.454545454545454,False,Macau Peninsula,False
8,1,weekends,22,5.454545454545454,False,Macau Peninsula,False
8,1,weekends,23,5.454545454545454,False,Macau Peninsula,False
8A,0,holidays,0,0.0,False,Macau Peninsula,False
8A,0,holidays,1,0.0,False,Macau Peninsula,False
8A,0,holidays,2,0.0,False,Macau Peninsula,False
8A,0,holidays,3,0.0,False,Macau Peninsula,False
8A,0,holidays,4,0.0,False,Macau Peninsula,False
8A,0,holidays,5,0.0,False,Macau Peninsula,False
8A,0,holidays,6,2.727272727272727,False,Macau Peninsula,False
8A,0,holidays,7,5.454545454545454,False,Macau Peninsula,False
8A,0,holidays,8,6.0,False,Macau Peninsula,False
8A,0,holidays,9,6.0,False,Macau Peninsula,False
8A,0,holidays,10,6.0,False,Macau Peninsula,False
8A,0,holidays,11,6.0,False,Macau Peninsula,False
8A,0,holidays,12,6.0,False,Macau Peninsula,False
8A,0,holidays,13,6.0,False,Macau Peninsula,False
8A,0,holidays,14,6.0,False,Macau Peninsula,False
8A,0,holidays,15,6.0,False,Macau Peninsula,False
8A,0,holidays,16,5.454545454545454,False,Macau Peninsula,False
8A,0,holidays,17,5.454545454545454,False,Macau Peninsula,False
8A,0,holidays,18,5.454545454545454,False,Macau Peninsula,False
8A,0,holidays,19,5.454545454545454,False,Macau Peninsula,False
8A,0,holidays,20,5.454545454545454,False,Macau Peninsula,False
8A,0,holidays,21,5.454545454545454,False,Macau Peninsula,False
8A,0,holidays,22,5.454545454545454,False,Macau Peninsula,False
8A,0,holidays,23,2.727272727272727,False,Macau Peninsula,False
8A,0,weekdays,0,0.0,False,Macau Peninsula,False
8A,0,weekdays,1,0.0,False,Macau Peninsula,False
8A,0,weekdays,2,0.0,False,Macau Peninsula,False
8A,0,weekdays,3,0.0,False,Macau Peninsula,False
8A,0,weekdays,4,0.0,False,Macau Peninsula,False
8A,0,weekdays,5,0.0,False,Macau Peninsula,False
8A,0,weekdays,6,2.727272727272727,False,Macau Peninsula,False
8A,0,weekdays,7,5.727272727272727,False,Macau Peninsula,False
8A,0,weekdays,8,6.0,False,Macau Peninsula,False
8A,0,weekdays,9,6.0,False,Macau Peninsula,False
8A,0,weekdays,10,6.0,False,Macau Peninsula,False
8A,0,weekdays,11,6.0,False,Macau Peninsula,False
8A,0,weekdays,12,6.0,False,Macau Peninsula,False
8A,0,weekdays,13,6.0,False,Macau Peninsula,False
8A,0,weekdays,14,6.0,False,Macau Peninsula,False
8A,0,weekdays,15,6.0,False,Macau Peninsula,False
8A,0,weekdays,16,6.0,False,Macau Peninsula,False
8A,0,weekdays,17,6.0,False,Macau Peninsula,False
8A,0,weekdays,18,6.0,False,Macau Peninsula,False
8A,0,weekdays,19,5.454545454545454,False,Macau Peninsula,False
8A,0,weekdays,20,5.454545454545454,False,Macau Peninsula,False
8A,0,weekdays,21,5.454545454545454,False,Macau Peninsula,False
8A,0,weekdays,22,5.454545454545454,False,Macau Peninsula,False
8A,0,weekdays,23,2.727272727272727,False,Macau Peninsula,False
8A,0,weekends,0,0.0,False,Macau Peninsula,False
8A,0,weekends,1,0.0,False,Macau Peninsula,False
8A,0,weekends,2,0.0,False,Macau Peninsula,False
8A,0,weekends,3,0.0,False,Macau Peninsula,False
8A,0,weekends,4,0.0,False,Macau Peninsula,False
8A,0,weekends,5,0.0,False,Macau Peninsula,False
8A,0,weekends,6,2.727272727272727,False,Macau Peninsula,False
8A,0,weekends,7,5.727272727272727,False,Macau Peninsula,False
8A,0,weekends,8,6.0,False,Macau Peninsula,False
8A,0,weekends,9,6.0,False,Macau Peninsula,False
8A,0,weekends,10,6.0,False,Macau Peninsula,False
8A,0,weekends,11,6.0,False,Macau Peninsula,False
8A,0,weekends,12,6.0,False,Macau Peninsula,False
8A,0,weekends,13,6.0,False,Macau Peninsula,False
8A,0,weekends,14,6.0,False,Macau Peninsula,False
8A,0,weekends,15,6.0,False,Macau Peninsula,False
8A,0,weekends,16,6.0,False,Macau Peninsula,False
8A,0,weekends,17,6.0,False,Macau Peninsula,False
8A,0,weekends,18,6.0,False,Macau Peninsula,False
8A,0,weekends,19,5.454545454545454,False,Macau Peninsula,False
8A,0,weekends,20,5.454545454545454,False,Macau Peninsula,False
8A,0,weekends,21,5.454545454545454,False,Macau Peninsula,False
8A,0,weekends,22,5.454545454545454,False,Macau Peninsula,False
8A,0,weekends,23,2.727272727272727,False,Macau Peninsula,False
9,0,holidays,0,0.0,False,Macau Peninsula,False
9,0,holidays,1,0.0,False,Macau Peninsula,False
9,0,holidays,2,0.0,False,Macau Peninsula,False
9,0,holidays,3,0.0,False,Macau Peninsula,False
9,0,holidays,4,0.0,False,Macau Peninsula,False
9,0,holidays,5,1.2,False,Macau Peninsula,False
9,0,holidays,6,4.8,False,Macau Peninsula,False
9,0,holidays,7,4.8,False,Macau Peninsula,False
9,0,holidays,8,4.8,False,Macau Peninsula,False
9,0,holidays,9,4.8,False,Macau Peninsula,False
9,0,holidays,10,4.8,False,Macau Peninsula,False
9,0,holidays,11,4.8,False,Macau Peninsula,False
9,0,holidays,12,4.8,False,Macau Peninsula,False
9,0,holidays,13,4.8,False,Macau Peninsula,False
9,0,holidays,14,4.8,False,Macau Peninsula,False
9,0,holidays,15,4.8,False,Macau Peninsula,False
9,0,holidays,16,4.8,False,Macau Peninsula,False
9,0,holidays,17,4.8,False,Macau Peninsula,False
9,0,holidays,18,4.8,False,Macau Peninsula,False
9,0,holidays,19,4.444444444444445,False,Macau Peninsula,False
9,0,holidays,20,4.444444444444445,False,Macau Peninsula,False
9,0,holidays,21,4.444444444444445,False,Macau Peninsula,False
9,0,holidays,22,4.444444444444445,False,Macau Peninsula,False
9,0,holidays,23,4.444444444444445,False,Macau Peninsula,False
9,0,weekdays,0,0.0,False,Macau Peninsula,False
9,0,weekdays,1,0.0,False,Macau Peninsula,False
9,0,weekdays,2,0.0,False,Macau Peninsula,False
9,0,weekdays,3,0.0,False,Macau Peninsula,False
9,0,weekdays,4,0.0,False,Macau Peninsula,False
9,0,weekdays,5,1.3636363636363635,False,Macau Peninsula,False
9,0,weekdays,6,5.454545454545454,False,Macau Peninsula,False
9,0,weekdays,7,5.454545454545454,False,Macau Peninsula,False
9,0,weekdays,8,5.454545454545454,False,Macau Peninsula,False
9,0,weekdays,9,5.454545454545454,False,Macau Peninsula,False
9,0,weekdays,10,4.444444444444445,False,Macau Peninsula,False
9,0,weekdays,11,4.444444444444445,False,Macau Peninsula,False
9,0,weekdays,12,4.444444444444445,False,Macau Peninsula,False
9,0,weekdays,13,4.444444444444445,False,Macau Peninsula,False
9,0,weekdays,14,4.444444444444445,False,Macau Peninsula,False
9,0,weekdays,15,4.444444444444445,False,Macau Peninsula,False
9,0,weekdays,16,5.454545454545454,False,Macau Peninsula,False
9,0,weekdays,17,5.454545454545454,False,Macau Peninsula,False
9,0,weekdays,18,5.454545454545454,False,Macau Peninsula,False
9,0,weekdays,19,4.444444444444445,False,Macau Peninsula,False
9,0,weekdays,20,4.444444444444445,False,Macau Peninsula,False
9,0,weekdays,21,4.444444444444445,False,Macau Peninsula,False
9,0,weekdays,22,4.444444444444445,False,Macau Peninsula,False
9,0,weekdays,23,4.444444444444445,False,Macau Peninsula,False
9,0,weekends,0,0.0,False,Macau Peninsula,False
9,0,weekends,1,0.0,False,Macau Peninsula,False
9,0,weekends,2,0.0,False,Macau Peninsula,False
9,0,weekends,3,0.0,False,Macau Peninsula,False
9,0,weekends,4,0.0,False,Macau Peninsula,False
9,0,weekends,5,1.3636363636363635,False,Macau Peninsula,False
9,0,weekends,6,5.454545454545454,False,Macau Peninsula,False
9,0,weekends,7,5.454545454545454,False,Macau Peninsula,False
9,0,weekends,8,5.454545454545454,False,Macau Peninsula,False
9,0,weekends,9,5.454545454545454,False,Macau Peninsula,False
9,0,weekends,10,4.444444444444445,False,Macau Peninsula,False
9,0,weekends,11,4.444444444444445,False,Macau Peninsula,False
9,0,weekends,12,4.444444444444445,False,Macau Peninsula,False
9,0,weekends,13,4.444444444444445,False,Macau Peninsula,False
9,0,weekends,14,4.444444444444445,False,Macau Peninsula,False
9,0,weekends,15,4.444444444444445,False,Macau Peninsula,False
9,0,weekends,16,5.454545454545454,False,Macau Peninsula,False
9,0,weekends,17,5.454545454545454,False,Macau Peninsula,False
9,0,weekends,18,5.454545454545454,False,Macau Peninsula,False
9,0,weekends,19,4.444444444444445,False,Macau Peninsula,False
9,0,weekends,20,4.444444444444445,False,Macau Peninsula,False
9,0,weekends,21,4.444444444444445,False,Macau Peninsula,False
9,0,weekends,22,4.444444444444445,False,Macau Peninsula,False
9,0,weekends,23,4.444444444444445,False,Macau Peninsula,False
9A,0,holidays,0,0.0,False,Macau Peninsula,False
9A,0,holidays,1,0.0,False,Macau Peninsula,False
9A,0,holidays,2,0.0,False,Macau Peninsula,False
9A,0,holidays,3,0.0,False,Macau Peninsula,False
9A,0,holidays,4,0.0,False,Macau Peninsula,False
9A,0,holidays,5,1.2,False,Macau Peninsula,False
9A,0,holidays,6,4.8,False,Macau Peninsula,False
9A,0,holidays,7,4.8,False,Macau Peninsula,False
9A,0,holidays,8,4.8,False,Macau Peninsula,False
9A,0,holidays,9,4.8,False,Macau Peninsula,False
9A,0,holidays,10,6.0,False,Macau Peninsula,False
9A,0,holidays,11,6.0,False,Macau Peninsula,False
9A,0,holidays,12,6.0,False,Macau Peninsula,False
9A,0,holidays,13,6.0,False,Macau Peninsula,False
9A,0,holidays,14,6.0,False,Macau Peninsula,False
9A,0,holidays,15,6.0,False,Macau Peninsula,False
9A,0,holidays,16,6.0,False,Macau Peninsula,False
9A,0,holidays,17,6.0,False,Macau Peninsula,False
9A,0,holidays,18,6.0,False,Macau Peninsula,False
9A,0,holidays,19,6.0,False,Macau Peninsula,False
9A,0,holidays,20,3.6363636363636362,False,Macau Peninsula,False
9A,0,holidays,21,3.6363636363636362,False,Macau Peninsula,False
9A,0,holidays,22,3.6363636363636362,False,Macau Peninsula,False
9A,0,holidays,23,3.6363636363636362,False,Macau Peninsula,False
9A,0,weekdays,0,0.0,False,Macau Peninsula,False
9A,0,weekdays,1,0.0,False,Macau Peninsula,False
9A,0,weekdays,2,0.0,False,Macau Peninsula,False
9A,0,weekdays,3,0.0,False,Macau Peninsula,False
9A,0,weekdays,4,0.0,False,Macau Peninsula,False
9A,0,weekdays,5,1.5,False,Macau Peninsula,False
9A,0,weekdays,6,6.0,False,Macau Peninsula,False
9A,0,weekdays,7,6.0,False,Macau Peninsula,False
9A,0,weekdays,8,6.0,False,Macau Peninsula,False
9A,0,weekdays,9,6.0,False,Macau Peninsula,False
9A,0,weekdays,10,4.444444444444445,False,Macau Peninsula,False
9A,0,weekdays,11,4.444444444444445,False,Macau Peninsula,False
9A,0,weekdays,12,4.444444444444445,False,Macau Peninsula,False
9A,0,weekdays,13,4.444444444444445,False,Macau Peninsula,False
9A,0,weekdays,14,4.444444444444445,False,Macau Peninsula,False
9A,0,weekdays,15,6.0,False,Macau Peninsula,False
9A,0,weekdays,16,6.0,False,Macau Peninsula,False
9A,0,weekdays,17,6.0,False,Macau Peninsula,False
9A,0,weekdays,18,6.0,False,Macau Peninsula,False
9A,0,weekdays,19,6.0,False,Macau Peninsula,False
9A,0,weekdays,20,4.0,False,Macau Peninsula,False
9A,0,weekdays,21,4.0,False,Macau Peninsula,False
9A,0,weekdays,22,4.0,False,Macau Peninsula,False
9A,0,weekdays,23,4.0,False,Macau Peninsula,False
9A,0,weekends,0,0.0,False,Macau Peninsula,False
9A,0,weekends,1,0.0,False,Macau Peninsula,False
9A,0,weekends,2,0.0,False,Macau Peninsula,False
9A,0,weekends,3,0.0,False,Macau Peninsula,False
9A,0,weekends,4,0.0,False,Macau Peninsula,False
9A,0,weekends,5,1.5,False,Macau Peninsula,False
9A,0,weekends,6,6.0,False,Macau Peninsula,False
9A,0,weekends,7,6.0,False,Macau Peninsula,False
9A,0,weekends,8,6.0,False,Macau Peninsula,False
9A,0,weekends,9,6.0,False,Macau Peninsula,False
9A,0,weekends,10,4.444444444444445,False,Macau Peninsula,False
9A,0,weekends,11,4.444444444444445,False,Macau Peninsula,False
9A,0,weekends,12,4.444444444444445,False,Macau Peninsula,False
9A,0,weekends,13,4.444444444444445,False,Macau Peninsula,False
9A,0,weekends,14,4.444444444444445,False,Macau Peninsula,False
9A,0,weekends,15,6.0,False,Macau Peninsula,False
9A,0,weekends,16,6.0,False,Macau Peninsula,False
9A,0,weekends,17,6.0,False,Macau Peninsula,False
9A,0,weekends,18,6.0,False,Macau Peninsula,False
9A,0,weekends,19,6.0,False,Macau Peninsula,False
9A,0,weekends,20,4.0,False,Macau Peninsula,False
9A,0,weekends,21,4.0,False,Macau Peninsula,False
9A,0,weekends,22,4.0,False,Macau Peninsula,False
9A,0,weekends,23,4.0,False,Macau Peninsula,False
AP1,0,holidays,0,0.0,True,Macau Peninsula + Taipa & Cotai,False
AP1,0,holidays,1,0.0,True,Macau Peninsula + Taipa & Cotai,False
AP1,0,holidays,2,0.0,True,Macau Peninsula + Taipa & Cotai,False
AP1,0,holidays,3,0.0,True,Macau Peninsula + Taipa & Cotai,False
AP1,0,holidays,4,0.0,True,Macau Peninsula + Taipa & Cotai,False
AP1,0,holidays,5,0.0,True,Macau Peninsula + Taipa & Cotai,False
AP1,0,holidays,6,6.666666666666667,True,Macau Peninsula + Taipa & Cotai,False
AP1,0,holidays,7,6.666666666666667,True,Macau Peninsula + Taipa & Cotai,False
AP1,0,holidays,8,6.666666666666667,True,Macau Peninsula + Taipa & Cotai,False
AP1,0,holidays,9,6.666666666666667,True,Macau Peninsula + Taipa & Cotai,False
AP1,0,holidays,10,5.714285714285714,True,Macau Peninsula + Taipa & Cotai,False
AP1,0,holidays,11,5.714285714285714,True,Macau Peninsula + Taipa & Cotai,False
AP1,0,holidays,12,5.714285714285714,True,Macau Peninsula + Taipa & Cotai,False
AP1,0,holidays,13,5.714285714285714,True,Macau Peninsula + Taipa & Cotai,False
AP1,0,holidays,14,5.714285714285714,True,Macau Peninsula + Taipa & Cotai,False
AP1,0,holidays,15,6.666666666666667,True,Macau Peninsula + Taipa & Cotai,False
AP1,0,holidays,16,6.666666666666667,True,Macau Peninsula + Taipa & Cotai,False
AP1,0,holidays,17,6.666666666666667,True,Macau Peninsula + Taipa & Cotai,False
AP1,0,holidays,18,6.666666666666667,True,Macau Peninsula + Taipa & Cotai,False
AP1,0,holidays,19,6.666666666666667,True,Macau Peninsula + Taipa & Cotai,False
AP1,0,holidays,20,0.0,True,Macau Peninsula + Taipa & Cotai,False
AP1,0,holidays,21,0.0,True,Macau Peninsula + Taipa & Cotai,False
AP1,0,holidays,22,1.8181818181818181,True,Macau Peninsula + Taipa & Cotai,False
AP1,0,holidays,23,3.6363636363636362,True,Macau Peninsula + Taipa & Cotai,False
AP1,0,weekdays,0,0.0,True,Macau Peninsula + Taipa & Cotai,False
AP1,0,weekdays,1,0.0,True,Macau Peninsula + Taipa & Cotai,False
AP1,0,weekdays,2,0.0,True,Macau Peninsula + Taipa & Cotai,False
AP1,0,weekdays,3,0.0,True,Macau Peninsula + Taipa & Cotai,False
AP1,0,weekdays,4,0.0,True,Macau Peninsula + Taipa & Cotai,False
AP1,0,weekdays,5,0.0,True,Macau Peninsula + Taipa & Cotai,False
AP1,0,weekdays,6,7.5,True,Macau Peninsula + Taipa & Cotai,False
AP1,0,weekdays,7,7.5,True,Macau Peninsula + Taipa & Cotai,False
AP1,0,weekdays,8,7.5,True,Macau Peninsula + Taipa & Cotai,False
AP1,0,weekdays,9,7.5,True,Macau Peninsula + Taipa & Cotai,False
AP1,0,weekdays,10,5.454545454545454,True,Macau Peninsula + Taipa & Cotai,False
AP1,0,weekdays,11,5.454545454545454,True,Macau Peninsula + Taipa & Cotai,False
AP1,0,weekdays,12,5.454545454545454,True,Macau Peninsula + Taipa & Cotai,False
AP1,0,weekdays,13,5.454545454545454,True,Macau Peninsula + Taipa & Cotai,False
AP1,0,weekdays,14,5.454545454545454,True,Macau Peninsula + Taipa & Cotai,False
AP1,0,weekdays,15,6.666666666666667,True,Macau Peninsula + Taipa & Cotai,False
AP1,0,weekdays,16,6.666666666666667,True,Macau Peninsula + Taipa & Cotai,False
AP1,0,weekdays,17,6.666666666666667,True,Macau Peninsula + Taipa & Cotai,False
AP1,0,weekdays,18,6.666666666666667,True,Macau Peninsula + Taipa & Cotai,False
AP1,0,weekdays,19,6.666666666666667,True,Macau Peninsula + Taipa & Cotai,False
AP1,0,weekdays,20,3.6363636363636362,True,Macau Peninsula + Taipa & Cotai,False
AP1,0,weekdays,21,3.6363636363636362,True,Macau Peninsula + Taipa & Cotai,False
AP1,0,weekdays,22,3.6363636363636362,True,Macau Peninsula + Taipa & Cotai,False
AP1,0,weekdays,23,3.6363636363636362,True,Macau Peninsula + Taipa & Cotai,False
AP1,0,weekends,0,0.0,True,Macau Peninsula + Taipa & Cotai,False
AP1,0,weekends,1,0.0,True,Macau Peninsula + Taipa & Cotai,False
AP1,0,weekends,2,0.0,True,Macau Peninsula + Taipa & Cotai,False
AP1,0,weekends,3,0.0,True,Macau Peninsula + Taipa & Cotai,False
AP1,0,weekends,4,0.0,True,Macau Peninsula + Taipa & Cotai,False
AP1,0,weekends,5,0.0,True,Macau Peninsula + Taipa & Cotai,False
AP1,0,weekends,6,7.5,True,Macau Peninsula + Taipa & Cotai,False
AP1,0,weekends,7,7.5,True,Macau Peninsula + Taipa & Cotai,False
AP1,0,weekends,8,7.5,True,Macau Peninsula + Taipa & Cotai,False
AP1,0,weekends,9,7.5,True,Macau Peninsula + Taipa & Cotai,False
AP1,0,weekends,10,5.454545454545454,True,Macau Peninsula + Taipa & Cotai,False
AP1,0,weekends,11,5.454545454545454,True,Macau Peninsula + Taipa & Cotai,False
AP1,0,weekends,12,5.454545454545454,True,Macau Peninsula + Taipa & Cotai,False
AP1,0,weekends,13,5.454545454545454,True,Macau Peninsula + Taipa & Cotai,False
AP1,0,weekends,14,5.454545454545454,True,Macau Peninsula + Taipa & Cotai,False
AP1,0,weekends,15,6.666666666666667,True,Macau Peninsula + Taipa & Cotai,False
AP1,0,weekends,16,6.666666666666667,True,Macau Peninsula + Taipa & Cotai,False
AP1,0,weekends,17,6.666666666666667,True,Macau Peninsula + Taipa & Cotai,False
AP1,0,weekends,18,6.666666666666667,True,Macau Peninsula + Taipa & Cotai,False
AP1,0,weekends,19,6.666666666666667,True,Macau Peninsula + Taipa & Cotai,False
AP1,0,weekends,20,3.6363636363636362,True,Macau Peninsula + Taipa & Cotai,False
AP1,0,weekends,21,3.6363636363636362,True,Macau Peninsula + Taipa & Cotai,False
AP1,0,weekends,22,3.6363636363636362,True,Macau Peninsula + Taipa & Cotai,False
AP1,0,weekends,23,3.6363636363636362,True,Macau Peninsula + Taipa & Cotai,False
AP1X,0,weekdays,0,0.0,True,Macau Peninsula + Taipa & Cotai,False
AP1X,0,weekdays,1,0.0,True,Macau Peninsula + Taipa & Cotai,False
AP1X,0,weekdays,2,0.0,True,Macau Peninsula + Taipa & Cotai,False
AP1X,0,weekdays,3,0.0,True,Macau Peninsula + Taipa & Cotai,False
AP1X,0,weekdays,4,0.0,True,Macau Peninsula + Taipa & Cotai,False
AP1X,0,weekdays,5,0.0,True,Macau Peninsula + Taipa & Cotai,False
AP1X,0,weekdays,6,7.5,True,Macau Peninsula + Taipa & Cotai,False
AP1X,0,weekdays,7,7.5,True,Macau Peninsula + Taipa & Cotai,False
AP1X,0,weekdays,8,7.5,True,Macau Peninsula + Taipa & Cotai,False
AP1X,0,weekdays,9,7.5,True,Macau Peninsula + Taipa & Cotai,False
AP1X,0,weekdays,10,0.0,True,Macau Peninsula + Taipa & Cotai,False
AP1X,0,weekdays,11,0.0,True,Macau Peninsula + Taipa & Cotai,False
AP1X,0,weekdays,12,0.0,True,Macau Peninsula + Taipa & Cotai,False
AP1X,0,weekdays,13,0.0,True,Macau Peninsula + Taipa & Cotai,False
AP1X,0,weekdays,14,0.0,True,Macau Peninsula + Taipa & Cotai,False
AP1X,0,weekdays,15,6.0,True,Macau Peninsula + Taipa & Cotai,False
AP1X,0,weekdays,16,6.0,True,Macau Peninsula + Taipa & Cotai,False
AP1X,0,weekdays,17,6.0,True,Macau Peninsula + Taipa & Cotai,False
AP1X,0,weekdays,18,6.0,True,Macau Peninsula + Taipa & Cotai,False
AP1X,0,weekdays,19,6.0,True,Macau Peninsula + Taipa & Cotai,False
AP1X,0,weekdays,20,0.0,True,Macau Peninsula + Taipa & Cotai,False
AP1X,0,weekdays,21,0.0,True,Macau Peninsula + Taipa & Cotai,False
AP1X,0,weekdays,22,0.0,True,Macau Peninsula + Taipa & Cotai,False
AP1X,0,weekdays,23,0.0,True,Macau Peninsula + Taipa & Cotai,False
H1,0,holidays,0,0.0,False,Macau Peninsula,False
H1,0,holidays,1,0.0,False,Macau Peninsula,False
H1,0,holidays,2,0.0,False,Macau Peninsula,False
H1,0,holidays,3,0.0,False,Macau Peninsula,False
H1,0,holidays,4,0.0,False,Macau Peninsula,False
H1,0,holidays,5,0.0,False,Macau Peninsula,False
H1,0,holidays,6,0.0,False,Macau Peninsula,False
H1,0,holidays,7,2.2222222222222223,False,Macau Peninsula,False
H1,0,holidays,8,4.444444444444445,False,Macau Peninsula,False
H1,0,holidays,9,4.444444444444445,False,Macau Peninsula,False
H1,0,holidays,10,4.444444444444445,False,Macau Peninsula,False
H1,0,holidays,11,4.444444444444445,False,Macau Peninsula,False
H1,0,holidays,12,5.0,False,Macau Peninsula,False
H1,0,holidays,13,5.0,False,Macau Peninsula,False
H1,0,holidays,14,5.0,False,Macau Peninsula,False
H1,0,holidays,15,5.0,False,Macau Peninsula,False
H1,0,holidays,16,5.0,False,Macau Peninsula,False
H1,0,holidays,17,5.0,False,Macau Peninsula,False
H1,0,holidays,18,5.0,False,Macau Peninsula,False
H1,0,holidays,19,5.0,False,Macau Peninsula,False
H1,0,holidays,20,2.5,False,Macau Peninsula,False
H1,0,holidays,21,0.0,False,Macau Peninsula,False
H1,0,holidays,22,0.0,False,Macau Peninsula,False
H1,0,holidays,23,0.0,False,Macau Peninsula,False
H1,0,weekdays,0,0.0,False,Macau Peninsula,False
H1,0,weekdays,1,0.0,False,Macau Peninsula,False
H1,0,weekdays,2,0.0,False,Macau Peninsula,False
H1,0,weekdays,3,0.0,False,Macau Peninsula,False
H1,0,weekdays,4,0.0,False,Macau Peninsula,False
H1,0,weekdays,5,0.0,False,Macau Peninsula,False
H1,0,weekdays,6,0.0,False,Macau Peninsula,False
H1,0,weekdays,7,2.4,False,Macau Peninsula,False
H1,0,weekdays,8,4.8,False,Macau Peninsula,False
H1,0,weekdays,9,4.8,False,Macau Peninsula,False
H1,0,weekdays,10,4.8,False,Macau Peninsula,False
H1,0,weekdays,11,4.8,False,Macau Peninsula,False
H1,0,weekdays,12,4.8,False,Macau Peninsula,False
H1,0,weekdays,13,4.8,False,Macau Peninsula,False
H1,0,weekdays,14,4.8,False,Macau Peninsula,False
H1,0,weekdays,15,4.8,False,Macau Peninsula,False
H1,0,weekdays,16,4.8,False,Macau Peninsula,False
H1,0,weekdays,17,4.8,False,Macau Peninsula,False
H1,0,weekdays,18,4.8,False,Macau Peninsula,False
H1,0,weekdays,19,4.8,False,Macau Peninsula,False
H1,0,weekdays,20,2.4,False,Macau Peninsula,False
H1,0,weekdays,21,0.0,False,Macau Peninsula,False
H1,0,weekdays,22,0.0,False,Macau Peninsula,False
H1,0,weekdays,23,0.0,False,Macau Peninsula,False
H1,0,weekends,0,0.0,False,Macau Peninsula,False
H1,0,weekends,1,0.0,False,Macau Peninsula,False
H1,0,weekends,2,0.0,False,Macau Peninsula,False
H1,0,weekends,3,0.0,False,Macau Peninsula,False
H1,0,weekends,4,0.0,False,Macau Peninsula,False
H1,0,weekends,5,0.0,False,Macau Peninsula,False
H1,0,weekends,6,0.0,False,Macau Peninsula,False
H1,0,weekends,7,2.2222222222222223,False,Macau Peninsula,False
H1,0,weekends,8,4.444444444444445,False,Macau Peninsula,False
H1,0,weekends,9,4.444444444444445,False,Macau Peninsula,False
H1,0,weekends,10,4.444444444444445,False,Macau Peninsula,False
H1,0,weekends,11,4.444444444444445,False,Macau Peninsula,False
H1,0,weekends,12,5.0,False,Macau Peninsula,False
H1,0,weekends,13,5.0,False,Macau Peninsula,False
H1,0,weekends,14,5.0,False,Macau Peninsula,False
H1,0,weekends,15,5.0,False,Macau Peninsula,False
H1,0,weekends,16,5.0,False,Macau Peninsula,False
H1,0,weekends,17,5.0,False,Macau Peninsula,False
H1,0,weekends,18,5.0,False,Macau Peninsula,False
H1,0,weekends,19,5.0,False,Macau Peninsula,False
H1,0,weekends,20,2.5,False,Macau Peninsula,False
H1,0,weekends,21,0.0,False,Macau Peninsula,False
H1,0,weekends,22,0.0,False,Macau Peninsula,False
H1,0,weekends,23,0.0,False,Macau Peninsula,False
H2,0,weekdays,0,0.0,False,Macau Peninsula,False
H2,0,weekdays,1,0.0,False,Macau Peninsula,False
H2,0,weekdays,2,0.0,False,Macau Peninsula,False
H2,0,weekdays,3,0.0,False,Macau Peninsula,False
H2,0,weekdays,4,0.0,False,Macau Peninsula,False
H2,0,weekdays,5,0.0,False,Macau Peninsula,False
H2,0,weekdays,6,1.0909090909090908,False,Macau Peninsula,False
H2,0,weekdays,7,2.1818181818181817,False,Macau Peninsula,False
H2,0,weekdays,8,2.1818181818181817,False,Macau Peninsula,False
H2,0,weekdays,9,2.1818181818181817,False,Macau Peninsula,False
H2,0,weekdays,10,2.1818181818181817,False,Macau Peninsula,False
H2,0,weekdays,11,2.1818181818181817,False,Macau Peninsula,False
H2,0,weekdays,12,2.1818181818181817,False,Macau Peninsula,False
H2,0,weekdays,13,2.1818181818181817,False,Macau Peninsula,False
H2,0,weekdays,14,2.1818181818181817,False,Macau Peninsula,False
H2,0,weekdays,15,2.1818181818181817,False,Macau Peninsula,False
H2,0,weekdays,16,2.1818181818181817,False,Macau Peninsula,False
H2,0,weekdays,17,2.1818181818181817,False,Macau Peninsula,False
H2,0,weekdays,18,2.1818181818181817,False,Macau Peninsula,False
H2,0,weekdays,19,2.1818181818181817,False,Macau Peninsula,False
H2,0,weekdays,20,0.0,False,Macau Peninsula,False
H2,0,weekdays,21,0.0,False,Macau Peninsula,False
H2,0,weekdays,22,0.0,False,Macau Peninsula,False
H2,0,weekdays,23,0.0,False,Macau Peninsula,False
H3,0,holidays,0,0.0,True,Coloane + Macau Peninsula + Taipa & Cotai,True
H3,0,holidays,1,0.0,True,Coloane + Macau Peninsula + Taipa & Cotai,True
H3,0,holidays,2,0.0,True,Coloane + Macau Peninsula + Taipa & Cotai,True
H3,0,holidays,3,0.0,True,Coloane + Macau Peninsula + Taipa & Cotai,True
H3,0,holidays,4,0.0,True,Coloane + Macau Peninsula + Taipa & Cotai,True
H3,0,holidays,5,0.0,True,Coloane + Macau Peninsula + Taipa & Cotai,True
H3,0,holidays,6,2.000000000000001,True,Coloane + Macau Peninsula + Taipa & Cotai,True
H3,0,holidays,7,3.0,True,Coloane + Macau Peninsula + Taipa & Cotai,True
H3,0,holidays,8,3.0,True,Coloane + Macau Peninsula + Taipa & Cotai,True
H3,0,holidays,9,3.0,True,Coloane + Macau Peninsula + Taipa & Cotai,True
H3,0,holidays,10,3.0,True,Coloane + Macau Peninsula + Taipa & Cotai,True
H3,0,holidays,11,3.0,True,Coloane + Macau Peninsula + Taipa & Cotai,True
H3,0,holidays,12,3.0,True,Coloane + Macau Peninsula + Taipa & Cotai,True
H3,0,holidays,13,3.0,True,Coloane + Macau Peninsula + Taipa & Cotai,True
H3,0,holidays,14,3.0,True,Coloane + Macau Peninsula + Taipa & Cotai,True
H3,0,holidays,15,3.0,True,Coloane + Macau Peninsula + Taipa & Cotai,True
H3,0,holidays,16,3.0,True,Coloane + Macau Peninsula + Taipa & Cotai,True
H3,0,holidays,17,3.0,True,Coloane + Macau Peninsula + Taipa & Cotai,True
H3,0,holidays,18,3.0,True,Coloane + Macau Peninsula + Taipa & Cotai,True
H3,0,holidays,19,3.0,True,Coloane + Macau Peninsula + Taipa & Cotai,True
H3,0,holidays,20,3.0,True,Coloane + Macau Peninsula + Taipa & Cotai,True
H3,0,holidays,21,1.5,True,Coloane + Macau Peninsula + Taipa & Cotai,True
H3,0,holidays,22,0.0,True,Coloane + Macau Peninsula + Taipa & Cotai,True
H3,0,holidays,23,0.0,True,Coloane + Macau Peninsula + Taipa & Cotai,True
H3,0,weekdays,0,0.0,True,Coloane + Macau Peninsula + Taipa & Cotai,True
H3,0,weekdays,1,0.0,True,Coloane + Macau Peninsula + Taipa & Cotai,True
H3,0,weekdays,2,0.0,True,Coloane + Macau Peninsula + Taipa & Cotai,True
H3,0,weekdays,3,0.0,True,Coloane + Macau Peninsula + Taipa & Cotai,True
H3,0,weekdays,4,0.0,True,Coloane + Macau Peninsula + Taipa & Cotai,True
H3,0,weekdays,5,0.0,True,Coloane + Macau Peninsula + Taipa & Cotai,True
H3,0,weekdays,6,2.857142857142858,True,Coloane + Macau Peninsula + Taipa & Cotai,True
H3,0,weekdays,7,4.285714285714286,True,Coloane + Macau Peninsula + Taipa & Cotai,True
H3,0,weekdays,8,4.285714285714286,True,Coloane + Macau Peninsula + Taipa & Cotai,True
H3,0,weekdays,9,3.4285714285714284,True,Coloane + Macau Peninsula + Taipa & Cotai,True
H3,0,weekdays,10,3.4285714285714284,True,Coloane + Macau Peninsula + Taipa & Cotai,True
H3,0,weekdays,11,3.4285714285714284,True,Coloane + Macau Peninsula + Taipa & Cotai,True
H3,0,weekdays,12,3.4285714285714284,True,Coloane + Macau Peninsula + Taipa & Cotai,True
H3,0,weekdays,13,3.4285714285714284,True,Coloane + Macau Peninsula + Taipa & Cotai,True
H3,0,weekdays,14,3.4285714285714284,True,Coloane + Macau Peninsula + Taipa & Cotai,True
H3,0,weekdays,15,3.4285714285714284,True,Coloane + Macau Peninsula + Taipa & Cotai,True
H3,0,weekdays,16,3.4285714285714284,True,Coloane + Macau Peninsula + Taipa & Cotai,True
H3,0,weekdays,17,3.4285714285714284,True,Coloane + Macau Peninsula + Taipa & Cotai,True
H3,0,weekdays,18,3.4285714285714284,True,Coloane + Macau Peninsula + Taipa & Cotai,True
H3,0,weekdays,19,3.4285714285714284,True,Coloane + Macau Peninsula + Taipa & Cotai,True
H3,0,weekdays,20,3.4285714285714284,True,Coloane + Macau Peninsula + Taipa & Cotai,True
H3,0,weekdays,21,1.7142857142857142,True,Coloane + Macau Peninsula + Taipa & Cotai,True
H3,0,weekdays,22,0.0,True,Coloane + Macau Peninsula + Taipa & Cotai,True
H3,0,weekdays,23,0.0,True,Coloane + Macau Peninsula + Taipa & Cotai,True
H3,0,weekends,0,0.0,True,Coloane + Macau Peninsula + Taipa & Cotai,True
H3,0,weekends,1,0.0,True,Coloane + Macau Peninsula + Taipa & Cotai,True
H3,0,weekends,2,0.0,True,Coloane + Macau Peninsula + Taipa & Cotai,True
H3,0,weekends,3,0.0,True,Coloane + Macau Peninsula + Taipa & Cotai,True
H3,0,weekends,4,0.0,True,Coloane + Macau Peninsula + Taipa & Cotai,True
H3,0,weekends,5,0.0,True,Coloane + Macau Peninsula + Taipa & Cotai,True
H3,0,weekends,6,2.857142857142858,True,Coloane + Macau Peninsula + Taipa & Cotai,True
H3,0,weekends,7,4.285714285714286,True,Coloane + Macau Peninsula + Taipa & Cotai,True
H3,0,weekends,8,4.285714285714286,True,Coloane + Macau Peninsula + Taipa & Cotai,True
H3,0,weekends,9,3.4285714285714284,True,Coloane + Macau Peninsula + Taipa & Cotai,True
H3,0,weekends,10,3.4285714285714284,True,Coloane + Macau Peninsula + Taipa & Cotai,True
H3,0,weekends,11,3.4285714285714284,True,Coloane + Macau Peninsula + Taipa & Cotai,True
H3,0,weekends,12,3.4285714285714284,True,Coloane + Macau Peninsula + Taipa & Cotai,True
H3,0,weekends,13,3.4285714285714284,True,Coloane + Macau Peninsula + Taipa & Cotai,True
H3,0,weekends,14,3.4285714285714284,True,Coloane + Macau Peninsula + Taipa & Cotai,True
H3,0,weekends,15,3.4285714285714284,True,Coloane + Macau Peninsula + Taipa & Cotai,True
H3,0,weekends,16,3.4285714285714284,True,Coloane + Macau Peninsula + Taipa & Cotai,True
H3,0,weekends,17,3.4285714285714284,True,Coloane + Macau Peninsula + Taipa & Cotai,True
H3,0,weekends,18,3.4285714285714284,True,Coloane + Macau Peninsula + Taipa & Cotai,True
H3,0,weekends,19,3.4285714285714284,True,Coloane + Macau Peninsula + Taipa & Cotai,True
H3,0,weekends,20,3.4285714285714284,True,Coloane + Macau Peninsula + Taipa & Cotai,True
H3,0,weekends,21,1.7142857142857142,True,Coloane + Macau Peninsula + Taipa & Cotai,True
H3,0,weekends,22,0.0,True,Coloane + Macau Peninsula + Taipa & Cotai,True
H3,0,weekends,23,0.0,True,Coloane + Macau Peninsula + Taipa & Cotai,True
MT1,0,holidays,0,0.0,True,Macau Peninsula + Taipa & Cotai,False
MT1,0,holidays,1,0.0,True,Macau Peninsula + Taipa & Cotai,False
MT1,0,holidays,2,0.0,True,Macau Peninsula + Taipa & Cotai,False
MT1,0,holidays,3,0.0,True,Macau Peninsula + Taipa & Cotai,False
MT1,0,holidays,4,0.0,True,Macau Peninsula + Taipa & Cotai,False
MT1,0,holidays,5,0.0,True,Macau Peninsula + Taipa & Cotai,False
MT1,0,holidays,6,0.0,True,Macau Peninsula + Taipa & Cotai,False
MT1,0,holidays,7,5.454545454545454,True,Macau Peninsula + Taipa & Cotai,False
MT1,0,holidays,8,5.454545454545454,True,Macau Peninsula + Taipa & Cotai,False
MT1,0,holidays,9,5.454545454545454,True,Macau Peninsula + Taipa & Cotai,False
MT1,0,holidays,10,4.0,True,Macau Peninsula + Taipa & Cotai,False
MT1,0,holidays,11,4.0,True,Macau Peninsula + Taipa & Cotai,False
MT1,0,holidays,12,4.0,True,Macau Peninsula + Taipa & Cotai,False
MT1,0,holidays,13,4.0,True,Macau Peninsula + Taipa & Cotai,False
MT1,0,holidays,14,4.0,True,Macau Peninsula + Taipa & Cotai,False
MT1,0,holidays,15,5.0,True,Macau Peninsula + Taipa & Cotai,False
MT1,0,holidays,16,5.0,True,Macau Peninsula + Taipa & Cotai,False
MT1,0,holidays,17,5.0,True,Macau Peninsula + Taipa & Cotai,False
MT1,0,holidays,18,5.0,True,Macau Peninsula + Taipa & Cotai,False
MT1,0,holidays,19,5.0,True,Macau Peninsula + Taipa & Cotai,False
MT1,0,holidays,20,3.1578947368421053,True,Macau Peninsula + Taipa & Cotai,False
MT1,0,holidays,21,3.1578947368421053,True,Macau Peninsula + Taipa & Cotai,False
MT1,0,holidays,22,3.1578947368421053,True,Macau Peninsula + Taipa & Cotai,False
MT1,0,holidays,23,3.1578947368421053,True,Macau Peninsula + Taipa & Cotai,False
MT1,0,weekdays,0,0.0,True,Macau Peninsula + Taipa & Cotai,False
MT1,0,weekdays,1,0.0,True,Macau Peninsula + Taipa & Cotai,False
MT1,0,weekdays,2,0.0,True,Macau Peninsula + Taipa & Cotai,False
MT1,0,weekdays,3,0.0,True,Macau Peninsula + Taipa & Cotai,False
MT1,0,weekdays,4,0.0,True,Macau Peninsula + Taipa & Cotai,False
MT1,0,weekdays,5,0.0,True,Macau Peninsula + Taipa & Cotai,False
MT1,0,weekdays,6,0.0,True,Macau Peninsula + Taipa & Cotai,False
MT1,0,weekdays,7,5.454545454545454,True,Macau Peninsula + Taipa & Cotai,False
MT1,0,weekdays,8,5.454545454545454,True,Macau Peninsula + Taipa & Cotai,False
MT1,0,weekdays,9,5.454545454545454,True,Macau Peninsula + Taipa & Cotai,False
MT1,0,weekdays,10,4.0,True,Macau Peninsula + Taipa & Cotai,False
MT1,0,weekdays,11,4.0,True,Macau Peninsula + Taipa & Cotai,False
MT1,0,weekdays,12,4.0,True,Macau Peninsula + Taipa & Cotai,False
MT1,0,weekdays,13,4.0,True,Macau Peninsula + Taipa & Cotai,False
MT1,0,weekdays,14,4.0,True,Macau Peninsula + Taipa & Cotai,False
MT1,0,weekdays,15,5.0,True,Macau Peninsula + Taipa & Cotai,False
MT1,0,weekdays,16,5.0,True,Macau Peninsula + Taipa & Cotai,False
MT1,0,weekdays,17,5.0,True,Macau Peninsula + Taipa & Cotai,False
MT1,0,weekdays,18,5.0,True,Macau Peninsula + Taipa & Cotai,False
MT1,0,weekdays,19,5.0,True,Macau Peninsula + Taipa & Cotai,False
MT1,0,weekdays,20,3.1578947368421053,True,Macau Peninsula + Taipa & Cotai,False
MT1,0,weekdays,21,3.1578947368421053,True,Macau Peninsula + Taipa & Cotai,False
MT1,0,weekdays,22,3.1578947368421053,True,Macau Peninsula + Taipa & Cotai,False
MT1,0,weekdays,23,3.1578947368421053,True,Macau Peninsula + Taipa & Cotai,False
MT1,0,weekends,0,0.0,True,Macau Peninsula + Taipa & Cotai,False
MT1,0,weekends,1,0.0,True,Macau Peninsula + Taipa & Cotai,False
MT1,0,weekends,2,0.0,True,Macau Peninsula + Taipa & Cotai,False
MT1,0,weekends,3,0.0,True,Macau Peninsula + Taipa & Cotai,False
MT1,0,weekends,4,0.0,True,Macau Peninsula + Taipa & Cotai,False
MT1,0,weekends,5,0.0,True,Macau Peninsula + Taipa & Cotai,False
MT1,0,weekends,6,0.0,True,Macau Peninsula + Taipa & Cotai,False
MT1,0,weekends,7,5.454545454545454,True,Macau Peninsula + Taipa & Cotai,False
MT1,0,weekends,8,5.454545454545454,True,Macau Peninsula + Taipa & Cotai,False
MT1,0,weekends,9,5.454545454545454,True,Macau Peninsula + Taipa & Cotai,False
MT1,0,weekends,10,4.0,True,Macau Peninsula + Taipa & Cotai,False
MT1,0,weekends,11,4.0,True,Macau Peninsula + Taipa & Cotai,False
MT1,0,weekends,12,4.0,True,Macau Peninsula + Taipa & Cotai,False
MT1,0,weekends,13,4.0,True,Macau Peninsula + Taipa & Cotai,False
MT1,0,weekends,14,4.0,True,Macau Peninsula + Taipa & Cotai,False
MT1,0,weekends,15,5.0,True,Macau Peninsula + Taipa & Cotai,False
MT1,0,weekends,16,5.0,True,Macau Peninsula + Taipa & Cotai,False
MT1,0,weekends,17,5.0,True,Macau Peninsula + Taipa & Cotai,False
MT1,0,weekends,18,5.0,True,Macau Peninsula + Taipa & Cotai,False
MT1,0,weekends,19,5.0,True,Macau Peninsula + Taipa & Cotai,False
MT1,0,weekends,20,3.1578947368421053,True,Macau Peninsula + Taipa & Cotai,False
MT1,0,weekends,21,3.1578947368421053,True,Macau Peninsula + Taipa & Cotai,False
MT1,0,weekends,22,3.1578947368421053,True,Macau Peninsula + Taipa & Cotai,False
MT1,0,weekends,23,3.1578947368421053,True,Macau Peninsula + Taipa & Cotai,False
MT2,0,holidays,0,0.0,True,Macau Peninsula + Taipa & Cotai,False
MT2,0,holidays,1,0.0,True,Macau Peninsula + Taipa & Cotai,False
MT2,0,holidays,2,0.0,True,Macau Peninsula + Taipa & Cotai,False
MT2,0,holidays,3,0.0,True,Macau Peninsula + Taipa & Cotai,False
MT2,0,holidays,4,0.0,True,Macau Peninsula + Taipa & Cotai,False
MT2,0,holidays,5,0.0,True,Macau Peninsula + Taipa & Cotai,False
MT2,0,holidays,6,0.0,True,Macau Peninsula + Taipa & Cotai,False
MT2,0,holidays,7,3.0,True,Macau Peninsula + Taipa & Cotai,False
MT2,0,holidays,8,3.0,True,Macau Peninsula + Taipa & Cotai,False
MT2,0,holidays,9,3.0,True,Macau Peninsula + Taipa & Cotai,False
MT2,0,holidays,10,3.0,True,Macau Peninsula + Taipa & Cotai,False
MT2,0,holidays,11,3.0,True,Macau Peninsula + Taipa & Cotai,False
MT2,0,holidays,12,3.0,True,Macau Peninsula + Taipa & Cotai,False
MT2,0,holidays,13,3.0,True,Macau Peninsula + Taipa & Cotai,False
MT2,0,holidays,14,3.0,True,Macau Peninsula + Taipa & Cotai,False
MT2,0,holidays,15,3.0,True,Macau Peninsula + Taipa & Cotai,False
MT2,0,holidays,16,3.0,True,Macau Peninsula + Taipa & Cotai,False
MT2,0,holidays,17,3.0,True,Macau Peninsula + Taipa & Cotai,False
MT2,0,holidays,18,3.0,True,Macau Peninsula + Taipa & Cotai,False
MT2,0,holidays,19,3.0,True,Macau Peninsula + Taipa & Cotai,False
MT2,0,holidays,20,3.0,True,Macau Peninsula + Taipa & Cotai,False
MT2,0,holidays,21,2.25,True,Macau Peninsula + Taipa & Cotai,False
MT2,0,holidays,22,0.0,True,Macau Peninsula + Taipa & Cotai,False
MT2,0,holidays,23,0.0,True,Macau Peninsula + Taipa & Cotai,False
MT2,0,weekdays,0,0.0,True,Macau Peninsula + Taipa & Cotai,False
MT2,0,weekdays,1,0.0,True,Macau Peninsula + Taipa & Cotai,False
MT2,0,weekdays,2,0.0,True,Macau Peninsula + Taipa & Cotai,False
MT2,0,weekdays,3,0.0,True,Macau Peninsula + Taipa & Cotai,False
MT2,0,weekdays,4,0.0,True,Macau Peninsula + Taipa & Cotai,False
MT2,0,weekdays,5,0.0,True,Macau Peninsula + Taipa & Cotai,False
MT2,0,weekdays,6,0.0,True,Macau Peninsula + Taipa & Cotai,False
MT2,0,weekdays,7,4.444444444444445,True,Macau Peninsula + Taipa & Cotai,False
MT2,0,weekdays,8,4.444444444444445,True,Macau Peninsula + Taipa & Cotai,False
MT2,0,weekdays,9,4.444444444444445,True,Macau Peninsula + Taipa & Cotai,False
MT2,0,weekdays,10,3.6363636363636362,True,Macau Peninsula + Taipa & Cotai,False
MT2,0,weekdays,11,3.6363636363636362,True,Macau Peninsula + Taipa & Cotai,False
MT2,0,weekdays,12,3.6363636363636362,True,Macau Peninsula + Taipa & Cotai,False
MT2,0,weekdays,13,3.6363636363636362,True,Macau Peninsula + Taipa & Cotai,False
MT2,0,weekdays,14,3.6363636363636362,True,Macau Peninsula + Taipa & Cotai,False
MT2,0,weekdays,15,4.444444444444445,True,Macau Peninsula + Taipa & Cotai,False
MT2,0,weekdays,16,4.444444444444445,True,Macau Peninsula + Taipa & Cotai,False
MT2,0,weekdays,17,4.444444444444445,True,Macau Peninsula + Taipa & Cotai,False
MT2,0,weekdays,18,4.444444444444445,True,Macau Peninsula + Taipa & Cotai,False
MT2,0,weekdays,19,4.444444444444445,True,Macau Peninsula + Taipa & Cotai,False
MT2,0,weekdays,20,3.0,True,Macau Peninsula + Taipa & Cotai,False
MT2,0,weekdays,21,2.25,True,Macau Peninsula + Taipa & Cotai,False
MT2,0,weekdays,22,0.0,True,Macau Peninsula + Taipa & Cotai,False
MT2,0,weekdays,23,0.0,True,Macau Peninsula + Taipa & Cotai,False
MT2,0,weekends,0,0.0,True,Macau Peninsula + Taipa & Cotai,False
MT2,0,weekends,1,0.0,True,Macau Peninsula + Taipa & Cotai,False
MT2,0,weekends,2,0.0,True,Macau Peninsula + Taipa & Cotai,False
MT2,0,weekends,3,0.0,True,Macau Peninsula + Taipa & Cotai,False
MT2,0,weekends,4,0.0,True,Macau Peninsula + Taipa & Cotai,False
MT2,0,weekends,5,0.0,True,Macau Peninsula + Taipa & Cotai,False
MT2,0,weekends,6,0.0,True,Macau Peninsula + Taipa & Cotai,False
MT2,0,weekends,7,4.444444444444445,True,Macau Peninsula + Taipa & Cotai,False
MT2,0,weekends,8,4.444444444444445,True,Macau Peninsula + Taipa & Cotai,False
MT2,0,weekends,9,4.444444444444445,True,Macau Peninsula + Taipa & Cotai,False
MT2,0,weekends,10,3.6363636363636362,True,Macau Peninsula + Taipa & Cotai,False
MT2,0,weekends,11,3.6363636363636362,True,Macau Peninsula + Taipa & Cotai,False
MT2,0,weekends,12,3.6363636363636362,True,Macau Peninsula + Taipa & Cotai,False
MT2,0,weekends,13,3.6363636363636362,True,Macau Peninsula + Taipa & Cotai,False
MT2,0,weekends,14,3.6363636363636362,True,Macau Peninsula + Taipa & Cotai,False
MT2,0,weekends,15,4.444444444444445,True,Macau Peninsula + Taipa & Cotai,False
MT2,0,weekends,16,4.444444444444445,True,Macau Peninsula + Taipa & Cotai,False
MT2,0,weekends,17,4.444444444444445,True,Macau Peninsula + Taipa & Cotai,False
MT2,0,weekends,18,4.444444444444445,True,Macau Peninsula + Taipa & Cotai,False
MT2,0,weekends,19,4.444444444444445,True,Macau Peninsula + Taipa & Cotai,False
MT2,0,weekends,20,3.0,True,Macau Peninsula + Taipa & Cotai,False
MT2,0,weekends,21,2.25,True,Macau Peninsula + Taipa & Cotai,False
MT2,0,weekends,22,0.0,True,Macau Peninsula + Taipa & Cotai,False
MT2,0,weekends,23,0.0,True,Macau Peninsula + Taipa & Cotai,False
MT3,0,holidays,0,0.0,True,Macau Peninsula + Taipa & Cotai,False
MT3,0,holidays,1,0.0,True,Macau Peninsula + Taipa & Cotai,False
MT3,0,holidays,2,0.0,True,Macau Peninsula + Taipa & Cotai,False
MT3,0,holidays,3,0.0,True,Macau Peninsula + Taipa & Cotai,False
MT3,0,holidays,4,0.0,True,Macau Peninsula + Taipa & Cotai,False
MT3,0,holidays,5,0.0,True,Macau Peninsula + Taipa & Cotai,False
MT3,0,holidays,6,0.8000000000000014,True,Macau Peninsula + Taipa & Cotai,False
MT3,0,holidays,7,4.8,True,Macau Peninsula + Taipa & Cotai,False
MT3,0,holidays,8,4.8,True,Macau Peninsula + Taipa & Cotai,False
MT3,0,holidays,9,4.8,True,Macau Peninsula + Taipa & Cotai,False
MT3,0,holidays,10,4.8,True,Macau Peninsula + Taipa & Cotai,False
MT3,0,holidays,11,4.8,True,Macau Peninsula + Taipa & Cotai,False
MT3,0,holidays,12,4.8,True,Macau Peninsula + Taipa & Cotai,False
MT3,0,holidays,13,4.8,True,Macau Peninsula + Taipa & Cotai,False
MT3,0,holidays,14,4.8,True,Macau Peninsula + Taipa & Cotai,False
MT3,0,holidays,15,4.8,True,Macau Peninsula + Taipa & Cotai,False
MT3,0,holidays,16,4.8,True,Macau Peninsula + Taipa & Cotai,False
MT3,0,holidays,17,4.8,True,Macau Peninsula + Taipa & Cotai,False
MT3,0,holidays,18,4.8,True,Macau Peninsula + Taipa & Cotai,False
MT3,0,holidays,19,4.8,True,Macau Peninsula + Taipa & Cotai,False
MT3,0,holidays,20,2.4,True,Macau Peninsula + Taipa & Cotai,False
MT3,0,holidays,21,0.0,True,Macau Peninsula + Taipa & Cotai,False
MT3,0,holidays,22,0.0,True,Macau Peninsula + Taipa & Cotai,False
MT3,0,holidays,23,0.0,True,Macau Peninsula + Taipa & Cotai,False
MT3,0,weekdays,0,0.0,True,Macau Peninsula + Taipa & Cotai,False
MT3,0,weekdays,1,0.0,True,Macau Peninsula + Taipa & Cotai,False
MT3,0,weekdays,2,0.0,True,Macau Peninsula + Taipa & Cotai,False
MT3,0,weekdays,3,0.0,True,Macau Peninsula + Taipa & Cotai,False
MT3,0,weekdays,4,0.0,True,Macau Peninsula + Taipa & Cotai,False
MT3,0,weekdays,5,0.0,True,Macau Peninsula + Taipa & Cotai,False
MT3,0,weekdays,6,1.428571428571431,True,Macau Peninsula + Taipa & Cotai,False
MT3,0,weekdays,7,8.571428571428571,True,Macau Peninsula + Taipa & Cotai,False
MT3,0,weekdays,8,8.571428571428571,True,Macau Peninsula + Taipa & Cotai,False
MT3,0,weekdays,9,8.571428571428571,True,Macau Peninsula + Taipa & Cotai,False
MT3,0,weekdays,10,4.8,True,Macau Peninsula + Taipa & Cotai,False
MT3,0,weekdays,11,4.8,True,Macau Peninsula + Taipa & Cotai,False
MT3,0,weekdays,12,4.8,True,Macau Peninsula + Taipa & Cotai,False
MT3,0,weekdays,13,4.8,True,Macau Peninsula + Taipa & Cotai,False
MT3,0,weekdays,14,4.8,True,Macau Peninsula + Taipa & Cotai,False
MT3,0,weekdays,15,7.5,True,Macau Peninsula + Taipa & Cotai,False
MT3,0,weekdays,16,7.5,True,Macau Peninsula + Taipa & Cotai,False
MT3,0,weekdays,17,7.5,True,Macau Peninsula + Taipa & Cotai,False
MT3,0,weekdays,18,7.5,True,Macau Peninsula + Taipa & Cotai,False
MT3,0,weekdays,19,7.5,True,Macau Peninsula + Taipa & Cotai,False
MT3,0,weekdays,20,3.75,True,Macau Peninsula + Taipa & Cotai,False
MT3,0,weekdays,21,0.0,True,Macau Peninsula + Taipa & Cotai,False
MT3,0,weekdays,22,0.0,True,Macau Peninsula + Taipa & Cotai,False
MT3,0,weekdays,23,0.0,True,Macau Peninsula + Taipa & Cotai,False
MT3,0,weekends,0,0.0,True,Macau Peninsula + Taipa & Cotai,False
MT3,0,weekends,1,0.0,True,Macau Peninsula + Taipa & Cotai,False
MT3,0,weekends,2,0.0,True,Macau Peninsula + Taipa & Cotai,False
MT3,0,weekends,3,0.0,True,Macau Peninsula + Taipa & Cotai,False
MT3,0,weekends,4,0.0,True,Macau Peninsula + Taipa & Cotai,False
MT3,0,weekends,5,0.0,True,Macau Peninsula + Taipa & Cotai,False
MT3,0,weekends,6,1.428571428571431,True,Macau Peninsula + Taipa & Cotai,False
MT3,0,weekends,7,8.571428571428571,True,Macau Peninsula + Taipa & Cotai,False
MT3,0,weekends,8,8.571428571428571,True,Macau Peninsula + Taipa & Cotai,False
MT3,0,weekends,9,8.571428571428571,True,Macau Peninsula + Taipa & Cotai,False
MT3,0,weekends,10,4.8,True,Macau Peninsula + Taipa & Cotai,False
MT3,0,weekends,11,4.8,True,Macau Peninsula + Taipa & Cotai,False
MT3,0,weekends,12,4.8,True,Macau Peninsula + Taipa & Cotai,False
MT3,0,weekends,13,4.8,True,Macau Peninsula + Taipa & Cotai,False
MT3,0,weekends,14,4.8,True,Macau Peninsula + Taipa & Cotai,False
MT3,0,weekends,15,7.5,True,Macau Peninsula + Taipa & Cotai,False
MT3,0,weekends,16,7.5,True,Macau Peninsula + Taipa & Cotai,False
MT3,0,weekends,17,7.5,True,Macau Peninsula + Taipa & Cotai,False
MT3,0,weekends,18,7.5,True,Macau Peninsula + Taipa & Cotai,False
MT3,0,weekends,19,7.5,True,Macau Peninsula + Taipa & Cotai,False
MT3,0,weekends,20,3.75,True,Macau Peninsula + Taipa & Cotai,False
MT3,0,weekends,21,0.0,True,Macau Peninsula + Taipa & Cotai,False
MT3,0,weekends,22,0.0,True,Macau Peninsula + Taipa & Cotai,False
MT3,0,weekends,23,0.0,True,Macau Peninsula + Taipa & Cotai,False
MT4,0,holidays,0,0.0,True,Macau Peninsula + Taipa & Cotai,False
MT4,0,holidays,1,0.0,True,Macau Peninsula + Taipa & Cotai,False
MT4,0,holidays,2,0.0,True,Macau Peninsula + Taipa & Cotai,False
MT4,0,holidays,3,0.0,True,Macau Peninsula + Taipa & Cotai,False
MT4,0,holidays,4,0.0,True,Macau Peninsula + Taipa & Cotai,False
MT4,0,holidays,5,1.5,True,Macau Peninsula + Taipa & Cotai,False
MT4,0,holidays,6,6.0,True,Macau Peninsula + Taipa & Cotai,False
MT4,0,holidays,7,6.0,True,Macau Peninsula + Taipa & Cotai,False
MT4,0,holidays,8,6.0,True,Macau Peninsula + Taipa & Cotai,False
MT4,0,holidays,9,6.0,True,Macau Peninsula + Taipa & Cotai,False
MT4,0,holidays,10,4.444444444444445,True,Macau Peninsula + Taipa & Cotai,False
MT4,0,holidays,11,4.444444444444445,True,Macau Peninsula + Taipa & Cotai,False
MT4,0,holidays,12,4.444444444444445,True,Macau Peninsula + Taipa & Cotai,False
MT4,0,holidays,13,4.444444444444445,True,Macau Peninsula + Taipa & Cotai,False
MT4,0,holidays,14,4.444444444444445,True,Macau Peninsula + Taipa & Cotai,False
MT4,0,holidays,15,6.0,True,Macau Peninsula + Taipa & Cotai,False
MT4,0,holidays,16,6.0,True,Macau Peninsula + Taipa & Cotai,False
MT4,0,holidays,17,6.0,True,Macau Peninsula + Taipa & Cotai,False
MT4,0,holidays,18,6.0,True,Macau Peninsula + Taipa & Cotai,False
MT4,0,holidays,19,6.0,True,Macau Peninsula + Taipa & Cotai,False
MT4,0,holidays,20,4.0,True,Macau Peninsula + Taipa & Cotai,False
MT4,0,holidays,21,4.0,True,Macau Peninsula + Taipa & Cotai,False
MT4,0,holidays,22,4.0,True,Macau Peninsula + Taipa & Cotai,False
MT4,0,holidays,23,4.0,True,Macau Peninsula + Taipa & Cotai,False
MT4,0,weekdays,0,0.0,True,Macau Peninsula + Taipa & Cotai,False
MT4,0,weekdays,1,0.0,True,Macau Peninsula + Taipa & Cotai,False
MT4,0,weekdays,2,0.0,True,Macau Peninsula + Taipa & Cotai,False
MT4,0,weekdays,3,0.0,True,Macau Peninsula + Taipa & Cotai,False
MT4,0,weekdays,4,0.0,True,Macau Peninsula + Taipa & Cotai,False
MT4,0,weekdays,5,1.875,True,Macau Peninsula + Taipa & Cotai,False
MT4,0,weekdays,6,7.5,True,Macau Peninsula + Taipa & Cotai,False
MT4,0,weekdays,7,7.5,True,Macau Peninsula + Taipa & Cotai,False
MT4,0,weekdays,8,7.5,True,Macau Peninsula + Taipa & Cotai,False
MT4,0,weekdays,9,7.5,True,Macau Peninsula + Taipa & Cotai,False
MT4,0,weekdays,10,6.0,True,Macau Peninsula + Taipa & Cotai,False
MT4,0,weekdays,11,6.0,True,Macau Peninsula + Taipa & Cotai,False
MT4,0,weekdays,12,6.0,True,Macau Peninsula + Taipa & Cotai,False
MT4,0,weekdays,13,6.0,True,Macau Peninsula + Taipa & Cotai,False
MT4,0,weekdays,14,6.0,True,Macau Peninsula + Taipa & Cotai,False
MT4,0,weekdays,15,7.5,True,Macau Peninsula + Taipa & Cotai,False
MT4,0,weekdays,16,7.5,True,Macau Peninsula + Taipa & Cotai,False
MT4,0,weekdays,17,7.5,True,Macau Peninsula + Taipa & Cotai,False
MT4,0,weekdays,18,7.5,True,Macau Peninsula + Taipa & Cotai,False
MT4,0,weekdays,19,7.5,True,Macau Peninsula + Taipa & Cotai,False
MT4,0,weekdays,20,4.444444444444445,True,Macau Peninsula + Taipa & Cotai,False
MT4,0,weekdays,21,4.444444444444445,True,Macau Peninsula + Taipa & Cotai,False
MT4,0,weekdays,22,4.444444444444445,True,Macau Peninsula + Taipa & Cotai,False
MT4,0,weekdays,23,4.444444444444445,True,Macau Peninsula + Taipa & Cotai,False
MT4,0,weekends,0,0.0,True,Macau Peninsula + Taipa & Cotai,False
MT4,0,weekends,1,0.0,True,Macau Peninsula + Taipa & Cotai,False
MT4,0,weekends,2,0.0,True,Macau Peninsula + Taipa & Cotai,False
MT4,0,weekends,3,0.0,True,Macau Peninsula + Taipa & Cotai,False
MT4,0,weekends,4,0.0,True,Macau Peninsula + Taipa & Cotai,False
MT4,0,weekends,5,1.875,True,Macau Peninsula + Taipa & Cotai,False
MT4,0,weekends,6,7.5,True,Macau Peninsula + Taipa & Cotai,False
MT4,0,weekends,7,7.5,True,Macau Peninsula + Taipa & Cotai,False
MT4,0,weekends,8,7.5,True,Macau Peninsula + Taipa & Cotai,False
MT4,0,weekends,9,7.5,True,Macau Peninsula + Taipa & Cotai,False
MT4,0,weekends,10,6.0,True,Macau Peninsula + Taipa & Cotai,False
MT4,0,weekends,11,6.0,True,Macau Peninsula + Taipa & Cotai,False
MT4,0,weekends,12,6.0,True,Macau Peninsula + Taipa & Cotai,False
MT4,0,weekends,13,6.0,True,Macau Peninsula + Taipa & Cotai,False
MT4,0,weekends,14,6.0,True,Macau Peninsula + Taipa & Cotai,False
MT4,0,weekends,15,7.5,True,Macau Peninsula + Taipa & Cotai,False
MT4,0,weekends,16,7.5,True,Macau Peninsula + Taipa & Cotai,False
MT4,0,weekends,17,7.5,True,Macau Peninsula + Taipa & Cotai,False
MT4,0,weekends,18,7.5,True,Macau Peninsula + Taipa & Cotai,False
MT4,0,weekends,19,7.5,True,Macau Peninsula + Taipa & Cotai,False
MT4,0,weekends,20,4.444444444444445,True,Macau Peninsula + Taipa & Cotai,False
MT4,0,weekends,21,4.444444444444445,True,Macau Peninsula + Taipa & Cotai,False
MT4,0,weekends,22,4.444444444444445,True,Macau Peninsula + Taipa & Cotai,False
MT4,0,weekends,23,4.444444444444445,True,Macau Peninsula + Taipa & Cotai,False
MT4,1,holidays,0,0.0,True,Macau Peninsula + Taipa & Cotai,False
MT4,1,holidays,1,0.0,True,Macau Peninsula + Taipa & Cotai,False
MT4,1,holidays,2,0.0,True,Macau Peninsula + Taipa & Cotai,False
MT4,1,holidays,3,0.0,True,Macau Peninsula + Taipa & Cotai,False
MT4,1,holidays,4,0.0,True,Macau Peninsula + Taipa & Cotai,False
MT4,1,holidays,5,0.0,True,Macau Peninsula + Taipa & Cotai,False
MT4,1,holidays,6,6.0,True,Macau Peninsula + Taipa & Cotai,False
MT4,1,holidays,7,6.0,True,Macau Peninsula + Taipa & Cotai,False
MT4,1,holidays,8,6.0,True,Macau Peninsula + Taipa & Cotai,False
MT4,1,holidays,9,6.0,True,Macau Peninsula + Taipa & Cotai,False
MT4,1,holidays,10,4.444444444444445,True,Macau Peninsula + Taipa & Cotai,False
MT4,1,holidays,11,4.444444444444445,True,Macau Peninsula + Taipa & Cotai,False
MT4,1,holidays,12,4.444444444444445,True,Macau Peninsula + Taipa & Cotai,False
MT4,1,holidays,13,4.444444444444445,True,Macau Peninsula + Taipa & Cotai,False
MT4,1,holidays,14,4.444444444444445,True,Macau Peninsula + Taipa & Cotai,False
MT4,1,holidays,15,6.0,True,Macau Peninsula + Taipa & Cotai,False
MT4,1,holidays,16,6.0,True,Macau Peninsula + Taipa & Cotai,False
MT4,1,holidays,17,6.0,True,Macau Peninsula + Taipa & Cotai,False
MT4,1,holidays,18,6.0,True,Macau Peninsula + Taipa & Cotai,False
MT4,1,holidays,19,6.0,True,Macau Peninsula + Taipa & Cotai,False
MT4,1,holidays,20,4.0,True,Macau Peninsula + Taipa & Cotai,False
MT4,1,holidays,21,4.0,True,Macau Peninsula + Taipa & Cotai,False
MT4,1,holidays,22,4.0,True,Macau Peninsula + Taipa & Cotai,False
MT4,1,holidays,23,4.0,True,Macau Peninsula + Taipa & Cotai,False
MT4,1,weekdays,0,0.0,True,Macau Peninsula + Taipa & Cotai,False
MT4,1,weekdays,1,0.0,True,Macau Peninsula + Taipa & Cotai,False
MT4,1,weekdays,2,0.0,True,Macau Peninsula + Taipa & Cotai,False
MT4,1,weekdays,3,0.0,True,Macau Peninsula + Taipa & Cotai,False
MT4,1,weekdays,4,0.0,True,Macau Peninsula + Taipa & Cotai,False
MT4,1,weekdays,5,0.0,True,Macau Peninsula + Taipa & Cotai,False
MT4,1,weekdays,6,7.5,True,Macau Peninsula + Taipa & Cotai,False
MT4,1,weekdays,7,7.5,True,Macau Peninsula + Taipa & Cotai,False
MT4,1,weekdays,8,7.5,True,Macau Peninsula + Taipa & Cotai,False
MT4,1,weekdays,9,7.5,True,Macau Peninsula + Taipa & Cotai,False
MT4,1,weekdays,10,6.0,True,Macau Peninsula + Taipa & Cotai,False
MT4,1,weekdays,11,6.0,True,Macau Peninsula + Taipa & Cotai,False
MT4,1,weekdays,12,6.0,True,Macau Peninsula + Taipa & Cotai,False
MT4,1,weekdays,13,6.0,True,Macau Peninsula + Taipa & Cotai,False
MT4,1,weekdays,14,6.0,True,Macau Peninsula + Taipa & Cotai,False
MT4,1,weekdays,15,7.5,True,Macau Peninsula + Taipa & Cotai,False
MT4,1,weekdays,16,7.5,True,Macau Peninsula + Taipa & Cotai,False
MT4,1,weekdays,17,7.5,True,Macau Peninsula + Taipa & Cotai,False
MT4,1,weekdays,18,7.5,True,Macau Peninsula + Taipa & Cotai,False
MT4,1,weekdays,19,7.5,True,Macau Peninsula + Taipa & Cotai,False
MT4,1,weekdays,20,4.444444444444445,True,Macau Peninsula + Taipa & Cotai,False
MT4,1,weekdays,21,4.444444444444445,True,Macau Peninsula + Taipa & Cotai,False
MT4,1,weekdays,22,4.444444444444445,True,Macau Peninsula + Taipa & Cotai,False
MT4,1,weekdays,23,4.444444444444445,True,Macau Peninsula + Taipa & Cotai,False
MT4,1,weekends,0,0.0,True,Macau Peninsula + Taipa & Cotai,False
MT4,1,weekends,1,0.0,True,Macau Peninsula + Taipa & Cotai,False
MT4,1,weekends,2,0.0,True,Macau Peninsula + Taipa & Cotai,False
MT4,1,weekends,3,0.0,True,Macau Peninsula + Taipa & Cotai,False
MT4,1,weekends,4,0.0,True,Macau Peninsula + Taipa & Cotai,False
MT4,1,weekends,5,0.0,True,Macau Peninsula + Taipa & Cotai,False
MT4,1,weekends,6,7.5,True,Macau Peninsula + Taipa & Cotai,False
MT4,1,weekends,7,7.5,True,Macau Peninsula + Taipa & Cotai,False
MT4,1,weekends,8,7.5,True,Macau Peninsula + Taipa & Cotai,False
MT4,1,weekends,9,7.5,True,Macau Peninsula + Taipa & Cotai,False
MT4,1,weekends,10,6.0,True,Macau Peninsula + Taipa & Cotai,False
MT4,1,weekends,11,6.0,True,Macau Peninsula + Taipa & Cotai,False
MT4,1,weekends,12,6.0,True,Macau Peninsula + Taipa & Cotai,False
MT4,1,weekends,13,6.0,True,Macau Peninsula + Taipa & Cotai,False
MT4,1,weekends,14,6.0,True,Macau Peninsula + Taipa & Cotai,False
MT4,1,weekends,15,7.5,True,Macau Peninsula + Taipa & Cotai,False
MT4,1,weekends,16,7.5,True,Macau Peninsula + Taipa & Cotai,False
MT4,1,weekends,17,7.5,True,Macau Peninsula + Taipa & Cotai,False
MT4,1,weekends,18,7.5,True,Macau Peninsula + Taipa & Cotai,False
MT4,1,weekends,19,7.5,True,Macau Peninsula + Taipa & Cotai,False
MT4,1,weekends,20,4.444444444444445,True,Macau Peninsula + Taipa & Cotai,False
MT4,1,weekends,21,4.444444444444445,True,Macau Peninsula + Taipa & Cotai,False
MT4,1,weekends,22,4.444444444444445,True,Macau Peninsula + Taipa & Cotai,False
MT4,1,weekends,23,4.444444444444445,True,Macau Peninsula + Taipa & Cotai,False
MT5,0,weekdays,0,0.0,True,Macau Peninsula + Taipa & Cotai,False
MT5,0,weekdays,1,0.0,True,Macau Peninsula + Taipa & Cotai,False
MT5,0,weekdays,2,0.0,True,Macau Peninsula + Taipa & Cotai,False
MT5,0,weekdays,3,0.0,True,Macau Peninsula + Taipa & Cotai,False
MT5,0,weekdays,4,0.0,True,Macau Peninsula + Taipa & Cotai,False
MT5,0,weekdays,5,0.0,True,Macau Peninsula + Taipa & Cotai,False
MT5,0,weekdays,6,0.0,True,Macau Peninsula + Taipa & Cotai,False
MT5,0,weekdays,7,6.0,True,Macau Peninsula + Taipa & Cotai,False
MT5,0,weekdays,8,6.0,True,Macau Peninsula + Taipa & Cotai,False
MT5,0,weekdays,9,6.0,True,Macau Peninsula + Taipa & Cotai,False
MT5,0,weekdays,10,0.0,True,Macau Peninsula + Taipa & Cotai,False
MT5,0,weekdays,11,0.0,True,Macau Peninsula + Taipa & Cotai,False
MT5,0,weekdays,12,0.0,True,Macau Peninsula + Taipa & Cotai,False
MT5,0,weekdays,13,0.0,True,Macau Peninsula + Taipa & Cotai,False
MT5,0,weekdays,14,0.0,True,Macau Peninsula + Taipa & Cotai,False
MT5,0,weekdays,15,6.0,True,Macau Peninsula + Taipa & Cotai,False
MT5,0,weekdays,16,6.0,True,Macau Peninsula + Taipa & Cotai,False
MT5,0,weekdays,17,6.0,True,Macau Peninsula + Taipa & Cotai,False
MT5,0,weekdays,18,6.0,True,Macau Peninsula + Taipa & Cotai,False
MT5,0,weekdays,19,6.0,True,Macau Peninsula + Taipa & Cotai,False
MT5,0,weekdays,20,6.0,True,Macau Peninsula + Taipa & Cotai,False
MT5,0,weekdays,21,0.0,True,Macau Peninsula + Taipa & Cotai,False
MT5,0,weekdays,22,0.0,True,Macau Peninsula + Taipa & Cotai,False
MT5,0,weekdays,23,0.0,True,Macau Peninsula + Taipa & Cotai,False
N1A,0,holidays,0,3.870967741935484,False,Macau Peninsula,False
N1A,0,holidays,1,3.870967741935484,False,Macau Peninsula,False
N1A,0,holidays,2,3.870967741935484,False,Macau Peninsula,False
N1A,0,holidays,3,3.870967741935484,False,Macau Peninsula,False
N1A,0,holidays,4,3.870967741935484,False,Macau Peninsula,False
N1A,0,holidays,5,3.870967741935484,False,Macau Peninsula,False
N1A,0,holidays,6,0.0,False,Macau Peninsula,False
N1A,0,holidays,7,0.0,False,Macau Peninsula,False
N1A,0,holidays,8,0.0,False,Macau Peninsula,False
N1A,0,holidays,9,0.0,False,Macau Peninsula,False
N1A,0,holidays,10,0.0,False,Macau Peninsula,False
N1A,0,holidays,11,0.0,False,Macau Peninsula,False
N1A,0,holidays,12,0.0,False,Macau Peninsula,False
N1A,0,holidays,13,0.0,False,Macau Peninsula,False
N1A,0,holidays,14,0.0,False,Macau Peninsula,False
N1A,0,holidays,15,0.0,False,Macau Peninsula,False
N1A,0,holidays,16,0.0,False,Macau Peninsula,False
N1A,0,holidays,17,0.0,False,Macau Peninsula,False
N1A,0,holidays,18,0.0,False,Macau Peninsula,False
N1A,0,holidays,19,0.0,False,Macau Peninsula,False
N1A,0,holidays,20,0.0,False,Macau Peninsula,False
N1A,0,holidays,21,0.0,False,Macau Peninsula,False
N1A,0,holidays,22,0.0,False,Macau Peninsula,False
N1A,0,holidays,23,0.0,False,Macau Peninsula,False
N1A,0,weekdays,0,3.870967741935484,False,Macau Peninsula,False
N1A,0,weekdays,1,3.870967741935484,False,Macau Peninsula,False
N1A,0,weekdays,2,3.870967741935484,False,Macau Peninsula,False
N1A,0,weekdays,3,3.870967741935484,False,Macau Peninsula,False
N1A,0,weekdays,4,3.870967741935484,False,Macau Peninsula,False
N1A,0,weekdays,5,3.870967741935484,False,Macau Peninsula,False
N1A,0,weekdays,6,0.0,False,Macau Peninsula,False
N1A,0,weekdays,7,0.0,False,Macau Peninsula,False
N1A,0,weekdays,8,0.0,False,Macau Peninsula,False
N1A,0,weekdays,9,0.0,False,Macau Peninsula,False
N1A,0,weekdays,10,0.0,False,Macau Peninsula,False
N1A,0,weekdays,11,0.0,False,Macau Peninsula,False
N1A,0,weekdays,12,0.0,False,Macau Peninsula,False
N1A,0,weekdays,13,0.0,False,Macau Peninsula,False
N1A,0,weekdays,14,0.0,False,Macau Peninsula,False
N1A,0,weekdays,15,0.0,False,Macau Peninsula,False
N1A,0,weekdays,16,0.0,False,Macau Peninsula,False
N1A,0,weekdays,17,0.0,False,Macau Peninsula,False
N1A,0,weekdays,18,0.0,False,Macau Peninsula,False
N1A,0,weekdays,19,0.0,False,Macau Peninsula,False
N1A,0,weekdays,20,0.0,False,Macau Peninsula,False
N1A,0,weekdays,21,0.0,False,Macau Peninsula,False
N1A,0,weekdays,22,0.0,False,Macau Peninsula,False
N1A,0,weekdays,23,0.0,False,Macau Peninsula,False
N1A,0,weekends,0,3.870967741935484,False,Macau Peninsula,False
N1A,0,weekends,1,3.870967741935484,False,Macau Peninsula,False
N1A,0,weekends,2,3.870967741935484,False,Macau Peninsula,False
N1A,0,weekends,3,3.870967741935484,False,Macau Peninsula,False
N1A,0,weekends,4,3.870967741935484,False,Macau Peninsula,False
N1A,0,weekends,5,3.870967741935484,False,Macau Peninsula,False
N1A,0,weekends,6,0.0,False,Macau Peninsula,False
N1A,0,weekends,7,0.0,False,Macau Peninsula,False
N1A,0,weekends,8,0.0,False,Macau Peninsula,False
N1A,0,weekends,9,0.0,False,Macau Peninsula,False
N1A,0,weekends,10,0.0,False,Macau Peninsula,False
N1A,0,weekends,11,0.0,False,Macau Peninsula,False
N1A,0,weekends,12,0.0,False,Macau Peninsula,False
N1A,0,weekends,13,0.0,False,Macau Peninsula,False
N1A,0,weekends,14,0.0,False,Macau Peninsula,False
N1A,0,weekends,15,0.0,False,Macau Peninsula,False
N1A,0,weekends,16,0.0,False,Macau Peninsula,False
N1A,0,weekends,17,0.0,False,Macau Peninsula,False
N1A,0,weekends,18,0.0,False,Macau Peninsula,False
N1A,0,weekends,19,0.0,False,Macau Peninsula,False
N1A,0,weekends,20,0.0,False,Macau Peninsula,False
N1A,0,weekends,21,0.0,False,Macau Peninsula,False
N1A,0,weekends,22,0.0,False,Macau Peninsula,False
N1A,0,weekends,23,0.0,False,Macau Peninsula,False
N1B,0,holidays,0,3.870967741935484,False,Macau Peninsula,False
N1B,0,holidays,1,3.870967741935484,False,Macau Peninsula,False
N1B,0,holidays,2,3.870967741935484,False,Macau Peninsula,False
N1B,0,holidays,3,3.870967741935484,False,Macau Peninsula,False
N1B,0,holidays,4,3.870967741935484,False,Macau Peninsula,False
N1B,0,holidays,5,3.870967741935484,False,Macau Peninsula,False
N1B,0,holidays,6,0.0,False,Macau Peninsula,False
N1B,0,holidays,7,0.0,False,Macau Peninsula,False
N1B,0,holidays,8,0.0,False,Macau Peninsula,False
N1B,0,holidays,9,0.0,False,Macau Peninsula,False
N1B,0,holidays,10,0.0,False,Macau Peninsula,False
N1B,0,holidays,11,0.0,False,Macau Peninsula,False
N1B,0,holidays,12,0.0,False,Macau Peninsula,False
N1B,0,holidays,13,0.0,False,Macau Peninsula,False
N1B,0,holidays,14,0.0,False,Macau Peninsula,False
N1B,0,holidays,15,0.0,False,Macau Peninsula,False
N1B,0,holidays,16,0.0,False,Macau Peninsula,False
N1B,0,holidays,17,0.0,False,Macau Peninsula,False
N1B,0,holidays,18,0.0,False,Macau Peninsula,False
N1B,0,holidays,19,0.0,False,Macau Peninsula,False
N1B,0,holidays,20,0.0,False,Macau Peninsula,False
N1B,0,holidays,21,0.0,False,Macau Peninsula,False
N1B,0,holidays,22,0.0,False,Macau Peninsula,False
N1B,0,holidays,23,0.0,False,Macau Peninsula,False
N1B,0,weekdays,0,3.870967741935484,False,Macau Peninsula,False
N1B,0,weekdays,1,3.870967741935484,False,Macau Peninsula,False
N1B,0,weekdays,2,3.870967741935484,False,Macau Peninsula,False
N1B,0,weekdays,3,3.870967741935484,False,Macau Peninsula,False
N1B,0,weekdays,4,3.870967741935484,False,Macau Peninsula,False
N1B,0,weekdays,5,3.870967741935484,False,Macau Peninsula,False
N1B,0,weekdays,6,0.0,False,Macau Peninsula,False
N1B,0,weekdays,7,0.0,False,Macau Peninsula,False
N1B,0,weekdays,8,0.0,False,Macau Peninsula,False
N1B,0,weekdays,9,0.0,False,Macau Peninsula,False
N1B,0,weekdays,10,0.0,False,Macau Peninsula,False
N1B,0,weekdays,11,0.0,False,Macau Peninsula,False
N1B,0,weekdays,12,0.0,False,Macau Peninsula,False
N1B,0,weekdays,13,0.0,False,Macau Peninsula,False
N1B,0,weekdays,14,0.0,False,Macau Peninsula,False
N1B,0,weekdays,15,0.0,False,Macau Peninsula,False
N1B,0,weekdays,16,0.0,False,Macau Peninsula,False
N1B,0,weekdays,17,0.0,False,Macau Peninsula,False
N1B,0,weekdays,18,0.0,False,Macau Peninsula,False
N1B,0,weekdays,19,0.0,False,Macau Peninsula,False
N1B,0,weekdays,20,0.0,False,Macau Peninsula,False
N1B,0,weekdays,21,0.0,False,Macau Peninsula,False
N1B,0,weekdays,22,0.0,False,Macau Peninsula,False
N1B,0,weekdays,23,0.0,False,Macau Peninsula,False
N1B,0,weekends,0,3.870967741935484,False,Macau Peninsula,False
N1B,0,weekends,1,3.870967741935484,False,Macau Peninsula,False
N1B,0,weekends,2,3.870967741935484,False,Macau Peninsula,False
N1B,0,weekends,3,3.870967741935484,False,Macau Peninsula,False
N1B,0,weekends,4,3.870967741935484,False,Macau Peninsula,False
N1B,0,weekends,5,3.870967741935484,False,Macau Peninsula,False
N1B,0,weekends,6,0.0,False,Macau Peninsula,False
N1B,0,weekends,7,0.0,False,Macau Peninsula,False
N1B,0,weekends,8,0.0,False,Macau Peninsula,False
N1B,0,weekends,9,0.0,False,Macau Peninsula,False
N1B,0,weekends,10,0.0,False,Macau Peninsula,False
N1B,0,weekends,11,0.0,False,Macau Peninsula,False
N1B,0,weekends,12,0.0,False,Macau Peninsula,False
N1B,0,weekends,13,0.0,False,Macau Peninsula,False
N1B,0,weekends,14,0.0,False,Macau Peninsula,False
N1B,0,weekends,15,0.0,False,Macau Peninsula,False
N1B,0,weekends,16,0.0,False,Macau Peninsula,False
N1B,0,weekends,17,0.0,False,Macau Peninsula,False
N1B,0,weekends,18,0.0,False,Macau Peninsula,False
N1B,0,weekends,19,0.0,False,Macau Peninsula,False
N1B,0,weekends,20,0.0,False,Macau Peninsula,False
N1B,0,weekends,21,0.0,False,Macau Peninsula,False
N1B,0,weekends,22,0.0,False,Macau Peninsula,False
N1B,0,weekends,23,0.0,False,Macau Peninsula,False
N2,0,holidays,0,3.6363636363636362,True,Macau Peninsula + Taipa & Cotai,False
N2,0,holidays,1,3.6363636363636362,True,Macau Peninsula + Taipa & Cotai,False
N2,0,holidays,2,3.6363636363636362,True,Macau Peninsula + Taipa & Cotai,False
N2,0,holidays,3,3.6363636363636362,True,Macau Peninsula + Taipa & Cotai,False
N2,0,holidays,4,3.6363636363636362,True,Macau Peninsula + Taipa & Cotai,False
N2,0,holidays,5,3.6363636363636362,True,Macau Peninsula + Taipa & Cotai,False
N2,0,holidays,6,0.0,True,Macau Peninsula + Taipa & Cotai,False
N2,0,holidays,7,0.0,True,Macau Peninsula + Taipa & Cotai,False
N2,0,holidays,8,0.0,True,Macau Peninsula + Taipa & Cotai,False
N2,0,holidays,9,0.0,True,Macau Peninsula + Taipa & Cotai,False
N2,0,holidays,10,0.0,True,Macau Peninsula + Taipa & Cotai,False
N2,0,holidays,11,0.0,True,Macau Peninsula + Taipa & Cotai,False
N2,0,holidays,12,0.0,True,Macau Peninsula + Taipa & Cotai,False
N2,0,holidays,13,0.0,True,Macau Peninsula + Taipa & Cotai,False
N2,0,holidays,14,0.0,True,Macau Peninsula + Taipa & Cotai,False
N2,0,holidays,15,0.0,True,Macau Peninsula + Taipa & Cotai,False
N2,0,holidays,16,0.0,True,Macau Peninsula + Taipa & Cotai,False
N2,0,holidays,17,0.0,True,Macau Peninsula + Taipa & Cotai,False
N2,0,holidays,18,0.0,True,Macau Peninsula + Taipa & Cotai,False
N2,0,holidays,19,0.0,True,Macau Peninsula + Taipa & Cotai,False
N2,0,holidays,20,0.0,True,Macau Peninsula + Taipa & Cotai,False
N2,0,holidays,21,0.0,True,Macau Peninsula + Taipa & Cotai,False
N2,0,holidays,22,0.0,True,Macau Peninsula + Taipa & Cotai,False
N2,0,holidays,23,0.0,True,Macau Peninsula + Taipa & Cotai,False
N2,0,weekdays,0,3.6363636363636362,True,Macau Peninsula + Taipa & Cotai,False
N2,0,weekdays,1,3.6363636363636362,True,Macau Peninsula + Taipa & Cotai,False
N2,0,weekdays,2,3.6363636363636362,True,Macau Peninsula + Taipa & Cotai,False
N2,0,weekdays,3,3.6363636363636362,True,Macau Peninsula + Taipa & Cotai,False
N2,0,weekdays,4,3.6363636363636362,True,Macau Peninsula + Taipa & Cotai,False
N2,0,weekdays,5,3.6363636363636362,True,Macau Peninsula + Taipa & Cotai,False
N2,0,weekdays,6,0.0,True,Macau Peninsula + Taipa & Cotai,False
N2,0,weekdays,7,0.0,True,Macau Peninsula + Taipa & Cotai,False
N2,0,weekdays,8,0.0,True,Macau Peninsula + Taipa & Cotai,False
N2,0,weekdays,9,0.0,True,Macau Peninsula + Taipa & Cotai,False
N2,0,weekdays,10,0.0,True,Macau Peninsula + Taipa & Cotai,False
N2,0,weekdays,11,0.0,True,Macau Peninsula + Taipa & Cotai,False
N2,0,weekdays,12,0.0,True,Macau Peninsula + Taipa & Cotai,False
N2,0,weekdays,13,0.0,True,Macau Peninsula + Taipa & Cotai,False
N2,0,weekdays,14,0.0,True,Macau Peninsula + Taipa & Cotai,False
N2,0,weekdays,15,0.0,True,Macau Peninsula + Taipa & Cotai,False
N2,0,weekdays,16,0.0,True,Macau Peninsula + Taipa & Cotai,False
N2,0,weekdays,17,0.0,True,Macau Peninsula + Taipa & Cotai,False
N2,0,weekdays,18,0.0,True,Macau Peninsula + Taipa & Cotai,False
N2,0,weekdays,19,0.0,True,Macau Peninsula + Taipa & Cotai,False
N2,0,weekdays,20,0.0,True,Macau Peninsula + Taipa & Cotai,False
N2,0,weekdays,21,0.0,True,Macau Peninsula + Taipa & Cotai,False
N2,0,weekdays,22,0.0,True,Macau Peninsula + Taipa & Cotai,False
N2,0,weekdays,23,0.0,True,Macau Peninsula + Taipa & Cotai,False
N2,0,weekends,0,3.6363636363636362,True,Macau Peninsula + Taipa & Cotai,False
N2,0,weekends,1,3.6363636363636362,True,Macau Peninsula + Taipa & Cotai,False
N2,0,weekends,2,3.6363636363636362,True,Macau Peninsula + Taipa & Cotai,False
N2,0,weekends,3,3.6363636363636362,True,Macau Peninsula + Taipa & Cotai,False
N2,0,weekends,4,3.6363636363636362,True,Macau Peninsula + Taipa & Cotai,False
N2,0,weekends,5,3.6363636363636362,True,Macau Peninsula + Taipa & Cotai,False
N2,0,weekends,6,0.0,True,Macau Peninsula + Taipa & Cotai,False
N2,0,weekends,7,0.0,True,Macau Peninsula + Taipa & Cotai,False
N2,0,weekends,8,0.0,True,Macau Peninsula + Taipa & Cotai,False
N2,0,weekends,9,0.0,True,Macau Peninsula + Taipa & Cotai,False
N2,0,weekends,10,0.0,True,Macau Peninsula + Taipa & Cotai,False
N2,0,weekends,11,0.0,True,Macau Peninsula + Taipa & Cotai,False
N2,0,weekends,12,0.0,True,Macau Peninsula + Taipa & Cotai,False
N2,0,weekends,13,0.0,True,Macau Peninsula + Taipa & Cotai,False
N2,0,weekends,14,0.0,True,Macau Peninsula + Taipa & Cotai,False
N2,0,weekends,15,0.0,True,Macau Peninsula + Taipa & Cotai,False
N2,0,weekends,16,0.0,True,Macau Peninsula + Taipa & Cotai,False
N2,0,weekends,17,0.0,True,Macau Peninsula + Taipa & Cotai,False
N2,0,weekends,18,0.0,True,Macau Peninsula + Taipa & Cotai,False
N2,0,weekends,19,0.0,True,Macau Peninsula + Taipa & Cotai,False
N2,0,weekends,20,0.0,True,Macau Peninsula + Taipa & Cotai,False
N2,0,weekends,21,0.0,True,Macau Peninsula + Taipa & Cotai,False
N2,0,weekends,22,0.0,True,Macau Peninsula + Taipa & Cotai,False
N2,0,weekends,23,0.0,True,Macau Peninsula + Taipa & Cotai,False
N2,1,holidays,0,3.6363636363636362,True,Macau Peninsula + Taipa & Cotai,False
N2,1,holidays,1,3.6363636363636362,True,Macau Peninsula + Taipa & Cotai,False
N2,1,holidays,2,3.6363636363636362,True,Macau Peninsula + Taipa & Cotai,False
N2,1,holidays,3,3.6363636363636362,True,Macau Peninsula + Taipa & Cotai,False
N2,1,holidays,4,3.6363636363636362,True,Macau Peninsula + Taipa & Cotai,False
N2,1,holidays,5,3.6363636363636362,True,Macau Peninsula + Taipa & Cotai,False
N2,1,holidays,6,0.0,True,Macau Peninsula + Taipa & Cotai,False
N2,1,holidays,7,0.0,True,Macau Peninsula + Taipa & Cotai,False
N2,1,holidays,8,0.0,True,Macau Peninsula + Taipa & Cotai,False
N2,1,holidays,9,0.0,True,Macau Peninsula + Taipa & Cotai,False
N2,1,holidays,10,0.0,True,Macau Peninsula + Taipa & Cotai,False
N2,1,holidays,11,0.0,True,Macau Peninsula + Taipa & Cotai,False
N2,1,holidays,12,0.0,True,Macau Peninsula + Taipa & Cotai,False
N2,1,holidays,13,0.0,True,Macau Peninsula + Taipa & Cotai,False
N2,1,holidays,14,0.0,True,Macau Peninsula + Taipa & Cotai,False
N2,1,holidays,15,0.0,True,Macau Peninsula + Taipa & Cotai,False
N2,1,holidays,16,0.0,True,Macau Peninsula + Taipa & Cotai,False
N2,1,holidays,17,0.0,True,Macau Peninsula + Taipa & Cotai,False
N2,1,holidays,18,0.0,True,Macau Peninsula + Taipa & Cotai,False
N2,1,holidays,19,0.0,True,Macau Peninsula + Taipa & Cotai,False
N2,1,holidays,20,0.0,True,Macau Peninsula + Taipa & Cotai,False
N2,1,holidays,21,0.0,True,Macau Peninsula + Taipa & Cotai,False
N2,1,holidays,22,0.0,True,Macau Peninsula + Taipa & Cotai,False
N2,1,holidays,23,0.0,True,Macau Peninsula + Taipa & Cotai,False
N2,1,weekdays,0,3.6363636363636362,True,Macau Peninsula + Taipa & Cotai,False
N2,1,weekdays,1,3.6363636363636362,True,Macau Peninsula + Taipa & Cotai,False
N2,1,weekdays,2,3.6363636363636362,True,Macau Peninsula + Taipa & Cotai,False
N2,1,weekdays,3,3.6363636363636362,True,Macau Peninsula + Taipa & Cotai,False
N2,1,weekdays,4,3.6363636363636362,True,Macau Peninsula + Taipa & Cotai,False
N2,1,weekdays,5,3.6363636363636362,True,Macau Peninsula + Taipa & Cotai,False
N2,1,weekdays,6,0.0,True,Macau Peninsula + Taipa & Cotai,False
N2,1,weekdays,7,0.0,True,Macau Peninsula + Taipa & Cotai,False
N2,1,weekdays,8,0.0,True,Macau Peninsula + Taipa & Cotai,False
N2,1,weekdays,9,0.0,True,Macau Peninsula + Taipa & Cotai,False
N2,1,weekdays,10,0.0,True,Macau Peninsula + Taipa & Cotai,False
N2,1,weekdays,11,0.0,True,Macau Peninsula + Taipa & Cotai,False
N2,1,weekdays,12,0.0,True,Macau Peninsula + Taipa & Cotai,False
N2,1,weekdays,13,0.0,True,Macau Peninsula + Taipa & Cotai,False
N2,1,weekdays,14,0.0,True,Macau Peninsula + Taipa & Cotai,False
N2,1,weekdays,15,0.0,True,Macau Peninsula + Taipa & Cotai,False
N2,1,weekdays,16,0.0,True,Macau Peninsula + Taipa & Cotai,False
N2,1,weekdays,17,0.0,True,Macau Peninsula + Taipa & Cotai,False
N2,1,weekdays,18,0.0,True,Macau Peninsula + Taipa & Cotai,False
N2,1,weekdays,19,0.0,True,Macau Peninsula + Taipa & Cotai,False
N2,1,weekdays,20,0.0,True,Macau Peninsula + Taipa & Cotai,False
N2,1,weekdays,21,0.0,True,Macau Peninsula + Taipa & Cotai,False
N2,1,weekdays,22,0.0,True,Macau Peninsula + Taipa & Cotai,False
N2,1,weekdays,23,0.0,True,Macau Peninsula + Taipa & Cotai,False
N2,1,weekends,0,3.6363636363636362,True,Macau Peninsula + Taipa & Cotai,False
N2,1,weekends,1,3.6363636363636362,True,Macau Peninsula + Taipa & Cotai,False
N2,1,weekends,2,3.6363636363636362,True,Macau Peninsula + Taipa & Cotai,False
N2,1,weekends,3,3.6363636363636362,True,Macau Peninsula + Taipa & Cotai,False
N2,1,weekends,4,3.6363636363636362,True,Macau Peninsula + Taipa & Cotai,False
N2,1,weekends,5,3.6363636363636362,True,Macau Peninsula + Taipa & Cotai,False
N2,1,weekends,6,0.0,True,Macau Peninsula + Taipa & Cotai,False
N2,1,weekends,7,0.0,True,Macau Peninsula + Taipa & Cotai,False
N2,1,weekends,8,0.0,True,Macau Peninsula + Taipa & Cotai,False
N2,1,weekends,9,0.0,True,Macau Peninsula + Taipa & Cotai,False
N2,1,weekends,10,0.0,True,Macau Peninsula + Taipa & Cotai,False
N2,1,weekends,11,0.0,True,Macau Peninsula + Taipa & Cotai,False
N2,1,weekends,12,0.0,True,Macau Peninsula + Taipa & Cotai,False
N2,1,weekends,13,0.0,True,Macau Peninsula + Taipa & Cotai,False
N2,1,weekends,14,0.0,True,Macau Peninsula + Taipa & Cotai,False
N2,1,weekends,15,0.0,True,Macau Peninsula + Taipa & Cotai,False
N2,1,weekends,16,0.0,True,Macau Peninsula + Taipa & Cotai,False
N2,1,weekends,17,0.0,True,Macau Peninsula + Taipa & Cotai,False
N2,1,weekends,18,0.0,True,Macau Peninsula + Taipa & Cotai,False
N2,1,weekends,19,0.0,True,Macau Peninsula + Taipa & Cotai,False
N2,1,weekends,20,0.0,True,Macau Peninsula + Taipa & Cotai,False
N2,1,weekends,21,0.0,True,Macau Peninsula + Taipa & Cotai,False
N2,1,weekends,22,0.0,True,Macau Peninsula + Taipa & Cotai,False
N2,1,weekends,23,0.0,True,Macau Peninsula + Taipa & Cotai,False
N3,0,holidays,0,2.6666666666666665,True,Coloane + Macau Peninsula + Taipa & Cotai,True
N3,0,holidays,1,2.6666666666666665,True,Coloane + Macau Peninsula + Taipa & Cotai,True
N3,0,holidays,2,2.6666666666666665,True,Coloane + Macau Peninsula + Taipa & Cotai,True
N3,0,holidays,3,2.6666666666666665,True,Coloane + Macau Peninsula + Taipa & Cotai,True
N3,0,holidays,4,2.6666666666666665,True,Coloane + Macau Peninsula + Taipa & Cotai,True
N3,0,holidays,5,2.6666666666666665,True,Coloane + Macau Peninsula + Taipa & Cotai,True
N3,0,holidays,6,0.0,True,Coloane + Macau Peninsula + Taipa & Cotai,True
N3,0,holidays,7,0.0,True,Coloane + Macau Peninsula + Taipa & Cotai,True
N3,0,holidays,8,0.0,True,Coloane + Macau Peninsula + Taipa & Cotai,True
N3,0,holidays,9,0.0,True,Coloane + Macau Peninsula + Taipa & Cotai,True
N3,0,holidays,10,0.0,True,Coloane + Macau Peninsula + Taipa & Cotai,True
N3,0,holidays,11,0.0,True,Coloane + Macau Peninsula + Taipa & Cotai,True
N3,0,holidays,12,0.0,True,Coloane + Macau Peninsula + Taipa & Cotai,True
N3,0,holidays,13,0.0,True,Coloane + Macau Peninsula + Taipa & Cotai,True
N3,0,holidays,14,0.0,True,Coloane + Macau Peninsula + Taipa & Cotai,True
N3,0,holidays,15,0.0,True,Coloane + Macau Peninsula + Taipa & Cotai,True
N3,0,holidays,16,0.0,True,Coloane + Macau Peninsula + Taipa & Cotai,True
N3,0,holidays,17,0.0,True,Coloane + Macau Peninsula + Taipa & Cotai,True
N3,0,holidays,18,0.0,True,Coloane + Macau Peninsula + Taipa & Cotai,True
N3,0,holidays,19,0.0,True,Coloane + Macau Peninsula + Taipa & Cotai,True
N3,0,holidays,20,0.0,True,Coloane + Macau Peninsula + Taipa & Cotai,True
N3,0,holidays,21,0.0,True,Coloane + Macau Peninsula + Taipa & Cotai,True
N3,0,holidays,22,0.0,True,Coloane + Macau Peninsula + Taipa & Cotai,True
N3,0,holidays,23,0.0,True,Coloane + Macau Peninsula + Taipa & Cotai,True
N3,0,weekdays,0,2.6666666666666665,True,Coloane + Macau Peninsula + Taipa & Cotai,True
N3,0,weekdays,1,2.6666666666666665,True,Coloane + Macau Peninsula + Taipa & Cotai,True
N3,0,weekdays,2,2.6666666666666665,True,Coloane + Macau Peninsula + Taipa & Cotai,True
N3,0,weekdays,3,2.6666666666666665,True,Coloane + Macau Peninsula + Taipa & Cotai,True
N3,0,weekdays,4,2.6666666666666665,True,Coloane + Macau Peninsula + Taipa & Cotai,True
N3,0,weekdays,5,2.6666666666666665,True,Coloane + Macau Peninsula + Taipa & Cotai,True
N3,0,weekdays,6,0.0,True,Coloane + Macau Peninsula + Taipa & Cotai,True
N3,0,weekdays,7,0.0,True,Coloane + Macau Peninsula + Taipa & Cotai,True
N3,0,weekdays,8,0.0,True,Coloane + Macau Peninsula + Taipa & Cotai,True
N3,0,weekdays,9,0.0,True,Coloane + Macau Peninsula + Taipa & Cotai,True
N3,0,weekdays,10,0.0,True,Coloane + Macau Peninsula + Taipa & Cotai,True
N3,0,weekdays,11,0.0,True,Coloane + Macau Peninsula + Taipa & Cotai,True
N3,0,weekdays,12,0.0,True,Coloane + Macau Peninsula + Taipa & Cotai,True
N3,0,weekdays,13,0.0,True,Coloane + Macau Peninsula + Taipa & Cotai,True
N3,0,weekdays,14,0.0,True,Coloane + Macau Peninsula + Taipa & Cotai,True
N3,0,weekdays,15,0.0,True,Coloane + Macau Peninsula + Taipa & Cotai,True
N3,0,weekdays,16,0.0,True,Coloane + Macau Peninsula + Taipa & Cotai,True
N3,0,weekdays,17,0.0,True,Coloane + Macau Peninsula + Taipa & Cotai,True
N3,0,weekdays,18,0.0,True,Coloane + Macau Peninsula + Taipa & Cotai,True
N3,0,weekdays,19,0.0,True,Coloane + Macau Peninsula + Taipa & Cotai,True
N3,0,weekdays,20,0.0,True,Coloane + Macau Peninsula + Taipa & Cotai,True
N3,0,weekdays,21,0.0,True,Coloane + Macau Peninsula + Taipa & Cotai,True
N3,0,weekdays,22,0.0,True,Coloane + Macau Peninsula + Taipa & Cotai,True
N3,0,weekdays,23,0.0,True,Coloane + Macau Peninsula + Taipa & Cotai,True
N3,0,weekends,0,2.6666666666666665,True,Coloane + Macau Peninsula + Taipa & Cotai,True
N3,0,weekends,1,2.6666666666666665,True,Coloane + Macau Peninsula + Taipa & Cotai,True
N3,0,weekends,2,2.6666666666666665,True,Coloane + Macau Peninsula + Taipa & Cotai,True
N3,0,weekends,3,2.6666666666666665,True,Coloane + Macau Peninsula + Taipa & Cotai,True
N3,0,weekends,4,2.6666666666666665,True,Coloane + Macau Peninsula + Taipa & Cotai,True
N3,0,weekends,5,2.6666666666666665,True,Coloane + Macau Peninsula + Taipa & Cotai,True
N3,0,weekends,6,0.0,True,Coloane + Macau Peninsula + Taipa & Cotai,True
N3,0,weekends,7,0.0,True,Coloane + Macau Peninsula + Taipa & Cotai,True
N3,0,weekends,8,0.0,True,Coloane + Macau Peninsula + Taipa & Cotai,True
N3,0,weekends,9,0.0,True,Coloane + Macau Peninsula + Taipa & Cotai,True
N3,0,weekends,10,0.0,True,Coloane + Macau Peninsula + Taipa & Cotai,True
N3,0,weekends,11,0.0,True,Coloane + Macau Peninsula + Taipa & Cotai,True
N3,0,weekends,12,0.0,True,Coloane + Macau Peninsula + Taipa & Cotai,True
N3,0,weekends,13,0.0,True,Coloane + Macau Peninsula + Taipa & Cotai,True
N3,0,weekends,14,0.0,True,Coloane + Macau Peninsula + Taipa & Cotai,True
N3,0,weekends,15,0.0,True,Coloane + Macau Peninsula + Taipa & Cotai,True
N3,0,weekends,16,0.0,True,Coloane + Macau Peninsula + Taipa & Cotai,True
N3,0,weekends,17,0.0,True,Coloane + Macau Peninsula + Taipa & Cotai,True
N3,0,weekends,18,0.0,True,Coloane + Macau Peninsula + Taipa & Cotai,True
N3,0,weekends,19,0.0,True,Coloane + Macau Peninsula + Taipa & Cotai,True
N3,0,weekends,20,0.0,True,Coloane + Macau Peninsula + Taipa & Cotai,True
N3,0,weekends,21,0.0,True,Coloane + Macau Peninsula + Taipa & Cotai,True
N3,0,weekends,22,0.0,True,Coloane + Macau Peninsula + Taipa & Cotai,True
N3,0,weekends,23,0.0,True,Coloane + Macau Peninsula + Taipa & Cotai,True
N5,0,holidays,0,2.6666666666666665,True,Coloane + Macau Peninsula + Taipa & Cotai,True
N5,0,holidays,1,2.6666666666666665,True,Coloane + Macau Peninsula + Taipa & Cotai,True
N5,0,holidays,2,2.6666666666666665,True,Coloane + Macau Peninsula + Taipa & Cotai,True
N5,0,holidays,3,2.6666666666666665,True,Coloane + Macau Peninsula + Taipa & Cotai,True
N5,0,holidays,4,2.6666666666666665,True,Coloane + Macau Peninsula + Taipa & Cotai,True
N5,0,holidays,5,2.6666666666666665,True,Coloane + Macau Peninsula + Taipa & Cotai,True
N5,0,holidays,6,0.0,True,Coloane + Macau Peninsula + Taipa & Cotai,True
N5,0,holidays,7,0.0,True,Coloane + Macau Peninsula + Taipa & Cotai,True
N5,0,holidays,8,0.0,True,Coloane + Macau Peninsula + Taipa & Cotai,True
N5,0,holidays,9,0.0,True,Coloane + Macau Peninsula + Taipa & Cotai,True
N5,0,holidays,10,0.0,True,Coloane + Macau Peninsula + Taipa & Cotai,True
N5,0,holidays,11,0.0,True,Coloane + Macau Peninsula + Taipa & Cotai,True
N5,0,holidays,12,0.0,True,Coloane + Macau Peninsula + Taipa & Cotai,True
N5,0,holidays,13,0.0,True,Coloane + Macau Peninsula + Taipa & Cotai,True
N5,0,holidays,14,0.0,True,Coloane + Macau Peninsula + Taipa & Cotai,True
N5,0,holidays,15,0.0,True,Coloane + Macau Peninsula + Taipa & Cotai,True
N5,0,holidays,16,0.0,True,Coloane + Macau Peninsula + Taipa & Cotai,True
N5,0,holidays,17,0.0,True,Coloane + Macau Peninsula + Taipa & Cotai,True
N5,0,holidays,18,0.0,True,Coloane + Macau Peninsula + Taipa & Cotai,True
N5,0,holidays,19,0.0,True,Coloane + Macau Peninsula + Taipa & Cotai,True
N5,0,holidays,20,0.0,True,Coloane + Macau Peninsula + Taipa & Cotai,True
N5,0,holidays,21,0.0,True,Coloane + Macau Peninsula + Taipa & Cotai,True
N5,0,holidays,22,0.0,True,Coloane + Macau Peninsula + Taipa & Cotai,True
N5,0,holidays,23,0.0,True,Coloane + Macau Peninsula + Taipa & Cotai,True
N5,0,weekdays,0,2.6666666666666665,True,Coloane + Macau Peninsula + Taipa & Cotai,True
N5,0,weekdays,1,2.6666666666666665,True,Coloane + Macau Peninsula + Taipa & Cotai,True
N5,0,weekdays,2,2.6666666666666665,True,Coloane + Macau Peninsula + Taipa & Cotai,True
N5,0,weekdays,3,2.6666666666666665,True,Coloane + Macau Peninsula + Taipa & Cotai,True
N5,0,weekdays,4,2.6666666666666665,True,Coloane + Macau Peninsula + Taipa & Cotai,True
N5,0,weekdays,5,2.6666666666666665,True,Coloane + Macau Peninsula + Taipa & Cotai,True
N5,0,weekdays,6,0.0,True,Coloane + Macau Peninsula + Taipa & Cotai,True
N5,0,weekdays,7,0.0,True,Coloane + Macau Peninsula + Taipa & Cotai,True
N5,0,weekdays,8,0.0,True,Coloane + Macau Peninsula + Taipa & Cotai,True
N5,0,weekdays,9,0.0,True,Coloane + Macau Peninsula + Taipa & Cotai,True
N5,0,weekdays,10,0.0,True,Coloane + Macau Peninsula + Taipa & Cotai,True
N5,0,weekdays,11,0.0,True,Coloane + Macau Peninsula + Taipa & Cotai,True
N5,0,weekdays,12,0.0,True,Coloane + Macau Peninsula + Taipa & Cotai,True
N5,0,weekdays,13,0.0,True,Coloane + Macau Peninsula + Taipa & Cotai,True
N5,0,weekdays,14,0.0,True,Coloane + Macau Peninsula + Taipa & Cotai,True
N5,0,weekdays,15,0.0,True,Coloane + Macau Peninsula + Taipa & Cotai,True
N5,0,weekdays,16,0.0,True,Coloane + Macau Peninsula + Taipa & Cotai,True
N5,0,weekdays,17,0.0,True,Coloane + Macau Peninsula + Taipa & Cotai,True
N5,0,weekdays,18,0.0,True,Coloane + Macau Peninsula + Taipa & Cotai,True
N5,0,weekdays,19,0.0,True,Coloane + Macau Peninsula + Taipa & Cotai,True
N5,0,weekdays,20,0.0,True,Coloane + Macau Peninsula + Taipa & Cotai,True
N5,0,weekdays,21,0.0,True,Coloane + Macau Peninsula + Taipa & Cotai,True
N5,0,weekdays,22,0.0,True,Coloane + Macau Peninsula + Taipa & Cotai,True
N5,0,weekdays,23,0.0,True,Coloane + Macau Peninsula + Taipa & Cotai,True
N5,0,weekends,0,2.6666666666666665,True,Coloane + Macau Peninsula + Taipa & Cotai,True
N5,0,weekends,1,2.6666666666666665,True,Coloane + Macau Peninsula + Taipa & Cotai,True
N5,0,weekends,2,2.6666666666666665,True,Coloane + Macau Peninsula + Taipa & Cotai,True
N5,0,weekends,3,2.6666666666666665,True,Coloane + Macau Peninsula + Taipa & Cotai,True
N5,0,weekends,4,2.6666666666666665,True,Coloane + Macau Peninsula + Taipa & Cotai,True
N5,0,weekends,5,2.6666666666666665,True,Coloane + Macau Peninsula + Taipa & Cotai,True
N5,0,weekends,6,0.0,True,Coloane + Macau Peninsula + Taipa & Cotai,True
N5,0,weekends,7,0.0,True,Coloane + Macau Peninsula + Taipa & Cotai,True
N5,0,weekends,8,0.0,True,Coloane + Macau Peninsula + Taipa & Cotai,True
N5,0,weekends,9,0.0,True,Coloane + Macau Peninsula + Taipa & Cotai,True
N5,0,weekends,10,0.0,True,Coloane + Macau Peninsula + Taipa & Cotai,True
N5,0,weekends,11,0.0,True,Coloane + Macau Peninsula + Taipa & Cotai,True
N5,0,weekends,12,0.0,True,Coloane + Macau Peninsula + Taipa & Cotai,True
N5,0,weekends,13,0.0,True,Coloane + Macau Peninsula + Taipa & Cotai,True
N5,0,weekends,14,0.0,True,Coloane + Macau Peninsula + Taipa & Cotai,True
N5,0,weekends,15,0.0,True,Coloane + Macau Peninsula + Taipa & Cotai,True
N5,0,weekends,16,0.0,True,Coloane + Macau Peninsula + Taipa & Cotai,True
N5,0,weekends,17,0.0,True,Coloane + Macau Peninsula + Taipa & Cotai,True
N5,0,weekends,18,0.0,True,Coloane + Macau Peninsula + Taipa & Cotai,True
N5,0,weekends,19,0.0,True,Coloane + Macau Peninsula + Taipa & Cotai,True
N5,0,weekends,20,0.0,True,Coloane + Macau Peninsula + Taipa & Cotai,True
N5,0,weekends,21,0.0,True,Coloane + Macau Peninsula + Taipa & Cotai,True
N5,0,weekends,22,0.0,True,Coloane + Macau Peninsula + Taipa & Cotai,True
N5,0,weekends,23,0.0,True,Coloane + Macau Peninsula + Taipa & Cotai,True
N6,0,holidays,0,2.0,False,Taipa & Cotai,False
N6,0,holidays,1,2.0,False,Taipa & Cotai,False
N6,0,holidays,2,2.0,False,Taipa & Cotai,False
N6,0,holidays,3,2.0,False,Taipa & Cotai,False
N6,0,holidays,4,2.0,False,Taipa & Cotai,False
N6,0,holidays,5,2.0,False,Taipa & Cotai,False
N6,0,holidays,6,0.0,False,Taipa & Cotai,False
N6,0,holidays,7,0.0,False,Taipa & Cotai,False
N6,0,holidays,8,0.0,False,Taipa & Cotai,False
N6,0,holidays,9,0.0,False,Taipa & Cotai,False
N6,0,holidays,10,0.0,False,Taipa & Cotai,False
N6,0,holidays,11,0.0,False,Taipa & Cotai,False
N6,0,holidays,12,0.0,False,Taipa & Cotai,False
N6,0,holidays,13,0.0,False,Taipa & Cotai,False
N6,0,holidays,14,0.0,False,Taipa & Cotai,False
N6,0,holidays,15,0.0,False,Taipa & Cotai,False
N6,0,holidays,16,0.0,False,Taipa & Cotai,False
N6,0,holidays,17,0.0,False,Taipa & Cotai,False
N6,0,holidays,18,0.0,False,Taipa & Cotai,False
N6,0,holidays,19,0.0,False,Taipa & Cotai,False
N6,0,holidays,20,0.0,False,Taipa & Cotai,False
N6,0,holidays,21,0.0,False,Taipa & Cotai,False
N6,0,holidays,22,0.0,False,Taipa & Cotai,False
N6,0,holidays,23,0.0,False,Taipa & Cotai,False
N6,0,weekdays,0,2.0,False,Taipa & Cotai,False
N6,0,weekdays,1,2.0,False,Taipa & Cotai,False
N6,0,weekdays,2,2.0,False,Taipa & Cotai,False
N6,0,weekdays,3,2.0,False,Taipa & Cotai,False
N6,0,weekdays,4,2.0,False,Taipa & Cotai,False
N6,0,weekdays,5,2.0,False,Taipa & Cotai,False
N6,0,weekdays,6,0.0,False,Taipa & Cotai,False
N6,0,weekdays,7,0.0,False,Taipa & Cotai,False
N6,0,weekdays,8,0.0,False,Taipa & Cotai,False
N6,0,weekdays,9,0.0,False,Taipa & Cotai,False
N6,0,weekdays,10,0.0,False,Taipa & Cotai,False
N6,0,weekdays,11,0.0,False,Taipa & Cotai,False
N6,0,weekdays,12,0.0,False,Taipa & Cotai,False
N6,0,weekdays,13,0.0,False,Taipa & Cotai,False
N6,0,weekdays,14,0.0,False,Taipa & Cotai,False
N6,0,weekdays,15,0.0,False,Taipa & Cotai,False
N6,0,weekdays,16,0.0,False,Taipa & Cotai,False
N6,0,weekdays,17,0.0,False,Taipa & Cotai,False
N6,0,weekdays,18,0.0,False,Taipa & Cotai,False
N6,0,weekdays,19,0.0,False,Taipa & Cotai,False
N6,0,weekdays,20,0.0,False,Taipa & Cotai,False
N6,0,weekdays,21,0.0,False,Taipa & Cotai,False
N6,0,weekdays,22,0.0,False,Taipa & Cotai,False
N6,0,weekdays,23,0.0,False,Taipa & Cotai,False
N6,0,weekends,0,2.0,False,Taipa & Cotai,False
N6,0,weekends,1,2.0,False,Taipa & Cotai,False
N6,0,weekends,2,2.0,False,Taipa & Cotai,False
N6,0,weekends,3,2.0,False,Taipa & Cotai,False
N6,0,weekends,4,2.0,False,Taipa & Cotai,False
N6,0,weekends,5,2.0,False,Taipa & Cotai,False
N6,0,weekends,6,0.0,False,Taipa & Cotai,False
N6,0,weekends,7,0.0,False,Taipa & Cotai,False
N6,0,weekends,8,0.0,False,Taipa & Cotai,False
N6,0,weekends,9,0.0,False,Taipa & Cotai,False
N6,0,weekends,10,0.0,False,Taipa & Cotai,False
N6,0,weekends,11,0.0,False,Taipa & Cotai,False
N6,0,weekends,12,0.0,False,Taipa & Cotai,False
N6,0,weekends,13,0.0,False,Taipa & Cotai,False
N6,0,weekends,14,0.0,False,Taipa & Cotai,False
N6,0,weekends,15,0.0,False,Taipa & Cotai,False
N6,0,weekends,16,0.0,False,Taipa & Cotai,False
N6,0,weekends,17,0.0,False,Taipa & Cotai,False
N6,0,weekends,18,0.0,False,Taipa & Cotai,False
N6,0,weekends,19,0.0,False,Taipa & Cotai,False
N6,0,weekends,20,0.0,False,Taipa & Cotai,False
N6,0,weekends,21,0.0,False,Taipa & Cotai,False
N6,0,weekends,22,0.0,False,Taipa & Cotai,False
N6,0,weekends,23,0.0,False,Taipa & Cotai,False
